"region","chrom","start","end","n_bins","observed","expected","resid","contrib","contrib_share","p_val","padj","class"
1,"chr1",750001,1000000,111,34,48.6486837023334,-2.10021160904017,4.4108888027471,0.000251267414206196,0.0343607709426407,0.107899595063035,"all"
2,"chr1",1000001,2000000,500,149,213.430322302417,-4.41024020144074,19.450218634404,0.00110798670303548,3.92565592116745e-06,7.03428470374193e-05,"all"
3,"chr1",2000001,3000000,445,211,228.829520024862,-1.17864665277557,1.38920793209906,7.91365868656385e-05,0.250407008605212,0.440980892918393,"all"
4,"chr1",3000001,4000000,426,222,215.732683561635,0.426700989509302,0.182073734448218,1.03718770741118e-05,0.687513143881866,0.836629959044699,"all"
5,"chr1",4000001,5000000,500,321,268.821535336223,3.18243298671527,10.1278797149335,0.000576937270732787,0.00215396674250743,0.0131391971292953,"all"
6,"chr1",5000001,6000000,490,262,265.848059258328,-0.236007065124941,0.055699334788888,3.17292692046391e-06,0.844980784318183,0.931037628224532,"all"
7,"chr1",6000001,7000000,500,160,190.475774728017,-2.20818207595488,4.87606808056839,0.000277766471314067,0.0263785635554658,0.088973343192377,"all"
8,"chr1",7000001,8000000,500,174,200.638830031124,-1.88064859340389,3.53683913187203,0.0002014769500821,0.0606940279189429,0.164005445846945,"all"
9,"chr1",8000001,9000000,500,197,172.501055213803,1.86531207186249,3.47938912543595,0.000198204295701348,0.0719276261772408,0.187469549318318,"all"
10,"chr1",9000001,10000000,500,177,177.207843834079,-0.0156133348734412,0.000243776225870214,1.38867753549366e-08,1,1,"all"
11,"chr1",10000001,11000000,500,168,174.165840799439,-0.467208587603244,0.218283864330218,1.24345964285091e-05,0.675234965382759,0.828014818542502,"all"
12,"chr1",11000001,12000000,500,202,185.797350641542,1.18868361146643,1.41296872816888,8.04901267200612e-05,0.250807943730882,0.441213736049767,"all"
13,"chr1",12000001,13000000,500,160,178.492692795247,-1.38417160032907,1.91593101915753,0.000109141502882896,0.174566488333693,0.346033854325982,"all"
14,"chr1",13000001,14000000,403,71,128.903896821076,-5.10005393163191,26.0105501055541,0.00148169767123418,3.60633377764374e-08,1.17492715233007e-06,"all"
15,"chr1",14000001,15000000,500,163,209.024300233031,-3.18338235699596,10.1339232308332,0.00057728154116914,0.00110269354687782,0.0075271961878541,"all"
16,"chr1",15000001,16000000,500,161,178.983998175667,-1.34424722072917,1.80700059043811,0.000102936253016779,0.188044031510998,0.363780187815135,"all"
17,"chr1",16000001,16822000,411,136,140.051525963944,-0.342353446126502,0.117205882074692,6.67666319321465e-06,0.773936468759349,0.892067254321529,"all"
18,"chr1",17300001,18000000,350,114,125.541501915473,-1.03007457551841,1.06105363112944,6.04431927782777e-05,0.324460005993737,0.528537975672752,"all"
19,"chr1",18000001,19000000,500,182,233.685883825708,-3.38108203085054,11.4317156993404,0.000651210622658343,0.000516616175127535,0.00405681473074555,"all"
20,"chr1",19000001,20000000,500,172,185.601831196736,-0.998403862348976,0.996810272353354,5.67835533356478e-05,0.336565761940218,0.542402495493314,"all"
21,"chr1",20000001,21000000,500,215,191.103534363454,1.72861912082991,2.98812406489877,0.000170219255277262,0.0946434358444899,0.22917460351871,"all"
22,"chr1",21000001,22000000,500,143,178.837596018143,-2.67984365698039,7.18156202585804,0.000409099526398155,0.0064376245531842,0.0304776027581161,"all"
23,"chr1",22000001,23000000,500,167,191.504317807249,-1.77073402006324,3.13549896980932,0.000178614504609481,0.0783134258810544,0.19993285129206,"all"
24,"chr1",23000001,24000000,500,154,182.85933657781,-2.13416391937286,4.55465563475294,0.000259457128738158,0.0321487347798933,0.102868775238788,"all"
25,"chr1",24000001,25000000,500,153,177.411812610146,-1.83277334910849,3.35905814920235,0.000191349610716251,0.0679724049379485,0.180108026762568,"all"
26,"chr1",25000001,26000000,500,174,180.763323872046,-0.503042902094399,0.253052161347555,1.44151814032332e-05,0.648313614352126,0.812652431783883,"all"
27,"chr1",26000001,27000000,500,194,180.846815331478,0.978082491879488,0.956645360921189,5.4495548833903e-05,0.345937313337287,0.552094241079183,"all"
28,"chr1",27000001,28000000,500,181,176.998990762712,0.300735127503926,0.0904416169148023,5.15202995021244e-06,0.783479905280754,0.896230504220633,"all"
29,"chr1",28000001,29000000,500,221,171.002170515656,3.82340531572231,14.6184282082936,0.000832742519686559,0.000279271433867667,0.00246360369507262,"all"
30,"chr1",29000001,29880000,440,154,165.421394529134,-0.88802111992454,0.788581509432034,4.49217483429648e-05,0.397753126496173,0.597358938535636,"all"
31,"chr1",30028001,31000000,486,227,227.789451872627,-0.0523068846318113,0.00273601017988562,1.55857523026546e-07,0.993512169758998,1,"all"
32,"chr1",31000001,32000000,500,208,191.470142413199,1.1945891936429,1.42704334156838,8.12918906894095e-05,0.248205514078068,0.438180547328707,"all"
33,"chr1",32000001,33000000,500,173,187.077465219731,-1.02923305256426,1.05932067649075,6.03444745719314e-05,0.320847975563816,0.524441930411322,"all"
34,"chr1",33000001,34000000,500,185,186.574224281552,-0.11524996032402,0.0132825533546881,7.56644065343418e-07,0.946980570040546,0.99285016088191,"all"
35,"chr1",34000001,35000000,500,287,274.775621216748,0.737458692805358,0.543845323594187,3.09802886217711e-05,0.47625358063939,0.671294602818435,"all"
36,"chr1",35000001,36000000,500,194,203.387971567674,-0.658277684926892,0.433329510472708,2.46847269257622e-05,0.53785407229655,0.723662178430726,"all"
37,"chr1",36000001,37000000,500,166,192.352214191737,-1.90006525687389,3.61024798037923,0.00020565870400271,0.0579621414418906,0.159021492357799,"all"
38,"chr1",37000001,38000000,500,214,232.476038163946,-1.21176876214391,1.4683835329078,8.36468453131067e-05,0.236572147055388,0.426037905532537,"all"
39,"chr1",38000001,39000000,500,212,221.844573431846,-0.660955921612822,0.436862730315055,2.48859977020864e-05,0.534866922894287,0.721969617673221,"all"
40,"chr1",39000001,40000000,500,195,203.840695718899,-0.619214327693052,0.383426383620359,2.18419824799751e-05,0.564287169563716,0.744848671795199,"all"
41,"chr1",40000001,41000000,500,183,204.859088185904,-1.52722992253052,2.33243123627256,0.000132867544787565,0.131667208312089,0.286628615209385,"all"
42,"chr1",41000001,42000000,500,200,197.891261568266,0.149902682481007,0.0224708142150016,1.28005570654941e-06,0.899697248638805,0.964896565429847,"all"
43,"chr1",42000001,43000000,500,197,217.844971238784,-1.4123018587608,1.99459654025922,0.000113622704508766,0.164747757264191,0.332393962052383,"all"
44,"chr1",43000001,44000000,500,201,210.79090498277,-0.674367918762357,0.454772089855873,2.59062089708691e-05,0.52663793129389,0.716257565948568,"all"
45,"chr1",44000001,45000000,500,199,199.356482171155,-0.0252477472243251,0.000637448739903417,3.63124312870404e-08,1,1,"all"
46,"chr1",45000001,46000000,500,170,191.082440325341,-1.52514273454191,2.32606036072598,0.000132504626224797,0.132404789421881,0.287797218553854,"all"
47,"chr1",46000001,47000000,500,187,187.97084853597,-0.0708118970163511,0.00501432475905431,2.85642298534707e-07,0.982297948196732,1,"all"
48,"chr1",47000001,48000000,500,209,206.171299702178,0.197002996410615,0.0388101805947608,2.21083191143873e-06,0.862282661683582,0.943459813633226,"all"
49,"chr1",48000001,49000000,500,213,241.842161616302,-1.85464929207615,3.43972399659857,0.000195944761443555,0.0644562643815468,0.172706644842892,"all"
50,"chr1",49000001,50000000,500,250,276.566064990179,-1.59745188253092,2.55185251700158,0.000145366934433537,0.113458742171469,0.258985839017199,"all"
51,"chr1",50000001,51000000,500,229,276.809428442897,-2.87357881001286,8.25745517735491,0.000470388056267783,0.0034938812871513,0.0191861641832321,"all"
52,"chr1",51000001,52000000,500,212,188.905462778531,1.68030068934315,2.82341040660705,0.000160836299402784,0.104250651973947,0.244788385920807,"all"
53,"chr1",52000001,53000000,500,178,184.129236102412,-0.451694679757988,0.204028083721671,1.16225122225392e-05,0.685746452793194,0.835413811636227,"all"
54,"chr1",53000001,54000000,500,210,199.283600077009,0.759124717468371,0.576270336671434,3.28273878246455e-05,0.465778423580362,0.6610825447549,"all"
55,"chr1",54000001,55000000,500,171,195.232279003878,-1.7342769369403,3.00771649400304,0.00017133534303626,0.0849642107447737,0.212744447340844,"all"
56,"chr1",55000001,56000000,500,168,191.958759433927,-1.72926025394747,2.99034102588246,0.000170345545029436,0.0859342537883312,0.214237830966214,"all"
57,"chr1",56000001,57000000,500,248,229.625915992521,1.21253768968114,1.47024764889727,8.37530351595077e-05,0.23976237726078,0.429338675653934,"all"
58,"chr1",57000001,58000000,500,186,259.064612628442,-4.53944793335206,20.6065875396143,0.00117385955489692,2.16741109923904e-06,4.1704480681331e-05,"all"
59,"chr1",58000001,59000000,500,271,235.076907703571,2.34298079900559,5.48955902450888,0.000312714140597147,0.0234311732720643,0.0809363539409738,"all"
60,"chr1",59000001,60000000,500,202,192.350439600499,0.69576237132827,0.484085277356337,2.75760422300517e-05,0.505083515862824,0.696619353876471,"all"
61,"chr1",60000001,61000000,500,189,224.869538434638,-2.39199613744128,5.721645521534,0.00032593500754427,0.0158003651187613,0.0595264741070809,"all"
62,"chr1",61000001,62000000,500,189,210.452208776231,-1.47875174741982,2.18670673049718,0.000124566310866217,0.144948718400929,0.30489213180885,"all"
63,"chr1",62000001,63000000,500,185,175.151020939599,0.744191795170315,0.553821427998816,3.15485799729475e-05,0.475997392576288,0.67126636719932,"all"
64,"chr1",63000001,64000000,500,196,206.92789006055,-0.759673194622542,0.577103362628019,3.28748413623424e-05,0.471868597139607,0.666677360289057,"all"
65,"chr1",64000001,65000000,500,210,193.161352501946,1.21156602611744,1.46789223564201,8.36188584381022e-05,0.241433641334334,0.430734442878367,"all"
66,"chr1",65000001,66000000,500,203,174.983292956822,2.11796508483062,4.48577610056157,0.000255533388371542,0.041227507823896,0.123241152178349,"all"
67,"chr1",66000001,67000000,500,214,234.480525187202,-1.33748124284843,1.78885607497138,0.000101902646030244,0.189183060598374,0.365150897739317,"all"
68,"chr1",67000001,68000000,500,188,202.301914860966,-1.00552805348071,1.01108666633671,5.75968117878114e-05,0.332110510466905,0.537033747043778,"all"
69,"chr1",68000001,69000000,500,191,204.438550163787,-0.939876997026456,0.883368769539468,5.03213289744357e-05,0.366566686728428,0.568694096780521,"all"
70,"chr1",69000001,70000000,500,330,265.691730677377,3.94527974692727,15.5652322815145,0.000886677457037494,0.000155796292697927,0.0015296848327567,"all"
71,"chr1",70000001,71000000,500,253,232.072013633773,1.37377642231666,1.88726165851317,0.000107508345386028,0.182610148800287,0.356637123031624,"all"
72,"chr1",71000001,72000000,500,213,246.997616078121,-2.16322694802457,4.67955082865968,0.000266571815555967,0.0298806087652063,0.0978604875878198,"all"
73,"chr1",72000001,73000000,500,279,257.860157426355,1.31646593911793,1.73308256885766,9.87254939211999e-05,0.200904350485348,0.380947601085644,"all"
74,"chr1",73000001,74000000,500,320,273.074756248052,2.8396561812514,8.06364722771927,0.000459347736609934,0.00605518624747568,0.0290304665075464,"all"
75,"chr1",74000001,75000000,500,261,265.31333774679,-0.264809721381805,0.0701241885383092,3.99464242135396e-06,0.822433788044474,0.918549930005262,"all"
76,"chr1",75000001,76000000,500,239,270.695929926478,-1.92647170666323,3.71129323657393,0.000211414772989539,0.0543509181194787,0.151727441332566,"all"
77,"chr1",76000001,77000000,500,209,241.770102936302,-2.10754330873539,4.4417387981953,0.000253024792125067,0.0345706807240979,0.108203211393001,"all"
78,"chr1",77000001,78000000,500,187,222.855144268722,-2.40181826141453,5.76873096086433,0.000328617241696246,0.0153505889024659,0.0581897167656813,"all"
79,"chr1",78000001,79000000,500,193,194.668723687053,-0.119601421090232,0.014304499926803,8.14859514454778e-07,0.942693789108703,0.991817648944826,"all"
80,"chr1",79000001,80000000,500,215,226.768464645214,-0.781499090898878,0.610740829075772,3.4791008283057e-05,0.457204629481184,0.653116927116369,"all"
81,"chr1",80000001,81000000,500,223,207.240851958654,1.0946998304232,1.19836771872859,6.82653250668161e-05,0.289695717659976,0.488850866704622,"all"
82,"chr1",81000001,82000000,500,215,197.341860085634,1.25700019460893,1.5800494892469,9.00079252130837e-05,0.223975401663767,0.409526451894146,"all"
83,"chr1",82000001,83000000,500,203,192.144483229719,0.783134835534199,0.613300170627177,3.49368018322599e-05,0.451795548382411,0.648770758033189,"all"
84,"chr1",83000001,84000000,500,134,187.2749140239,-3.89298700778123,15.1553478427534,0.000863328284646954,5.12048369835129e-05,0.000622051981490387,"all"
85,"chr1",84000001,85000000,500,181,185.02128443455,-0.295633705600687,0.0873992878871934,4.97872289530422e-06,0.804596575112794,0.906396220372645,"all"
86,"chr1",85000001,86000000,500,174,166.169051253678,0.607490249059446,0.369044402702307,2.1022709240942e-05,0.563641846885491,0.744682569133965,"all"
87,"chr1",86000001,87000000,500,218,195.129411741673,1.63725365143135,2.68059951912529,0.000152701040496305,0.113203826956966,0.258816086033191,"all"
88,"chr1",87000001,88000000,500,144,185.718152581455,-3.06124360388585,9.37121240233205,0.000533833522813932,0.00171550972725889,0.0107827215646333,"all"
89,"chr1",88000001,89000000,500,188,227.707746454754,-2.63139677139868,6.92424896852741,0.000394441621960235,0.00764513940585156,0.0347914518675816,"all"
90,"chr1",89000001,90000000,500,186,191.415226768072,-0.391406836284652,0.15319931149036,8.72703814985731e-06,0.730321435515035,0.86665213394934,"all"
91,"chr1",90000001,91000000,500,182,197.58910540096,-1.1090208112314,1.22992715974435,7.00631167347644e-05,0.282130275024946,0.481182331050875,"all"
92,"chr1",91000001,92000000,492,208,224.684848792156,-1.11310307214638,1.23899844922172,7.05798650710802e-05,0.279318534762393,0.476670380454632,"all"
93,"chr1",92000001,93000000,500,205,196.444821522793,0.610391927987872,0.372578305752751,2.1224018936391e-05,0.560112592840695,0.74210768369064,"all"
94,"chr1",93000001,94000000,500,149,169.71094209719,-1.58980893083604,2.52749243656603,0.00014397925619121,0.116232332019691,0.263841544452868,"all"
95,"chr1",94000001,95000000,500,151,171.343720417444,-1.55416198706873,2.41541948204944,0.000137594991535458,0.125095241238799,0.277806395531864,"all"
96,"chr1",95000001,96000000,500,157,192.569049827319,-2.56317949461309,6.569889121605,0.00037425542221309,0.00937902945740003,0.0408037594148193,"all"
97,"chr1",96000001,97000000,500,239,201.88343038925,2.61226657331199,6.82393665004318,0.000388727304958441,0.0118716214280588,0.0486227694774921,"all"
98,"chr1",97000001,98000000,500,204,198.345680223456,0.40148469381147,0.16118995936489,9.18222745955266e-06,0.706764975932066,0.848887803098967,"all"
99,"chr1",98000001,99000000,500,251,214.699971370059,2.47737057130885,6.13736494758711,0.000349616571485441,0.0168137322718014,0.0622101545908707,"all"
100,"chr1",99000001,100000000,500,239,219.557177590187,1.31215605762245,1.72175351955529,9.8080131716229e-05,0.203459270661348,0.38409539270239,"all"
101,"chr1",100000001,101000000,500,189,171.975501560059,1.29819829265527,1.68531880705305,9.60046189551544e-05,0.210139990007496,0.39302936829407,"all"
102,"chr1",101000001,102000000,500,206,225.206623592912,-1.2798540454015,1.63802637753058,9.33105935536887e-05,0.210152138231077,0.39302936829407,"all"
103,"chr1",102000001,103000000,500,288,285.34992291036,0.156880739484986,0.0246115664213559,1.40200420613793e-06,0.891046403807899,0.960026320825722,"all"
104,"chr1",103000001,104000000,476,213,237.378748240213,-1.58230603582981,2.50369239102344,0.000142623480480485,0.117353766920743,0.264923818710055,"all"
105,"chr1",104000001,105000000,500,287,282.140541009001,0.289304490089281,0.0836970879858187,4.76782612649121e-06,0.788103350218359,0.898616610087011,"all"
106,"chr1",105000001,106000000,500,289,319.12657792721,-1.68642998505645,2.84404609449751,0.000162011816666645,0.0938039896434896,0.227718914739953,"all"
107,"chr1",106000001,107000000,500,316,309.950241236015,0.343630787998155,0.118082118460233,6.72657822410167e-06,0.746135682049595,0.876959014453517,"all"
108,"chr1",107000001,108000000,500,258,250.748574537078,0.45793532991418,0.209704766383609,1.19458859092316e-05,0.66359802938935,0.81935208882828,"all"
109,"chr1",108000001,109000000,500,169,208.978886427042,-2.76553709249089,7.64819540994295,0.000435681417043024,0.00491466202067798,0.0248506807994423,"all"
110,"chr1",109000001,110000000,500,180,208.639163789662,-1.98272469826178,3.93119722909728,0.000223941660436928,0.0473966102744192,0.136431808892329,"all"
111,"chr1",110000001,111000000,500,213,223.348562050393,-0.692450012869071,0.479487020322377,2.73141013364025e-05,0.513958736935071,0.7036865801303,"all"
112,"chr1",111000001,112000000,500,225,238.422720447867,-0.869294087529972,0.755672210614567,4.30470616784417e-05,0.404422182200952,0.60358063319632,"all"
113,"chr1",112000001,113000000,500,236,229.473472000322,0.430839945406414,0.185623058557802,1.05740652341578e-05,0.683956047689122,0.833929853841775,"all"
114,"chr1",113000001,114000000,500,208,217.994341007358,-0.676910972049613,0.458208464081152,2.61019629117286e-05,0.524501027821631,0.714028702167434,"all"
115,"chr1",114000001,115000000,500,236,256.560695804519,-1.28363853255021,1.64772788224766,9.38632422630943e-05,0.208121036459342,0.39072367111293,"all"
116,"chr1",115000001,116000000,500,224,300.215540662572,-4.39872640151634,19.3487939553969,0.00110220902013063,4.97133143657184e-06,8.63806498706149e-05,"all"
117,"chr1",116000001,117000000,500,263,281.162849113218,-1.08319091128181,1.17330255028351,6.68374813048257e-05,0.291585924659215,0.490884818554298,"all"
118,"chr1",117000001,118000000,500,210,238.710631814234,-1.85826166912752,3.45313643094859,0.000196708804213175,0.0639193452852207,0.171428216026874,"all"
119,"chr1",118000001,119000000,500,221,260.801580162293,-2.46459296870644,6.07421850139723,0.00034601941795018,0.0128339881288208,0.0514444722999381,"all"
120,"chr1",119000001,120000000,500,257,301.567274577405,-2.56639778015539,6.58639756598649,0.000375195829989799,0.00949619197634792,0.0410023831267914,"all"
121,"chr1",120000001,120928000,282,159,152.344876565019,0.5391904460096,0.290726337068031,1.65613005050655e-05,0.61089095051715,0.779015110526096,"all"
122,"chr1",121148001,121342000,97,47,59.4601707910777,-1.61588674717106,2.61108997968307,0.000148741411718669,0.112855073953993,0.258224658440622,"all"
123,"chr1",145396001,146000000,278,104,139.194959189126,-2.98310618088239,8.8989224864187,0.000506929406379779,0.00219232358822711,0.0132883546034823,"all"
124,"chr1",146000001,147000000,452,156,263.198899693563,-6.60766920413045,43.661292311214,0.00248717673705741,1.1765610855203e-12,1.29738485853334e-10,"all"
125,"chr1",147000001,147832000,264,175,171.883716559198,0.237694747051362,0.0564987927758112,3.21846825014232e-06,0.832307373962505,0.923104542031142,"all"
126,"chr1",149058001,150000000,447,198,237.270684544917,-2.54944959569903,6.49969324100994,0.000370256695835299,0.00989346682520668,0.0424619302213586,"all"
127,"chr1",150000001,151000000,500,312,280.449324984017,1.88400241754721,3.54946510932374,0.000202196192132397,0.067070705444218,0.178212893891171,"all"
128,"chr1",151000001,152000000,500,296,283.62306058219,0.734924110772729,0.540113448595087,3.07677014033899e-05,0.477561972532339,0.672480439710323,"all"
129,"chr1",152000001,153000000,498,360,357.916198796894,0.110145207959981,0.0121319668365475,6.9110060864742e-07,0.926331999396634,0.981953650569048,"all"
130,"chr1",153000001,154000000,500,404,302.238854176147,5.85338164537127,34.2620766863693,0.00195174800347648,2.90701512413578e-08,1.00414606757798e-06,"all"
131,"chr1",154000001,155000000,500,355,300.373927982385,3.15187406027198,9.93431009181538,0.000565910527406258,0.00232684050225773,0.0139854333752053,"all"
132,"chr1",155000001,156000000,500,333,278.27475572329,3.28058129026334,10.7622136020259,0.00061307226362896,0.0015643067963624,0.00992227341851989,"all"
133,"chr1",156000001,157000000,500,261,308.202038146747,-2.68870403129081,7.22912936787944,0.000411809212260772,0.00648316000328638,0.0306214493071204,"all"
134,"chr1",157000001,158000000,500,369,393.638209673787,-1.24182535506919,1.54213021249273,8.78478438678783e-05,0.222125500629314,0.407188073900949,"all"
135,"chr1",158000001,159000000,500,476,439.857620756343,1.72329916780816,2.96976002176831,0.000169173142840945,0.0919704292483193,0.224790469441544,"all"
136,"chr1",159000001,160000000,500,355,383.321883169274,-1.4465728853963,2.09257311276377,0.000119203965140563,0.152675521528004,0.314906992964596,"all"
137,"chr1",160000001,161000000,500,313,334.607178098607,-1.18121900262237,1.39527833215619,7.94823887649298e-05,0.24721785753995,0.437244662286883,"all"
138,"chr1",161000001,162000000,476,260,297.851222793877,-2.19321001503175,4.81017017003559,0.000274012579905411,0.0276555392559697,0.0926266717837209,"all"
139,"chr1",162000001,163000000,500,296,343.823420955455,-2.57912808545448,6.65190168118011,0.000378927288745757,0.00918379687477132,0.0400760207609884,"all"
140,"chr1",163000001,164000000,500,352,432.245840797858,-3.85973173150543,14.8975290391899,0.000848641570244903,7.63896900581186e-05,0.000869084291256452,"all"
141,"chr1",164000001,165000000,500,338,382.824478957871,-2.29094888768802,5.24844680599897,0.000298979121106115,0.021297409800344,0.0751857313075426,"all"
142,"chr1",165000001,166000000,500,305,398.373739993071,-4.67820666090703,21.8856175621549,0.00124671982882985,1.26312100192203e-06,2.53242511364367e-05,"all"
143,"chr1",166000001,167000000,500,404,422.145976994117,-0.883179598978634,0.780006204052061,4.44332538682203e-05,0.391576170477482,0.592739641372197,"all"
144,"chr1",167000001,168000000,500,286,336.614327825067,-2.75871715074671,7.61052031782405,0.00043353524573832,0.00519803214132927,0.0259178402594626,"all"
145,"chr1",168000001,169000000,498,318,337.526108067112,-1.06282559054485,1.12959823591702,6.43478538053328e-05,0.300009614980712,0.500623653262802,"all"
146,"chr1",169000001,170000000,500,267,325.084457842197,-3.22152745383485,10.3782391358116,0.000591199059483172,0.00101523420393093,0.00701402218295859,"all"
147,"chr1",170000001,171000000,500,364,405.529523899501,-2.06227089902315,4.25296126095774,0.000242271031202245,0.0389316894680036,0.118868108311785,"all"
148,"chr1",171000001,172000000,500,367,353.304886411273,0.728602767769621,0.530861993201552,3.02406898693586e-05,0.479868331884699,0.67407276213299,"all"
149,"chr1",172000001,173000000,500,320,347.233371019464,-1.46147258985953,2.13590213091074,0.000121672213794462,0.148570382155009,0.309010639356691,"all"
150,"chr1",173000001,174000000,500,322,352.252352291848,-1.61187811282954,2.59815105061893,0.000148004342299345,0.10973973859542,0.252304595471587,"all"
151,"chr1",174000001,175000000,500,290,350.37388746819,-3.22539772319398,10.4031904727849,0.000592620418806118,0.0010098037034203,0.00700994483706054,"all"
152,"chr1",175000001,176000000,500,330,427.975029637827,-4.73593996235409,22.4291273270224,0.00127768100226252,9.50056318101533e-07,1.96919812390601e-05,"all"
153,"chr1",176000001,177000000,500,351,410.15315983912,-2.92082083459457,8.53119434780169,0.000485981678460724,0.00306455316264273,0.0173637824452504,"all"
154,"chr1",177000001,178000000,500,310,352.420883407946,-2.25969014019398,5.10619952968988,0.00029087596845493,0.0231706050771271,0.0803266321113946,"all"
155,"chr1",178000001,179000000,500,281,326.038649126954,-2.49431221449825,6.22159342339519,0.000354414668255788,0.0118431521741737,0.048575561206518,"all"
156,"chr1",179000001,180000000,500,291,341.450981991998,-2.73026901761632,7.45436890855558,0.000424640040579871,0.00570560718546063,0.027914634472211,"all"
157,"chr1",180000001,181000000,500,268,327.617972575133,-3.29377056186669,10.8489245142196,0.000618011773025979,0.000770777028426915,0.00560867446827403,"all"
158,"chr1",181000001,182000000,500,369,391.682049361362,-1.14608138067161,1.31350253112214,7.4824009243399e-05,0.261374380601992,0.454708949748732,"all"
159,"chr1",182000001,183000000,500,293,348.682665401356,-2.98198076122778,8.89220926033261,0.000506546985730548,0.00244868560669664,0.0145049207322299,"all"
160,"chr1",183000001,184000000,500,279,345.170779517276,-3.56163359515117,12.6852338661094,0.000722617607170938,0.000264834806164819,0.00235375762841475,"all"
161,"chr1",184000001,185000000,500,301,347.561317473885,-2.49752326792266,6.23762247381506,0.000355327767232275,0.0117562474326947,0.0482881968331456,"all"
162,"chr1",185000001,186000000,500,349,331.606210302196,0.955174868298711,0.912359029029459,5.19727665565121e-05,0.352846327488861,0.557054196536654,"all"
163,"chr1",186000001,187000000,500,379,344.89207061299,1.8365964916599,3.37308667317744,0.000192148749189693,0.073413296594539,0.190475946910899,"all"
164,"chr1",187000001,188000000,500,434,397.234535503172,1.84466096516852,3.40277407641646,0.000193839899744592,0.0716819479588642,0.187412900596077,"all"
165,"chr1",188000001,189000000,500,398,363.394456679267,1.81533392210105,3.29543724873077,0.000187725429770903,0.0765982171296076,0.196537976010728,"all"
166,"chr1",189000001,190000000,500,417,387.839372364632,1.48071310313545,2.192511293797,0.000124896969306311,0.148094594757498,0.308790693214361,"all"
167,"chr1",190000001,191000000,500,398,387.571531976937,0.529717814997919,0.28060096352617,1.59845059991258e-05,0.609615595141725,0.778110837990947,"all"
168,"chr1",191000001,192000000,500,403,369.877333505164,1.72225094912123,2.96614833174899,0.000168967401990824,0.0928137855031428,0.226320769639281,"all"
169,"chr1",192000001,193000000,500,384,396.10421585564,-0.60817971047496,0.369882560233406,2.10704551000997e-05,0.563587543630538,0.744682569133965,"all"
170,"chr1",193000001,194000000,500,401,414.787374224501,-0.676969027514652,0.458287064214133,2.61064403885034e-05,0.517166630964411,0.705843714708912,"all"
171,"chr1",194000001,195000000,500,447,463.720660007088,-0.776470916608587,0.602907084338979,3.43447570009255e-05,0.453302208402239,0.650102117958549,"all"
172,"chr1",195000001,196000000,500,450,468.440684281565,-0.852019881794862,0.72593787897373,4.13532378350727e-05,0.408496128372609,0.607762532456808,"all"
173,"chr1",196000001,197000000,500,405,453.011970152947,-2.25576933514461,5.08849529337877,0.000289867442083643,0.02350454120004,0.0809395006416524,"all"
174,"chr1",197000001,198000000,500,301,405.616336230725,-5.194476520588,26.98258632294,0.0015370699641619,6.30884665995595e-08,1.9039435130625e-06,"all"
175,"chr1",198000001,199000000,500,335,414.306354802427,-3.89625337316198,15.1807903478761,0.000864777623489756,6.41910899258093e-05,0.000745084432458686,"all"
176,"chr1",199000001,200000000,500,399,443.296469729188,-2.10388491405796,4.42633173160068,0.000252147124617031,0.0350459793442784,0.109332777780246,"all"
177,"chr1",200000001,201000000,500,286,365.019222210446,-4.13594621948724,17.1060511304908,0.00097445059874565,2.01631721736697e-05,0.000275275307723385,"all"
178,"chr1",201000001,202000000,500,273,344.35073656595,-3.84501424073274,14.7841345114376,0.000842182021830146,7.73802922718107e-05,0.000873422432847565,"all"
179,"chr1",202000001,203000000,500,267,331.113563902743,-3.52339580514672,12.4143179997255,0.000707184815219498,0.000308066320191638,0.00268378038076831,"all"
180,"chr1",203000001,204000000,500,312,345.115391168804,-1.78257464707238,3.17757237238522,0.000181011226799693,0.075841700795139,0.195129362118064,"all"
181,"chr1",204000001,205000000,500,301,352.02172256882,-2.71938304256691,7.39504413220046,0.000421260589448882,0.00591930525338357,0.0286666354078559,"all"
182,"chr1",205000001,205924000,462,281,325.744814580652,-2.4791565808724,6.14621735248295,0.000350120851005318,0.0123882673947693,0.0500947286612178,"all"
183,"chr1",206072001,207000000,390,206,256.486756188664,-3.1524266866199,9.93779401451333,0.000566108989958083,0.00127720514695454,0.00839850265210701,"all"
184,"chr1",207000001,208000000,500,301,387.567945357394,-4.39727052372161,19.3359880587909,0.00110147952893948,5.57263257328334e-06,9.56690873509182e-05,"all"
185,"chr1",208000001,209000000,500,332,431.103376103807,-4.77306927502449,22.7821903041828,0.00129779332549039,7.75371764977212e-07,1.64665988902938e-05,"all"
186,"chr1",209000001,210000000,500,349,430.847244906602,-3.94314188953732,15.5483679610239,0.000885716776686776,5.23397215793127e-05,0.00062524159069954,"all"
187,"chr1",210000001,211000000,500,336,383.449528254113,-2.42313602920402,5.87158821602664,0.000334476531669932,0.0146665083118243,0.0562903337751008,"all"
188,"chr1",211000001,212000000,500,359,356.688571369928,0.122387169587128,0.0149786192795485,8.53260896626373e-07,0.916651912932095,0.976241097465199,"all"
189,"chr1",212000001,213000000,500,274,339.694268769376,-3.56437487034772,12.7047682163663,0.000723730386453468,0.000261046000520155,0.00233152300153048,"all"
190,"chr1",213000001,214000000,500,331,391.224654443429,-3.04481709286942,9.27091112902981,0.000528119835003769,0.00198110147523043,0.0122146622139476,"all"
191,"chr1",214000001,215000000,500,286,382.48378254437,-4.93341679957381,24.3386013183171,0.00138645467889382,2.9095203531207e-07,6.72709262290085e-06,"all"
192,"chr1",215000001,216000000,500,327,382.845220803661,-2.85413425149363,8.14608232554911,0.000464043673142871,0.00382240210106076,0.020445572432353,"all"
193,"chr1",216000001,217000000,500,337,454.505945654779,-5.51175693866925,30.3794645509686,0.0017305740053879,9.18327768511215e-09,3.60663796208446e-07,"all"
194,"chr1",217000001,218000000,500,323,377.145063707155,-2.78807630269582,7.77336946965397,0.00044281198952304,0.00475424237774712,0.0240820015848074,"all"
195,"chr1",218000001,219000000,500,358,386.499038218395,-1.44962608416721,2.10141578389796,0.000119707690174207,0.151759781280751,0.313469231218958,"all"
196,"chr1",219000001,220000000,500,290,422.967636027978,-6.46535503830971,41.8008157713968,0.00238119421284143,8.973394001686e-12,8.29894212994637e-10,"all"
197,"chr1",220000001,221000000,500,274,364.073714638139,-4.72066748865768,22.2847015384696,0.00126945375010152,9.54721099487045e-07,1.96919812390601e-05,"all"
198,"chr1",221000001,222000000,500,333,445.791564453721,-5.34208381190888,28.5378594534589,0.00162566649773275,2.68621468147439e-08,9.39192377047203e-07,"all"
199,"chr1",222000001,223000000,500,304,375.804049789056,-3.70397640464102,13.7194412061374,0.000781531494077372,0.000147110920982204,0.00146446878630548,"all"
200,"chr1",223000001,224000000,476,252,327.441765687011,-4.16912395476581,17.3815945502021,0.000990147000461624,1.65358006481513e-05,0.000233537637725368,"all"
201,"chr1",224000001,225000000,482,243,312.404676497951,-3.92672033147239,15.4191325615986,0.000878354848946208,5.18859744112364e-05,0.000622414596807593,"all"
202,"chr1",225000001,226000000,500,346,361.616709767298,-0.821230922635997,0.674420228293572,3.84185216245168e-05,0.428509298235687,0.628029726198263,"all"
203,"chr1",226000001,227000000,500,295,354.013881445598,-3.13649091568114,9.8375752641503,0.000560400003088359,0.00140819072910289,0.0090319526182058,"all"
204,"chr1",227000001,228000000,500,294,374.07831022279,-4.14031740639988,17.1422282257379,0.00097651143627358,1.98935967860566e-05,0.00027289445926136,"all"
205,"chr1",228000001,229000000,481,292,377.243968208,-4.3888678687682,19.2621611695059,0.00109727396121853,5.75893902511977e-06,9.82790368155857e-05,"all"
206,"chr1",229000001,230000000,500,283,385.996356015986,-5.24240123642801,27.4827707237019,0.00156556309709407,4.52580742483116e-08,1.41037933554249e-06,"all"
207,"chr1",230000001,231000000,500,300,414.004890028707,-5.60300157539847,31.3936266539178,0.0017883460102127,4.65105364952479e-09,2.05147243279809e-07,"all"
208,"chr1",231000001,232000000,500,314,379.602302996259,-3.36708954653941,11.337292014415,0.000645831753180548,0.000591096765024547,0.00455557641216499,"all"
209,"chr1",232000001,233000000,500,292,380.69821478849,-4.54594794968567,20.6656427612513,0.00117722365077412,2.53445120034801e-06,4.81210039165415e-05,"all"
210,"chr1",233000001,234000000,500,369,396.37882646746,-1.37518018307309,1.89112053591693,0.00010772816732903,0.174685621791527,0.346033854325982,"all"
211,"chr1",234000001,235000000,500,331,379.463707560232,-2.48789193661348,6.18960628826635,0.000352592512882776,0.0121318983016391,0.049266504859489,"all"
212,"chr1",235000001,236000000,476,329,325.045894727299,0.219318812109708,0.0481007413452134,2.74007109217662e-06,0.841105731672391,0.928826666574014,"all"
213,"chr1",236000001,237000000,500,349,362.051290164313,-0.685911991599588,0.470475260220114,2.6800744106238e-05,0.512668479928066,0.702591337376805,"all"
214,"chr1",237000001,238000000,500,479,477.524575677967,0.0675179231219695,0.00455866994270418,2.5968580482224e-07,0.958330980417893,0.995123115124266,"all"
215,"chr1",238000001,239000000,500,551,493.825901622416,2.57283770635109,6.61949386322196,0.000377081169067261,0.0120350329424695,0.0491516231425357,"all"
216,"chr1",239000001,240000000,500,443,497.29631898445,-2.43479704127441,5.92823663219861,0.000337703523255288,0.0142721787549775,0.0555955658838594,"all"
217,"chr1",240000001,241000000,500,567,504.000577440158,2.80621571129081,7.87484661829536,0.000448592661374088,0.00621023263506259,0.0295831533957696,"all"
218,"chr1",241000001,242000000,500,449,422.744211847231,1.27698626048608,1.63069390947022,9.28928976262537e-05,0.211925375399675,0.395309076949166,"all"
219,"chr1",242000001,243000000,500,448,429.210235317495,0.906956183627836,0.82256951902077,4.68578840437918e-05,0.37634460284875,0.578851918652021,"all"
220,"chr1",243000001,244000000,500,324,415.473919796579,-4.48771642051426,20.1395986709533,0.00114725741398182,3.57778740268023e-06,6.53344998948039e-05,"all"
221,"chr1",244000001,245000000,500,352,411.045065161921,-2.9123186201511,8.48159974527882,0.000483156509182654,0.00315524705909774,0.0177027266505543,"all"
222,"chr1",245000001,246000000,500,359,435.062907625035,-3.64667360830891,13.2982284055367,0.000757536998643351,0.000193208272527686,0.00184131242635198,"all"
223,"chr1",246000001,247000000,500,309,364.274088539881,-2.89605929661767,8.38715944952566,0.00047777669346479,0.00330620848166327,0.0183699606917221,"all"
224,"chr1",247000001,248000000,500,366,534.274484771862,-7.28007833466578,52.9995405588701,0.00301913244832875,1.45709730077629e-14,2.13419889053125e-12,"all"
225,"chr1",248000001,248910000,455,372,436.953585358113,-3.10731638411717,9.655415111003,0.000550023203150846,0.00159897360474983,0.0100974830943123,"all"
226,"chr1",249058001,249226000,84,65,57.508261355213,0.987910268009583,0.975966697638765,5.55961937454249e-05,0.354562428425952,0.558332532298945,"all"
227,"chr2",10001,1000000,495,329,290.56820292697,2.25458518478384,5.08315435544676,0.000289563194181774,0.0286059465204876,0.0948130042476741,"all"
228,"chr2",1000001,2000000,500,268,296.082925993393,-1.63205831892258,2.66361435636439,0.000151733476334601,0.105434043165275,0.245955575064966,"all"
229,"chr2",2000001,3000000,500,382,359.359387051534,1.19432819062682,1.42641982692592,8.12563720175642e-05,0.244033690517751,0.433484876526884,"all"
230,"chr2",3000001,4000000,476,246,253.01342107195,-0.440918310288159,0.194408956347366,1.1074556159635e-05,0.688617488975588,0.837460143687586,"all"
231,"chr2",4000001,5000000,500,350,353.123401340809,-0.166212829565237,0.0276267047120826,1.57376233373189e-06,0.895858119041365,0.962678121173761,"all"
232,"chr2",5000001,6000000,451,220,325.984184701501,-5.87006348268569,34.45764529076,0.00196288861928492,5.65495108890531e-10,3.308723422835e-08,"all"
233,"chr2",6000001,7000000,500,295,372.79513443286,-4.02918601492392,16.2343399428585,0.000924793346920451,3.38038888763377e-05,0.00043876949112356,"all"
234,"chr2",7000001,8000000,500,219,280.616846385329,-3.67826146290615,13.5296073895005,0.000770717561927109,0.000154206210257782,0.00152451449934159,"all"
235,"chr2",8000001,9000000,500,213,245.671262713993,-2.0844368430781,4.34487695278141,0.000247507032208465,0.0366999963690315,0.11289580428113,"all"
236,"chr2",9000001,10000000,500,167,206.125090149211,-2.72514692440599,7.42642575959942,0.000423048251918452,0.00561142800321575,0.0275007933080676,"all"
237,"chr2",10000001,11000000,500,221,220.268049842925,0.0493180339162904,0.00243226846936837,1.38554798428115e-07,0.978571634988914,1,"all"
238,"chr2",11000001,12000000,500,222,221.850881178856,0.0100115629560277,0.000100231392822506,5.70970705067681e-09,1,1,"all"
239,"chr2",12000001,13000000,500,233,240.236233536535,-0.466867152620719,0.217964938196178,1.24164287193225e-05,0.670214258341837,0.824679947925341,"all"
240,"chr2",13000001,14000000,492,280,297.671128937141,-1.02422633541788,1.04903958616354,5.97588096192967e-05,0.319593953432184,0.522690167992054,"all"
241,"chr2",14000001,15000000,500,241,286.292464173474,-2.67683123429432,7.16542545689366,0.000408180302600149,0.00670576481991622,0.0313628511234907,"all"
242,"chr2",15000001,16000000,500,213,259.568808186087,-2.89047269971143,8.35483242777705,0.000475935176363135,0.00327908661452329,0.0182546433472588,"all"
243,"chr2",16000001,17000000,476,255,255.57756305023,-0.0361275107499396,0.001305197032987,7.43508844076944e-08,1,1,"all"
244,"chr2",17000001,18000000,500,216,253.427102953032,-2.35103818200292,5.5273805332356,0.000314868652561543,0.0178391689667253,0.0654026821324827,"all"
245,"chr2",18000001,19000000,500,257,245.57109489847,0.729316439909487,0.531902469522248,3.02999608703598e-05,0.482122119851064,0.676575681651004,"all"
246,"chr2",19000001,20000000,500,165,211.787046630365,-3.21496267123885,10.3359849774593,0.0005887920404937,0.000978720126097565,0.00681065679981,"all"
247,"chr2",20000001,21000000,500,205,208.927591422065,-0.271724253334418,0.073834069850147,4.20597676368805e-06,0.821033120978416,0.91770056836067,"all"
248,"chr2",21000001,22000000,488,299,265.662800973635,2.04533162842452,4.18338147023371,0.000238307400542287,0.0471241076564601,0.13592033868317,"all"
249,"chr2",22000001,23000000,500,385,329.502804770421,3.05732408090856,9.34723053570337,0.000532467389618311,0.00307824961734389,0.0173942316097124,"all"
250,"chr2",23000001,24000000,500,332,264.794832590538,4.1299796756213,17.056732121045,0.000971641128698045,7.72119035500955e-05,0.000873422432847565,"all"
251,"chr2",24000001,25000000,500,203,202.397008602552,0.0423846959087645,0.00179646244727844,1.02335944983483e-07,0.984873253334826,1,"all"
252,"chr2",25000001,26000000,500,239,212.145170898174,1.84376606676044,3.39947330893727,0.000193651870676873,0.0742593148783684,0.192149328299894,"all"
253,"chr2",26000001,27000000,500,189,217.886528894659,-1.95695197778721,3.82966104336527,0.000218157625522841,0.0504978959504381,0.143628440168558,"all"
254,"chr2",27000001,28000000,500,243,220.442940551967,1.51926798542747,2.30817521154486,0.000131485794105377,0.140792011941553,0.299889077441629,"all"
255,"chr2",28000001,29000000,500,213,214.832451984555,-0.125020911542642,0.0156302283229531,8.90379973241425e-07,0.936545048985573,0.988299396372739,"all"
256,"chr2",29000001,30000000,500,250,250.133010855323,-0.008410108153122,7.07299191472092e-05,4.02914802115712e-09,1,1,"all"
257,"chr2",30000001,31000000,500,266,268.902534978845,-0.17700275006741,0.0313299735314262,1.7847199937317e-06,0.891388662599336,0.960034295894927,"all"
258,"chr2",31000001,32000000,500,238,253.928707637622,-0.999596300043485,0.999192763060625,5.69192725310656e-05,0.333190390687933,0.538476240192955,"all"
259,"chr2",32000001,33000000,500,221,213.540266965568,0.510485481185166,0.26059542650085,1.48448854412401e-05,0.627628701855171,0.794793060167304,"all"
260,"chr2",33000001,34000000,500,220,236.921020394665,-1.09932157574664,1.20850792690208,6.8842964631359e-05,0.285264062164491,0.483936133861299,"all"
261,"chr2",34000001,35000000,500,360,331.995783627108,1.53694080292319,2.36218703169017,0.000134562591320494,0.134036271381791,0.290029297338786,"all"
262,"chr2",35000001,36000000,500,296,310.714444087277,-0.834762897321889,0.696829094745235,3.96950484608076e-05,0.42189749279946,0.62093434900208,"all"
263,"chr2",36000001,37000000,500,245,260.216142271497,-0.943273086303231,0.889764115344023,5.0685641491737e-05,0.362480682755955,0.56603056506608,"all"
264,"chr2",37000001,38000000,500,213,225.432266117119,-0.828022731306871,0.68562164356089,3.90566131238799e-05,0.429128089857829,0.628029726198263,"all"
265,"chr2",38000001,39000000,500,216,222.082833596621,-0.40817691686018,0.166608395457482,9.49089006405524e-06,0.715130631062822,0.856066605117792,"all"
266,"chr2",39000001,40000000,500,175,216.223260940633,-2.80343916954377,7.85927117733224,0.000447705402376879,0.00434084566579072,0.0225456603692427,"all"
267,"chr2",40000001,41000000,500,290,263.182900348005,1.65303851105065,2.73253631901657,0.00015565963364939,0.108194062024396,0.249752315478215,"all"
268,"chr2",41000001,42000000,500,280,274.133576139261,0.354317271263056,0.125540728715298,7.15145987407544e-06,0.739053136926883,0.872320026171006,"all"
269,"chr2",42000001,43000000,500,232,220.764614202035,0.756176642563202,0.571803114758156,3.25729113803209e-05,0.466663408006552,0.661093438489263,"all"
270,"chr2",43000001,44000000,500,233,218.410303873329,0.98721031610554,0.974584208225201,5.55174398806942e-05,0.339800910587701,0.545775468154027,"all"
271,"chr2",44000001,45000000,500,235,227.417113026195,0.502832119807837,0.252840140710443,1.44031035931527e-05,0.632457799480823,0.798635771342629,"all"
272,"chr2",45000001,46000000,500,238,245.694091613274,-0.490862660249369,0.240946151227087,1.37255594255878e-05,0.652320557457369,0.814548361598553,"all"
273,"chr2",46000001,47000000,500,246,221.087033621522,1.67549758257006,2.80729214919812,0.00015991811872724,0.104379597138807,0.244890593287201,"all"
274,"chr2",47000001,48000000,500,224,224.350602611132,-0.0234073110323197,0.000547902209763757,3.12113901850029e-08,1,1,"all"
275,"chr2",48000001,49000000,500,266,243.510508303158,1.44118849365966,2.077024274257,0.000118318221559117,0.161744121662293,0.327756028731225,"all"
276,"chr2",49000001,50000000,500,292,321.648831502038,-1.65316648796978,2.73295943694634,0.000155683736670997,0.100720921524356,0.239903499466297,"all"
277,"chr2",50000001,51000000,500,259,337.7672057877,-4.28584735264109,18.3684875301407,0.00104636561268621,9.33975108903455e-06,0.000144740899309525,"all"
278,"chr2",51000001,52000000,500,264,343.517372376604,-4.29030006516864,18.4066746491861,0.00104854095173637,9.19040336866071e-06,0.00014464492715217,"all"
279,"chr2",52000001,53000000,500,287,342.500872401219,-2.99894822983422,8.99369048522581,0.000512327889786327,0.00230329107594731,0.0138729737704642,"all"
280,"chr2",53000001,54000000,500,277,287.059532334754,-0.593733842876254,0.352519876176604,2.00813853407545e-05,0.577184463866785,0.756511123368822,"all"
281,"chr2",54000001,55000000,500,219,225.381122046613,-0.425048299250229,0.180666056695512,1.02916883491688e-05,0.702232128245463,0.846467582676905,"all"
282,"chr2",55000001,56000000,500,233,222.381287405804,0.712070093902439,0.507043818630228,2.88838814338521e-05,0.493603110158492,0.686022328733152,"all"
283,"chr2",56000001,57000000,500,265,266.994975599126,-0.12209167269727,0.0149063765420172,8.49145570517189e-07,0.935152928818257,0.987871572189367,"all"
284,"chr2",57000001,58000000,500,279,274.543867671359,0.26893802134273,0.072327659323743,4.12016370091785e-06,0.803955816452765,0.906199837360493,"all"
285,"chr2",58000001,59000000,500,244,286.474153911324,-2.50947003205559,6.29743984178506,0.000358735278971197,0.011263767705929,0.0468017710331862,"all"
286,"chr2",59000001,60000000,500,284,327.635514834441,-2.41070805132245,5.8115133087109,0.000331054349135994,0.0151385728279807,0.0578697177304275,"all"
287,"chr2",60000001,61000000,500,256,278.478868735411,-1.34703328823932,1.81449867962484,0.000103363383594241,0.185216371837735,0.3601987161886,"all"
288,"chr2",61000001,62000000,500,235,217.089522864663,1.21559169293993,1.47766316394455,8.41754618798952e-05,0.23898063748696,0.428848504587323,"all"
289,"chr2",62000001,63000000,489,288,219.165010444409,4.64968616330863,21.6195814172637,0.00123156501146729,1.01734663898251e-05,0.000155145362444833,"all"
290,"chr2",63000001,64000000,500,208,248.892446058346,-2.59201333521641,6.71853312993968,0.000382722966348013,0.00869431485918386,0.0381724359897092,"all"
291,"chr2",64000001,65000000,500,205,226.2795176453,-1.41461792614008,2.00114387695686,0.000113995675226352,0.163888816888836,0.330893829591756,"all"
292,"chr2",65000001,66000000,500,227,226.36917646997,0.0419275261918131,0.00175791745256518,1.00140219453934e-07,0.984221665901322,1,"all"
293,"chr2",66000001,67000000,500,255,255.426789263296,-0.0267042425042596,0.000713116567726306,4.06228685449045e-08,1,1,"all"
294,"chr2",67000001,68000000,500,306,278.608425074084,1.64104269728507,2.69302113431266,0.000153408640997695,0.110489979042636,0.253825937432081,"all"
295,"chr2",68000001,69000000,500,245,258.539938187267,-0.842079047414354,0.709097122094266,4.0393899791515e-05,0.419385383097881,0.619256314172467,"all"
296,"chr2",69000001,70000000,500,210,224.516299237605,-0.96879519160581,0.938564123278538,5.34655464848782e-05,0.35021480187838,0.55596115004724,"all"
297,"chr2",70000001,71000000,500,229,216.250062977593,0.867021602316175,0.751726458882907,4.2822290917026e-05,0.40283378684593,0.601836616408171,"all"
298,"chr2",71000001,72000000,500,208,231.163014693571,-1.52347702035405,2.32098223154687,0.000132215349291077,0.132364207048461,0.287797218553854,"all"
299,"chr2",72000001,73000000,500,207,231.724769455061,-1.62422436611704,2.6381047914883,0.000150280317415712,0.107565373099046,0.249029862269458,"all"
300,"chr2",73000001,74000000,500,196,220.234197272054,-1.63300028657853,2.66668993596556,0.000151908677516977,0.105671888265569,0.246140600396461,"all"
301,"chr2",74000001,75000000,500,207,206.86225027969,0.00957745463090461,9.17276372070362e-05,5.22528842665489e-09,1,1,"all"
302,"chr2",75000001,76000000,500,201,234.67054171306,-2.19796521865811,4.8310511024308,0.000275202067585511,0.0272136182528146,0.0913600041344489,"all"
303,"chr2",76000001,77000000,500,288,308.755530081916,-1.18120821027133,1.3952528360124,7.94809363705461e-05,0.247632555515498,0.437708099052363,"all"
304,"chr2",77000001,78000000,500,312,348.067749820148,-1.93324615797791,3.73744070733636,0.000212904270381179,0.0534478741582377,0.149789887792441,"all"
305,"chr2",78000001,79000000,500,384,377.859569535953,0.315888346762598,0.0997854476204077,5.6843036676355e-06,0.765699848988932,0.889097388416179,"all"
306,"chr2",79000001,80000000,500,441,391.19938269122,2.51788358045445,6.33973772472213,0.000361144788742873,0.0142427630036076,0.0555564646684939,"all"
307,"chr2",80000001,81000000,500,449,392.971576939148,2.82636228645526,7.98832377429663,0.000455056916728281,0.00601432557069647,0.0289742434202307,"all"
308,"chr2",81000001,82000000,500,452,380.123460180226,3.68658986483272,13.5909448314873,0.000774211665073045,0.000366908638918362,0.0030939031405263,"all"
309,"chr2",82000001,83000000,500,412,354.736811741108,3.0403416954897,9.24367762533319,0.000526568471466932,0.00320896128307183,0.0179339025313196,"all"
310,"chr2",83000001,84000000,500,368,329.579969525067,2.11630033353408,4.47872710171644,0.000255131840340801,0.039443804817978,0.119667077685866,"all"
311,"chr2",84000001,85000000,500,318,285.761194149072,1.90711692691224,3.63709497291518,0.000207188049831949,0.0637408519480846,0.171109571662134,"all"
312,"chr2",85000001,86000000,500,211,212.699880110662,-0.116556009433269,0.0135853033350082,7.73890295776301e-07,0.943473442123154,0.9922737925778,"all"
313,"chr2",86000001,87000000,493,222,213.677321775194,0.569355982376002,0.324166234667342,1.84662128655552e-05,0.586941380932247,0.761500059221052,"all"
314,"chr2",87000001,87442000,221,36,82.7578664753798,-5.13984524989583,26.4180091928767,0.00150490868285673,1.17943526457693e-08,4.50858787138942e-07,"all"
315,"chr2",88290001,89000000,355,179,162.361302535093,1.30580420205042,1.70512461409254,9.71328618430681e-05,0.207926947673248,0.39072367111293,"all"
316,"chr2",89000001,90000000,276,105,125.261741059096,-1.81037081169819,3.27744247584875,0.000186700352909188,0.0718383250674634,0.187412900596077,"all"
317,"chr2",90000001,90268000,134,122,71.4086621402715,5.98688224233864,35.8427589836297,0.00204179197676068,6.64992236052983e-08,1.96549767089062e-06,"all"
318,"chr2",95326001,96000000,291,133,132.272842119836,0.0632256601059064,0.00399748409582761,2.27717708835334e-07,0.972681141890076,0.999764891537789,"all"
319,"chr2",96000001,97000000,500,164,190.27971045479,-1.90512876774687,3.6295156216967,0.000206756290141965,0.0572656029658932,0.157714201444011,"all"
320,"chr2",97000001,97720000,360,144,150.444001338702,-0.525373525434906,0.276017341227902,1.57233987769564e-05,0.63538344102062,0.800723455392502,"all"
321,"chr2",98232001,99000000,384,179,175.83471733043,0.238704269059653,0.0569797280673032,3.24586485261809e-06,0.831296795027305,0.922526757875191,"all"
322,"chr2",99000001,100000000,500,218,207.929214276849,0.698402200922723,0.487765634253704,2.77856947065279e-05,0.502724884997617,0.694943223379059,"all"
323,"chr2",100000001,101000000,500,298,227.656107437011,4.6621553840129,21.7356928246805,0.00123817932763035,9.47481928379382e-06,0.000146044660680843,"all"
324,"chr2",101000001,102000000,500,232,215.211234591083,1.14442224588973,1.30970227688729,7.46075267842803e-05,0.26786836459292,0.462916577027065,"all"
325,"chr2",102000001,103000000,500,220,220.323578822867,-0.021799654072399,0.000475224917676261,2.70713095638455e-08,1,1,"all"
326,"chr2",103000001,104000000,500,291,280.972610212424,0.598213079400854,0.357858888366252,2.03855235422146e-05,0.565218174634198,0.745048508816665,"all"
327,"chr2",104000001,105000000,500,353,346.301653391973,0.359948471714934,0.129562902289917,7.38058402541506e-06,0.733083725831075,0.867774996679476,"all"
328,"chr2",105000001,106000000,500,262,281.045426265532,-1.1360630538519,1.2906392623273,7.35215972608519e-05,0.267562811151576,0.462667418318195,"all"
329,"chr2",106000001,107000000,500,224,244.713697163102,-1.32412346945223,1.7533029623542,9.98773538331847e-05,0.193676506366067,0.371418423914055,"all"
330,"chr2",107000001,108000000,500,359,331.510903102582,1.50977268529212,2.27941356125419,0.00012984737930509,0.141051094410149,0.299995168897549,"all"
331,"chr2",108000001,109000000,500,280,295.464839309247,-0.899689202500021,0.809440661095124,4.61099952780621e-05,0.385216043009895,0.586913717293931,"all"
332,"chr2",109000001,110000000,500,199,227.325672027403,-1.87869370638381,3.52949004240615,0.000201058307312028,0.0609382195851086,0.164510240631362,"all"
333,"chr2",110000001,111000000,430,118,174.334974553737,-4.26663843360287,18.2042035230971,0.0010370071320055,7.53663056065119e-06,0.000122769998962426,"all"
334,"chr2",111000001,112000000,500,154,208.002670603143,-3.74438745969269,14.0204374483039,0.00079867782236564,0.000105932760964978,0.0011374877366539,"all"
335,"chr2",112000001,113000000,500,189,185.063544882006,0.289364244201753,0.0837316658224519,4.76979586184121e-06,0.791737116323245,0.898974381187621,"all"
336,"chr2",113000001,114000000,500,230,208.328082092098,1.50149343996741,2.25448255026515,0.00012842717785706,0.145844134003853,0.306326104167801,"all"
337,"chr2",114000001,115000000,354,178,157.019209255727,1.67434696520353,2.80343775988628,0.000159698552449549,0.106581357305772,0.247682938238387,"all"
338,"chr2",115000001,116000000,500,348,336.472971503163,0.628408824483596,0.394897650688855,2.24954461565417e-05,0.543883136052868,0.728650911711949,"all"
339,"chr2",116000001,117000000,500,432,367.872149640276,3.34347613040681,11.1788326346001,0.000636805073886797,0.00120991456072423,0.00807206585384257,"all"
340,"chr2",117000001,118000000,500,428,370.381450107117,2.99390289478687,8.96345454341321,0.000510605491590614,0.00367706788336075,0.0198533966508385,"all"
341,"chr2",118000001,119000000,500,291,298.559694695276,-0.437510688607276,0.191415602645613,1.09040389967504e-05,0.688779567078942,0.837460143687586,"all"
342,"chr2",119000001,120000000,500,287,300.187532457423,-0.761144679703455,0.579341223440875,3.30023216786563e-05,0.466708447681294,0.661093438489263,"all"
343,"chr2",120000001,121000000,500,175,208.422320028447,-2.31507188319937,5.35955782438026,0.000305308588822711,0.0196517916251662,0.0708700460243415,"all"
344,"chr2",121000001,122000000,500,206,229.143449795383,-1.52888342502339,2.33748452731126,0.000133155406810234,0.130952553552298,0.2859234247585,"all"
345,"chr2",122000001,123000000,500,225,221.368742775107,0.244061268705976,0.0595659028823707,3.39318696558147e-06,0.824980373045395,0.919866735706245,"all"
346,"chr2",123000001,124000000,500,266,312.405989439116,-2.62551413700212,6.893324483598,0.000392680000728924,0.00792153017461726,0.0355959685748418,"all"
347,"chr2",124000001,125000000,500,327,334.641454498098,-0.417720858403466,0.174490715545328,9.9399084535429e-06,0.701984891439279,0.846467582676905,"all"
348,"chr2",125000001,126000000,500,331,348.883086558418,-0.957420055737663,0.91665316312871,5.22173830090288e-05,0.352608000386413,0.557054196536654,"all"
349,"chr2",126000001,127000000,500,250,338.527943250011,-4.81152906018999,23.1508118970527,0.00131879194926057,5.48425510947348e-07,1.18220747359853e-05,"all"
350,"chr2",127000001,128000000,500,262,283.749260644034,-1.29115127552397,1.66707161628717,9.49651630438159e-05,0.204905288215122,0.386235017299642,"all"
351,"chr2",128000001,129000000,500,200,194.885477914723,0.366366131772815,0.134224142510176,7.64611277245783e-06,0.732985186632104,0.867774996679476,"all"
352,"chr2",129000001,130000000,500,223,238.123682777605,-0.980068123389148,0.960533526483526,5.47170391843842e-05,0.343790144883421,0.550332967828457,"all"
353,"chr2",130000001,131000000,500,174,226.999567256143,-3.51770818227299,12.3742708556303,0.000704903519364371,0.000292129265618995,0.00256912455377196,"all"
354,"chr2",131000001,132000000,500,157,184.684188195122,-2.03712151461705,4.14986406531567,0.000236398072957467,0.0413417251416536,0.123336863664018,"all"
355,"chr2",132000001,132948000,438,151,162.271565830905,-0.884836518715281,0.782935664852179,4.46001313555434e-05,0.399806876784544,0.599814921894969,"all"
356,"chr2",133122001,134000000,439,159,190.15126197532,-2.25905101836136,5.10331150355951,0.000290711451304218,0.0229375874858698,0.0798083292742583,"all"
357,"chr2",134000001,135000000,500,200,197.692259524714,0.164131574089038,0.0269391736129453,1.53459694798039e-06,0.888487751521037,0.958553067109594,"all"
358,"chr2",135000001,136000000,500,226,197.357185629135,2.03886850259619,4.15698477087881,0.000236803705779827,0.0488504298019912,0.139774632976356,"all"
359,"chr2",136000001,137000000,500,190,188.886230448202,0.0810392085963735,0.00656735332992654,3.74110970188452e-07,0.954734516785075,0.994139900931054,"all"
360,"chr2",137000001,138000000,500,248,225.616839492227,1.4901694422324,2.22060496656324,0.000126497332595254,0.148412047823808,0.309003152585953,"all"
361,"chr2",138000001,139000000,500,234,201.076178927011,2.32182734093579,5.39088220111694,0.000307092989993592,0.0250667103279325,0.0848480029636158,"all"
362,"chr2",139000001,140000000,500,233,202.182295153748,2.16734840380126,4.69739910345989,0.000267588547116803,0.0363111664378025,0.112302172790917,"all"
363,"chr2",140000001,141000000,500,269,220.026424385152,3.30159952139132,10.9005593996514,0.000620953167544289,0.00153174868052439,0.00973730258772379,"all"
364,"chr2",141000001,142000000,500,288,227.222937279913,4.03193593237431,16.2565073627711,0.000926056119692595,0.00011827493173103,0.0012264961625035,"all"
365,"chr2",142000001,143000000,500,259,208.176748691306,3.52246214006442,12.4077395281872,0.000706810070897714,0.000749140320736085,0.0054930570320981,"all"
366,"chr2",143000001,144000000,500,221,199.8363007975,1.49711233776984,2.24134535190268,0.000127678813976203,0.147287383434097,0.308003594679471,"all"
367,"chr2",144000001,145000000,500,223,234.312070989194,-0.739000599295003,0.546121885758374,3.11099735705094e-05,0.483367718329477,0.677932759155509,"all"
368,"chr2",145000001,146000000,500,326,250.587399934744,4.76391824271731,22.6949170232947,0.00129282178061618,5.845765097361e-06,9.91704646990177e-05,"all"
369,"chr2",146000001,147000000,500,259,278.683674839207,-1.17909939853332,1.39027539162163,7.91973949716689e-05,0.249066874101887,0.439430601876991,"all"
370,"chr2",147000001,148000000,500,285,269.462842410437,0.946503288941927,0.895868475977885,5.10333779640093e-05,0.358733331606755,0.563246693163508,"all"
371,"chr2",148000001,149000000,500,244,226.83721888433,1.13954244658778,1.29855698757526,7.39726325143844e-05,0.269533247930122,0.464394123687295,"all"
372,"chr2",149000001,150000000,451,178,184.005238367803,-0.44270574432619,0.195988376059406,1.11645282094276e-05,0.692445717913335,0.840491902310555,"all"
373,"chr2",150000001,151000000,500,179,203.165154431787,-1.69537183345885,2.87428565368561,0.000163734420927083,0.0925187335813556,0.225937997596036,"all"
374,"chr2",151000001,152000000,500,232,218.562573374079,0.90892533327379,0.826145261466871,4.70615771311668e-05,0.380026041828753,0.581705639040595,"all"
375,"chr2",152000001,153000000,500,202,207.892020611862,-0.408644207540723,0.166990088356586,9.51263329814421e-06,0.715869856991326,0.85659385642493,"all"
376,"chr2",153000001,154000000,500,221,222.628612212638,-0.109150868985063,0.0119139122001944,6.7867907024954e-07,0.948557017560131,0.992885348428221,"all"
377,"chr2",154000001,155000000,500,279,264.663597676259,0.881237712073525,0.776579905180581,4.42380738724792e-05,0.393431134465687,0.5942924460027,"all"
378,"chr2",155000001,156000000,500,272,242.581379337785,1.88883306078331,3.56769033150803,0.000203234396597839,0.0669420525128751,0.17803605246235,"all"
379,"chr2",156000001,157000000,500,257,244.336359767557,0.810148280011215,0.656340235605131,3.73885901946285e-05,0.433970329435981,0.632533266137752,"all"
380,"chr2",157000001,158000000,500,206,224.032448830437,-1.20475640942728,1.45143800605612,8.26815390211569e-05,0.239651607254456,0.429338675653934,"all"
381,"chr2",158000001,159000000,500,207,240.307337483766,-2.14860410779001,4.6164996120121,0.000262980086796057,0.0310483461995543,0.100469084146865,"all"
382,"chr2",159000001,160000000,500,196,207.35988404208,-0.788881056830948,0.622333321826713,3.5451377611778e-05,0.45373363726371,0.650102117958549,"all"
383,"chr2",160000001,161000000,500,197,203.655321697633,-0.466359868563237,0.217491527006319,1.23894607292299e-05,0.673186872512765,0.826210087112199,"all"
384,"chr2",161000001,162000000,500,204,208.87611205828,-0.337387734503344,0.113830483393299,6.4843827398828e-06,0.770073290316915,0.89143511069422,"all"
385,"chr2",162000001,163000000,494,261,223.318352489672,2.52155052738529,6.35821706215704,0.000362197468948872,0.0149202774590845,0.0571877479614909,"all"
386,"chr2",163000001,164000000,500,255,244.472928983912,0.673274498118189,0.453298549816299,2.58222683838286e-05,0.517257636764362,0.705843714708912,"all"
387,"chr2",164000001,165000000,500,221,222.354388093608,-0.0908281095250033,0.00824974547988599,4.69948871370145e-07,0.963195760804126,0.997110418016246,"all"
388,"chr2",165000001,166000000,500,246,231.583768317435,0.947322156581909,0.897419268350999,5.1121719250083e-05,0.35946774708676,0.563525676321179,"all"
389,"chr2",166000001,167000000,500,220,249.741839620102,-1.88201107243565,3.54196567677037,0.000201768985029709,0.0604362974699347,0.163469184937346,"all"
390,"chr2",167000001,168000000,500,262,300.13785571438,-2.20138439536209,4.84609325614373,0.000276058947737463,0.0270605177916752,0.0909525258015625,"all"
391,"chr2",168000001,169000000,500,260,270.738154798703,-0.652611808919252,0.425902173140858,2.42616267458962e-05,0.537887723137731,0.723662178430726,"all"
392,"chr2",169000001,170000000,500,209,226.391910710694,-1.1558908999943,1.33608377268962,7.61103554724613e-05,0.260229759227141,0.453786973064346,"all"
393,"chr2",170000001,171000000,500,196,219.712579051696,-1.59974709694738,2.55919077419156,0.000145784960140229,0.113325505398485,0.258887827870482,"all"
394,"chr2",171000001,172000000,500,214,246.751677470559,-2.08498767293016,4.34717359627072,0.000247637861095049,0.0366492276215945,0.112860725661774,"all"
395,"chr2",172000001,173000000,500,201,224.069337917239,-1.54114646738874,2.3751324339448,0.000135300029486778,0.127797693611227,0.282060036630783,"all"
396,"chr2",173000001,174000000,500,204,222.855947898349,-1.26309569423681,1.59541073279957,9.08829823997595e-05,0.216548082409624,0.401061597072604,"all"
397,"chr2",174000001,175000000,500,196,217.798984118103,-1.47709466687764,2.18180865491835,0.000124287290732109,0.145321227973998,0.305451584018659,"all"
398,"chr2",175000001,176000000,500,210,230.233898158907,-1.33350585356489,1.77823786149182,0.000101297776770598,0.190644196538218,0.367323193195613,"all"
399,"chr2",176000001,177000000,500,266,286.905318276247,-1.23420552027697,1.52326326628214,8.67730834283612e-05,0.226492830131434,0.412484338211002,"all"
400,"chr2",177000001,178000000,500,234,253.678005681982,-1.23549125073935,1.52643863065348,8.69539688758139e-05,0.226600220677478,0.412484338211002,"all"
401,"chr2",178000001,179000000,500,212,241.540361190298,-1.90073225839979,3.61278311812155,0.000205803118775708,0.0578204100762299,0.158784593571409,"all"
402,"chr2",179000001,180000000,500,254,253.518184090352,0.0302605333753303,0.000915699880159481,5.21630789997017e-08,0.992555464487468,1,"all"
403,"chr2",180000001,181000000,500,247,261.201840141971,-0.878732124970714,0.772170147455547,4.39868708904057e-05,0.398130868923677,0.59761319434774,"all"
404,"chr2",181000001,182000000,500,312,261.104025550953,3.1497541001969,9.92095089170719,0.000565149517138904,0.0023990199128517,0.0143232197085846,"all"
405,"chr2",182000001,183000000,500,250,255.436939832769,-0.340183053934787,0.115724510184398,6.59227646278518e-06,0.764608320177289,0.888629385207462,"all"
406,"chr2",183000001,184000000,500,242,240.645952288088,0.0872860191434898,0.00761884913791766,4.34009699115382e-07,0.947565124641352,0.992885348428221,"all"
407,"chr2",184000001,185000000,500,234,262.17584594338,-1.74012571550908,3.02803750577598,0.000172492934694217,0.0835883229303122,0.210217299860706,"all"
408,"chr2",185000001,186000000,500,319,281.676996914077,2.22382644173836,4.94540404297469,0.000281716212231244,0.0308974855760143,0.100171694687137,"all"
409,"chr2",186000001,187000000,500,266,264.701431233898,0.0798154208640207,0.00637050140770075,3.62897249849732e-07,0.952711451747868,0.994139900931054,"all"
410,"chr2",187000001,188000000,500,218,239.821671022931,-1.40910641430641,1.98558088683947,0.00011310912549477,0.165416827674557,0.333040761898142,"all"
411,"chr2",188000001,189000000,500,264,237.95749962065,1.6882353150217,2.85013847888643,0.000162358870909047,0.101406049945413,0.241070601321309,"all"
412,"chr2",189000001,190000000,500,236,224.09008806321,0.795604492254895,0.632986508096169,3.60582391053881e-05,0.44313167624641,0.641645715049726,"all"
413,"chr2",190000001,191000000,500,262,215.172987034533,3.1922917914986,10.1907268820694,0.000580517375759824,0.00217690488112246,0.0132509263146032,"all"
414,"chr2",191000001,192000000,500,203,207.990428899031,-0.346031947598362,0.119738108758716,6.82091213702894e-06,0.76350013958645,0.888629385207462,"all"
415,"chr2",192000001,193000000,500,240,226.399760445133,0.903875420564413,0.816990775900493,4.65400895082598e-05,0.382432568274506,0.584141807801284,"all"
416,"chr2",193000001,194000000,500,366,267.777282138977,6.00240205899732,36.0288304778553,0.0020523915872479,1.47518286159153e-08,5.49266138205573e-07,"all"
417,"chr2",194000001,195000000,500,332,272.008576354346,3.63745701232226,13.2310935164924,0.000753712642435893,0.000472052613868268,0.00378990504670853,"all"
418,"chr2",195000001,196000000,500,301,277.465926104432,1.41283772890584,1.99611044821981,0.000113708944664802,0.169380539751986,0.338879279461929,"all"
419,"chr2",196000001,197000000,500,267,240.630984702429,1.69987950610439,2.88959033527372,0.000164606256046911,0.0990256518986335,0.237181741013686,"all"
420,"chr2",197000001,198000000,500,230,216.172400060405,0.940473762125823,0.884490897247099,5.03852512676774e-05,0.363555104578526,0.567090579339845,"all"
421,"chr2",198000001,199000000,500,243,221.350039499311,1.45518197449652,2.1175545788996,0.000120627040778996,0.15829499809106,0.324165542519336,"all"
422,"chr2",199000001,200000000,500,364,297.880288787875,3.83098158991498,14.6764199422675,0.000836046033715722,0.000230325812414715,0.0021232929395273,"all"
423,"chr2",200000001,201000000,500,270,264.210126025702,0.356200382608725,0.126878712570602,7.22767846824231e-06,0.737936761142256,0.871720104736238,"all"
424,"chr2",201000001,202000000,500,213,203.406408272648,0.672665132632991,0.45247838066016,2.57755472370732e-05,0.519219079919288,0.708183207482682,"all"
425,"chr2",202000001,203000000,500,217,208.755890652834,0.57059028617505,0.325573274677325,1.85463652613202e-05,0.586309309886708,0.761299271487859,"all"
426,"chr2",203000001,204000000,500,201,199.524035003327,0.104490894877312,0.0109183471122614,6.21966449164397e-07,0.93557419052118,0.987952561408553,"all"
427,"chr2",204000001,205000000,500,219,212.482486128572,0.447116188678186,0.199912886178108,1.13880889369024e-05,0.672823747357417,0.826210087112199,"all"
428,"chr2",205000001,206000000,500,238,255.030893151686,-1.06645130092062,1.13731837723528,6.47876336395327e-05,0.300164652932946,0.500623653262802,"all"
429,"chr2",206000001,207000000,500,245,236.697195454287,0.539669977430325,0.291243684539648,1.65907713367396e-05,0.606412279548019,0.775115472788306,"all"
430,"chr2",207000001,208000000,500,294,242.069353355954,3.33775016057331,11.1405761344072,0.000634625782521738,0.00133560674350917,0.00867094280903397,"all"
431,"chr2",208000001,209000000,500,200,205.744838759437,-0.400510004623473,0.160408263803494,9.13769797100919e-06,0.722180758602676,0.86091153218872,"all"
432,"chr2",209000001,210000000,500,234,237.739966061713,-0.242558536180466,0.0588346434740105,3.35153058545731e-06,0.841659554692201,0.928826666574014,"all"
433,"chr2",210000001,211000000,500,232,247.63425885117,-0.993509295350508,0.987060719947864,5.62281675773241e-05,0.336510596601328,0.542402495493314,"all"
434,"chr2",211000001,212000000,500,270,246.157703032524,1.51964231331137,2.30931276040634,0.000131550594868611,0.140048752314847,0.298958276398638,"all"
435,"chr2",212000001,213000000,500,265,234.001870529877,2.02640301683418,4.10630918663465,0.000233916958100201,0.0496135966385278,0.141253407708698,"all"
436,"chr2",213000001,214000000,500,211,220.956357141117,-0.669803196912062,0.448636322593619,2.55566834119393e-05,0.529030507550696,0.717809022786486,"all"
437,"chr2",214000001,215000000,500,254,250.292573071012,0.234341183340844,0.0549157902095873,3.12829210214033e-06,0.831464646790894,0.922526757875191,"all"
438,"chr2",215000001,216000000,500,231,230.489331624919,0.0336367129644171,0.00113142845905059,6.4452112936487e-08,0.990675927190913,1,"all"
439,"chr2",216000001,217000000,500,204,208.790736276603,-0.331548182349077,0.109924197218977,6.26186014408305e-06,0.774579382348896,0.892067254321529,"all"
440,"chr2",217000001,218000000,500,215,204.664191556705,0.722476157809382,0.521971798603006,2.97342576493545e-05,0.487875664498283,0.681314919686594,"all"
441,"chr2",218000001,219000000,500,205,213.761355632471,-0.59924816337486,0.359098361308143,2.04561304368826e-05,0.577343975199801,0.756511123368822,"all"
442,"chr2",219000001,220000000,500,196,205.477651115685,-0.661178041139567,0.437156402085155,2.4902726789941e-05,0.53576979217322,0.722847997252058,"all"
443,"chr2",220000001,221000000,500,233,208.594798386271,1.68978193363262,2.85536298323121,0.000162656486141696,0.101775870214538,0.241549188663145,"all"
444,"chr2",221000001,222000000,500,233,226.004925947113,0.465300333670519,0.216504400513896,1.23332288149066e-05,0.659187116390813,0.817982942612501,"all"
445,"chr2",222000001,223000000,500,246,242.975112517533,0.194056560134825,0.037657948531361,2.14519471583415e-06,0.863139184956845,0.943459813633226,"all"
446,"chr2",223000001,224000000,500,194,220.872470191251,-1.80815974228302,3.26944165361301,0.000186244584014392,0.0718203823865702,0.187412900596077,"all"
447,"chr2",224000001,225000000,500,210,208.694446364558,0.0903731192683025,0.00816730068628282,4.65252382514989e-07,0.946372819260125,0.99285016088191,"all"
448,"chr2",225000001,226000000,500,229,209.682017174453,1.33407787801012,1.77976378459597,0.000101384701372374,0.196304154888067,0.375202674709392,"all"
449,"chr2",226000001,227000000,500,230,208.108599855965,1.51749939177478,2.30280440403682,0.000131179844675433,0.141606251071504,0.300636044605608,"all"
450,"chr2",227000001,228000000,500,207,202.858107153529,0.290805539331237,0.0845678617057319,4.81742997522687e-06,0.789766022115874,0.898744899336603,"all"
451,"chr2",228000001,229000000,500,267,214.795662727415,3.56199932656554,12.6878392024533,0.000722766020825315,0.000649950408352063,0.00490370479143517,"all"
452,"chr2",229000001,230000000,500,310,273.645435673864,2.19768194419413,4.82980592783689,0.00027513113589477,0.0329734854034824,0.104865553408359,"all"
453,"chr2",230000001,231000000,500,257,213.822565619479,2.95277302481634,8.71886853608306,0.000496672586826706,0.00451379452346738,0.0232334809672908,"all"
454,"chr2",231000001,232000000,500,220,199.662968036148,1.43925852272593,2.07146509523923,0.000118001541497711,0.163573371668842,0.330489680461289,"all"
455,"chr2",232000001,233000000,500,209,182.658174470961,1.94906495382943,3.79885419424612,0.000216402705445693,0.0599018693916816,0.163249676374478,"all"
456,"chr2",233000001,234000000,500,212,195.146346113194,1.20646258713877,1.45555197416556,8.29158922717633e-05,0.243355041200513,0.433084359479747,"all"
457,"chr2",234000001,235000000,476,233,191.160520002636,3.02612718235039,9.15744572375988,0.000521656249033005,0.00370140147176318,0.0199472143224531,"all"
458,"chr2",235000001,236000000,500,212,210.16063375763,0.126879812142503,0.0160984867293169,9.17054433698029e-07,0.917341720670946,0.976450808585781,"all"
459,"chr2",236000001,237000000,500,216,204.679920432025,0.79124660526817,0.626071190348403,3.56643062527138e-05,0.446458438665456,0.64353762878525,"all"
460,"chr2",237000001,238000000,500,211,202.867518222018,0.570974668060633,0.32601207156695,1.85713614389045e-05,0.586305653846901,0.761299271487859,"all"
461,"chr2",238000001,239000000,500,209,194.511926750128,1.03881333313142,1.07913314109161,6.14730967095401e-05,0.31580969489769,0.520061111586259,"all"
462,"chr2",239000001,240000000,486,212,206.216862377462,0.402718369688457,0.162182085284528,9.23874416753206e-06,0.705498015905147,0.848232735589542,"all"
463,"chr2",240000001,241000000,489,251,236.225843945473,0.961255809183804,0.92401273068961,5.26366226664763e-05,0.352194340930387,0.557054196536654,"all"
464,"chr2",241000001,242000000,500,225,235.869907821419,-0.707765831483216,0.500932472215129,2.85357470147563e-05,0.503297015701469,0.695398816393307,"all"
465,"chr2",242000001,243000000,500,175,204.173177826466,-2.04166458307431,4.16839426977999,0.000237453650816868,0.0408883887920874,0.122569767430192,"all"
466,"chr2",243000001,243054000,27,8,0.431960103251052,11.5149377561396,132.59379152777,0.00755323940975992,4.09933438423162e-08,1.29151556918594e-06,"all"
467,"chr3",60001,1000000,446,296,304.253236351296,-0.473158535692808,0.223878999898962,1.27533247640808e-05,0.66225511596502,0.819011727818137,"all"
468,"chr3",1000001,2000000,500,320,359.644824696555,-2.09049721938982,4.37017862427656,0.000248948348427482,0.0362221332389603,0.112147792652375,"all"
469,"chr3",2000001,3000000,500,317,362.060256653574,-2.36811742581665,5.60798014245647,0.000319460030014165,0.0171456320441873,0.0631020886658346,"all"
470,"chr3",3000001,4000000,499,222,320.228215659707,-5.48916717147134,30.1309562363587,0.0017164176653818,7.83814048253392e-09,3.16506320611616e-07,"all"
471,"chr3",4000001,5000000,498,181,248.327728224452,-4.27249293241478,18.2541958575343,0.00103985495818428,8.7883031453255e-06,0.000139204779655515,"all"
472,"chr3",5000001,6000000,500,218,304.416910498901,-4.95295461797433,24.5317594477132,0.00139745798137472,2.23907970656698e-07,5.53400130924786e-06,"all"
473,"chr3",6000001,7000000,500,294,362.534629955637,-3.59944318979474,12.9559912765597,0.000738041372639394,0.00022811257948421,0.00210967343671365,"all"
474,"chr3",7000001,8000000,500,307,336.36616800778,-1.60118357080697,2.56378882742216,0.000146046889424167,0.112274550331784,0.257307062990587,"all"
475,"chr3",8000001,9000000,491,219,255.906871053276,-2.30709912296912,5.3227063632049,0.000303209335866371,0.0202009898985808,0.0724859049302016,"all"
476,"chr3",9000001,10000000,500,216,224.915197575161,-0.594458541181099,0.35338095718316,2.01304370415828e-05,0.579932126266433,0.758115457718637,"all"
477,"chr3",10000001,11000000,500,218,245.041895921025,-1.72749565989901,2.98424125496993,0.000169998070011819,0.0860195105459602,0.214264063193109,"all"
478,"chr3",11000001,12000000,500,209,221.862602740145,-0.863548640812405,0.745716255048952,4.24799181110578e-05,0.408480381275085,0.607762532456808,"all"
479,"chr3",12000001,13000000,500,234,218.125004698324,1.0748822186958,1.15537178406841,6.58160505993409e-05,0.298198016656594,0.499377169249097,"all"
480,"chr3",13000001,14000000,500,246,252.273506562386,-0.394979480883327,0.156008790318863,8.88708083333309e-06,0.723068665928399,0.861611747804123,"all"
481,"chr3",14000001,15000000,500,219,237.625497834883,-1.20826270315989,1.45989875984724,8.31635080352038e-05,0.237876448654923,0.427849296294645,"all"
482,"chr3",15000001,16000000,493,174,206.365011231805,-2.2529820382026,5.07592806446356,0.000289151546658826,0.0233687596024525,0.0808181348374322,"all"
483,"chr3",16000001,16996000,498,226,245.724723295834,-1.25830665105589,1.58333562809149,9.01951209568731e-05,0.21788736482115,0.402501981277215,"all"
484,"chr3",17012001,18000000,494,210,252.948485669408,-2.70042309557948,7.29228489513906,0.000415406883101503,0.00617023320501787,0.029532652084785,"all"
485,"chr3",18000001,19000000,500,274,294.310256491038,-1.18389369969791,1.40160429218441,7.98427487036505e-05,0.246762528958577,0.436708747237186,"all"
486,"chr3",19000001,20000000,500,307,299.800806027804,0.415783716717313,0.172876099087263,9.84793141206765e-06,0.692789139963825,0.840552883739435,"all"
487,"chr3",20000001,21000000,500,247,287.404657967776,-2.38333194176812,5.68027114465219,0.000323578105532365,0.0163214561840116,0.0609291860410953,"all"
488,"chr3",21000001,22000000,500,295,300.411606306449,-0.312225119481808,0.0974845252354295,5.5532310326594e-06,0.783693712619856,0.896230504220633,"all"
489,"chr3",22000001,23000000,500,279,295.622287296406,-0.966767846429746,0.934640068890408,5.32420117182127e-05,0.348952908109574,0.554879638130976,"all"
490,"chr3",23000001,24000000,500,191,232.319230436168,-2.71087594616774,7.34884839551083,0.000418629037436479,0.0059308956839089,0.0286743303975832,"all"
491,"chr3",24000001,25000000,500,205,229.896870401535,-1.64201919255012,2.69622702870295,0.000153591265595522,0.103601970896014,0.243611920058581,"all"
492,"chr3",25000001,26000000,492,220,243.874709029609,-1.52881419068135,2.33727282962868,0.000133143347397341,0.130824174630176,0.2859234247585,"all"
493,"chr3",26000001,27000000,492,237,301.797211009269,-3.72991300340702,13.9122510129848,0.000792514954274773,0.000125137668799472,0.00127676048558038,"all"
494,"chr3",27000001,28000000,500,202,238.159871966582,-2.34310952770752,5.49016225883374,0.000312748503995488,0.0182155870426873,0.0662742234154627,"all"
495,"chr3",28000001,29000000,500,228,285.438069264278,-3.39972575623427,11.5581352176027,0.000658412143004801,0.000496873667126592,0.00393518454047497,"all"
496,"chr3",29000001,30000000,500,297,281.321865418055,0.934743909001197,0.873746175414837,4.97731754272082e-05,0.36449815568844,0.567845114235157,"all"
497,"chr3",30000001,31000000,500,232,252.460335813035,-1.28770440007447,1.65818262197115,9.44587991982149e-05,0.206689071500512,0.388830425191579,"all"
498,"chr3",31000001,32000000,500,188,231.66003207995,-2.86852404340268,8.22843018757927,0.000468734640266059,0.00349995251755507,0.0191861641832321,"all"
499,"chr3",32000001,33000000,500,169,212.056020978902,-2.95670903229474,8.7421283016533,0.00049799758534996,0.00254902766131808,0.0148537851727621,"all"
500,"chr3",33000001,34000000,500,191,210.327181731567,-1.33266450011798,1.7759946698747,0.000101169992783649,0.19133567327759,0.367913732586754,"all"
501,"chr3",34000001,35000000,500,217,265.270310472882,-2.96371043553345,8.78357954568986,0.00050035886611909,0.00254601416334353,0.0148537851727621,"all"
502,"chr3",35000001,36000000,500,290,292.357756068557,-0.137892790821047,0.019014421760417,1.08316142211304e-06,0.921135099602814,0.978109011318988,"all"
503,"chr3",36000001,37000000,500,273,252.698651850683,1.277095623282,1.63097323100604,9.29088092493251e-05,0.214886670112407,0.399015597935409,"all"
504,"chr3",37000001,38000000,500,197,210.466785312504,-0.928265378378371,0.86167661269594,4.908562968516e-05,0.372604406266035,0.575342843463963,"all"
505,"chr3",38000001,39000000,500,205,228.513577311406,-1.55547380708047,2.41949876451342,0.000137827368909356,0.124082438497578,0.276413637274714,"all"
506,"chr3",39000001,40000000,492,227,235.077026854218,-0.526800807690901,0.277519090983786,1.58089463377361e-05,0.627005771970647,0.794652787803055,"all"
507,"chr3",40000001,41000000,500,183,230.37151080071,-3.12106526606098,9.74104839501229,0.000554901325181398,0.00141550191881397,0.00905858035990991,"all"
508,"chr3",41000001,42000000,500,219,220.589911466607,-0.107048384679634,0.0114593566625188,6.52785197229271e-07,0.950397910156009,0.994139900931054,"all"
509,"chr3",42000001,43000000,500,194,207.577728901388,-0.942403206450375,0.888123803527948,5.05922007075893e-05,0.365047304798246,0.568181662788584,"all"
510,"chr3",43000001,44000000,499,184,211.853457222386,-1.91364480378361,3.66203643504803,0.000208608846632072,0.0560870126812652,0.155363734644625,"all"
511,"chr3",44000001,45000000,500,200,226.467982592364,-1.75880395955116,3.09339136813282,0.000176215834258715,0.0803022993881758,0.203689957355713,"all"
512,"chr3",45000001,46000000,500,176,193.437204196838,-1.25373817553685,1.57185941279847,8.9541375403425e-05,0.220926729670034,0.406023675617941,"all"
513,"chr3",46000001,47000000,500,182,203.669799937726,-1.51841883899931,2.30559577062801,0.000131338855590656,0.134038653287022,0.290029297338786,"all"
514,"chr3",47000001,48000000,500,153,158.18439804393,-0.412208093798965,0.169915512593376,9.67928084160001e-06,0.718109440029771,0.858602056826949,"all"
515,"chr3",48000001,49000000,500,176,150.646497823251,2.06565809212852,4.26694335357606,0.000243067524701516,0.0470341112162676,0.135797378506585,"all"
516,"chr3",49000001,50000000,500,190,148.028983479855,3.44965854180667,11.9001440550597,0.000677894764323655,0.00104296308191112,0.00718792104769031,"all"
517,"chr3",50000001,51000000,500,186,159.623520152503,2.08770145070187,4.35849734726269,0.000248282921480406,0.0445276059552338,0.130486381737863,"all"
518,"chr3",51000001,52000000,498,188,160.187834431861,2.1974552567697,4.82880960550479,0.000275074380137077,0.0345630345282813,0.108203211393001,"all"
519,"chr3",52000001,53000000,500,202,166.247182497819,2.7728930880626,7.68893607782535,0.000438002219658921,0.00786865043914364,0.0354707874355736,"all"
520,"chr3",53000001,54000000,500,184,177.198493266586,0.510946136947505,0.261065954861578,1.48716892102304e-05,0.629042289932924,0.795624018244782,"all"
521,"chr3",54000001,55000000,500,245,208.305487974605,2.54244028154309,6.4640025852129,0.000368223568455651,0.0142374170993375,0.0555564646684939,"all"
522,"chr3",55000001,56000000,500,201,210.672152377558,-0.666376332136806,0.444057416032103,2.52958448229258e-05,0.531955104453501,0.719894813516984,"all"
523,"chr3",56000001,57000000,500,197,185.675712834691,0.831061806846218,0.690663726798501,3.93438366912792e-05,0.424317015189213,0.623535049998705,"all"
524,"chr3",57000001,58000000,500,178,169.582009104762,0.646425624366733,0.417866087837921,2.38038490814147e-05,0.53783010790137,0.723662178430726,"all"
525,"chr3",58000001,59000000,500,162,180.395554055494,-1.36961958596017,1.87585781024571,0.000106858722238789,0.179351971354259,0.351952157339261,"all"
526,"chr3",59000001,60000000,500,208,211.929038601037,-0.269892652505222,0.0728420438763043,4.14946574914658e-06,0.822212644988282,0.918549930005262,"all"
527,"chr3",60000001,61000000,500,204,219.034974329766,-1.01588829827873,1.03202903457964,5.87897991767652e-05,0.326158203136402,0.530701230642488,"all"
528,"chr3",61000001,62000000,500,198,190.579789758287,0.537499158729855,0.288905345635302,1.64575672601221e-05,0.609841315997788,0.778110837990947,"all"
529,"chr3",62000001,63000000,500,222,229.236165743132,-0.477932911346207,0.228419867747862,1.30119964680545e-05,0.662802922648815,0.819011727818137,"all"
530,"chr3",63000001,64000000,498,210,228.063808009315,-1.19613754637473,1.43074502984735,8.15027583135204e-05,0.243102104838011,0.432902940727067,"all"
531,"chr3",64000001,65000000,500,202,196.824275298441,0.368919692083879,0.136101739207264,7.75307055083249e-06,0.730986322668522,0.867082245382977,"all"
532,"chr3",65000001,66000000,500,184,210.251412166587,-1.81043613840163,3.27767901123061,0.000186713827208003,0.0714758125509783,0.187142606925712,"all"
533,"chr3",66000001,67000000,451,175,174.43561016281,0.0427328256186125,0.00182609438535075,1.04023935950907e-07,0.986036177411462,1,"all"
534,"chr3",67000001,68000000,500,199,220.096461910054,-1.42201145612084,2.02211658133892,0.000115190390721268,0.161684499689889,0.327756028731225,"all"
535,"chr3",68000001,69000000,500,274,264.738618485525,0.569202928529885,0.323991973846997,1.84562860531409e-05,0.585247995411125,0.761168937251708,"all"
536,"chr3",69000001,70000000,500,194,195.301160188042,-0.0931061470655799,0.00866875462139739,4.93817834797824e-07,0.963767914263715,0.997110418016246,"all"
537,"chr3",70000001,71000000,500,218,215.60998185207,0.1627671529791,0.0264931460889216,1.50918887544942e-06,0.888763915589876,0.958553067109594,"all"
538,"chr3",71000001,72000000,500,188,189.048959699095,-0.0762907100635567,0.00582027244200167,3.31553315414919e-07,0.977813708956237,1,"all"
539,"chr3",72000001,73000000,500,195,192.963178859354,0.146627581549835,0.0214996476711535,1.22473295479826e-06,0.902521667411322,0.965496127040396,"all"
540,"chr3",73000001,74000000,500,231,197.645726891459,2.3725084387017,5.62879629171077,0.000320645827305994,0.022145422601824,0.0777122724595219,"all"
541,"chr3",74000001,75000000,500,270,251.642575040017,1.15723004670793,1.33918138100364,7.62868115261259e-05,0.26136702777427,0.454708949748732,"all"
542,"chr3",75000001,76000000,375,154,184.521391790828,-2.24688566216486,5.04849517884203,0.000287588825279397,0.0237073046523525,0.0814974129955569,"all"
543,"chr3",76000001,77000000,500,317,316.502675807591,0.0279544462061463,0.000781451062692329,4.45155606119785e-08,0.992642493770226,1,"all"
544,"chr3",77000001,78000000,500,275,289.967379538227,-0.878964226050246,0.772578110676107,4.40101106201077e-05,0.397027193691966,0.596894055749799,"all"
545,"chr3",78000001,79000000,499,263,251.486741855386,0.726006811127185,0.527085889803064,3.002558316884e-05,0.483965857147998,0.678137825644084,"all"
546,"chr3",79000001,80000000,500,261,246.76508205816,0.906177167028753,0.821157058044257,4.67774228412753e-05,0.380520455979706,0.582151626090618,"all"
547,"chr3",80000001,81000000,486,276,252.766409346162,1.46135810904172,2.135567522862,0.000121653152760975,0.155731039862657,0.319828718686417,"all"
548,"chr3",81000001,82000000,500,257,255.58846659996,0.088291832917655,0.0077954477599591,4.44069685004189e-07,0.946258081751699,0.99285016088191,"all"
549,"chr3",82000001,83000000,500,263,264.050621128579,-0.0646550621853088,0.00418027706618615,2.38130557367914e-07,0.981146063801655,1,"all"
550,"chr3",83000001,84000000,500,276,260.931149779275,0.932861462278994,0.870230507805302,4.95729045183369e-05,0.36603086358298,0.568451443478362,"all"
551,"chr3",84000001,85000000,500,306,291.778360036791,0.83257456723874,0.693180410012775,3.94872001973447e-05,0.419774159252424,0.619256314172467,"all"
552,"chr3",85000001,86000000,500,243,294.822245090224,-3.01811719355801,9.10903139405047,0.000518898314299073,0.0021215098240985,0.0129688031251395,"all"
553,"chr3",86000001,87000000,500,273,300.11248226643,-1.56504652102273,2.44937061296536,0.00013952902643321,0.121142127389331,0.271551586571705,"all"
554,"chr3",87000001,88000000,500,255,259.683834509978,-0.290655860741523,0.0844808293833959,4.8124721566185e-06,0.80262224000481,0.905595419950331,"all"
555,"chr3",88000001,89000000,500,315,238.547786576835,4.94996773255371,24.5021805533229,0.00139577301205427,2.6470143913752e-06,4.96012435298869e-05,"all"
556,"chr3",89000001,90000000,500,269,226.61132632489,2.81584679233621,7.92899315791009,0.000451677132918402,0.00665438310872974,0.0312244130486549,"all"
557,"chr3",90000001,90314000,148,97,68.1591939524167,3.49337470312993,12.2036668164681,0.000695185016429831,0.00116372760244802,0.00781359961643671,"all"
558,"chr3",93518001,94000000,241,172,106.598682483147,6.33447430486733,40.1255647190245,0.00228576310611898,7.23896015744502e-09,2.96487125305641e-07,"all"
559,"chr3",94000001,95000000,500,319,277.878788819888,2.46682419390547,6.08522160363736,0.000346646212496985,0.0168217766408008,0.0622101545908707,"all"
560,"chr3",95000001,96000000,500,377,292.500646834244,4.94071689174009,24.4106834043258,0.00139056085344773,2.47620499942185e-06,4.73285315556163e-05,"all"
561,"chr3",96000001,97000000,499,305,279.639318958353,1.51656767214908,2.29997750420767,0.000131018809600179,0.140146467903652,0.298958276398638,"all"
562,"chr3",97000001,98000000,500,290,265.628119841751,1.4953815216844,2.23616589539515,0.000127383764905179,0.146048895967977,0.306531614011852,"all"
563,"chr3",98000001,99000000,500,283,286.061692566709,-0.181022153804718,0.0327690201680988,1.86669565521146e-06,0.887227250632358,0.95771104200413,"all"
564,"chr3",99000001,100000000,500,247,247.940211055018,-0.0597106597869264,0.00356536289219007,2.03101813418961e-07,0.986139641705465,1,"all"
565,"chr3",100000001,101000000,498,238,239.404678580558,-0.0907842778671741,0.00824178510786427,4.69495406732185e-07,0.961937489105124,0.996680548631767,"all"
566,"chr3",101000001,102000000,500,207,222.540710629587,-1.04175630743777,1.08525620408638,6.18218985666079e-05,0.313156784018312,0.517040811244662,"all"
567,"chr3",102000001,103000000,500,278,294.404193946654,-0.956055048327255,0.91404125543203,5.20685950158512e-05,0.354629766765392,0.558332532298945,"all"
568,"chr3",103000001,104000000,500,258,315.616755183917,-3.24316295815386,10.5181059731413,0.000599166609816143,0.000931510370908715,0.00658337501710046,"all"
569,"chr3",104000001,105000000,500,251,286.983908616796,-2.1241225136395,4.51189645295021,0.00025702134095805,0.033163083151457,0.105175397561092,"all"
570,"chr3",105000001,106000000,500,250,247.907424052772,0.132903513626701,0.0176633439343227,1.00619692653504e-06,0.911125838056029,0.97143837028882,"all"
571,"chr3",106000001,107000000,500,253,247.462567794175,0.352008916720868,0.123910277450999,7.05858079879371e-06,0.741618150314766,0.874116847453905,"all"
572,"chr3",107000001,108000000,498,183,216.647220512659,-2.28598109035194,5.22570954544665,0.000297683887215486,0.0213463556560822,0.0751857313075426,"all"
573,"chr3",108000001,109000000,500,281,273.351975964527,0.462581367141526,0.213981521226523,1.21895123479447e-05,0.659562779967743,0.817982942612501,"all"
574,"chr3",109000001,110000000,500,450,324.268625221013,6.9821825467763,48.7508731165076,0.00277710601560625,4.85981207050231e-11,3.48327030153253e-09,"all"
575,"chr3",110000001,111000000,500,327,291.158832478198,2.10047329172376,4.41198804924484,0.000251330033065437,0.0412666571647071,0.123241152178349,"all"
576,"chr3",111000001,112000000,500,279,262.720874769581,1.00434696917288,1.00871283448675,5.74615858464251e-05,0.329968610976296,0.534474580603977,"all"
577,"chr3",112000001,113000000,500,236,237.151256239694,-0.0747582768111225,0.00558879995176842,3.18367425522488e-07,0.974889588848721,1,"all"
578,"chr3",113000001,114000000,500,199,212.035784300484,-0.895225790389065,0.801429215777726,4.5653621236689e-05,0.390882009315439,0.592001437246362,"all"
579,"chr3",114000001,115000000,500,242,282.710939050275,-2.42125100215924,5.86245641545712,0.000333956336303701,0.01461875084361,0.0561935067929766,"all"
580,"chr3",115000001,116000000,500,328,313.303751446769,0.830278306651566,0.689362066496192,3.92696872776436e-05,0.420568891651053,0.619296873324894,"all"
581,"chr3",116000001,117000000,500,411,316.077035402696,5.33918318824768,28.5068771176666,0.00162390158101217,3.69716435543851e-07,8.41251603733508e-06,"all"
582,"chr3",117000001,118000000,500,346,326.289166193684,1.09119827083003,1.19071366626244,6.78293100010615e-05,0.288021657826392,0.487460503534986,"all"
583,"chr3",118000001,119000000,498,371,304.565669690436,3.80673010945955,14.4911941262659,0.000825494597505868,0.000250253436670775,0.00227049557890858,"all"
584,"chr3",119000001,120000000,500,231,216.391408983593,0.993089347346335,0.986226451812769,5.61806432786092e-05,0.336971364739118,0.542446323810809,"all"
585,"chr3",120000001,121000000,500,240,239.911456495151,0.00571651325908329,3.2678523841275e-05,1.86154050869722e-09,1,1,"all"
586,"chr3",121000001,122000000,500,217,217.312349526879,-0.0211884236979251,0.000448949298802795,2.5574512182127e-08,1,1,"all"
587,"chr3",122000001,123000000,500,225,207.054792449188,1.24711310272315,1.55529109098375,8.85975566933439e-05,0.227299795371689,0.413233045865968,"all"
588,"chr3",123000001,124000000,500,240,219.376172297787,1.39243376048803,1.93887177734683,0.000110448329068713,0.177095546898909,0.349420182002484,"all"
589,"chr3",124000001,125000000,500,214,209.992206871654,0.276569132490589,0.0764904850465971,4.35730013802802e-06,0.800367275792468,0.90461792389058,"all"
590,"chr3",125000001,126000000,500,218,208.163985913198,0.681736182655538,0.464764222741745,2.64754133885988e-05,0.513237021524239,0.703034180941229,"all"
591,"chr3",126000001,127000000,500,230,222.933086759544,0.473306528489109,0.224019069910412,1.27613038882798e-05,0.653575984995034,0.814855077752911,"all"
592,"chr3",127000001,128000000,500,220,215.198608582297,0.327301037799505,0.107125969344633,6.10245837410231e-06,0.761449256654691,0.887068272583909,"all"
593,"chr3",128000001,129000000,500,196,207.868259095032,-0.823176434919657,0.677619443007037,3.8600765712838e-05,0.432935819443519,0.632311255397131,"all"
594,"chr3",129000001,130000000,500,159,200.920565498115,-2.95743315024346,8.74641083815893,0.000498241541142575,0.00252684724719162,0.0148452275772508,"all"
595,"chr3",130000001,131000000,500,238,239.340653356133,-0.0866579205771366,0.00750959519875332,4.27786020393632e-07,0.965234632087448,0.997352887040358,"all"
596,"chr3",131000001,132000000,500,265,255.119905673367,0.6185700921502,0.382628958902707,2.17965569760033e-05,0.552446648844034,0.736338699319314,"all"
597,"chr3",132000001,133000000,500,215,234.448540587084,-1.27017409382333,1.61334222861992,9.19044546673947e-05,0.213597538213834,0.397393992251176,"all"
598,"chr3",133000001,134000000,500,227,223.260190910348,0.250290166350597,0.0626451673718097,3.56859805856491e-06,0.820082190126195,0.91770056836067,"all"
599,"chr3",134000001,135000000,500,266,251.386792672036,0.921667593096627,0.849471152164529,4.83903424892975e-05,0.372171769101538,0.575211030735368,"all"
600,"chr3",135000001,136000000,488,260,245.202307941767,0.944999782493785,0.893024588913302,5.08713752065226e-05,0.360216829774117,0.564031486052645,"all"
601,"chr3",136000001,137000000,500,230,223.811830701382,0.413638226120441,0.171096582108065,9.74656077002825e-06,0.696741812744259,0.843567254997515,"all"
602,"chr3",137000001,138000000,500,271,276.263212114212,-0.31665718338664,0.10027177179036,5.71200724895768e-06,0.781516183213885,0.894470689536512,"all"
603,"chr3",138000001,139000000,500,229,241.830591501036,-0.825070499450096,0.68074132906283,3.87786047543022e-05,0.430119386305838,0.62915932680553,"all"
604,"chr3",139000001,140000000,489,227,266.264530278572,-2.40626662766078,5.79011908339398,0.000329835621592697,0.0152414280409952,0.0581079444062944,"all"
605,"chr3",140000001,141000000,500,211,264.957638206628,-3.31485632675658,10.9882724670381,0.000625949764969424,0.000687728824166122,0.00514809017985449,"all"
606,"chr3",141000001,142000000,500,215,222.261035672682,-0.487042548837934,0.237210444378552,1.35127539249188e-05,0.656615848561272,0.817064946972728,"all"
607,"chr3",142000001,143000000,500,264,239.015253436895,1.61607733582218,2.61170595535813,0.000148776500931299,0.116788277553896,0.264480246245671,"all"
608,"chr3",143000001,144000000,500,304,279.283628540726,1.47897888721992,2.18737854884227,0.000124604581170897,0.150241521809801,0.31116694064677,"all"
609,"chr3",144000001,145000000,500,324,290.584843403894,1.96022995545675,3.84250147826998,0.000218889084197061,0.0566930084147659,0.15643778164113,"all"
610,"chr3",145000001,146000000,500,248,273.972978151026,-1.56916237027712,2.46227054429372,0.000140263874336494,0.120294179099878,0.26986182431874,"all"
611,"chr3",146000001,147000000,500,276,298.533031130242,-1.30413761515348,1.70077491925821,9.68850803589993e-05,0.199977672846766,0.379692707318992,"all"
612,"chr3",147000001,148000000,500,345,349.766600146075,-0.254870490170537,0.0649589667597698,3.70040423532514e-06,0.82612920007423,0.920013990870076,"all"
613,"chr3",148000001,149000000,500,254,266.859435540996,-0.787191913856236,0.619671109240644,3.52997239876485e-05,0.451899268849766,0.648770758033189,"all"
614,"chr3",149000001,150000000,500,246,244.422088029512,0.100928204190707,0.0101865024011611,5.80276727119231e-07,0.936592068344866,0.988299396372739,"all"
615,"chr3",150000001,151000000,500,211,251.863360179653,-2.57484789622375,6.62984168868788,0.000377670635604222,0.00917539348342322,0.0400760207609884,"all"
616,"chr3",151000001,152000000,500,246,269.337920850595,-1.42204523350635,2.02221264613813,0.000115195863077242,0.161015459224847,0.327398100423855,"all"
617,"chr3",152000001,153000000,500,262,289.467797162565,-1.614446670118,2.6064380506551,0.000148476413386088,0.10943921607377,0.252017857416465,"all"
618,"chr3",153000001,154000000,500,271,286.517365988254,-0.916732289328181,0.840398090296887,4.78734931883141e-05,0.376060020573394,0.578769713208275,"all"
619,"chr3",154000001,155000000,500,309,290.350381276223,1.09448233671382,1.19789158537854,6.82382020081689e-05,0.287325444539831,0.486569432661368,"all"
620,"chr3",155000001,155998000,499,260,253.570629461463,0.403755992790565,0.163018901714295,9.28641363050781e-06,0.702943362566589,0.846780932974122,"all"
621,"chr3",156002001,157000000,499,238,265.802193639919,-1.70529603952907,2.90803458243352,0.000165656937326371,0.0902298576990461,0.221563023298948,"all"
622,"chr3",157000001,158000000,490,248,285.059814453722,-2.19500362375067,4.81804090827857,0.000274460938532129,0.0275074524170629,0.0922384398593209,"all"
623,"chr3",158000001,159000000,500,219,250.594550667218,-1.99584298495101,3.98338922057814,0.000226914790644495,0.0458934778635521,0.13330962617508,"all"
624,"chr3",159000001,160000000,500,261,266.081028582076,-0.311490411577532,0.0970262765047405,5.52712677595001e-06,0.786084805416386,0.897890492879991,"all"
625,"chr3",160000001,161000000,497,223,239.243356705993,-1.05016088443396,1.10283788319513,6.28234434353666e-05,0.308481733924638,0.511223775238114,"all"
626,"chr3",161000001,162000000,500,300,266.421235938453,2.05721786742784,4.23214535406436,0.000241085247716568,0.0458584254087294,0.13330962617508,"all"
627,"chr3",162000001,163000000,500,316,286.649216260936,1.73358173709409,3.00530563918615,0.000171198008072048,0.0917399449083978,0.224418448850151,"all"
628,"chr3",163000001,164000000,500,357,309.950160999016,2.67246612212457,7.14207517390356,0.000406850147728811,0.00957094194943036,0.041149769095089,"all"
629,"chr3",164000001,165000000,500,366,298.75778167857,3.89029396393909,15.1343871258609,0.000862134252022462,0.000184867041180738,0.00178455827294672,"all"
630,"chr3",165000001,166000000,500,339,312.663447200752,1.48943094780148,2.21840454826882,0.000126371985201625,0.14678071419236,0.307617183910451,"all"
631,"chr3",166000001,167000000,500,363,300.229887279701,3.62264641286542,13.1235670326467,0.000747587368650309,0.000485697729484342,0.00386804275119891,"all"
632,"chr3",167000001,168000000,500,309,315.89786436928,-0.38809791161739,0.150619989001779,8.58010638143323e-06,0.725004153569823,0.862484194308997,"all"
633,"chr3",168000001,169000000,500,297,295.456109949141,0.0898193444011826,0.00806751462865826,4.5956804409831e-07,0.943883748931436,0.992341293797737,"all"
634,"chr3",169000001,170000000,472,263,251.835709885385,0.703513535034947,0.494931293977367,2.81938883541948e-05,0.497911495241536,0.68928645912964,"all"
635,"chr3",170000001,171000000,500,219,263.459225078437,-2.73908294429039,7.5025753757025,0.000427386134369512,0.00545621043689791,0.0268779301075366,"all"
636,"chr3",171000001,172000000,500,222,261.860173513066,-2.46322712983632,6.06748789316168,0.000345636007122338,0.0128880293266813,0.051534142370426,"all"
637,"chr3",172000001,173000000,500,250,265.244651987341,-0.936039544150355,0.876170028213204,4.9911250824775e-05,0.366212004222021,0.568451443478362,"all"
638,"chr3",173000001,174000000,498,270,317.720218066606,-2.67719492839563,7.16737268462731,0.000408291226928416,0.00673655001782628,0.0314555193829119,"all"
639,"chr3",174000001,175000000,500,274,269.322097553983,0.285046141497768,0.0812513027827656,4.62850134385507e-06,0.791734512880264,0.898974381187621,"all"
640,"chr3",175000001,176000000,498,273,270.296737748206,0.164424972503379,0.027035571582737,1.54008828310296e-06,0.885532594623226,0.95660209072524,"all"
641,"chr3",176000001,177000000,500,237,273.231880235082,-2.19192245992507,4.80452407032397,0.000273690948384343,0.0277191760409743,0.0927314792409256,"all"
642,"chr3",177000001,178000000,500,241,262.152150764125,-1.30640496036789,1.70669392047383,9.72222577843758e-05,0.1996997905432,0.379416368116205,"all"
643,"chr3",178000001,179000000,500,279,293.707286470254,-0.858173681201252,0.736462067106508,4.19527509166756e-05,0.408797806230763,0.607895907916804,"all"
644,"chr3",179000001,180000000,500,245,273.076366966559,-1.69902141142872,2.88667375649324,0.000164440112387148,0.0914429749242818,0.224074366758903,"all"
645,"chr3",180000001,181000000,500,272,320.376538044028,-2.70274102452909,7.30480904567257,0.000416120324555236,0.00621173991777234,0.0295831533957696,"all"
646,"chr3",181000001,182000000,500,263,300.037935183351,-2.13825099753434,4.57211732845662,0.000260451838607482,0.0319771397229052,0.102548612511822,"all"
647,"chr3",182000001,183000000,500,234,246.771621143308,-0.813014741207309,0.660992969420387,3.76536343721242e-05,0.43710371790712,0.634841114103198,"all"
648,"chr3",183000001,184000000,499,234,231.606702591677,0.157261027448806,0.0247310307542542,1.40880952256272e-06,0.892469715131835,0.960837654255715,"all"
649,"chr3",184000001,185000000,500,243,240.720211564185,0.146939402034834,0.0215911878703546,1.22994756577073e-06,0.9002811763251,0.964896565429847,"all"
650,"chr3",185000001,186000000,481,292,233.647705594033,3.81748357203305,14.5731808227422,0.000830164990740464,0.000258902070812169,0.00232318932812926,"all"
651,"chr3",186000001,187000000,500,260,269.086562696324,-0.553928387147991,0.306836658088374,1.74790290821931e-05,0.605819745751907,0.77507352265939,"all"
652,"chr3",187000001,188000000,500,265,252.138440827354,0.809979614422471,0.656066975779975,3.73730238784633e-05,0.433818934064624,0.632533266137752,"all"
653,"chr3",188000001,189000000,500,258,241.958870887846,1.03125047073275,1.06347753338652,6.05812709932726e-05,0.317651616554634,0.522194486618197,"all"
654,"chr3",189000001,190000000,500,273,254.82131195278,1.13879267077592,1.29684874701294,7.38753221517498e-05,0.269008143068258,0.46404713969717,"all"
655,"chr3",190000001,191000000,500,309,315.406700958376,-0.360743899259646,0.130136160853054,7.41323984678634e-06,0.745772360943457,0.876959014453517,"all"
656,"chr3",191000001,192000000,500,337,313.846405376676,1.30695262661898,1.70812516822626,9.73037891804101e-05,0.202985319771187,0.383877910147753,"all"
657,"chr3",192000001,193000000,500,270,284.434201517983,-0.85585827879078,0.732493393374716,4.17266743976315e-05,0.410434242787799,0.609381136236468,"all"
658,"chr3",193000001,194000000,500,253,253.640966121907,-0.0402462458882548,0.00161976030809787,9.22700622142431e-08,1,1,"all"
659,"chr3",194000001,195000000,498,224,251.430576155983,-1.7299194611465,2.99262134205339,0.000170475443826133,0.085535883668383,0.213616183342556,"all"
660,"chr3",195000001,196000000,360,146,171.124193222609,-1.92059775976612,3.68869575481865,0.000210127501634005,0.0551888495766158,0.153617894889473,"all"
661,"chr3",196000001,197000000,492,225,225.039780141655,-0.00265177503629811,7.03191084313382e-06,4.00574608315297e-10,1,1,"all"
662,"chr3",197000001,197798000,322,144,143.333077087114,0.0557060578877536,0.00310316488539375,1.76772585181187e-07,0.977765989411101,1,"all"
663,"chr4",68001,1000000,466,175,228.771283135134,-3.5550821934605,12.6386094022599,0.000719961632605692,0.000249782692488541,0.00227049557890858,"all"
664,"chr4",1000001,2000000,472,178,202.74277166793,-1.73770342733516,3.01961320137238,0.000172013042028898,0.0842806805671367,0.21172734368774,"all"
665,"chr4",2000001,3000000,500,152,177.921053876364,-1.9432961200093,3.77639981004319,0.000215123585679004,0.0522208746712935,0.147504677519801,"all"
666,"chr4",3000001,4000000,500,194,191.546171271995,0.177299499192409,0.0314351124138791,1.79070925719035e-06,0.878427658331683,0.952945481043943,"all"
667,"chr4",4000001,5000000,500,183,189.819588775251,-0.494980024882695,0.245005225032873,1.39567856080789e-05,0.653361616251523,0.814855077752911,"all"
668,"chr4",5000001,6000000,500,178,206.236262588044,-1.96618644234787,3.86588912607259,0.000220221367564547,0.0493686704196042,0.140835799097518,"all"
669,"chr4",6000001,7000000,500,207,187.163167432668,1.44998040932211,2.1024431874179,0.000119766216479753,0.160892975794174,0.327398100423855,"all"
670,"chr4",7000001,8000000,500,231,188.707518138663,3.07870849676547,9.47844600805588,0.000539942112722037,0.00316754141096714,0.0177369945805523,"all"
671,"chr4",8000001,9000000,491,175,201.027674150665,-1.83572421626199,3.36988339817071,0.000191966273805722,0.0674433061468329,0.179036998817565,"all"
672,"chr4",9000001,10000000,415,105,144.26020849851,-3.2687320694139,10.6846093416149,0.000608651516991068,0.000735200161213401,0.00544656036743882,"all"
673,"chr4",10000001,11000000,500,201,211.246815351587,-0.705007642692091,0.497035776254259,2.83137707279305e-05,0.50649764869353,0.697803343971337,"all"
674,"chr4",11000001,12000000,500,256,234.559173341038,1.39995899249336,1.95988518066303,0.00011164536298887,0.174330524075233,0.345886237040618,"all"
675,"chr4",12000001,13000000,500,295,260.884502151285,2.11216369293779,4.4612354657646,0.000254135424803616,0.0404751049964909,0.121911421406907,"all"
676,"chr4",13000001,14000000,500,196,233.11537954578,-2.43090755156162,5.90931152423931,0.000336625449616808,0.0141192556594986,0.0552249740460879,"all"
677,"chr4",14000001,15000000,500,200,225.674803441087,-1.70909258911632,2.92099747817231,0.000166395372013475,0.0896602996540122,0.221128056819144,"all"
678,"chr4",15000001,16000000,500,197,203.500553915543,-0.455687973482681,0.207651529176752,1.182892272408e-05,0.681085353218195,0.832741644326233,"all"
679,"chr4",16000001,17000000,500,238,223.917739726443,0.941083406891215,0.885637978725975,5.04505950589109e-05,0.362953528021169,0.566460405463632,"all"
680,"chr4",17000001,18000000,500,210,199.9818198384,0.708424511653556,0.501865288711579,2.85888851462018e-05,0.496800680957521,0.688080943142615,"all"
681,"chr4",18000001,19000000,500,294,214.993566954195,5.38827462417072,29.0335034254821,0.00165390098397497,3.76403977750458e-07,8.49724570244538e-06,"all"
682,"chr4",19000001,20000000,500,254,217.160877721452,2.49987607451057,6.24938038791035,0.000355997559830388,0.0158397722689424,0.059596623484328,"all"
683,"chr4",20000001,21000000,500,287,188.879462858329,7.13949588298846,50.9724014632092,0.00290365594878839,3.95415861692107e-11,2.98330861966124e-09,"all"
684,"chr4",21000001,22000000,500,342,247.719235294231,5.99022632067528,35.8828113729109,0.00204407357140918,1.68300259605351e-08,6.03146055360678e-07,"all"
685,"chr4",22000001,23000000,500,280,244.80552346399,2.249385565503,5.05973542229324,0.000288229128636234,0.0293805743057232,0.0965987460258123,"all"
686,"chr4",23000001,24000000,500,241,259.512805721435,-1.14919266942365,1.32064379145705,7.52308129736149e-05,0.262285881830126,0.45590496636577,"all"
687,"chr4",24000001,25000000,500,192,197.093348911115,-0.362800137809109,0.131623939994309,7.49799156791342e-06,0.751590556269831,0.880232894128107,"all"
688,"chr4",25000001,26000000,500,177,181.135075221438,-0.307243098567602,0.0943983216174215,5.37742465043373e-06,0.795967369645983,0.902705082585061,"all"
689,"chr4",26000001,27000000,500,180,191.074080182591,-0.801136972537548,0.641820448766628,3.6561466805922e-05,0.447248963304917,0.644029521745453,"all"
690,"chr4",27000001,28000000,500,194,195.071639614699,-0.0767276138672093,0.00588712672975557,3.35361687097755e-07,0.976862758964111,1,"all"
691,"chr4",28000001,29000000,500,231,187.21985952006,3.1996405586061,10.2376997042771,0.000583193194648473,0.00218825870713551,0.0132883546034823,"all"
692,"chr4",29000001,30000000,500,277,226.625708907284,3.3462189908652,11.1971815348269,0.000637850323703716,0.00131748407116316,0.00858460643641993,"all"
693,"chr4",30000001,31000000,500,266,222.872894392046,2.88882800573083,8.34532724669475,0.000475393711280038,0.0054070845616241,0.0267277783416833,"all"
694,"chr4",31000001,32000000,493,266,200.220305971933,4.64876709797284,21.6110355311948,0.00123107819287117,1.06805913118846e-05,0.000160320708330749,"all"
695,"chr4",32000001,33000000,498,268,222.837138027614,3.02543390353217,9.15325030464191,0.000521417255904766,0.0036102963002059,0.019566577490908,"all"
696,"chr4",33000001,34000000,500,304,256.869891634877,2.94063984191876,8.64736267988001,0.000492599237351754,0.00454561275690528,0.0232719138822275,"all"
697,"chr4",34000001,35000000,500,225,255.63227684491,-1.91589381002244,3.6706490912823,0.000209099468807831,0.0557548883986725,0.154593099650865,"all"
698,"chr4",35000001,36000000,500,199,234.634117027788,-2.3263251796409,5.41178884143126,0.000308283942131911,0.0190962568770112,0.0690403133245788,"all"
699,"chr4",36000001,37000000,500,232,231.072861284029,0.0609916308289979,0.00371997903118077,2.11909561511487e-07,0.968844985953638,0.99885471938685,"all"
700,"chr4",37000001,38000000,500,169,187.68577511983,-1.36394054238671,1.86033380316615,0.000105974393185975,0.181086827181915,0.354144565846214,"all"
701,"chr4",38000001,39000000,500,184,168.72069856345,1.17630330298343,1.38368946060973,7.88222257190524e-05,0.256611777751664,0.448651659449497,"all"
702,"chr4",39000001,40000000,500,158,157.83788917472,0.0129034660818516,0.000166499436925495,9.48468321327925e-09,1,1,"all"
703,"chr4",40000001,41000000,477,181,153.439693143064,2.22492403749362,4.9502869726169,0.00028199436957318,0.0325371664372933,0.10384365846893,"all"
704,"chr4",41000001,42000000,500,171,194.288096350473,-1.67074778000317,2.79139814438551,0.000159012712658478,0.0976621120236999,0.23450358054602,"all"
705,"chr4",42000001,43000000,500,227,227.375503905134,-0.0249024811843514,0.000620133569136977,3.5326068134491e-08,1,1,"all"
706,"chr4",43000001,44000000,500,299,266.792689927055,1.97182101797989,3.88807812694723,0.000221485369701739,0.0555484083657118,0.15416968710987,"all"
707,"chr4",44000001,45000000,500,280,258.207663346505,1.35618593375816,1.8392402869235,0.000104772795612374,0.187605501309097,0.363176888759744,"all"
708,"chr4",45000001,46000000,500,274,277.102041755717,-0.186349304645929,0.0347260633420211,1.97817912255597e-06,0.883506092092154,0.955407045035312,"all"
709,"chr4",46000001,47000000,500,286,280.067325796807,0.354502479505496,0.125672007975545,7.15893823087294e-06,0.738745209761249,0.872315698676071,"all"
710,"chr4",47000001,48000000,500,217,239.949136493261,-1.48151738905954,2.19489377408578,0.000125032687908237,0.143788892569083,0.302674563139178,"all"
711,"chr4",48000001,49000000,500,204,177.640739508217,1.97770693190227,3.91132470849427,0.000222809617193723,0.0563923909803038,0.155758174316504,"all"
712,"chr4",49000001,49074000,37,18,14.4033683872301,0.947684817340911,0.898106513018475,5.11608683191813e-05,0.405521811297404,0.604278083674458,"all"
713,"chr4",52682001,53000000,159,64,65.8538583915522,-0.228447255230694,0.052188148422438,2.9729112867566e-06,0.883319099993324,0.955407045035312,"all"
714,"chr4",53000001,54000000,500,209,212.338890482723,-0.229132873931608,0.0525018739161583,2.99078274013094e-06,0.854180558815024,0.937212270234471,"all"
715,"chr4",54000001,55000000,500,186,204.379169466157,-1.28560504263439,1.65278032564697,9.41510559997676e-05,0.208492700170421,0.390940857677303,"all"
716,"chr4",55000001,56000000,500,207,236.923651536135,-1.94406320247431,3.77938173521469,0.000215293451812725,0.0521038349244874,0.147434879034759,"all"
717,"chr4",56000001,57000000,500,239,204.091215203224,2.44355756844092,5.97097359028489,0.000340138045055677,0.018443121020803,0.0668475701221773,"all"
718,"chr4",57000001,58000000,500,234,207.008253640358,1.87601865829959,3.51944600628818,0.000200486146213344,0.0694767660412983,0.183247367286479,"all"
719,"chr4",58000001,59000000,500,290,281.304285768545,0.51846218356722,0.26880303578929,1.53124340136359e-05,0.619753382634256,0.788623975450864,"all"
720,"chr4",59000001,60000000,476,290,301.882659106752,-0.683903072336934,0.467723412351897,2.66439843852255e-05,0.515917646000695,0.705694604524805,"all"
721,"chr4",60000001,61000000,500,335,307.022109842962,1.59672503584891,2.5495308401067,0.000145234679512571,0.119944198491526,0.269498445983703,"all"
722,"chr4",61000001,62000000,500,313,296.289774259336,0.970787074554887,0.942427544122836,5.36856272461372e-05,0.345710492620924,0.552094241079183,"all"
723,"chr4",62000001,63000000,500,268,288.046139677811,-1.181135499141,1.39508106733107,7.94711515234712e-05,0.24803156773647,0.438143256130905,"all"
724,"chr4",63000001,64000000,500,334,314.718290148425,1.08688739427484,1.18132420783355,6.72944370886554e-05,0.29017704007462,0.488929798957963,"all"
725,"chr4",64000001,65000000,500,396,332.275286029314,3.49589898069481,12.221309683223,0.00069619004686858,0.000737480042681854,0.00544936928445587,"all"
726,"chr4",65000001,66000000,500,312,298.696306159468,0.769763502947873,0.59253585047058,3.37539569983008e-05,0.456143436983174,0.651925839397188,"all"
727,"chr4",66000001,67000000,500,280,299.269027267321,-1.11385563242173,1.24067436987761,7.06753343219391e-05,0.277099269406448,0.474011697725708,"all"
728,"chr4",67000001,68000000,500,275,293.387007845111,-1.07347175639705,1.15234161178218,6.56434360563292e-05,0.295868313734525,0.496345497645924,"all"
729,"chr4",68000001,69000000,496,247,225.660813100419,1.42052798157349,2.01789974643325,0.000114950177637179,0.168323775879879,0.337471514299029,"all"
730,"chr4",69000001,70000000,500,208,203.696461850396,0.301532351429606,0.0909217589586675,5.1793813651333e-06,0.781530895461794,0.894470689536512,"all"
731,"chr4",70000001,71000000,500,198,251.162106967807,-3.35447937632424,11.2525318861847,0.000641003370693338,0.000582512108575824,0.00450151540508595,"all"
732,"chr4",71000001,72000000,500,207,230.440032873418,-1.54411361447174,2.38428685439699,0.000135821513400438,0.126966618842475,0.28065789993938,"all"
733,"chr4",72000001,73000000,500,234,264.252838969873,-1.86104255887771,3.46347940595411,0.000197297994442414,0.0634693410580295,0.170700375997533,"all"
734,"chr4",73000001,74000000,500,204,275.422346538336,-4.30362604895071,18.5211971692071,0.0010550647565206,7.84346537751134e-06,0.000126332669872612,"all"
735,"chr4",74000001,75000000,500,222,263.948151080017,-2.58198379006586,6.66664029216284,0.000379766877508075,0.00899574675310149,0.0394354830904312,"all"
736,"chr4",75000001,76000000,488,188,258.67520291176,-4.39429961382276,19.3098690960429,0.0010999916555142,4.74061454689139e-06,8.28740360118147e-05,"all"
737,"chr4",76000001,77000000,500,195,231.075019554731,-2.37317670105056,5.63196765440922,0.000320826484797122,0.0166986260346865,0.0619619927820475,"all"
738,"chr4",77000001,78000000,500,196,198.53154645271,-0.17966816743379,0.0322806503890163,1.8388755452395e-06,0.894530897387117,0.96194486129595,"all"
739,"chr4",78000001,79000000,500,194,213.634545070396,-1.34333739049791,1.80455534470973,0.000102796958965456,0.187553296841649,0.363176888759744,"all"
740,"chr4",79000001,80000000,500,224,211.3541804424,0.869844375157316,0.756629236992821,4.31015789320259e-05,0.401469975410088,0.601051916188366,"all"
741,"chr4",80000001,81000000,500,224,269.101351019704,-2.74936001571097,7.5589804959902,0.000430599266542296,0.00528325390971671,0.0262514540020066,"all"
742,"chr4",81000001,82000000,500,252,274.699151398662,-1.36955968246296,1.87569372382805,0.000106849375013839,0.177701193847582,0.34991024914905,"all"
743,"chr4",82000001,83000000,500,252,243.056805833684,0.573639127694521,0.329061848822131,1.87450927840105e-05,0.582929016263548,0.759782331286286,"all"
744,"chr4",83000001,84000000,500,215,180.8567223933,2.53885490160412,6.44578421139926,0.000367185754109403,0.0146216798282388,0.0561935067929766,"all"
745,"chr4",84000001,85000000,500,200,195.430257127532,0.326885654953432,0.106854231414334,6.0869787530687e-06,0.762647680639921,0.888103533872726,"all"
746,"chr4",85000001,86000000,500,182,202.667449976495,-1.45176022518175,2.10760775141975,0.000120060417195364,0.152933403408835,0.315212126220797,"all"
747,"chr4",86000001,87000000,500,227,201.051464777451,1.8300342863661,3.34902548927548,0.000190778097665215,0.0766769832985144,0.196537976010728,"all"
748,"chr4",87000001,88000000,500,200,185.343943503268,1.07653444685499,1.15892641526538,6.60185410789836e-05,0.298770175103292,0.499625577053357,"all"
749,"chr4",88000001,89000000,500,206,184.785571057945,1.56062053639392,2.43553645861446,0.000138740960275361,0.131383133264987,0.286227540327292,"all"
750,"chr4",89000001,90000000,500,192,179.92092660301,0.900518793201518,0.810934096909118,4.61950692330055e-05,0.386201426567706,0.587706735652661,"all"
751,"chr4",90000001,91000000,500,230,229.92078290916,0.00522432004912619,2.72935199757019e-05,1.55478237959856e-09,1,1,"all"
752,"chr4",91000001,92000000,500,230,221.084705074558,0.599592739471511,0.359511453226951,2.04796623241983e-05,0.566254952787193,0.745729421056905,"all"
753,"chr4",92000001,93000000,500,258,232.627936252735,1.66350787041358,2.76725843492794,0.000157637587905545,0.106606468708117,0.247682938238387,"all"
754,"chr4",93000001,94000000,500,248,239.112987116731,0.57471724302185,0.330299909426636,1.88156192245162e-05,0.582334061291889,0.759738197432134,"all"
755,"chr4",94000001,95000000,500,224,242.777739804005,-1.20514383916811,1.45237167308485,8.27347256033924e-05,0.239030314032278,0.428848504587323,"all"
756,"chr4",95000001,96000000,500,162,187.001978767794,-1.82831608887882,3.34273972085314,0.000190420027251653,0.068651614791841,0.181739778031586,"all"
757,"chr4",96000001,97000000,500,209,207.676485688944,0.0918406563157052,0.00843470615249948,4.80485203618758e-07,0.945251199029545,0.99285016088191,"all"
758,"chr4",97000001,98000000,500,214,222.899643546023,-0.596098357789148,0.355333252158919,2.02416500265987e-05,0.578923619526267,0.757541769594618,"all"
759,"chr4",98000001,99000000,500,233,212.263330510536,1.42331661346507,2.02583018216567,0.000115401936946725,0.167885186630749,0.336872066431658,"all"
760,"chr4",99000001,100000000,500,195,188.73645739069,0.455923666621026,0.20786638978516,1.18411623138551e-05,0.667560702919172,0.822473801147085,"all"
761,"chr4",100000001,101000000,500,206,210.559986425572,-0.314250247110901,0.0987532178092622,5.62550243117006e-06,0.787799095443294,0.898616610087011,"all"
762,"chr4",101000001,102000000,500,198,206.456223206804,-0.588521656538925,0.346357740215321,1.97303576821079e-05,0.585302287370869,0.761168937251708,"all"
763,"chr4",102000001,103000000,500,200,188.338971384617,0.84970224164241,0.721993899452136,4.11285680280588e-05,0.413663824376031,0.613540705890368,"all"
764,"chr4",103000001,104000000,500,170,179.266442341969,-0.692091519929799,0.478990671958739,2.7285826724311e-05,0.51722088648226,0.705843714708912,"all"
765,"chr4",104000001,105000000,500,227,219.980258804723,0.47329209020468,0.224005402650315,1.2760525329296e-05,0.653703062027099,0.814855077752911,"all"
766,"chr4",105000001,106000000,500,198,212.526139815168,-0.996423686753319,0.992860163523077,5.65585343709896e-05,0.33632991275137,0.542402495493314,"all"
767,"chr4",106000001,107000000,500,166,182.87741915826,-1.24803278563628,1.55758583402305,8.87282773203054e-05,0.223482437695779,0.408885863990937,"all"
768,"chr4",107000001,108000000,500,226,230.136964232755,-0.272702158893029,0.0743664674649188,4.2363049306348e-06,0.818591227318553,0.917116470778543,"all"
769,"chr4",108000001,109000000,500,193,224.515643755855,-2.10330802646022,4.42390465417199,0.000252008865527569,0.0349301255726774,0.109090054484604,"all"
770,"chr4",109000001,110000000,500,208,246.754335314544,-2.46710649570105,6.08661446113033,0.000346725556982023,0.0127118725982574,0.0510433315675127,"all"
771,"chr4",110000001,111000000,500,168,210.031241682669,-2.90021550577276,8.41124997992473,0.000479149016720018,0.00310657327953524,0.0174638148871128,"all"
772,"chr4",111000001,112000000,500,220,247.913806271754,-1.7728365769827,3.14294952868772,0.000179038927610714,0.0777407174470282,0.198696975488557,"all"
773,"chr4",112000001,113000000,500,234,228.407409379487,0.37004789320589,0.136935443266118,7.80056271679935e-06,0.728804420708043,0.865568464859139,"all"
774,"chr4",113000001,114000000,500,204,201.565400108636,0.171482420819577,0.0294062206501423,1.67513291646263e-06,0.882520414009641,0.955177034723822,"all"
775,"chr4",114000001,115000000,500,209,227.749713309891,-1.24241221364084,1.54358810860392,8.79308932945182e-05,0.224445414600875,0.409863059656503,"all"
776,"chr4",115000001,116000000,500,236,253.203239963542,-1.08112427270853,1.16882969303955,6.65826838424402e-05,0.29327027794065,0.492852219727927,"all"
777,"chr4",116000001,117000000,500,229,258.296414685108,-1.82286826995811,3.32284872962007,0.00018928693182426,0.069351834323925,0.183086288219791,"all"
778,"chr4",117000001,118000000,500,297,283.816034041583,0.782577954411403,0.612428254730736,3.48871329191448e-05,0.448919595410894,0.64558452739662,"all"
779,"chr4",118000001,119000000,500,287,282.818273191813,0.248657706644803,0.061830655073853,3.52219915618966e-06,0.819376491557753,0.91727934451233,"all"
780,"chr4",119000001,120000000,500,177,201.992048812116,-1.75846902724602,3.09221331978355,0.00017614872643175,0.0804612648709863,0.20378307984551,"all"
781,"chr4",120000001,121000000,469,147,192.501173058807,-3.27948692014872,10.7550344594266,0.000612663301925816,0.000747711036150886,0.0054930570320981,"all"
782,"chr4",121000001,122000000,500,270,249.025732646759,1.32912150930555,1.76656398649867,0.000100632771481535,0.196819061335438,0.375685918008455,"all"
783,"chr4",122000001,123000000,500,249,251.112894863775,-0.133334758929696,0.0177781579388401,1.01273733580852e-06,0.927208490671374,0.982374997322553,"all"
784,"chr4",123000001,124000000,500,202,226.602480063361,-1.63435561408196,2.67111827328121,0.000152160938890205,0.10532308572572,0.245955575064966,"all"
785,"chr4",124000001,125000000,500,211,213.387824465138,-0.163462290341845,0.0267199203638017,1.52210713029686e-06,0.906073569168038,0.968052244585799,"all"
786,"chr4",125000001,126000000,500,218,196.231893968753,1.55394572641794,2.41474732065257,0.000137556701688746,0.132659926823063,0.287915223468373,"all"
787,"chr4",126000001,127000000,500,275,225.680867608656,3.28297863644768,10.7779487273719,0.000613968619088075,0.00161760049722495,0.0101926607154812,"all"
788,"chr4",127000001,128000000,500,276,255.88370683295,1.25755399002792,1.58144203783513,9.00872521012847e-05,0.221933271060528,0.407188073900949,"all"
789,"chr4",128000001,129000000,500,241,209.973321274191,2.14118025469686,4.58465288310372,0.000261165929699476,0.0384768677345018,0.117604669290849,"all"
790,"chr4",129000001,130000000,500,175,189.12656996255,-1.02721286890554,1.05516627804515,6.01078181968359e-05,0.321759698370127,0.525632510100943,"all"
791,"chr4",130000001,131000000,500,217,238.063737855184,-1.36517654189046,1.863706990528,0.000106166547670921,0.179688814542658,0.352316969415191,"all"
792,"chr4",131000001,132000000,500,249,246.71617068641,0.145400143487792,0.0211412017262704,1.2043139894307e-06,0.901288106808905,0.964896565429847,"all"
793,"chr4",132000001,133000000,500,252,240.431052863241,0.746102607006379,0.556669100181715,3.17107983506718e-05,0.472045706796926,0.666677360289057,"all"
794,"chr4",133000001,134000000,500,331,219.052882793206,7.56377197827696,57.2106465393678,0.00325901918272316,2.41081881018528e-12,2.55993241807451e-10,"all"
795,"chr4",134000001,135000000,500,296,219.491249709097,5.16419345047006,26.6688939938779,0.00151920040002085,1.05536879028425e-06,2.14591654024463e-05,"all"
796,"chr4",135000001,136000000,500,269,225.318258264505,2.91005873132783,8.46844181977737,0.000482406964574998,0.00507419573170426,0.0254776167474538,"all"
797,"chr4",136000001,137000000,500,292,237.437172458263,3.54097215997971,12.5384838377513,0.000714257954092115,0.000681126989555961,0.00512543590303658,"all"
798,"chr4",137000001,138000000,500,295,241.144231283497,3.46811740188066,12.0278383132274,0.000685168900556425,0.000868413295937014,0.006260863442699,"all"
799,"chr4",138000001,139000000,500,221,233.184829875714,-0.797938322208619,0.636705566049106,3.62700961974407e-05,0.446830543652342,0.643750336005661,"all"
800,"chr4",139000001,140000000,500,205,201.923201653249,0.216523940253964,0.046882616703102,2.67068030889195e-06,0.847221691395474,0.932245342413628,"all"
801,"chr4",140000001,141000000,500,181,180.16296809168,0.0623604513654866,0.00388882589450722,2.21527966472963e-07,0.970068047427998,0.99885471938685,"all"
802,"chr4",141000001,142000000,500,182,190.387418365933,-0.607867863347712,0.369503339290913,2.10488526816544e-05,0.57311092262992,0.753374147262715,"all"
803,"chr4",142000001,143000000,500,212,207.543093555135,0.30937083888795,0.0957103159542338,5.45216274500068e-06,0.775385977596529,0.892067254321529,"all"
804,"chr4",143000001,144000000,500,231,186.760870925983,3.23715595907186,10.4791787033544,0.000596949107888785,0.00194684334617822,0.0120293100721831,"all"
805,"chr4",144000001,145000000,500,195,191.574557942174,0.24748433217594,0.061248494672571,3.48903623932078e-06,0.823657155816094,0.919200103435088,"all"
806,"chr4",145000001,146000000,500,225,236.836701693769,-0.769141421591506,0.591578526407802,3.36994227870412e-05,0.464336350932152,0.660343411767103,"all"
807,"chr4",146000001,147000000,500,196,209.012116585665,-0.900040835633684,0.81007350580818,4.61460454397766e-05,0.388324276834607,0.589685223350009,"all"
808,"chr4",147000001,148000000,500,198,239.574052514374,-2.68597812059055,7.21447846429112,0.000410974619772716,0.00644207438835659,0.0304776027581161,"all"
809,"chr4",148000001,149000000,500,200,179.629602078803,1.51988440472112,2.31004860371448,0.000131592512371764,0.141926043328968,0.300636044605608,"all"
810,"chr4",149000001,150000000,500,191,229.191250591487,-2.52269567491582,6.36399346823898,0.000362526523405812,0.0107193432161284,0.0454620665689941,"all"
811,"chr4",150000001,151000000,500,227,239.813495957382,-0.827429167653757,0.684639027484189,3.90006381465474e-05,0.428807570668147,0.628029726198263,"all"
812,"chr4",151000001,152000000,500,170,183.883294317188,-1.02381477500787,1.04819669352442,5.97107940234935e-05,0.323721404022553,0.527634602235736,"all"
813,"chr4",152000001,153000000,500,194,186.468163558273,0.551567328948403,0.304226518363275,1.73303418019711e-05,0.600346657607652,0.77045383498708,"all"
814,"chr4",153000001,154000000,499,174,179.705850041276,-0.425636875004022,0.181166749363189,1.03202104356564e-05,0.705627859916658,0.848232735589542,"all"
815,"chr4",154000001,155000000,500,208,193.621715344229,1.03330860416274,1.06772667143675,6.08233242342936e-05,0.318449724641174,0.5223085586649,"all"
816,"chr4",155000001,156000000,500,241,251.395047549762,-0.655613852623288,0.429829523751551,2.44853492827272e-05,0.536803061679572,0.723401198869685,"all"
817,"chr4",156000001,157000000,500,219,262.028392059406,-2.65815891514145,7.06580881814597,0.000402505615173331,0.00708067416696715,0.0327424078011207,"all"
818,"chr4",157000001,158000000,500,244,255.568479090745,-0.723640094604487,0.52365498651919,2.98301408815636e-05,0.492116460811424,0.685567489381124,"all"
819,"chr4",158000001,159000000,500,180,236.28966564581,-3.66189852283883,13.4095007915692,0.000763875658709667,0.000158677266812725,0.00155265434795932,"all"
820,"chr4",159000001,160000000,500,192,187.941894675864,0.2960134974115,0.0876239906497881,4.99152314592197e-06,0.786501941000072,0.898009185522584,"all"
821,"chr4",160000001,161000000,500,223,206.170793397276,1.17206061080771,1.37372607540694,7.82546589204775e-05,0.256724722363761,0.448651659449497,"all"
822,"chr4",161000001,162000000,500,228,199.601649070285,2.01006943201808,4.04037912153349,0.000230161234998295,0.0520511059903675,0.147434879034759,"all"
823,"chr4",162000001,163000000,500,236,204.709150286621,2.18699972743738,4.78296780781119,0.000272462990350542,0.0346343012103254,0.108284123849513,"all"
824,"chr4",163000001,164000000,500,264,206.729113637044,3.98320889693041,15.8659531165856,0.0009038080966898,0.000146553706943699,0.00146400514915535,"all"
825,"chr4",164000001,165000000,500,274,223.350039473566,3.38911335196028,11.4860893124354,0.000654308029501816,0.0011486821891107,0.00774445977522976,"all"
826,"chr4",165000001,166000000,500,262,231.528704507751,2.00257365212744,4.01030123219504,0.00022844784030239,0.0523685175007458,0.147776121727006,"all"
827,"chr4",166000001,167000000,500,215,212.84821311282,0.147490569429473,0.0217534680706303,1.23919189908396e-06,0.900928578633968,0.964896565429847,"all"
828,"chr4",167000001,168000000,487,318,263.527392953127,3.35556208193925,11.2597968857485,0.000641417223260529,0.00123819238022835,0.00817948745187714,"all"
829,"chr4",168000001,169000000,500,231,265.444392930435,-2.11413033035114,4.46954705371062,0.000254608896546963,0.0340121536775993,0.107274856538699,"all"
830,"chr4",169000001,170000000,500,162,184.519037278556,-1.65778890926019,2.7482640676661,0.000156555568893097,0.100507021753452,0.239728478674831,"all"
831,"chr4",170000001,171000000,500,175,183.391256651821,-0.619637497407859,0.383950628193875,2.18718462068315e-05,0.56558480113932,0.745189165839352,"all"
832,"chr4",171000001,172000000,500,230,230.240881254471,-0.0158749287516852,0.000252013362871082,1.43560059810593e-08,1,1,"all"
833,"chr4",172000001,173000000,500,260,220.474290615273,2.66195491831832,7.08600398715909,0.000403656038166135,0.0102618108491604,0.0437156191746553,"all"
834,"chr4",173000001,174000000,500,241,199.871484783159,2.90916002952501,8.46321207738595,0.000482109050955675,0.00518542052855095,0.0259000011417345,"all"
835,"chr4",174000001,175000000,500,227,216.715213264916,0.69863540510487,0.488091429266046,2.78042537031323e-05,0.502217460629707,0.694576680957728,"all"
836,"chr4",175000001,176000000,500,240,216.916036578053,1.56734479937205,2.4565697201186,0.000139939125422299,0.128759029546932,0.283540938413834,"all"
837,"chr4",176000001,177000000,500,264,208.570073746758,3.83811783014056,14.7311484780429,0.000839163658820896,0.000248631371019079,0.00227014694494172,"all"
838,"chr4",177000001,178000000,500,259,221.351935166642,2.53046885366488,6.40327261936804,0.000364764070344258,0.0145894943953456,0.0561935067929766,"all"
839,"chr4",178000001,179000000,500,275,236.647709194079,2.49310263291412,6.21556073824332,0.000354071014795768,0.0159703470893527,0.0598522681113388,"all"
840,"chr4",179000001,180000000,500,354,275.99908478361,4.695111144402,22.0440686582879,0.00125574603624154,7.5177278910773e-06,0.000122769998962426,"all"
841,"chr4",180000001,181000000,500,420,261.266230041835,9.82036639830411,96.4395961969405,0.00549370638144476,2.26943827729708e-19,5.00498426231595e-17,"all"
842,"chr4",181000001,182000000,500,360,223.825351930991,9.10210043962824,82.8482324130807,0.00471947085064214,7.57135909823353e-17,1.35669290841472e-14,"all"
843,"chr4",182000001,183000000,500,309,203.263849236799,7.41640475051674,55.0030594234873,0.00313326341533752,6.74712387545081e-12,6.55091163766715e-10,"all"
844,"chr4",183000001,184000000,500,232,193.0890396653,2.80022635125463,7.84126761826082,0.000446679825007627,0.00712204680023574,0.0328278266499612,"all"
845,"chr4",184000001,185000000,500,204,181.312961556641,1.68485829772734,2.83874748342068,0.000161709979924959,0.103552205651453,0.243611920058581,"all"
846,"chr4",185000001,186000000,500,169,183.05710097488,-1.0389687242579,1.07945600998608,6.14914890190878e-05,0.316201056296365,0.520406675316692,"all"
847,"chr4",186000001,187000000,500,173,189.231048969229,-1.17991409627285,1.39219727458338,7.93068755284912e-05,0.251097400928261,0.441383352827299,"all"
848,"chr4",187000001,188000000,500,192,211.689373214874,-1.35326348254545,1.83132205319103,0.000104321731392891,0.184186609187733,0.358982330755425,"all"
849,"chr4",188000001,189000000,500,242,263.224533553359,-1.30820249248759,1.71139376135073,9.74899854277442e-05,0.199035598076612,0.378656310342167,"all"
850,"chr4",189000001,190000000,500,286,275.971969990511,0.603647127108413,0.36438985406624,2.07575616817124e-05,0.561728973502015,0.743525838887478,"all"
851,"chr4",190000001,190796000,265,134,148.092346503404,-1.15802252177413,1.34101616093611,7.63913302365008e-05,0.262379907395717,0.45590496636577,"all"
852,"chr5",84001,1000000,448,210,275.41046519096,-3.9414590463893,15.5350994143641,0.000884960930516402,4.66329951717495e-05,0.000573805996383717,"all"
853,"chr5",1000001,2000000,497,271,336.941938045697,-3.59239573590773,12.905307123368,0.000735154136827468,0.000231735119038044,0.0021294377765451,"all"
854,"chr5",2000001,3000000,500,357,380.845454850482,-1.22188750157211,1.49300906649813,8.50496451626151e-05,0.230070030691872,0.416684003786226,"all"
855,"chr5",3000001,4000000,500,364,387.633234403768,-1.20036316515145,1.4408717282524,8.20796282906325e-05,0.238637085165897,0.428770831203685,"all"
856,"chr5",4000001,5000000,500,372,365.196980192523,0.355990285313448,0.12672908323755,7.21915479483165e-06,0.735677155107966,0.870070459434417,"all"
857,"chr5",5000001,6000000,500,419,399.867142811638,0.956801770105719,0.915469627277436,5.21499625851032e-05,0.350834621966925,0.556636890525277,"all"
858,"chr5",6000001,7000000,499,351,345.397018929744,0.301480941413025,0.0908907580352841,5.17761538956581e-06,0.777288534946408,0.892394227579985,"all"
859,"chr5",7000001,8000000,500,329,393.389345624131,-3.24640512062829,10.5391462072416,0.00060036517215881,0.000945611826693986,0.00666110345732594,"all"
860,"chr5",8000001,9000000,500,435,390.555169212573,2.24895135606583,5.05778220195033,0.000288117862937441,0.0283739648298268,0.0942620592898186,"all"
861,"chr5",9000001,10000000,500,348,319.838292875048,1.57468520921353,2.47963350811587,0.000141252960032744,0.124933236004124,0.277806395531864,"all"
862,"chr5",10000001,11000000,500,254,286.459262559018,-1.91781722120414,3.67802289394716,0.000209519519371634,0.0554819572655255,0.154134468488625,"all"
863,"chr5",11000001,12000000,500,269,338.207829679892,-3.76325286952553,14.1620721599922,0.000806746080115777,0.000110974582932248,0.0011740373773681,"all"
864,"chr5",12000001,13000000,500,389,326.687827257767,3.44751701701894,11.8853735826352,0.000677053360566117,0.000872613501489068,0.00626322904132839,"all"
865,"chr5",13000001,14000000,500,325,303.032713638905,1.26191950747738,1.59244084335194,9.07138018841411e-05,0.219252494204975,0.404258445409011,"all"
866,"chr5",14000001,15000000,491,214,254.025568059342,-2.51130111060137,6.30663326810768,0.000359258984864291,0.0111470402717034,0.0466548386262391,"all"
867,"chr5",15000001,16000000,500,305,377.507035922993,-3.73179369335118,13.9262841697357,0.000793314356655478,0.000130513027573606,0.00132219381644356,"all"
868,"chr5",16000001,17000000,498,258,307.875100620516,-2.84247400371605,8.07965846180154,0.00046025982067417,0.00391488937141717,0.0208237250980575,"all"
869,"chr5",17000001,18000000,459,278,259.622143637505,1.14057536495741,1.30091216314773,7.41067956961282e-05,0.268123224293491,0.463077881957492,"all"
870,"chr5",18000001,19000000,500,379,302.987649568955,4.36688443394805,19.0696796594578,0.00108630920253266,2.86849394597011e-05,0.000382510332237038,"all"
871,"chr5",19000001,20000000,500,369,266.680329707421,6.26561405995874,39.2579195483527,0.00223633747599487,3.62962897772288e-09,1.73435771318858e-07,"all"
872,"chr5",20000001,21000000,500,283,266.931007847868,0.983533428856597,0.967338005678414,5.51046580904094e-05,0.340087018179862,0.545778639033091,"all"
873,"chr5",21000001,22000000,440,237,242.674937600527,-0.364291155464268,0.132708045949492,7.55974794225564e-06,0.74696535748389,0.876965470887107,"all"
874,"chr5",22000001,23000000,500,334,303.431956344207,1.7548378226384,3.07945578376229,0.000175421990113731,0.0876062737043554,0.217249131871973,"all"
875,"chr5",23000001,24000000,500,366,296.809901554245,4.01610220074197,16.1290768868045,0.000918797009880698,0.000115350526977056,0.00120697066001175,"all"
876,"chr5",24000001,25000000,500,433,364.954861784445,3.56186556405347,12.6868862963899,0.000722711738286524,0.000575839590919698,0.00448333276560531,"all"
877,"chr5",25000001,26000000,489,428,391.747702979615,1.83160702365935,3.35478428911826,0.000191106149178218,0.0737495296334595,0.19117531777498,"all"
878,"chr5",26000001,27000000,500,481,405.09737593101,3.77117837983277,14.2217863725181,0.00081014771557832,0.000265998420511469,0.00235375762841475,"all"
879,"chr5",27000001,28000000,500,471,354.163835222586,6.20833561861094,38.5434311533133,0.00219563646095453,3.83615737975522e-09,1.75587920535767e-07,"all"
880,"chr5",28000001,29000000,500,398,367.45881306595,1.59324137923755,2.53841809251478,0.000144601638990123,0.119926283067449,0.269498445983703,"all"
881,"chr5",29000001,30000000,500,454,336.452877895623,6.40840391509488,41.0676407390034,0.00233942870870192,1.31998791432634e-09,6.88073700067928e-08,"all"
882,"chr5",30000001,31000000,500,448,344.334385864759,5.58656077493348,31.2096612920254,0.0017778663760951,1.03536357402656e-07,2.85421862185976e-06,"all"
883,"chr5",31000001,32000000,500,274,290.485438037673,-0.967249042004057,0.935570709257765,5.32950258859051e-05,0.348839195661655,0.554879638130976,"all"
884,"chr5",32000001,33000000,490,237,250.952344262483,-0.880747775752261,0.775716644492555,4.41888980055358e-05,0.397372022940976,0.597099365708479,"all"
885,"chr5",33000001,34000000,500,230,273.404109798585,-2.62499411533371,6.89059410553661,0.000392524464040975,0.00788122460156554,0.0354716969115987,"all"
886,"chr5",34000001,35000000,466,177,216.939288771659,-2.71163493718356,7.35296403255447,0.00041886348575835,0.00588770713991178,0.0286102650341137,"all"
887,"chr5",35000001,36000000,500,226,276.645584188454,-3.04494683212444,9.27170121046464,0.000528164842195747,0.00191394019809427,0.0118515476197328,"all"
888,"chr5",36000001,37000000,500,224,258.633962501522,-2.15357204733038,4.63787256304278,0.000264197602444171,0.0306699224705319,0.0998077953723213,"all"
889,"chr5",37000001,38000000,500,245,240.957759360218,0.260406431387751,0.0678115095081036,3.86290006606113e-06,0.811604992889307,0.911069504547237,"all"
890,"chr5",38000001,39000000,500,277,284.145322218675,-0.423888429999513,0.179681401087452,1.02355971894083e-05,0.699609409939388,0.845963803583393,"all"
891,"chr5",39000001,40000000,500,280,288.895236770386,-0.523344087161849,0.273889033567269,1.5602159184113e-05,0.626619306297576,0.794567691797943,"all"
892,"chr5",40000001,41000000,500,299,291.084607174033,0.463941105350595,0.215241349233932,1.22612787741509e-05,0.658098232985491,0.817982942612501,"all"
893,"chr5",41000001,42000000,500,299,303.498393468603,-0.258213676714851,0.0666743028426017,3.7981187961092e-06,0.825537883143414,0.919866735706245,"all"
894,"chr5",42000001,43000000,500,235,282.157256298001,-2.80739109015799,7.88144473309847,0.000448968524679502,0.0043751199124612,0.0226416404134048,"all"
895,"chr5",43000001,44000000,500,255,244.272344764972,0.686384799419457,0.471124092874088,2.68377050251156e-05,0.508932790212343,0.699477617228566,"all"
896,"chr5",44000001,45000000,500,376,280.82598793896,5.67936433276105,32.2551792242384,0.00183742457379207,7.47857591088689e-08,2.1228789244072e-06,"all"
897,"chr5",45000001,46000000,465,317,341.640268019235,-1.33309438910055,1.77714065025136,0.000101235273850312,0.189262027917902,0.365150897739317,"all"
898,"chr5",46000001,46266000,122,125,99.2879897048175,2.58040381036174,6.65848382452941,0.0003793022422332,0.0143173149058333,0.0556202463889214,"all"
899,"chr5",49594001,50000000,203,127,89.1649104156638,4.00680103997027,16.0544545739068,0.000914546130649238,0.000188580549497766,0.00181429676312113,"all"
900,"chr5",50000001,51000000,500,303,300.629885910164,0.136695172086507,0.0186855700717597,1.06442830115683e-06,0.906580629255277,0.968052244585799,"all"
901,"chr5",51000001,52000000,500,306,316.14585018797,-0.570616995258559,0.325603755277906,1.85481015965656e-05,0.592051795440946,0.765289674269248,"all"
902,"chr5",52000001,53000000,500,242,237.124648563504,0.316604859794655,0.100238637245593,5.71011973109975e-06,0.768709499438436,0.891180806668013,"all"
903,"chr5",53000001,54000000,500,214,236.915399315077,-1.48878088563127,2.21646852542104,0.000126261699162562,0.141777437488035,0.300636044605608,"all"
904,"chr5",54000001,55000000,500,211,216.399374706317,-0.367041750072772,0.134719646296483,7.67433927298472e-06,0.746739250648958,0.876965470887107,"all"
905,"chr5",55000001,56000000,500,232,207.536681319958,1.69811828724651,2.88360571748102,0.000164265340756359,0.100132627116234,0.239034339668811,"all"
906,"chr5",56000001,57000000,500,221,203.557963003823,1.22251206873474,1.49453575820209,8.51366135478766e-05,0.236780343636966,0.426145163344119,"all"
907,"chr5",57000001,58000000,500,213,210.77122490866,0.153518453122824,0.0235679154492248,1.34255236030182e-06,0.896260323957016,0.962749475003658,"all"
908,"chr5",58000001,59000000,500,233,228.235562612203,0.315369701070561,0.0994580483533348,5.6656532842481e-06,0.7699771151319,0.89143511069422,"all"
909,"chr5",59000001,60000000,500,227,242.829435065999,-1.01581530266286,1.03188072912404,5.87813509183735e-05,0.325339507704782,0.529669715269511,"all"
910,"chr5",60000001,61000000,499,188,195.868104578513,-0.562196662865069,0.31606508773662,1.80047289487267e-05,0.604575690299843,0.774494416483312,"all"
911,"chr5",61000001,62000000,500,209,207.732893398249,0.0879145016351978,0.0077289595977652,4.40282169757969e-07,0.948369955430513,0.992885348428221,"all"
912,"chr5",62000001,63000000,500,283,236.924596928482,2.99339526899293,8.96041523642928,0.000510432356687201,0.00393430640310427,0.0208882526994443,"all"
913,"chr5",63000001,64000000,500,251,255.768469341629,-0.298164196681357,0.088901888182639,5.06431890728869e-06,0.797030459821058,0.9028393237088,"all"
914,"chr5",64000001,65000000,500,216,209.076210861082,0.478841213580702,0.229288907823439,1.30615015592951e-05,0.650195952737601,0.813434252774231,"all"
915,"chr5",65000001,66000000,500,204,201.915940789121,0.146664413636517,0.0215104502273433,1.22534832518777e-06,0.902065505114434,0.965368347578605,"all"
916,"chr5",66000001,67000000,500,201,190.501039146584,0.760672370515202,0.578622455265217,3.29613768648131e-05,0.465254068685423,0.660992772507982,"all"
917,"chr5",67000001,68000000,500,194,193.978818060112,0.00152085768566359,2.31300810004202e-06,1.31761100840625e-10,1,1,"all"
918,"chr5",68000001,68830000,415,153,155.999505940412,-0.24015305457126,0.0576734896199065,3.28538515775245e-06,0.851449960137913,0.93493184056507,"all"
919,"chr5",70668001,71000000,166,62,57.9478465244227,0.532313199546616,0.283357342411556,1.61415238306958e-05,0.628599704520681,0.795624018244782,"all"
920,"chr5",71000001,72000000,499,193,194.139602792908,-0.0817892896981148,0.00668948790932215,3.81068397891182e-07,0.972913863756691,0.999764891537789,"all"
921,"chr5",72000001,73000000,500,186,196.144364602969,-0.724330766345653,0.52465505907488,2.98871102717079e-05,0.494996135279673,0.686872246771792,"all"
922,"chr5",73000001,73982000,491,171,184.256412778676,-0.976595486540875,0.953738744332009,5.43299726729267e-05,0.347989322716833,0.553961903514247,"all"
923,"chr5",74008001,75000000,496,188,187.236316831089,0.0558107905697879,0.00311484434402473,1.77437908543614e-07,0.974910073855337,1,"all"
924,"chr5",75000001,76000000,500,198,218.09065455142,-1.3604279886737,1.85076431236678,0.000105429264683318,0.181632564296611,0.354969708137957,"all"
925,"chr5",76000001,77000000,500,205,210.774254681555,-0.39772890450152,0.158188281475979,9.01123610720734e-06,0.723874663447278,0.862213818073679,"all"
926,"chr5",77000001,78000000,500,215,187.43195831806,2.01365050499088,4.05478835625001,0.000230982060756962,0.05188346579705,0.147131450484809,"all"
927,"chr5",78000001,79000000,500,183,181.521341337538,0.109749888027528,0.012045037922055,6.86148680693425e-07,0.932308436534671,0.985956579691959,"all"
928,"chr5",79000001,80000000,499,188,189.264026050356,-0.0918802117295057,0.00844197330745879,4.80899178968607e-07,0.965348539078128,0.997352887040358,"all"
929,"chr5",80000001,81000000,488,195,195.609066165245,-0.0435481775010959,0.00189644376366696,1.0803140636583e-07,1,1,"all"
930,"chr5",81000001,82000000,500,195,219.625579001884,-1.66167080985617,2.76114988032806,0.000157289612522921,0.0994101282954472,0.237705452729814,"all"
931,"chr5",82000001,83000000,500,268,237.267342049893,1.99517566799925,3.98072594617627,0.000226763076533755,0.0531488735508493,0.149129235539862,"all"
932,"chr5",83000001,84000000,500,296,271.86243973375,1.46392479325637,2.14307580031071,0.000122080863715399,0.154586915771298,0.31793449606622,"all"
933,"chr5",84000001,85000000,490,281,263.081582542267,1.10472562415883,1.22041870467312,6.95214651480463e-05,0.283480366345616,0.483197509103972,"all"
934,"chr5",85000001,86000000,500,317,268.817093436237,2.93876293799251,8.63632760571839,0.000491970621516226,0.00454011503337329,0.0232719138822275,"all"
935,"chr5",86000001,87000000,500,288,241.782905095824,2.9722808785245,8.83445362084237,0.00050325692088432,0.00417670388516022,0.0218116758447256,"all"
936,"chr5",87000001,88000000,500,244,247.505903966684,-0.222847226985934,0.0496608865753203,2.82894516615258e-06,0.856498171361354,0.938545756757926,"all"
937,"chr5",88000001,89000000,500,291,258.243480290021,2.0383702396006,4.15495323368941,0.000236687978741746,0.0479653285161851,0.137792181218339,"all"
938,"chr5",89000001,90000000,500,246,224.799886799298,1.41396980663783,1.99931061408342,0.000113891242935635,0.170323771670839,0.340528768047626,"all"
939,"chr5",90000001,91000000,494,206,209.153972184572,-0.218084500251012,0.0475608492497337,2.70931600021033e-06,0.863165361409121,0.943459813633226,"all"
940,"chr5",91000001,92000000,476,203,224.120453172416,-1.4107903697765,1.99032946745411,0.000113379629609825,0.165122097582757,0.332680993513537,"all"
941,"chr5",92000001,93000000,500,243,229.085160052842,0.919347579282097,0.845199971531852,4.8147033586903e-05,0.37412176195566,0.57636060802089,"all"
942,"chr5",93000001,94000000,499,170,228.477266084789,-3.86870454483261,14.9668748552085,0.000852591872475638,6.16729338427575e-05,0.000721699189090554,"all"
943,"chr5",94000001,95000000,500,224,222.773869104924,0.082149459761913,0.00674853373917416,3.84431958762935e-07,0.952322934520983,0.994139900931054,"all"
944,"chr5",95000001,96000000,500,172,212.230890391024,-2.76156548712258,7.62624393966655,0.000434430945897404,0.0049862978377425,0.0250802033347504,"all"
945,"chr5",96000001,97000000,500,205,221.704127806832,-1.12185548243979,1.25855972348022,7.16941780862825e-05,0.275443614505463,0.471742438940958,"all"
946,"chr5",97000001,98000000,500,278,248.693292239104,1.85838203231547,3.45358377803298,0.000196734287454801,0.0713268862569976,0.186923384733832,"all"
947,"chr5",98000001,99000000,500,197,216.780526093444,-1.34346917158305,1.80490941499405,0.000102817128670196,0.187444537861231,0.363176888759744,"all"
948,"chr5",99000001,100000000,478,204,220.022371968604,-1.08017317733387,1.16677409303155,6.64655860597144e-05,0.294746062656339,0.495042156787185,"all"
949,"chr5",100000001,101000000,500,231,223.244110641532,0.519088729679203,0.269453109279969,1.53494656170954e-05,0.621214543196636,0.789110365682214,"all"
950,"chr5",101000001,102000000,500,262,231.676713153433,1.99220984817904,3.96890007918154,0.000226089412981262,0.0535868623756123,0.150032748467657,"all"
951,"chr5",102000001,103000000,500,173,204.200792426545,-2.18341813263239,4.76731474190791,0.000271571309428668,0.028238206839315,0.0939198828402739,"all"
952,"chr5",103000001,104000000,500,240,231.360346596296,0.568004605609508,0.322629231993612,1.83786571132507e-05,0.587171548031246,0.761500059221052,"all"
953,"chr5",104000001,105000000,500,267,226.493012435922,2.69155056170369,7.24444442620745,0.000412681638494255,0.00942894333980015,0.0408692899388633,"all"
954,"chr5",105000001,106000000,500,238,217.875693854989,1.36337876010599,1.85880164350815,0.000105887113317306,0.186370059430506,0.361517564538066,"all"
955,"chr5",106000001,107000000,500,222,216.027154264742,0.406375134013202,0.165140749544248,9.40728523743641e-06,0.702387994136156,0.846467582676905,"all"
956,"chr5",107000001,108000000,500,233,224.561014766983,0.563148648067075,0.317136399819774,1.80657565168609e-05,0.590736330445389,0.765209371982547,"all"
957,"chr5",108000001,109000000,500,196,230.994072243794,-2.30247045699656,5.30137020534196,0.000301993916150513,0.0204151985806115,0.0729805166217121,"all"
958,"chr5",109000001,110000000,500,227,263.390736628779,-2.24228389837019,5.02783708089022,0.000286412031420632,0.0241795994977687,0.0825272759048842,"all"
959,"chr5",110000001,111000000,500,249,259.328162914974,-0.641354635553504,0.411335768545968,2.34318477647168e-05,0.545975362530526,0.731112267340037,"all"
960,"chr5",111000001,112000000,500,201,229.35296841,-1.87217461075036,3.50503777313825,0.000199665377509175,0.0618795710941157,0.16673752850266,"all"
961,"chr5",112000001,113000000,500,200,191.872223057725,0.586767056365292,0.34429557843559,1.9612886106369e-05,0.576133034137639,0.756306505894053,"all"
962,"chr5",113000001,114000000,491,249,257.576454856722,-0.534385573512342,0.285567941178115,1.62674511575363e-05,0.620281501444611,0.788623975450864,"all"
963,"chr5",114000001,115000000,500,203,229.554377557365,-1.75264249031444,3.07175569885561,0.000174983352798171,0.0814056448476723,0.205629941654869,"all"
964,"chr5",115000001,116000000,500,190,225.985245919134,-2.39378109052697,5.73018790936447,0.000326421626862348,0.0157212408780372,0.0593160090618726,"all"
965,"chr5",116000001,117000000,500,242,222.198846123193,1.3283716522131,1.76457124640337,0.000100519254529891,0.197829173540411,0.376861289395587,"all"
966,"chr5",117000001,118000000,500,234,211.577005058149,1.54155628535948,2.37639578093131,0.000135371996372532,0.135308643243552,0.292336006163726,"all"
967,"chr5",118000001,119000000,500,215,204.634931014078,0.724573276096548,0.525006432433284,2.99071263453691e-05,0.486583083188379,0.680172452218959,"all"
968,"chr5",119000001,120000000,500,233,251.265571402445,-1.15230320586231,1.32780267824057,7.56386207990059e-05,0.26112987240885,0.454708949748732,"all"
969,"chr5",120000001,121000000,500,270,264.429980506067,0.342532172154833,0.117328288961108,6.6836361329568e-06,0.748197385070181,0.877922529122749,"all"
970,"chr5",121000001,122000000,500,223,240.565997239757,-1.1325455790993,1.28265948873738,7.30670274075739e-05,0.270098405188693,0.465088364970561,"all"
971,"chr5",122000001,123000000,500,197,213.058743875377,-1.10017529996432,1.21038569065159,6.8949931925918e-05,0.285639400995564,0.484286317359125,"all"
972,"chr5",123000001,124000000,500,244,235.707058316787,0.540159871748733,0.291772687047607,1.66209061005543e-05,0.606109116777939,0.77507352265939,"all"
973,"chr5",124000001,125000000,500,231,219.589467644905,0.77001671714152,0.592925744677403,3.37761674219917e-05,0.458412942717482,0.654191093464918,"all"
974,"chr5",125000001,126000000,500,216,217.41029986217,-0.0956470117076123,0.00914835084859611,5.21138157132002e-07,0.959753817037233,0.995879186914856,"all"
975,"chr5",126000001,127000000,490,206,211.408909718105,-0.372004410832761,0.13838728167903,7.88326706509994e-06,0.743349077636463,0.874869378318448,"all"
976,"chr5",127000001,128000000,500,194,208.342609404031,-0.99366300679021,0.987366171063361,5.62455676786164e-05,0.337930542009127,0.543380181682651,"all"
977,"chr5",128000001,129000000,500,229,212.375161232811,1.14078967353913,1.30140107925351,7.41346469277408e-05,0.269503963536723,0.464394123687295,"all"
978,"chr5",129000001,130000000,500,234,237.476599165201,-0.225602657482002,0.0508965590629414,2.89933556696634e-06,0.855018571839624,0.937414243007343,"all"
979,"chr5",130000001,131000000,500,182,211.223621086435,-2.01077180237887,4.04320324124198,0.000230322111703262,0.0442033830974788,0.129714533613584,"all"
980,"chr5",131000001,132000000,500,177,204.099474990414,-1.89688033143322,3.59815499177822,0.000204969823799267,0.0583911959006764,0.1597852507715,"all"
981,"chr5",132000001,133000000,500,168,203.764823939922,-2.50548314038369,6.27744576674694,0.000357596311348358,0.0112332591734437,0.0468017710331862,"all"
982,"chr5",133000001,134000000,500,192,194.66094339112,-0.190719993642986,0.0363741159751804,2.07206086433821e-06,0.886135579945025,0.956892921921803,"all"
983,"chr5",134000001,135000000,498,183,203.075212802129,-1.40874276656923,1.98455618236114,0.000113050752940823,0.166125257855039,0.333997976346702,"all"
984,"chr5",135000001,136000000,500,241,227.753063405258,0.877775275916849,0.7704894350109,4.38911286740687e-05,0.396498154116286,0.596856641766978,"all"
985,"chr5",136000001,137000000,475,209,221.985624897357,-0.871566296658565,0.759627809471126,4.3272393383858e-05,0.40385687911135,0.603050871048042,"all"
986,"chr5",137000001,138000000,498,183,184.980991299947,-0.145652860084397,0.021214755650765,1.20850400764221e-06,0.922918986764497,0.979640405425329,"all"
987,"chr5",138000001,139000000,474,171,173.333428636088,-0.177236579279053,0.0314128050345401,1.78943851159351e-06,0.899086800828507,0.964896565429847,"all"
988,"chr5",139000001,140000000,500,200,194.368444071046,0.40393875495806,0.163166517757068,9.29482261632032e-06,0.70514645516461,0.848232735589542,"all"
989,"chr5",140000001,141000000,500,262,260.449022847854,0.0961045686876779,0.00923608812264461,5.26136133495844e-07,0.939893311574811,0.989234260016513,"all"
990,"chr5",141000001,142000000,500,204,205.344276179492,-0.093809582289816,0.00880023772938975,5.01307803834554e-07,0.962264303666806,0.996680548631767,"all"
991,"chr5",142000001,143000000,494,200,209.07704319749,-0.627756513312952,0.394078240006834,2.24487682164595e-05,0.558083723341257,0.740861325377806,"all"
992,"chr5",143000001,144000000,500,248,256.2598470693,-0.515978641962905,0.266233958961884,1.51660858919337e-05,0.633538244468066,0.799099932639659,"all"
993,"chr5",144000001,145000000,500,202,271.501194132599,-4.21799824239851,17.7915091728769,0.00101349789228657,1.20669836701951e-05,0.000177415600935637,"all"
994,"chr5",145000001,146000000,500,223,214.905515755751,0.552160583570673,0.304881310049106,1.73676421786298e-05,0.598641338214916,0.769592956471567,"all"
995,"chr5",146000001,147000000,500,258,262.119459555564,-0.254443060911378,0.0647412712459511,3.68800315443472e-06,0.830738463026151,0.922435001353979,"all"
996,"chr5",147000001,148000000,500,179,245.450476052686,-4.24146763296329,17.9900476814752,0.00102480768945143,1.02523181813541e-05,0.000155520614952075,"all"
997,"chr5",148000001,149000000,500,227,213.227836834903,0.943148783266178,0.889529627376472,5.06722838244042e-05,0.362285161276945,0.56603056506608,"all"
998,"chr5",149000001,150000000,500,232,201.706848276972,2.13296700947276,4.54954826349917,0.000259166186022139,0.0393479151100598,0.119629345302801,"all"
999,"chr5",150000001,151000000,500,231,221.642140246737,0.628565245629727,0.39509426801356,2.25066465129724e-05,0.547034849690756,0.731506023350466,"all"
1000,"chr5",151000001,152000000,500,231,241.275387167675,-0.661518027720806,0.437606100999625,2.49283440041723e-05,0.533388074102649,0.720991800307541,"all"
1001,"chr5",152000001,153000000,500,253,281.971921983351,-1.72533874346385,2.97679377969741,0.000169573822668987,0.0862967163520891,0.214767956407499,"all"
1002,"chr5",153000001,154000000,500,178,228.679766401405,-3.35135731928424,11.23159588152,0.000639810745807258,0.000579912885764679,0.00449354119861442,"all"
1003,"chr5",154000001,155000000,500,197,217.797908411848,-1.40926546371199,1.98602914721137,0.000113134660762054,0.165703941301614,0.333384701552089,"all"
1004,"chr5",155000001,156000000,475,236,287.814636401126,-3.05418976284659,9.32807510747694,0.000531376195726624,0.00185905161590768,0.0115365822138687,"all"
1005,"chr5",156000001,157000000,497,223,262.286459762924,-2.42579981841645,5.88450475902927,0.000335212325861509,0.0143910891947314,0.0557557469206689,"all"
1006,"chr5",157000001,158000000,500,276,244.799589197265,1.99413690014306,3.97658197651218,0.000226527014236878,0.0531601251209415,0.149129235539862,"all"
1007,"chr5",158000001,159000000,500,276,263.709075071211,0.756871284129246,0.572854140739454,3.26327833454494e-05,0.464802546459244,0.660678681556099,"all"
1008,"chr5",159000001,160000000,500,214,218.401769997348,-0.297851141648037,0.0887153025810393,5.05369001054278e-06,0.799887845502856,0.90461792389058,"all"
1009,"chr5",160000001,161000000,500,296,265.152906274492,1.89437545135191,3.58865835068475,0.000204428845198828,0.065802289334411,0.1756565768359,"all"
1010,"chr5",161000001,162000000,500,261,273.989805429376,-0.784757443954501,0.615844245842002,3.50817257306763e-05,0.453107999467202,0.650102117958549,"all"
1011,"chr5",162000001,163000000,500,259,270.89392898261,-0.722646169494982,0.52221748628577,2.97482533113426e-05,0.492080173092625,0.685567489381124,"all"
1012,"chr5",163000001,164000000,500,295,294.041837527461,0.0558771945530103,0.00312226087111496,1.77860392915288e-07,0.970937393024742,0.99885471938685,"all"
1013,"chr5",164000001,165000000,500,313,288.990546697409,1.41234388185355,1.99471524060914,0.000113629466304704,0.169296122907717,0.338879279461929,"all"
1014,"chr5",165000001,166000000,500,400,299.594553296289,5.80083237417199,33.6496562332418,0.00191686131497767,3.8393663002815e-08,1.23679361605697e-06,"all"
1015,"chr5",166000001,167000000,500,328,283.704876229358,2.62979877872625,6.91584161659005,0.000393962694996511,0.0108701557069801,0.0458304947234001,"all"
1016,"chr5",167000001,168000000,500,233,215.920398742269,1.16233386310859,1.35102000932893,7.69612020310944e-05,0.260369574709051,0.453786973064346,"all"
1017,"chr5",168000001,169000000,500,270,235.763113952182,2.22975079705789,4.97178861698029,0.000283219216270065,0.0309046396337048,0.100171694687137,"all"
1018,"chr5",169000001,170000000,500,261,254.413860417524,0.412914892439709,0.170498708398496,9.71250274051461e-06,0.696186185629278,0.843567254997515,"all"
1019,"chr5",170000001,171000000,498,203,229.474442847527,-1.7476709489617,3.0543537458447,0.000173992046072763,0.0823143312561432,0.207559531848164,"all"
1020,"chr5",171000001,172000000,500,227,213.630786588451,0.914690010637692,0.83665781556038,4.76604274767329e-05,0.377153551417119,0.579160355971749,"all"
1021,"chr5",172000001,173000000,500,211,216.243196736716,-0.356553683364462,0.127130529120765,7.24202326273691e-06,0.754766840674065,0.883231237637773,"all"
1022,"chr5",173000001,174000000,499,229,224.630533819225,0.291537206257618,0.0849939426324971,4.84170178471892e-06,0.788287678538135,0.898616610087011,"all"
1023,"chr5",174000001,175000000,489,240,241.264449933024,-0.0814057291962759,0.00662689274597741,3.77502648324869e-07,0.969288587181155,0.99885471938685,"all"
1024,"chr5",175000001,176000000,394,188,178.233655042138,0.731538526727829,0.535148616087122,3.04848784436576e-05,0.48356208317859,0.677932759155509,"all"
1025,"chr5",176000001,177000000,500,220,220.457635610156,-0.0308217460858267,0.000949980031779171,5.41158566463999e-08,1,1,"all"
1026,"chr5",177000001,178000000,341,159,165.18886002593,-0.481526599217591,0.231867865754058,1.32084125605812e-05,0.665633288178395,0.820804575142992,"all"
1027,"chr5",178000001,179000000,500,286,302.014331067898,-0.921499336432752,0.849161027046002,4.83726761322213e-05,0.373003515540769,0.575543048901893,"all"
1028,"chr5",179000001,180000000,500,220,229.732912501296,-0.642142197378068,0.412346601653534,2.3489430132464e-05,0.547022925417113,0.731506023350466,"all"
1029,"chr5",180000001,180600000,300,135,146.11945420319,-0.919876342630614,0.846172485731476,4.82024331082118e-05,0.381292466223466,0.583021600353427,"all"
1030,"chr6",162001,1000000,351,149,189.928262104399,-2.9698089166488,8.81976500140669,0.000502420179903327,0.00240126900534386,0.0143232197085846,"all"
1031,"chr6",1000001,2000000,498,236,251.618114986944,-0.984595085519612,0.969427482429372,5.52236856705039e-05,0.340972769140915,0.546738774679532,"all"
1032,"chr6",2000001,3000000,500,218,223.19357709612,-0.347636794391674,0.120851340814919,6.88432768720094e-06,0.76106832125752,0.887068272583909,"all"
1033,"chr6",3000001,4000000,500,212,220.511323517879,-0.573167623620858,0.328521124767181,1.87142902992591e-05,0.595062013822817,0.767375900610262,"all"
1034,"chr6",4000001,5000000,485,206,230.523906034773,-1.61521990726368,2.6089353488209,0.000148618672617886,0.109630806122168,0.252256437521874,"all"
1035,"chr6",5000001,6000000,498,215,254.237119777732,-2.46080749198815,6.055573512625,0.00034495730137318,0.0129666896221726,0.0517764612071988,"all"
1036,"chr6",6000001,7000000,499,237,270.619247677483,-2.04366002265281,4.17654628818928,0.000237918032640547,0.0407343840289656,0.122416644665665,"all"
1037,"chr6",7000001,8000000,500,252,232.469997715533,1.28091065546369,1.64073210728042,9.34647261442362e-05,0.214075472553127,0.397766934419841,"all"
1038,"chr6",8000001,9000000,498,248,263.640179238171,-0.96324314433001,0.927837355098764,5.2854493378837e-05,0.351737615118149,0.557054196536654,"all"
1039,"chr6",9000001,10000000,499,215,281.540271867956,-3.96564932887093,15.7263745995744,0.000895856970597868,4.19102893231916e-05,0.000527003506533291,"all"
1040,"chr6",10000001,11000000,500,226,262.02305239036,-2.22541370828775,4.95246617303505,0.000282118508285035,0.025312965546671,0.0855805096961152,"all"
1041,"chr6",11000001,12000000,500,232,253.514470894663,-1.35123004316355,1.82582262954776,0.000104008455311751,0.184145637648779,0.358982330755425,"all"
1042,"chr6",12000001,13000000,500,233,266.622841381585,-2.059139338579,4.24005481568357,0.000241535812230365,0.0391678259915899,0.119334917234738,"all"
1043,"chr6",13000001,14000000,500,231,257.797732492219,-1.66900831719714,2.78558876287322,0.000158681779747672,0.097641214269798,0.23450358054602,"all"
1044,"chr6",14000001,15000000,498,235,260.397920239876,-1.57390820479454,2.47718703711958,0.00014111359618372,0.119223723399034,0.268300168748062,"all"
1045,"chr6",15000001,16000000,500,241,253.162338333789,-0.764394460894309,0.584298891845901,3.32847365334236e-05,0.466524178135692,0.661093438489263,"all"
1046,"chr6",16000001,17000000,500,234,253.309910888144,-1.21326083517695,1.47200185417426,8.38529639139262e-05,0.235490900930784,0.424624159099721,"all"
1047,"chr6",17000001,18000000,500,194,236.846960876679,-2.78410823407805,7.75125865906122,0.00044155244151535,0.00466617425188237,0.0236838421606788,"all"
1048,"chr6",18000001,19000000,500,239,256.095591379143,-1.06827503082048,1.14121154147451,6.50094087409276e-05,0.299265788267291,0.499705891067165,"all"
1049,"chr6",19000001,20000000,500,262,272.370547631922,-0.62837893598538,0.394860087190119,2.24933063421828e-05,0.55412833541239,0.737551503076751,"all"
1050,"chr6",20000001,21000000,493,236,254.244366743041,-1.14420311080519,1.30920075877628,7.45789576762015e-05,0.264594073555837,0.458640392312324,"all"
1051,"chr6",21000001,22000000,500,256,254.895942772089,0.0691528564450021,0.00478211755450307,2.72414555452338e-07,0.961508840078945,0.996618165042059,"all"
1052,"chr6",22000001,23000000,494,233,272.707086686074,-2.40447248704995,5.78148794098016,0.00032934394634697,0.0153322345477088,0.0581897167656813,"all"
1053,"chr6",23000001,24000000,500,260,288.067321810876,-1.65368952964899,2.73468906047069,0.000155782265119559,0.100747754920621,0.239903499466297,"all"
1054,"chr6",24000001,25000000,500,251,250.091336562432,0.0574584266327998,0.00330147079111683,1.8806913206349e-07,0.970982944866114,0.99885471938685,"all"
1055,"chr6",25000001,26000000,500,250,254.70422836238,-0.294761201836136,0.0868841661078835,4.94937885076429e-06,0.799739286894229,0.90461792389058,"all"
1056,"chr6",26000001,27000000,384,259,189.285323023637,5.06717320059635,25.6762442448419,0.00146265385196519,1.79943308230001e-06,3.50950656255383e-05,"all"
1057,"chr6",27000001,28000000,500,359,291.23502821356,3.97084977924831,15.7676479693563,0.00089820811871437,0.000137721845348544,0.00138058926788208,"all"
1058,"chr6",28000001,29000000,500,349,280.304041060191,4.10314165734013,16.8357714601999,0.000959054047868153,8.4069864333556e-05,0.000927031927093481,"all"
1059,"chr6",29000001,30000000,500,331,272.092444393984,3.57118838783843,12.753386501432,0.000726499939556687,0.000594487625398286,0.00456942633248495,"all"
1060,"chr6",30000001,31000000,479,227,232.004477233093,-0.328556856604031,0.107949608021522,6.14937716299884e-06,0.775098855396868,0.892067254321529,"all"
1061,"chr6",31000001,32000000,489,216,222.847527697786,-0.458701211803868,0.210406801710337,1.19858775320352e-05,0.677391172082184,0.829948927504112,"all"
1062,"chr6",32000001,33000000,500,227,239.531682546803,-0.809707015673545,0.655625451230958,3.73478723190608e-05,0.439414556752718,0.637551383709535,"all"
1063,"chr6",33000001,34000000,499,275,237.229792163014,2.45225009725558,6.01353053949002,0.00034256231260389,0.0177493199507085,0.0652401285880528,"all"
1064,"chr6",34000001,35000000,500,253,228.03863522922,1.65296672181613,2.73229898343157,0.000155646113766798,0.108940828109975,0.251273816726708,"all"
1065,"chr6",35000001,36000000,500,216,230.260675726957,-0.939788696553412,0.883202794169562,5.03118741448348e-05,0.365464665273616,0.568214314175411,"all"
1066,"chr6",36000001,37000000,500,263,236.364707110118,1.73247175011014,3.00145836492968,0.000170978847105314,0.0928333537132175,0.226320769639281,"all"
1067,"chr6",37000001,38000000,490,256,229.802712720775,1.72813930149121,2.98646544535852,0.000170124771588901,0.0937863869255964,0.227718914739953,"all"
1068,"chr6",38000001,39000000,487,219,233.046081240389,-0.920098396273729,0.846581058825487,4.82257075795117e-05,0.376089283469486,0.578769713208275,"all"
1069,"chr6",39000001,40000000,500,262,261.048432880804,0.0588950617745635,0.00346862830142965,1.97591302596396e-07,0.969482130984005,0.99885471938685,"all"
1070,"chr6",40000001,41000000,500,244,265.211660610757,-1.30250189044812,1.69651117462094,9.66421950499939e-05,0.201059507074143,0.380989826028795,"all"
1071,"chr6",41000001,42000000,500,225,242.126138610467,-1.10062308241315,1.21137116954063,6.90060699840908e-05,0.284511612610923,0.483767486994667,"all"
1072,"chr6",42000001,43000000,500,215,226.710760194471,-0.777766120343135,0.604920137953612,3.44594311174193e-05,0.459508377273506,0.655102196739504,"all"
1073,"chr6",43000001,44000000,500,204,242.538409895383,-2.47459156708901,6.12360342390804,0.000348832642752478,0.0124229762704778,0.050164328123183,"all"
1074,"chr6",44000001,45000000,483,224,246.019345128259,-1.40384697177999,1.97078632017584,0.00011226634920271,0.166988893086589,0.335499058499826,"all"
1075,"chr6",45000001,46000000,478,220,244.915902506989,-1.59209189101576,2.53475658943815,0.00014439306052639,0.114941942416212,0.261878054139875,"all"
1076,"chr6",46000001,47000000,500,234,288.441615738052,-3.20554624064436,10.2755267009092,0.000585348019232805,0.00106198424195062,0.00729025185551969,"all"
1077,"chr6",47000001,48000000,500,271,265.150554319582,0.359226562650865,0.129043723313956,7.35100886162524e-06,0.735641471445614,0.870070459434417,"all"
1078,"chr6",48000001,49000000,496,330,314.968764191856,0.846956186816219,0.71733478238627,4.08631602270516e-05,0.411117420439751,0.610079526087354,"all"
1079,"chr6",49000001,50000000,498,267,277.955391643972,-0.657113449781156,0.431798085883292,2.45974889304641e-05,0.534565053097595,0.721902028841642,"all"
1080,"chr6",50000001,51000000,500,313,328.761091900326,-0.869252791920524,0.755600416261626,4.30429718946759e-05,0.401441334169007,0.601051916188366,"all"
1081,"chr6",51004001,52000000,497,244,287.151981316892,-2.54650675455597,6.48469665099919,0.000369402411231351,0.0100699998087263,0.0430905812710722,"all"
1082,"chr6",52000001,53000000,500,231,241.302330600235,-0.66321558612438,0.439854913678305,2.50564481963374e-05,0.532256253578775,0.719894813516984,"all"
1083,"chr6",53000001,54000000,500,202,236.474076992263,-2.24182071436982,5.02576011537761,0.000286293716546445,0.024162860141479,0.0825272759048842,"all"
1084,"chr6",54000001,55000000,495,275,250.991135181899,1.51545287141057,2.29659740546654,0.000130826261406736,0.141033156508448,0.299995168897549,"all"
1085,"chr6",55000001,56000000,500,231,259.681730534681,-1.77985512298625,3.1678842588204,0.000180459340920718,0.0764880318312678,0.196497479623875,"all"
1086,"chr6",56000001,57000000,500,238,230.845237968101,0.470906552595444,0.221752981277326,1.26322155669322e-05,0.654989633075864,0.815749469169636,"all"
1087,"chr6",57000001,58000000,263,136,157.472358363878,-1.71110862689388,2.92789273303067,0.000166788161978499,0.0897007080853383,0.221128056819144,"all"
1088,"chr6",58000001,58774000,268,189,142.207811530939,3.9238430808057,15.3965445227868,0.000877068115510375,0.000208148377882586,0.00195020065159926,"all"
1089,"chr6",61920001,62000000,40,41,26.4628434314542,2.82592879208934,7.9858735379595,0.000454917338385649,0.0104919709859836,0.0445636752841702,"all"
1090,"chr6",62000001,63000000,467,402,329.05106327454,4.02149299853891,16.1724059372975,0.000921265260377197,0.000109615707038541,0.00116395641510925,"all"
1091,"chr6",63000001,64000000,484,382,347.64247714618,1.84270335314458,3.39555564769027,0.000193428700097135,0.0724390127437085,0.188459754570065,"all"
1092,"chr6",64000001,65000000,500,290,277.114652896399,0.774045297935361,0.599146123255842,3.41305128862923e-05,0.454152060643735,0.650376602330464,"all"
1093,"chr6",65000001,66000000,500,257,285.522491119321,-1.68797998037192,2.8492764141364,0.000162309763169018,0.0936102688590618,0.227634131313766,"all"
1094,"chr6",66000001,67000000,500,305,308.58919741139,-0.204318168245335,0.0417459138751289,2.37806671221125e-06,0.867651240847659,0.946558640605114,"all"
1095,"chr6",67000001,68000000,500,258,286.873508366492,-1.70472501908683,2.90608739070058,0.000165546015048893,0.0902635546610293,0.221563023298948,"all"
1096,"chr6",68000001,69000000,500,333,284.498059057859,2.87554034001443,8.26873224705032,0.000471030457441085,0.00542510559640276,0.0267707017984281,"all"
1097,"chr6",69000001,70000000,500,368,325.660650192316,2.34618115213234,5.50456599862104,0.000313569016734099,0.0225861202575417,0.0788726026533157,"all"
1098,"chr6",70000001,71000000,482,296,304.529431899694,-0.488771044667348,0.238897134105211,1.36088366386617e-05,0.650860891476835,0.813434252774231,"all"
1099,"chr6",71000001,72000000,469,222,268.186387124206,-2.82030207248558,7.95410378006646,0.000453107565962737,0.00417404883550299,0.0218116758447256,"all"
1100,"chr6",72000001,73000000,500,242,302.657274395882,-3.48664180662747,12.1566710877224,0.000692507892664367,0.00035264197706236,0.00300007284343557,"all"
1101,"chr6",73000001,74000000,489,262,254.072199738375,0.497363746579921,0.247370696412016,1.40915352930961e-05,0.635383976636882,0.800723455392502,"all"
1102,"chr6",74000001,75000000,484,208,222.387869151778,-0.964808081861138,0.930854634824569,5.30263734938305e-05,0.352406563283752,0.557054196536654,"all"
1103,"chr6",75000001,76000000,500,284,259.638631443899,1.51187897133423,2.28577802396264,0.000130209932558885,0.141781639265248,0.300636044605608,"all"
1104,"chr6",76000001,77000000,500,228,216.758561082062,0.763543484103785,0.582998652117348,3.3210668043137e-05,0.462392827040105,0.658886796781303,"all"
1105,"chr6",77000001,78000000,472,228,258.282753381827,-1.88428962115224,3.55054737638206,0.000202257843753506,0.060103156346908,0.163469184937346,"all"
1106,"chr6",78000001,79000000,487,289,275.888566976169,0.789374893193603,0.623112722004412,3.54957763431993e-05,0.445130404186677,0.643126458664298,"all"
1107,"chr6",79000001,80000000,498,218,244.133600455537,-1.67257449143074,2.79750542938481,0.000159360615717979,0.0969649022736099,0.233502727175579,"all"
1108,"chr6",80000001,81000000,500,183,219.320032537984,-2.45248905622814,6.01470257091881,0.000342629077675432,0.0132155756931423,0.0524053326586986,"all"
1109,"chr6",81000001,82000000,494,199,235.41713676593,-2.37348647057375,5.63343802599662,0.000320910244892471,0.0166932191466694,0.0619619927820475,"all"
1110,"chr6",82000001,83000000,500,191,211.830504485727,-1.43121717032495,2.04838258863297,0.000116686640576895,0.15898260476589,0.324877496695514,"all"
1111,"chr6",83000001,84000000,492,230,206.160062762365,1.66036220467479,2.75680265071254,0.000157041971470675,0.107915327805459,0.249496707869451,"all"
1112,"chr6",84000001,85000000,500,268,242.494868268321,1.63785818266041,2.68257942650766,0.00015281382642916,0.111878348519043,0.256604180163276,"all"
1113,"chr6",85000001,86000000,500,356,290.145183358826,3.86616034718713,14.9471958301621,0.000851470851756544,0.0002037966156674,0.00191568818727356,"all"
1114,"chr6",86000001,87000000,480,251,217.67461909494,2.25876591445799,5.10202345631724,0.000290638077362046,0.0290182383011425,0.0957368115182686,"all"
1115,"chr6",87000001,88000000,459,212,223.419520238143,-0.763989343876715,0.583679717557173,3.32494651109441e-05,0.468228629907588,0.662919250343237,"all"
1116,"chr6",88000001,89000000,500,250,220.413880292591,1.99282214225142,3.97134009064754,0.000226228408861483,0.0536982890196142,0.15019804353096,"all"
1117,"chr6",89000001,90000000,485,200,221.488243639996,-1.44386164498548,2.08473644986017,0.000118757547624309,0.1550041550505,0.318564095003428,"all"
1118,"chr6",90000001,91000000,499,197,214.208278530247,-1.17576167895715,1.38241552570412,7.87496556897652e-05,0.252045078403236,0.44250657671897,"all"
1119,"chr6",91000001,92000000,487,276,240.822408459698,2.26682322769553,5.13848754561997,0.00029271526358011,0.0282024498107874,0.0939098996603106,"all"
1120,"chr6",92000001,93000000,500,253,249.07675977635,0.248586933768724,0.0617954636405358,3.52019446714688e-06,0.820460355707701,0.91770056836067,"all"
1121,"chr6",93000001,94000000,500,259,254.149846230345,0.304235985720723,0.0925595350074598,5.27267769864608e-06,0.777537767874016,0.892394227579985,"all"
1122,"chr6",94000001,95000000,498,286,280.215545365709,0.345554304307671,0.119407777225558,6.80209471635049e-06,0.745461078360866,0.876959014453517,"all"
1123,"chr6",95000001,96000000,415,237,242.108012763838,-0.32828224315289,0.107769231169493,6.13910194926784e-06,0.77461453152719,0.892067254321529,"all"
1124,"chr6",96000001,97000000,500,280,243.201873167026,2.3596210084146,5.56781130335155,0.000317171801771533,0.0224049597066138,0.0784310372147275,"all"
1125,"chr6",97000001,98000000,497,218,260.959743809288,-2.65934647930865,7.07212369701133,0.000402865343870762,0.00705230910132831,0.0326639259992056,"all"
1126,"chr6",98000001,99000000,500,319,306.461338206023,0.716247866702984,0.513011006556575,2.92238038275887e-05,0.488486039963751,0.681835188206462,"all"
1127,"chr6",99000001,100000000,498,259,273.681749512156,-0.887472473458487,0.787607391146526,4.48662574444914e-05,0.392745668414477,0.593610888348251,"all"
1128,"chr6",100000001,101000000,494,245,251.854047620617,-0.431889504306999,0.186528543930545,1.06256464411175e-05,0.69540327964805,0.843011079387298,"all"
1129,"chr6",101000001,102000000,484,210,234.937770546873,-1.6269762116525,2.64705159328312,0.000150789974279199,0.106920581697561,0.248010766769342,"all"
1130,"chr6",102000001,103000000,498,301,260.979138366693,2.47732815298384,6.13715477756633,0.000349604599096195,0.0164710001573152,0.0614074869324091,"all"
1131,"chr6",103000001,104000000,498,286,265.130094655383,1.281713521332,1.64278955076527,9.35819289410945e-05,0.212914113721248,0.39663727357948,"all"
1132,"chr6",104000001,105000000,498,266,294.230827468333,-1.64580933491698,2.70868836689989,0.00015430112892836,0.102421196263055,0.242078787869892,"all"
1133,"chr6",105000001,106000000,488,204,247.542651857453,-2.76751418523471,7.65913476547537,0.000436304580242242,0.00494722623613125,0.0249712986249794,"all"
1134,"chr6",106000001,107000000,500,227,226.100960209601,0.0597898839044768,0.00357483021731081,2.03641122027479e-07,0.969993398965778,0.99885471938685,"all"
1135,"chr6",107000001,108000000,500,195,226.989780115573,-2.1232840768397,4.50833527096103,0.000256818477310846,0.0331625532059432,0.105175397561092,"all"
1136,"chr6",108000001,109000000,500,184,206.002319725341,-1.53296562317708,2.34998360184271,0.000133867419803064,0.130136624049038,0.28524594889036,"all"
1137,"chr6",109000001,110000000,492,193,196.037867310814,-0.216969563892035,0.0470757916554999,2.68168456969948e-06,0.865234127341888,0.945033745319886,"all"
1138,"chr6",110000001,111000000,500,213,215.68941850886,-0.183123453316394,0.0335341991545215,1.91028427281697e-06,0.890273949876641,0.959554667028696,"all"
1139,"chr6",111000001,112000000,500,195,205.386309312286,-0.724728777508947,0.525231800949612,2.99199645208194e-05,0.494128990065667,0.686037682575433,"all"
1140,"chr6",112000001,113000000,490,207,225.776856549921,-1.24963499085477,1.5615876103686,8.89562395382488e-05,0.221671337052274,0.407131148833357,"all"
1141,"chr6",113000001,114000000,500,238,236.087374437228,0.124478278860029,0.0154948419079551,8.82667651318008e-07,0.918211154498523,0.976450808585781,"all"
1142,"chr6",114000001,115000000,500,273,254.709202295262,1.14606784724754,1.31347151049462,7.48222421453804e-05,0.265942564477197,0.460143230148536,"all"
1143,"chr6",115000001,116000000,497,284,282.626060105073,0.0817262613421605,0.00667918179296712,3.80481307324441e-07,0.950665699391479,0.994139900931054,"all"
1144,"chr6",116000001,117000000,498,212,233.725903326666,-1.42109927947949,2.01952316213713,0.000115042655929953,0.161763090566684,0.327756028731225,"all"
1145,"chr6",117000001,118000000,489,218,263.224376082034,-2.78746569669947,7.76996501027629,0.000442618053619676,0.00465149045898482,0.0236838421606788,"all"
1146,"chr6",118000001,119000000,500,282,273.009577194871,0.544115597142223,0.296061783053438,1.68652355567845e-05,0.602182294701666,0.772062364431086,"all"
1147,"chr6",119000001,120000000,500,206,229.252520341957,-1.535723300349,2.35844605523482,0.000134349485635318,0.129155507726126,0.283728005634548,"all"
1148,"chr6",120000001,121000000,500,234,256.771215237248,-1.42106204501653,2.01941733578656,0.000115036627504696,0.161468114502566,0.327756028731225,"all"
1149,"chr6",121000001,122000000,498,233,242.171788477854,-0.589375740590148,0.347363763596185,1.97876660625376e-05,0.582427838675731,0.759738197432134,"all"
1150,"chr6",122000001,123000000,500,254,238.357405604519,1.01319831661811,1.02657082879777,5.84788710816925e-05,0.32640436090946,0.530800512040512,"all"
1151,"chr6",123000001,124000000,498,269,262.938558285723,0.373808174831278,0.139732551570691,7.95990071020038e-06,0.724822020592455,0.862484194308997,"all"
1152,"chr6",124000001,125000000,500,297,308.806822403177,-0.671876710751921,0.451418314450821,2.5715160293031e-05,0.523561915106619,0.713088841145215,"all"
1153,"chr6",125000001,126000000,486,203,227.397227908122,-1.61788593737261,2.61755490634806,0.000149109687927567,0.109041896702787,0.251304757111649,"all"
1154,"chr6",126000001,127000000,500,574,230.361835819243,22.6410271133445,512.616108747199,0.0292013083723925,2.47040314724696e-80,7.08264582315705e-77,"all"
1155,"chr6",127000001,128000000,500,271,275.70194436091,-0.283176735767851,0.0801890636801355,4.5679906203881e-06,0.807507086518847,0.908960666293496,"all"
1156,"chr6",128000001,129000000,500,223,222.714041157633,0.0191615100428352,0.000367163467121674,2.09155612622081e-08,1,1,"all"
1157,"chr6",129000001,130000000,492,256,251.108447834719,0.308685356346256,0.0952866492226154,5.42802846075559e-06,0.774248182093206,0.892067254321529,"all"
1158,"chr6",130000001,131000000,500,378,260.693124505541,7.26538576606322,52.7858303297141,0.00300695839020332,1.1594846796479e-11,1.00734623531834e-09,"all"
1159,"chr6",131000001,132000000,498,245,236.234051457088,0.57033190587271,0.325278482856398,1.85295723694823e-05,0.585412454356476,0.761168937251708,"all"
1160,"chr6",132000001,133000000,492,308,257.92135995116,3.1182352126426,9.72339084136424,0.000553895458100009,0.00265193520777099,0.015297984387685,"all"
1161,"chr6",133000001,134000000,498,300,289.764074104991,0.601318912631157,0.361584434687917,2.05977502458593e-05,0.562907755361626,0.744664612699652,"all"
1162,"chr6",134000001,135000000,500,278,232.582318708623,2.97808171762552,8.86897071685535,0.000505223196129275,0.00413070127097185,0.0217297624658281,"all"
1163,"chr6",135000001,136000000,500,182,233.928063215643,-3.3951656023665,11.5271494674927,0.000656647031786734,0.000488074878326388,0.00387620685917383,"all"
1164,"chr6",136000001,137000000,500,230,228.685136159165,0.0869484438066438,0.00756003188039709,4.30659158925231e-07,0.948274964947435,0.992885348428221,"all"
1165,"chr6",137000001,138000000,500,199,257.292976372162,-3.63414511393094,13.2070107091081,0.00075234075912419,0.00018293510570574,0.00177187482452148,"all"
1166,"chr6",138000001,139000000,493,225,215.823535496615,0.62463452883442,0.390168294612197,2.22260371722341e-05,0.549850819641417,0.73406527571161,"all"
1167,"chr6",139000001,140000000,500,209,214.144642956039,-0.351561761910856,0.123595672437866,7.04065924336999e-06,0.758756180068045,0.885644717118753,"all"
1168,"chr6",140000001,141000000,500,232,235.516897506436,-0.229165204037691,0.0525166907416366,2.9916267844021e-06,0.85235261789902,0.935564684347815,"all"
1169,"chr6",141000001,142000000,500,221,265.094955252464,-2.70824640058051,7.3345985662573,0.000417817292250977,0.0060341586705417,0.028978112074444,"all"
1170,"chr6",142000001,143000000,495,228,230.98408303087,-0.196345013462791,0.0385513643117036,2.19608837536098e-06,0.878596306757869,0.952945481043943,"all"
1171,"chr6",143000001,144000000,500,224,215.910962453991,0.550502764913714,0.303053294177643,1.72635087847287e-05,0.5997389023559,0.770363545275253,"all"
1172,"chr6",144000001,145000000,498,182,212.388625295027,-2.08518900935871,4.34801320475036,0.000247685689607864,0.0365895890341116,0.112798227699783,"all"
1173,"chr6",145000001,145986000,493,196,237.903048837127,-2.71672462432472,7.38059268441228,0.000420437359011739,0.00582855763389592,0.0283709248495409,"all"
1174,"chr6",146002001,147000000,486,223,256.599618091189,-2.09752109947313,4.39959476273496,0.000250624046314441,0.0354957803761552,0.11037570752542,"all"
1175,"chr6",147000001,148000000,500,238,230.617393270354,0.486142628466945,0.23633465521275,1.34628643700192e-05,0.64414047086238,0.808908743609153,"all"
1176,"chr6",148000001,149000000,499,239,224.234959692361,0.986013759588009,0.97222313409688,5.53829406862002e-05,0.340183616306988,0.545778639033091,"all"
1177,"chr6",149000001,150000000,500,184,213.108066986065,-1.99394612951107,3.97582116739218,0.000226483674549837,0.0460978168312505,0.133497415005248,"all"
1178,"chr6",150000001,151000000,494,210,214.893074159454,-0.333787899541066,0.111414361880037,6.34674775695889e-06,0.772355914016105,0.892067254321529,"all"
1179,"chr6",151000001,152000000,500,225,209.236858137679,1.08974199883591,1.18753762402688,6.7648385938899e-05,0.291830558486064,0.491008339894099,"all"
1180,"chr6",152000001,153000000,500,271,214.241406594283,3.87775100167018,15.0369528309541,0.000856583882373377,0.000213546922451342,0.00199426393051465,"all"
1181,"chr6",153000001,154000000,500,258,253.826246707551,0.261974192676767,0.0686304776286439,3.90955279551496e-06,0.809959215748765,0.910291286378561,"all"
1182,"chr6",154000001,155000000,500,222,242.136902778523,-1.2940831482829,1.67465119466977,9.53969356742627e-05,0.204532032095684,0.385785089485742,"all"
1183,"chr6",155000001,156000000,500,227,225.780160937308,0.0811819815037328,0.00659051412087241,3.75430330596792e-07,0.952973873817882,0.994139900931054,"all"
1184,"chr6",156000001,157000000,497,232,264.788754274223,-2.01500045640793,4.06022683932415,0.00023129186534292,0.0437652549629513,0.129190184031991,"all"
1185,"chr6",157000001,158000000,450,151,188.717816744031,-2.74561787953783,7.53841754043779,0.000429427892494763,0.00520728880517878,0.0259189184104992,"all"
1186,"chr6",158000001,159000000,500,211,201.971158582423,0.635312421665501,0.403621873122483,2.2992423729518e-05,0.543431646822468,0.728386410210387,"all"
1187,"chr6",159000001,160000000,500,215,223.406816221584,-0.562449252371174,0.316349161492892,1.80209112832571e-05,0.602407920904199,0.772062364431086,"all"
1188,"chr6",160000001,161000000,470,249,228.978739089555,1.32310358290281,1.75060309109025,9.97235549727918e-05,0.19941462474206,0.379125815076583,"all"
1189,"chr6",161000001,162000000,483,238,250.159950939473,-0.768816917443037,0.591079452546614,3.36709929162812e-05,0.463912961297826,0.66006871466048,"all"
1190,"chr6",162000001,163000000,500,345,299.595652065056,2.62318964853195,6.88112393216517,0.000391984993181123,0.0110017718225863,0.0462493838934821,"all"
1191,"chr6",163000001,164000000,500,300,275.288369635516,1.48938668619684,2.21827270102039,0.000126364474489235,0.147472784322598,0.308003613070082,"all"
1192,"chr6",164000001,165000000,500,262,301.827772676001,-2.29248456452405,5.25548547858103,0.000299380080898626,0.0211148711010274,0.0748285975854705,"all"
1193,"chr6",165000001,166000000,498,272,329.919409899819,-3.18874796957185,10.1681136134486,0.000579229205101442,0.00115072893765186,0.00774445977522976,"all"
1194,"chr6",166000001,167000000,494,262,292.209797546068,-1.76725992002524,3.12320762492761,0.000177914324989532,0.0786018337633274,0.200312406577297,"all"
1195,"chr6",167000001,167944000,457,183,222.13265595493,-2.62562754621865,6.89392001146218,0.000392713925126752,0.00777454721922431,0.0352683969580951,"all"
1196,"chr6",168042001,169000000,478,209,265.902546291348,-3.48955825343065,12.1770168040859,0.000693666891625675,0.000339893568462821,0.00290888018144152,"all"
1197,"chr6",169000001,170000000,498,234,264.838829086162,-1.89499055846622,3.59098921667613,0.000204561623579038,0.0585946297927914,0.160143759405084,"all"
1198,"chr6",170000001,170916000,405,183,190.995531809559,-0.578543144482973,0.334712170028246,1.90669647835972e-05,0.59346406028299,0.76626079215316,"all"
1199,"chr7",48001,1000000,452,236,252.694697661694,-1.05022050617502,1.10296311159051,6.28305771030925e-05,0.308039334174391,0.5110814647442,"all"
1200,"chr7",1000001,2000000,500,268,305.62376952775,-2.15213118902625,4.63166865477952,0.000263844195215607,0.0308413664241925,0.100171694687137,"all"
1201,"chr7",2000001,3000000,500,243,252.718982149123,-0.611366802428488,0.373769367111633,2.12918680527915e-05,0.566684575341705,0.74575456036073,"all"
1202,"chr7",3000001,4000000,500,299,293.842035083434,0.300899469626926,0.0905404908217655,5.15766232773228e-06,0.778925955546647,0.893272285820894,"all"
1203,"chr7",4000001,5000000,500,275,305.804545272975,-1.76154131756638,3.1030278134935,0.000176764776845163,0.0795810031374983,0.202268382974475,"all"
1204,"chr7",5000001,6000000,500,214,226.840674828121,-0.852564770626042,0.726866688112635,4.14061476863658e-05,0.414617441339092,0.614002171652467,"all"
1205,"chr7",6000001,7000000,500,211,225.750795812652,-0.981749765864337,0.963832602774681,5.4904971913142e-05,0.343382097390315,0.549986856546387,"all"
1206,"chr7",7000001,8000000,500,246,237.033829313662,0.582373809702011,0.339159254226834,1.93202940778294e-05,0.577227481429823,0.756511123368822,"all"
1207,"chr7",8000001,9000000,500,257,278.214522379799,-1.27187186578886,1.61765804298523,9.2150306141839e-05,0.212148244041059,0.395467500432846,"all"
1208,"chr7",9000001,10000000,500,352,378.127877453236,-1.3436457475904,1.80538389501777,0.000102844157546684,0.185309376416131,0.3601987161886,"all"
1209,"chr7",10000001,11000000,500,299,336.74432676508,-2.05684487780886,4.23061085136855,0.000240997834376148,0.0394381356653278,0.119667077685866,"all"
1210,"chr7",11000001,12000000,500,247,291.529406921837,-2.60798882609944,6.80160571705953,0.000387455217622183,0.00833847978364468,0.0370642194414098,"all"
1211,"chr7",12000001,13000000,500,257,282.220559729403,-1.50127549711667,2.25382811824292,0.00012838989796873,0.137877139167277,0.296544454608089,"all"
1212,"chr7",13000001,14000000,500,314,308.547860274706,0.310388561182166,0.0963410589127351,5.48809317972682e-06,0.771325723783396,0.892049556307783,"all"
1213,"chr7",14000001,15000000,500,335,358.200197807421,-1.22582585462814,1.5026490258748,8.55987879258874e-05,0.228776130682884,0.41512732067584,"all"
1214,"chr7",15000001,16000000,500,271,345.473220307353,-4.00675640195698,16.0540968646232,0.00091452575364797,3.67569230191213e-05,0.000472565463209959,"all"
1215,"chr7",16000001,17000000,500,254,248.768866701235,0.331663571375381,0.110000724577472,6.26621954472658e-06,0.756897114987882,0.884280370281278,"all"
1216,"chr7",17000001,18000000,500,235,241.617713322017,-0.425739126496891,0.181253803830336,1.03251695157496e-05,0.700624398768236,0.846100357306816,"all"
1217,"chr7",18000001,19000000,500,275,303.306277809246,-1.62533192156655,2.64170385526322,0.000150485339008576,0.106902465564682,0.248010766769342,"all"
1218,"chr7",19000001,20000000,500,297,349.979886173014,-2.83197541025549,8.02008472429178,0.000456866187407026,0.00409190845624245,0.0216049752192396,"all"
1219,"chr7",20000001,21000000,500,250,306.116867761737,-3.20737538472073,10.2872568585125,0.00058601623067522,0.00106289685232202,0.00729025185551969,"all"
1220,"chr7",21000001,22000000,500,282,306.661184807711,-1.40826547777441,1.98321165589119,0.000112974161644931,0.164893049656628,0.332453145826689,"all"
1221,"chr7",22000001,23000000,500,254,269.158201056069,-0.923940181521523,0.853665459030025,4.86292722577886e-05,0.372658409596296,0.575342843463963,"all"
1222,"chr7",23000001,24000000,500,277,278.976459932063,-0.118332553155753,0.0140025931363591,7.9766131654988e-07,0.937443345591827,0.988833727671733,"all"
1223,"chr7",24000001,25000000,500,322,315.963947983641,0.339573825962067,0.115310383278516,6.56868561716481e-06,0.749048189537068,0.878065676002176,"all"
1224,"chr7",25000001,26000000,500,296,292.451795678056,0.207482501023428,0.0430489882309368,2.45229667776793e-06,0.851135773700954,0.93493184056507,"all"
1225,"chr7",26000001,27000000,500,255,239.188602283635,1.02235099137465,1.04520154956473,5.95401748781056e-05,0.321978330398099,0.525690132831065,"all"
1226,"chr7",27000001,28000000,500,245,250.566061990863,-0.351630805197737,0.123644223164009,7.04342494796183e-06,0.756133994917955,0.884030298890701,"all"
1227,"chr7",28000001,29000000,500,252,288.657616400503,-2.15760883464121,4.65527588332179,0.000265188987056358,0.0303822005304802,0.0990964379077209,"all"
1228,"chr7",29000001,30000000,500,257,260.496313247923,-0.216625483569775,0.0469266001318389,2.67318583621329e-06,0.860566619005558,0.942055936116432,"all"
1229,"chr7",30000001,31000000,500,230,223.249468846032,0.451796361186414,0.204119951981285,1.16277455215574e-05,0.669006571482119,0.823901134209294,"all"
1230,"chr7",31000001,32000000,500,346,283.929660174737,3.68365324459449,13.5693012264115,0.000772978731547697,0.000396866703388518,0.00331725025835243,"all"
1231,"chr7",32000001,33000000,500,274,252.567828344521,1.34858139528118,1.81867177969853,0.000103601105312387,0.190236691295343,0.366784528543207,"all"
1232,"chr7",33000001,34000000,500,232,245.714486531447,-0.874911593444735,0.765470296344005,4.36052121500368e-05,0.400903110476449,0.600830746333497,"all"
1233,"chr7",34000001,35000000,500,302,264.02265146929,2.3372439602362,5.46270932966061,0.000311184640829991,0.0235167785261585,0.0809395006416524,"all"
1234,"chr7",35000001,36000000,500,216,244.404442547865,-1.81690291849017,3.30113621521809,0.000188050072861435,0.0703375933065243,0.185007229366794,"all"
1235,"chr7",36000001,37000000,500,250,255.567860624848,-0.348285373805859,0.121302701607087,6.91003957072235e-06,0.758386539071111,0.885644717118753,"all"
1236,"chr7",37000001,38000000,500,284,320.116066254327,-2.01858343658627,4.07467909046043,0.000232115141542994,0.0433964244127275,0.128397883169546,"all"
1237,"chr7",38000001,39000000,500,306,263.056774891212,2.64770692866968,7.01035198012544,0.000399346502143595,0.0104408210561997,0.0444122165699177,"all"
1238,"chr7",39000001,40000000,500,278,261.255353789654,1.03596092912241,1.07321504666816,6.11359709398124e-05,0.314856353032617,0.519087500945666,"all"
1239,"chr7",40000001,41000000,500,251,256.267676192167,-0.329057773886694,0.108279018555267,6.16814211870908e-06,0.773112439287198,0.892067254321529,"all"
1240,"chr7",41000001,42000000,500,283,264.032616565552,1.16728964777312,1.36256512179829,7.76188723298988e-05,0.256883922794255,0.448651659449497,"all"
1241,"chr7",42000001,43000000,500,252,248.632672500214,0.213553285804529,0.0456050058779107,2.59790087990074e-06,0.847702688410299,0.932245342413628,"all"
1242,"chr7",43000001,44000000,500,273,245.530169760748,1.75308729965578,3.07331508021438,0.00017507218335802,0.0888522775458015,0.219602999761908,"all"
1243,"chr7",44000001,45000000,500,204,220.366968923088,-1.10254166072319,1.21559811363025,6.92468589404417e-05,0.28429791579162,0.483767486994667,"all"
1244,"chr7",45000001,46000000,500,238,240.398099241768,-0.154668415710122,0.023922318818279,1.36274103929839e-06,0.910971679685496,0.97143837028882,"all"
1245,"chr7",46000001,47000000,500,300,262.10760160648,2.34051962241197,5.47803210289545,0.000312057506545125,0.0233404176564003,0.0808176055807966,"all"
1246,"chr7",47000001,48000000,500,243,242.436329078707,0.036201517962735,0.00131054990280623,7.46558120125846e-08,0.988193406110695,1,"all"
1247,"chr7",48000001,49000000,500,312,305.581245473151,0.367187103149794,0.134826368719538,7.68041874324072e-06,0.728585705799595,0.865568464859139,"all"
1248,"chr7",49000001,50000000,500,378,355.317912996055,1.20330150724382,1.44793451733525,8.24819618858086e-05,0.240557333799707,0.42994495088913,"all"
1249,"chr7",50000001,51000000,481,282,282.280808422077,-0.016713578783444,0.000279343715750388,1.59128865564774e-08,1,1,"all"
1250,"chr7",51000001,52000000,500,264,284.988268173764,-1.24326329918027,1.54570363108861,8.80514045765286e-05,0.222980309627347,0.408227680524651,"all"
1251,"chr7",52000001,53000000,500,356,347.999830830613,0.428854186603224,0.183915913367113,1.04768172696497e-05,0.682154099988146,0.83361133397599,"all"
1252,"chr7",53000001,54000000,500,358,335.947999868505,1.20312833909918,1.44751780034356,8.24582234952841e-05,0.240955143410494,0.430148440945134,"all"
1253,"chr7",54000001,55000000,500,312,306.038767353986,0.340759403325631,0.11611697095484,6.6146330914322e-06,0.748392975645622,0.877922529122749,"all"
1254,"chr7",55000001,56000000,500,237,248.750494832153,-0.74503071774679,0.555070770386297,3.16197490831199e-05,0.478848600505741,0.673300116552212,"all"
1255,"chr7",56000001,57000000,496,307,307.889849456507,-0.0507129476009919,0.00257180305438095,1.46503421922457e-07,0.989852522773903,1,"all"
1256,"chr7",57000001,57886000,346,306,252.812422456041,3.34511463653368,11.1897919315519,0.000637429373054092,0.00129223798362963,0.00845855319421492,"all"
1257,"chr7",62120001,63000000,440,351,333.592696982492,0.953066538676965,0.908335827145691,5.17435838272775e-05,0.353882349223453,0.55807518989199,"all"
1258,"chr7",63000001,64000000,500,347,347.77827658347,-0.0417333010533184,0.00174166841680691,9.92145889561122e-08,0.995226622334481,1,"all"
1259,"chr7",64000001,64930000,465,163,229.494966458378,-4.38936997944542,19.2665688164567,0.0010975250439598,4.57363408888418e-06,8.044545357565e-05,"all"
1260,"chr7",65062001,66000000,469,187,188.480266264202,-0.107821879558429,0.0116255577115123,6.62252882697319e-07,0.952708379187017,0.994139900931054,"all"
1261,"chr7",66000001,67000000,500,194,215.259793336016,-1.44903067399424,2.09968989417621,0.00011960937442267,0.153550212820336,0.316256077698207,"all"
1262,"chr7",67000001,68000000,500,374,375.02331901053,-0.0528423235264589,0.00279231115567495,1.59064722581216e-07,0.985305044045065,1,"all"
1263,"chr7",68000001,69000000,500,362,381.657991335546,-1.00624088458926,1.01252071781899,5.76785028990369e-05,0.326878402897695,0.530969054451951,"all"
1264,"chr7",69000001,70000000,500,278,317.860835299166,-2.23577391610419,4.99868500393188,0.000284751375864885,0.0246871982918889,0.0839599021386066,"all"
1265,"chr7",70000001,71000000,500,379,378.778574613407,0.0113771820882519,0.000129440272269239,7.37359837477238e-09,1,1,"all"
1266,"chr7",71000001,72000000,500,417,375.944980193256,2.11740590961428,4.48340778606949,0.000255398476727866,0.0390120884424661,0.118986869749522,"all"
1267,"chr7",72000001,73000000,500,148,196.033780824841,-3.43068871580113,11.7696250647252,0.000670459716497072,0.00040655432170809,0.00338554135886318,"all"
1268,"chr7",73000001,74000000,500,231,222.460298194111,0.572553993933399,0.327818075969087,1.86742409437986e-05,0.584415908212871,0.761168937251708,"all"
1269,"chr7",74000001,75000000,476,45,159.611697912896,-9.07186518521155,82.2987379386534,0.00468816875669138,1.53121392316792e-26,5.48748789715305e-24,"all"
1270,"chr7",75000001,76000000,500,216,198.824941496937,1.2180434855774,1.48362993275755,8.45153603987321e-05,0.238687913010492,0.428770831203685,"all"
1271,"chr7",76000001,77000000,500,118,202.580630306222,-5.9425378724475,35.3137563654729,0.00201165720666859,1.59165773149677e-10,1.0140628258225e-08,"all"
1272,"chr7",77000001,78000000,500,262,261.57657815465,0.0261802526562628,0.000685405629145755,3.9044307807208e-08,0.995551713139412,1,"all"
1273,"chr7",78000001,79000000,500,309,346.807103976876,-2.03015603845677,4.12153354048248,0.000234784217329661,0.0421723601851022,0.125684154522545,"all"
1274,"chr7",79000001,80000000,500,326,319.517911218977,0.362633040034473,0.131502721724643,7.49108633802996e-06,0.73165608488548,0.867517781375795,"all"
1275,"chr7",80000001,81000000,500,222,243.252746465551,-1.36265585036097,1.85683096652298,0.0001057748531964,0.180449136420241,0.353138344107052,"all"
1276,"chr7",81000001,82000000,500,281,296.491297352958,-0.89966705028781,0.809400801373569,4.61077246587802e-05,0.38519822745097,0.586913717293931,"all"
1277,"chr7",82000001,83000000,500,254,329.278498531257,-4.14848249520862,17.2099070130524,0.000980366775785775,1.83347902905217e-05,0.000255173998849155,"all"
1278,"chr7",83000001,84000000,500,266,291.585446849903,-1.49833900104987,2.24501976206711,0.000127888127695509,0.138605277360013,0.297847611024553,"all"
1279,"chr7",84000001,85000000,498,388,288.888297062517,5.83122721113473,34.0032107878781,0.00193700164104278,3.37651859183585e-08,1.11269871296476e-06,"all"
1280,"chr7",85000001,86000000,500,402,345.852638020659,3.01914387797111,9.11522975589041,0.000519251405574206,0.00343681505840405,0.0189852577503746,"all"
1281,"chr7",86000001,87000000,500,265,307.524990664333,-2.42495687699672,5.88041585529369,0.000334979400409401,0.0144991784757193,0.0560987107825739,"all"
1282,"chr7",87000001,88000000,500,274,268.950146604517,0.307923530435667,0.0948169005959651,5.4012691095174e-06,0.774267665026222,0.892067254321529,"all"
1283,"chr7",88000001,89000000,500,287,290.348106180413,-0.196489670217152,0.0386081905020451,2.19932549389759e-06,0.874756702185532,0.952136471209537,"all"
1284,"chr7",89000001,90000000,500,302,298.05936032039,0.22825239519559,0.0520991559125237,2.96784180555908e-06,0.834800676216864,0.924796576009949,"all"
1285,"chr7",90000001,91000000,500,225,280.180511357204,-3.29660383088815,10.8675968178265,0.000619075445599553,0.000745215277839111,0.00549237069810985,"all"
1286,"chr7",91000001,92000000,500,210,259.263372081355,-3.05952180930036,9.36067370158456,0.000533233183017502,0.00180229906151931,0.011233024802991,"all"
1287,"chr7",92000001,93000000,500,232,261.392467659438,-1.81798173102257,3.3050575743318,0.000188273454091101,0.0701285673195797,0.184626815890941,"all"
1288,"chr7",93000001,94000000,500,269,305.763932606121,-2.10246528465824,4.42036027319306,0.000251806958954231,0.0350915730207214,0.109356021576531,"all"
1289,"chr7",94000001,95000000,500,245,321.128153992006,-4.2482112771716,18.047299055488,0.00102806902868515,1.10771296951556e-05,0.000164549900704721,"all"
1290,"chr7",95000001,96000000,500,259,318.826245828041,-3.35053931651352,11.2261137115029,0.000639498452583364,0.000615144184332599,0.00466565708063905,"all"
1291,"chr7",96000001,97000000,500,343,368.579345960892,-1.33236721689989,1.77520240066956,0.000101124860964772,0.189254211938385,0.365150897739317,"all"
1292,"chr7",97000001,98000000,500,273,282.535101590994,-0.567269088686145,0.32179421897881,1.83310903822719e-05,0.595797827727643,0.76770893127872,"all"
1293,"chr7",98000001,99000000,500,227,262.214573973763,-2.17467331586443,4.7292040307328,0.000269400322972477,0.0290080193724306,0.0957368115182686,"all"
1294,"chr7",99000001,100000000,500,274,239.303180861992,2.24292848561286,5.0307281915736,0.0002865767242837,0.0299008675015452,0.0978604875878198,"all"
1295,"chr7",100000001,101000000,464,242,246.928497320025,-0.313638174896297,0.0983689047522803,5.60360993911418e-06,0.785603087569403,0.897697908354515,"all"
1296,"chr7",101000001,101982000,491,258,251.009522349233,0.441226667343156,0.194680971974748,1.10900515997543e-05,0.675654328931494,0.82817484439786,"all"
1297,"chr7",102012001,103000000,330,136,155.643034818278,-1.5745039020914,2.47906253770104,0.000141220434556329,0.120196351670767,0.26985351624126,"all"
1298,"chr7",103000001,104000000,500,289,306.331193635652,-0.990222665792162,0.980540927848536,5.58567659448595e-05,0.336525331717722,0.542402495493314,"all"
1299,"chr7",104000001,105000000,500,230,269.974644196964,-2.43289361243485,5.9189713294263,0.000337175722901766,0.014108788580937,0.0552249740460879,"all"
1300,"chr7",105000001,106000000,500,233,248.074631973558,-0.957096086358546,0.916032918522846,5.21820506156586e-05,0.35551368830195,0.559110117587324,"all"
1301,"chr7",106000001,107000000,500,227,284.823766391045,-3.42624380889327,11.7391466379795,0.00066872350508483,0.000446284386708521,0.00362463834757317,"all"
1302,"chr7",107000001,108000000,500,255,253.295216964601,0.107116314203603,0.0114739047685649,6.53613933828917e-07,0.931379979906282,0.985665185691333,"all"
1303,"chr7",108000001,109000000,500,317,292.083536250226,1.45791722288319,2.12552262877945,0.000121080942788117,0.155886232373036,0.319918273595916,"all"
1304,"chr7",109000001,110000000,500,268,318.597395058412,-2.83469963664833,8.03552203001418,0.000457745577494748,0.00402847092066996,0.0213092733017726,"all"
1305,"chr7",110000001,111000000,500,249,307.814186267359,-3.35226063297789,11.2376513514133,0.00064015569720593,0.000607712805877541,0.00463381014481625,"all"
1306,"chr7",111000001,112000000,500,222,279.330817111559,-3.43027316409079,11.7667739802814,0.000670297303739033,0.000437523300447095,0.00356357756358472,"all"
1307,"chr7",112000001,113000000,500,217,295.703637410592,-4.57684780570149,20.9475358365546,0.00119328176225269,1.89759846891757e-06,3.67595595296396e-05,"all"
1308,"chr7",113000001,114000000,500,302,346.461228648221,-2.38865891255182,5.70569140051327,0.000325026176940262,0.016153563252247,0.0603835578437133,"all"
1309,"chr7",114000001,115000000,500,275,344.321511734512,-3.73582003483251,13.956351332656,0.000795027140318218,0.00012571339309862,0.0012780861631693,"all"
1310,"chr7",115000001,116000000,500,280,326.018058447087,-2.54863394419187,6.49553498148701,0.000370019819512941,0.0100576080667382,0.0430905812710722,"all"
1311,"chr7",116000001,117000000,500,240,256.649712054118,-1.03928901370592,1.08012165400983,6.15294076019652e-05,0.313254234088586,0.517040811244662,"all"
1312,"chr7",117000001,118000000,500,250,311.951642188444,-3.50759292055933,12.303208096358,0.000700855411019948,0.00032528869420223,0.00280904423577649,"all"
1313,"chr7",118000001,119000000,500,319,393.525754101276,-3.75681491382918,14.1136582967693,0.000803988171955372,0.000118038260108684,0.0012264961625035,"all"
1314,"chr7",119000001,120000000,500,369,370.779093180442,-0.0923934269983688,0.0085365453525029,4.86286499818687e-07,0.953906348951111,0.994139900931054,"all"
1315,"chr7",120000001,121000000,500,248,340.498719035182,-5.01277229509671,25.1278860824891,0.00143141648832377,1.69010805083735e-07,4.32637480513453e-06,"all"
1316,"chr7",121000001,122000000,498,291,307.139177283238,-0.920902779733635,0.848061929721136,4.83100657706525e-05,0.373189580714552,0.575543048901893,"all"
1317,"chr7",122000001,123000000,500,271,287.270933390319,-0.959989812806968,0.921580440693157,5.24980666417523e-05,0.352746871191429,0.557054196536654,"all"
1318,"chr7",123000001,124000000,500,248,263.364895789562,-0.946783488951915,0.896398974951962,5.10635979744009e-05,0.360493413267041,0.564156449692471,"all"
1319,"chr7",124000001,125000000,500,285,309.261236406593,-1.37959047039568,1.90326986600657,0.000108420257039852,0.174009657099261,0.345488702841814,"all"
1320,"chr7",125000001,126000000,500,392,368.680444973067,1.21449353600135,1.47499454898907,8.40234435431465e-05,0.235980045247887,0.425238711329788,"all"
1321,"chr7",126000001,127000000,500,358,346.22428506814,0.632861272417191,0.400513390125506,2.28153481967438e-05,0.540765020034833,0.726510455688784,"all"
1322,"chr7",127000001,128000000,500,209,254.780403463752,-2.86811529368104,8.22608533784711,0.000468601065298462,0.00353475399139152,0.0193031232253704,"all"
1323,"chr7",128000001,129000000,500,181,234.529102325724,-3.49535740671102,12.2175234006496,0.000695974360308743,0.000323212490252608,0.0027995474608889,"all"
1324,"chr7",129000001,130000000,500,195,241.169209042208,-2.97297669553695,8.83859043220578,0.000503492575406759,0.00244001978127487,0.0144835128631782,"all"
1325,"chr7",130000001,131000000,451,193,232.841989588978,-2.61102101240271,6.81743072720845,0.000388356693392198,0.00816318158284255,0.0364545819283639,"all"
1326,"chr7",131000001,132000000,500,241,282.657111319135,-2.47775974392103,6.13929334859558,0.00034972642334447,0.0123781187936249,0.0500947286612178,"all"
1327,"chr7",132000001,133000000,500,234,282.296810130219,-2.87452084518226,8.26287008938731,0.000470696518123291,0.00348832234593241,0.0191861641832321,"all"
1328,"chr7",133000001,134000000,500,190,271.239938973058,-4.93279161896914,24.3324331561722,0.00138610330795207,2.3250707218375e-07,5.65245584292797e-06,"all"
1329,"chr7",134000001,135000000,500,248,269.040029725642,-1.28273781506724,1.64541630220348,9.3731562511823e-05,0.208240589278185,0.39072367111293,"all"
1330,"chr7",135000001,136000000,500,247,264.733708004731,-1.08992077802574,1.18792730237223,6.76705840659858e-05,0.288852130422486,0.488289538868673,"all"
1331,"chr7",136000001,137000000,500,408,355.712045463953,2.7723775088265,7.68607705144703,0.000437839354486536,0.00711059399322842,0.0328278147803315,"all"
1332,"chr7",137000001,138000000,500,289,304.623856884524,-0.895171600980322,0.801332195201673,4.56480944346408e-05,0.387471028709516,0.588712003597687,"all"
1333,"chr7",138000001,139000000,500,213,258.572242597074,-2.83406266964536,8.03191121547738,0.000457539886516713,0.00397347440182201,0.0210572109242582,"all"
1334,"chr7",139000001,140000000,488,199,249.039850113925,-3.17089292529965,10.0545619437154,0.000572760705053359,0.00118673352013495,0.00794945093978246,"all"
1335,"chr7",140000001,141000000,489,211,239.473744155503,-1.83999069290658,3.38556574998283,0.00019285962300692,0.0666971944110347,0.177549541668001,"all"
1336,"chr7",141000001,142000000,500,255,271.604409024163,-1.00752310686028,1.0151028108574,5.78255924925442e-05,0.328634905651876,0.532622761763582,"all"
1337,"chr7",142000001,143000000,451,210,262.023704188257,-3.21388979491439,10.3290876138549,0.000588399130403418,0.0010152839923013,0.00701402218295859,"all"
1338,"chr7",143000001,144000000,476,142,224.871788717876,-5.526360676199,30.5406623234387,0.001739756677923,4.0714711400517e-09,1.82389183727004e-07,"all"
1339,"chr7",144000001,145000000,500,248,323.490272194328,-4.1972069046003,17.6165458000245,0.00100353105878806,1.43306314712315e-05,0.000207504648626367,"all"
1340,"chr7",145000001,146000000,480,449,380.840423346454,3.49265239426402,12.1986207471582,0.000694897565794801,0.000725891728381716,0.00539153260432741,"all"
1341,"chr7",146000001,147000000,500,422,401.896233409177,1.00281417774679,1.00563627508997,5.72863288497406e-05,0.327910872028787,0.532344547059191,"all"
1342,"chr7",147000001,148000000,500,313,357.399645756315,-2.34856425274358,5.515754049265,0.000314206346914258,0.0181151416919568,0.0660764773929263,"all"
1343,"chr7",148000001,149000000,500,264,250.797245511236,0.83368726269171,0.695034451974396,3.95928161741601e-05,0.420286329167149,0.619256314172467,"all"
1344,"chr7",149000001,150000000,500,165,230.386955369875,-4.30786587314485,18.5577083810061,0.00105714462708377,7.05400469223442e-06,0.00011622891639446,"all"
1345,"chr7",150000001,151000000,500,253,268.975870794655,-0.974109723374016,0.948889753171803,5.40537486453396e-05,0.345870927232718,0.552094241079183,"all"
1346,"chr7",151000001,152000000,500,221,247.167459582952,-1.6644314567981,2.77033207437906,0.000157812678566775,0.0986602561412666,0.236504142438973,"all"
1347,"chr7",152000001,153000000,471,221,248.314870367353,-1.73339595868757,3.00466154959442,0.00017116131734293,0.0848927680216194,0.212744447340844,"all"
1348,"chr7",153000001,154000000,500,351,353.12031405261,-0.112833702874095,0.0127314445042794,7.25250008049999e-07,0.938295046164183,0.988834542320393,"all"
1349,"chr7",154000001,155000000,451,370,322.446388940939,2.64822415501384,7.01309117519874,0.000399502541094894,0.0101901409552072,0.043474901962171,"all"
1350,"chr7",155000001,156000000,500,272,302.636538623221,-1.76107971922504,3.10140177746574,0.000176672149284965,0.0796704764653862,0.202316435807141,"all"
1351,"chr7",156000001,157000000,500,245,263.276537428145,-1.1263875495549,1.26874891179228,7.22746078170065e-05,0.272263080214707,0.467132406328885,"all"
1352,"chr7",157000001,158000000,491,303,346.819464963837,-2.35296430325206,5.53644101237848,0.000315384785084376,0.0178797530012286,0.065467754603477,"all"
1353,"chr7",158000001,159000000,488,273,248.782115816492,1.53541797104586,2.35750834581059,0.000134296068776984,0.135925618571648,0.293227049243727,"all"
1354,"chr7",159000001,159130000,65,27,5.98604248933472,8.58890802746269,73.769341104213,0.00420228947404123,5.63005900437751e-10,3.308723422835e-08,"all"
1355,"chr8",184001,1000000,408,169,207.615532410085,-2.67998341444499,7.18231110170023,0.00040914219769601,0.00650520508961231,0.0306750378156554,"all"
1356,"chr8",1000001,2000000,500,269,258.56179303782,0.649148007083168,0.421393135100049,2.40047682351204e-05,0.532325428899898,0.719894813516984,"all"
1357,"chr8",2000001,3000000,500,380,272.762445972915,6.49313767662021,42.1608368875449,0.00240170290824491,1.01103769869464e-09,5.4691416644482e-08,"all"
1358,"chr8",3000001,4000000,500,360,269.038478524034,5.54562522990651,30.7539591905756,0.00175190718877478,1.50140731613894e-07,3.91321343215486e-06,"all"
1359,"chr8",4000001,5000000,500,366,299.149328812395,3.86510908563526,14.9390682438602,0.000851007861714141,0.000202883618809798,0.0019133793918674,"all"
1360,"chr8",5000001,6000000,500,328,285.868719269924,2.49184682926996,6.20930062054277,0.000353714405582164,0.0157133960918881,0.0593160090618726,"all"
1361,"chr8",6000001,7000000,500,198,204.455535510471,-0.451474096727011,0.20382886001547,1.16111633929169e-05,0.684130804407344,0.833929853841775,"all"
1362,"chr8",7000001,7014000,7,0,2.22844218381755,-1.4927967657446,2.22844218381755,0.000126943781690239,0.215392140413278,0.399695318164963,"all"
1363,"chr8",8066001,9000000,467,154,163.330445484858,-0.730077234687076,0.533012768608327,3.03632093431349e-05,0.493878648937993,0.686022328733152,"all"
1364,"chr8",9000001,10000000,500,217,198.168455298294,1.33773066766612,1.78952333921444,0.000101940656909331,0.195478204180804,0.37387325642853,"all"
1365,"chr8",10000001,11000000,500,225,198.503410643253,1.88064138361984,3.53681201378354,0.000201475405293221,0.06898464590961,0.182387400484492,"all"
1366,"chr8",11000001,11996000,498,200,195.895719140594,0.293240937624577,0.085990247498941,4.89845654747705e-06,0.788228117614774,0.898616610087011,"all"
1367,"chr8",12230001,13000000,278,96,106.417898875008,-1.00988703683928,1.01987182717603,5.80972607327282e-05,0.336790970888355,0.542446323810809,"all"
1368,"chr8",13000001,14000000,500,265,242.587690959303,1.43897159754002,2.07063925852688,0.00011795449749716,0.162413751617468,0.328609898297305,"all"
1369,"chr8",14000001,15000000,500,298,263.604928581288,2.11845602144076,4.4878559147786,0.000255651865522908,0.0398576955360801,0.120667384479347,"all"
1370,"chr8",15000001,16000000,500,211,246.512354229319,-2.2618308297738,5.11587870251523,0.000291427345022384,0.0228892996038551,0.0797371079972873,"all"
1371,"chr8",16000001,17000000,500,263,217.794792454333,3.06312501372554,9.38273484971106,0.00053448990199004,0.00323447746255914,0.0180413363524456,"all"
1372,"chr8",17000001,18000000,500,183,176.785223038103,0.467414915358679,0.218476703099761,1.2445581538574e-05,0.659936187181185,0.818001318049484,"all"
1373,"chr8",18000001,19000000,500,190,186.70604315312,0.241067529826868,0.0581135539368277,3.31045353465834e-06,0.828876167434338,0.921437755732551,"all"
1374,"chr8",19000001,20000000,500,199,191.09351800937,0.571952955011961,0.327130182746915,1.86350549296154e-05,0.586191050763315,0.761299271487859,"all"
1375,"chr8",20000001,21000000,500,269,266.026286133782,0.182321087307889,0.0332409788771308,1.8935809043605e-06,0.871590379924115,0.949410949560197,"all"
1376,"chr8",21000001,22000000,500,233,220.94529720477,0.810987436629002,0.657700622370079,3.74660849763006e-05,0.434308399949486,0.632704361105272,"all"
1377,"chr8",22000001,23000000,500,204,172.825094812251,2.37138320346084,5.62345829765618,0.00032034174710286,0.0225298002641227,0.0787718748259023,"all"
1378,"chr8",23000001,24000000,500,191,193.283030547508,-0.164215769334484,0.0269668188981163,1.53617176875474e-06,0.907307631388807,0.968447870138388,"all"
1379,"chr8",24000001,25000000,500,236,214.342641441797,1.47928276565055,2.18827750075074,0.000124655790197385,0.151716724908917,0.313469231218958,"all"
1380,"chr8",25000001,26000000,500,226,189.681005327232,2.6370714513572,6.95414583956318,0.000396144704902007,0.0111964331483344,0.0467452084387533,"all"
1381,"chr8",26000001,27000000,500,217,183.771283059167,2.45117742653098,6.00827077633502,0.000342262688844055,0.0183025197050997,0.0665061140614967,"all"
1382,"chr8",27000001,28000000,500,171,172.558002537226,-0.118604347375414,0.0140669912163479,8.01329769726154e-07,0.945853706556783,0.99285016088191,"all"
1383,"chr8",28000001,29000000,500,144,166.428019912915,-1.7385120688816,3.022424213647,0.000172173172065526,0.0843364584901986,0.21172734368774,"all"
1384,"chr8",29000001,30000000,500,198,168.140974766461,2.30270787068781,5.30246353772759,0.000302056198110837,0.0267499650537918,0.0901200350284621,"all"
1385,"chr8",30000001,31000000,500,144,176.785040900091,-2.46577232061789,6.08003313712534,0.00034635065016874,0.0125822256232779,0.0506646641319352,"all"
1386,"chr8",31000001,32000000,500,280,243.645760000219,2.32903299388732,5.42439468661572,0.00030900203734243,0.0241775284602465,0.0825272759048842,"all"
1387,"chr8",32000001,33000000,500,265,251.057846243225,0.879919553178826,0.774258420066425,4.41058298763511e-05,0.39455351246539,0.594559094549555,"all"
1388,"chr8",33000001,34000000,500,281,246.051075874158,2.22803073092752,4.9641209379574,0.000282782424964003,0.0309215032431518,0.100171694687137,"all"
1389,"chr8",34000001,35000000,500,321,287.786067916715,1.95787702709938,3.83328245324352,0.000218363920067225,0.0570212521918,0.157192240417203,"all"
1390,"chr8",35000001,36000000,500,434,319.252467465892,6.4220875848428,41.243208947392,0.00234942999681219,1.28506066705033e-09,6.82272024524687e-08,"all"
1391,"chr8",36000001,37000000,500,349,281.503825536766,4.02287935215167,16.1835582819682,0.000921900556557416,0.000114235727005448,0.00119968435650044,"all"
1392,"chr8",37000001,38000000,500,279,268.549720805079,0.637698713489955,0.406659649186743,2.3165471423699e-05,0.539474646096459,0.725116648081832,"all"
1393,"chr8",38000001,39000000,500,281,248.515672592983,2.06061562084614,4.24613673687514,0.00024188227043404,0.0457253176566383,0.133090848448307,"all"
1394,"chr8",39000001,40000000,500,285,275.491867023274,0.572849918729778,0.328157029388713,1.86935495124556e-05,0.582457118226658,0.759738197432134,"all"
1395,"chr8",40000001,41000000,500,266,291.929774890261,-1.51760780084474,2.30313343718479,0.000131198588133266,0.133389181258691,0.28927895814574,"all"
1396,"chr8",41000001,42000000,500,269,267.028379792556,0.12065478506358,0.0145575771587387,8.29276124010507e-07,0.920210300637182,0.977892303111384,"all"
1397,"chr8",42000001,43000000,500,274,253.622664135615,1.27953854615023,1.63721889108424,9.32645948807563e-05,0.213983243618073,0.397766934419841,"all"
1398,"chr8",43000001,43760000,367,298,214.202641936135,5.72555927344468,32.7820289937283,0.00186743670630659,7.33731926422954e-08,2.10360943305461e-06,"all"
1399,"chr8",46908001,47000000,41,33,28.6754007533624,0.80759034890283,0.652202171640994,3.71528643174672e-05,0.4655471136251,0.661081513008005,"all"
1400,"chr8",47000001,48000000,500,441,343.250448492335,5.27605381661748,27.8367438758439,0.00158572726867368,4.7737203915103e-07,1.04475239408092e-05,"all"
1401,"chr8",48000001,49000000,499,231,253.739450972783,-1.42753240935779,2.03784877976684,0.000116086579447744,0.159518236335019,0.325739874339388,"all"
1402,"chr8",49000001,50000000,500,329,299.903242123438,1.68017307107283,2.82298154875832,0.000160811869405218,0.101938114639207,0.241734139512494,"all"
1403,"chr8",50000001,51000000,500,470,352.7275465069,6.24419306339032,38.9899470128918,0.00222107235164587,3.15926002395459e-09,1.561654911841e-07,"all"
1404,"chr8",51000001,52000000,499,463,414.918098750298,2.36048063862423,5.57186884531984,0.000317402940692507,0.0213729930295247,0.0751857313075426,"all"
1405,"chr8",52000001,53000000,497,369,382.432554873973,-0.686880513777388,0.471804840207088,2.68764839718858e-05,0.511489989285376,0.702276594787306,"all"
1406,"chr8",53000001,54000000,500,325,362.57878158164,-1.97351986487318,3.89478065704905,0.000221867181051477,0.0484912300717088,0.139024356615589,"all"
1407,"chr8",54000001,55000000,500,258,314.573597049599,-3.18972071347548,10.1743182299746,0.000579582652676372,0.00113991327949739,0.00774438713819673,"all"
1408,"chr8",55000001,56000000,500,383,376.969459062388,0.310601241114201,0.0964731309816821,5.49561669907569e-06,0.769734257735778,0.89143511069422,"all"
1409,"chr8",56000001,57000000,500,442,340.459178541239,5.50310943162268,30.2842134164145,0.00172514800002936,1.58288489493045e-07,4.08840630068973e-06,"all"
1410,"chr8",57000001,58000000,500,427,363.792412322946,3.31392287932266,10.9820848500982,0.000625597285780279,0.00133678295137531,0.00867094280903397,"all"
1411,"chr8",58000001,59000000,495,340,341.013096834733,-0.054861215950471,0.00300975301556422,1.71451354010359e-07,0.98503140591381,1,"all"
1412,"chr8",59000001,60000000,498,311,315.226224738914,-0.238035327944871,0.0566608173498221,3.22769802163967e-06,0.840792598270147,0.928826666574014,"all"
1413,"chr8",60000001,61000000,492,410,399.468711492559,0.526914471148881,0.277638859906105,1.58157690051756e-05,0.61136518963506,0.779015110526096,"all"
1414,"chr8",61000001,62000000,500,312,308.321485962869,0.209493485467289,0.0438875204532334,2.50006388130609e-06,0.84916210244019,0.933134437599089,"all"
1415,"chr8",62000001,63000000,500,296,325.723966435144,-1.64695565166388,2.71246291854761,0.000154516147232997,0.102041664134831,0.241779711631869,"all"
1416,"chr8",63000001,64000000,500,341,378.365843319254,-1.92096223272133,3.69009589954171,0.000210207261237978,0.0550300073260867,0.153324617107765,"all"
1417,"chr8",64000001,65000000,500,479,415.708568093795,3.10420528079792,9.63609042533371,0.000548922367465429,0.0025728181450962,0.0149317198825725,"all"
1418,"chr8",65000001,66000000,500,442,435.51024232976,0.310977733381058,0.0967071506588205,5.50894769012478e-06,0.768502118375108,0.891180806668013,"all"
1419,"chr8",66000001,67000000,500,290,317.202148953002,-1.52733798895111,2.33276133249321,0.000132886348803605,0.130642078694322,0.285916671463069,"all"
1420,"chr8",67000001,68000000,500,280,280.359401144952,-0.0214645552626093,0.000460727132621607,2.62454395124102e-08,1,1,"all"
1421,"chr8",68000001,69000000,500,310,307.586570693071,0.137610285890784,0.0189365907829433,1.0787277604794e-06,0.905683317602475,0.968052244585799,"all"
1422,"chr8",69000001,70000000,500,358,311.625239663908,2.62703201490625,6.90129720734237,0.000393134168985938,0.0108406407478204,0.0458304947234001,"all"
1423,"chr8",70000001,71000000,500,317,315.678871588897,0.0743570710602376,0.00552897401665722,3.14959425754166e-07,0.955679979646328,0.994139900931054,"all"
1424,"chr8",71000001,72000000,500,292,316.279472334313,-1.36522345564097,1.86383508383226,0.000106173844538917,0.17865279623245,0.351060703768632,"all"
1425,"chr8",72000001,73000000,500,367,435.065828840058,-3.26325979509972,10.6488644903143,0.000606615302350633,0.000897404955236536,0.00638426800660831,"all"
1426,"chr8",73000001,74000000,500,378,393.832004970113,-0.797774984747957,0.636444926289604,3.62552487865586e-05,0.441763047556714,0.640310746888322,"all"
1427,"chr8",74000001,75000000,500,286,299.542643830839,-0.782481588263787,0.612277435971818,3.48785414897841e-05,0.453581569754472,0.650102117958549,"all"
1428,"chr8",75000001,76000000,500,286,326.310083570708,-2.23150801622976,4.97962802649767,0.000283665790247878,0.0249835999771274,0.0847668415792002,"all"
1429,"chr8",76000001,77000000,500,348,400.533187487128,-2.62491049517404,6.89015510767481,0.000392499456414959,0.00802577069529066,0.0358968558243343,"all"
1430,"chr8",77000001,78000000,500,422,441.354821578718,-0.921287618260441,0.848770875559995,4.83504510525556e-05,0.370252122424101,0.573171077208368,"all"
1431,"chr8",78000001,79000000,500,410,446.893833853486,-1.74522572696987,3.04581283807751,0.000173505511066871,0.0822506987971192,0.207559531848164,"all"
1432,"chr8",79000001,80000000,500,392,361.938024597236,1.58015761800503,2.49689809773933,0.000142236441817485,0.123058955405833,0.274560330854882,"all"
1433,"chr8",80000001,81000000,500,291,362.700915301542,-3.76487337408229,14.1742715228737,0.000807441019957449,0.000111948120446903,0.00117998257838702,"all"
1434,"chr8",81000001,82000000,500,299,314.661743341434,-0.882913445194004,0.779536151704345,4.44064772154335e-05,0.394072214732024,0.594559094549555,"all"
1435,"chr8",82000001,83000000,495,294,369.955927603603,-3.94899584503364,15.594568184093,0.000888348584266933,4.90372519164474e-05,0.000598254473380658,"all"
1436,"chr8",83000001,84000000,500,389,433.087112302562,-2.11847831761089,4.48795038218747,0.000255657246883132,0.0337544110961305,0.10669668865778,"all"
1437,"chr8",84000001,85000000,500,444,508.83961486236,-2.874418298546,8.26228055501605,0.000470662935146328,0.0036350026283878,0.0196633066709204,"all"
1438,"chr8",85000001,86000000,500,412,456.277506579782,-2.07285358246771,4.29672197434921,0.00024476387148669,0.0379247139389187,0.116164695366325,"all"
1439,"chr8",86000001,87000000,358,221,235.985856937604,-0.975525428604869,0.951649861854712,5.4210978945784e-05,0.346238383488096,0.552094241079183,"all"
1440,"chr8",87000001,88000000,500,297,329.532356535323,-1.79211754330524,3.21168528902241,0.000182954477862635,0.0742539365532699,0.192149328299894,"all"
1441,"chr8",88000001,89000000,500,407,416.878190832115,-0.483807753554565,0.234069942399514,1.3333854422603e-05,0.650648559579112,0.813434252774231,"all"
1442,"chr8",89000001,90000000,500,374,407.322955672219,-1.65110264130778,2.72613993213354,0.000155295261826786,0.1008882368841,0.240038651574037,"all"
1443,"chr8",90000001,91000000,500,337,369.609409002949,-1.69617797185762,2.87701971221504,0.00016389016727384,0.0917053262156554,0.224418448850151,"all"
1444,"chr8",91000001,92000000,500,373,349.004709349246,1.28442979457345,1.649759897188,9.39789965163798e-05,0.210291960573109,0.39302936829407,"all"
1445,"chr8",92000001,93000000,500,470,387.316628465087,4.20131365816283,17.6510364542656,0.00100549582777068,5.16285460835826e-05,0.000622212752614875,"all"
1446,"chr8",93000001,94000000,500,450,408.154526937972,2.07126741549108,4.29014870647511,0.000244389423592972,0.0432314717410219,0.128041972604866,"all"
1447,"chr8",94000001,95000000,500,351,358.927646897191,-0.418447369669085,0.175098201182976,9.97451402900968e-06,0.700542022429935,0.846100357306816,"all"
1448,"chr8",95000001,96000000,500,271,315.106488472544,-2.48469914139272,6.17372982323771,0.000351688105972314,0.0121723493868215,0.0493608567072381,"all"
1449,"chr8",96000001,97000000,500,330,367.8410692494,-1.97302819425637,3.89284025533054,0.000221756645568917,0.0485492769755531,0.139051725363547,"all"
1450,"chr8",97000001,98000000,500,351,401.394664531913,-2.51535195208657,6.32699544286572,0.000360418921382274,0.0112012410873469,0.0467452084387533,"all"
1451,"chr8",98000001,99000000,500,330,353.973417892291,-1.27422062715933,1.62363820667831,9.24909677034619e-05,0.210254012604786,0.39302936829407,"all"
1452,"chr8",99000001,100000000,500,266,325.417093059111,-3.29375445385301,10.8488184022766,0.000618005728331873,0.00077010623720959,0.00560867446827403,"all"
1453,"chr8",100000001,101000000,497,260,327.262427349963,-3.71812907571999,13.8244838237144,0.000787515273782627,0.000134288125586577,0.00135564808470675,"all"
1454,"chr8",101000001,102000000,500,280,332.745145243066,-2.89152285021238,8.36090439330035,0.000476281067439608,0.00333502471900866,0.0184942279872299,"all"
1455,"chr8",102000001,103000000,500,299,338.933540992321,-2.16910485926328,4.70501589047956,0.000268022439346822,0.0295259522346769,0.0969655269837555,"all"
1456,"chr8",103000001,104000000,500,287,346.505831148588,-3.19671745065834,10.2190024593436,0.000582128101285812,0.00112339602820834,0.0076503002681076,"all"
1457,"chr8",104000001,105000000,495,300,420.104760744186,-5.85978148049817,34.3370389991894,0.0019560182508909,8.1030005546557e-10,4.52488754393196e-08,"all"
1458,"chr8",105000001,106000000,500,416,504.406787469363,-3.93636306776715,15.4949542012812,0.000882674048136188,5.59465572844836e-05,0.000660077282858496,"all"
1459,"chr8",106000001,107000000,498,532,539.618480967965,-0.327963097425732,0.10755979327308,6.12717126567504e-06,0.764234978125055,0.888629385207462,"all"
1460,"chr8",107000001,108000000,500,398,467.147740745359,-3.19926981608174,10.2353273560917,0.000583058053224416,0.00114918768736222,0.00774445977522976,"all"
1461,"chr8",108000001,109000000,500,409,507.037515721779,-4.35383785096525,18.9559040324977,0.0010798279447036,7.62929983701095e-06,0.000123577416004013,"all"
1462,"chr8",109000001,110000000,500,417,453.545456379251,-1.71602250614039,2.94473324158035,0.000167747485875886,0.0876725656002348,0.217249131871973,"all"
1463,"chr8",110000001,111000000,500,411,448.923396731436,-1.78986843533857,3.20362901582132,0.000182495550189348,0.0744688414770914,0.192517735360524,"all"
1464,"chr8",111000001,112000000,500,571,441.267635349805,6.1758579230299,38.1412210854511,0.00217272446107448,3.83895219885938e-09,1.75587920535767e-07,"all"
1465,"chr8",112000001,113000000,500,518,473.154218466717,2.06167516150373,4.25050447156143,0.000242131079562912,0.0438444538064621,0.129190184031991,"all"
1466,"chr8",113000001,114000000,500,469,427.876228356943,1.98808001404664,3.95246214225169,0.000225153021679655,0.0521447392191299,0.147434879034759,"all"
1467,"chr8",114000001,115000000,500,430,490.454823262731,-2.7298039065335,7.45182936812555,0.000424495375006636,0.00582079947924633,0.0283709248495409,"all"
1468,"chr8",115000001,116000000,500,386,473.213775110603,-4.00918776638001,16.0735865460911,0.000915635988361456,3.9499233688765e-05,0.000501752811125562,"all"
1469,"chr8",116000001,117000000,500,317,367.290798087018,-2.62411886685612,6.88599982739023,0.000392262749805679,0.00801570452737467,0.0358968558243343,"all"
1470,"chr8",117000001,118000000,500,339,352.462057851249,-0.717059619420361,0.514174497803273,2.92900824054633e-05,0.492846140266733,0.68593860879962,"all"
1471,"chr8",118000001,119000000,500,306,404.145128907917,-4.88202585880163,23.8341764860078,0.00135771998868879,4.04377577125354e-07,9.03583926413295e-06,"all"
1472,"chr8",119000001,120000000,500,310,378.65980151177,-3.52840104588089,12.4496139405734,0.00070919545756063,0.000308910891403398,0.00268378038076831,"all"
1473,"chr8",120000001,121000000,500,277,367.453676526061,-4.71872779283616,22.2663919828844,0.00126841074156222,9.69736628959287e-07,1.98588208230448e-05,"all"
1474,"chr8",121000001,122000000,500,311,382.157871767094,-3.64000135747943,13.2496098824521,0.000754767431981323,0.000194106540649301,0.00184272666238922,"all"
1475,"chr8",122000001,123000000,500,337,389.316471698461,-2.65147207436248,7.03030416112408,0.00040048308326171,0.0073792223859293,0.0337106862012279,"all"
1476,"chr8",123000001,124000000,500,338,389.663754626397,-2.61722439443334,6.84986353081698,0.000390204236384689,0.00820968767361589,0.0366052481496995,"all"
1477,"chr8",124000001,125000000,500,267,339.112297136674,-3.91595381301847,15.3346942656939,0.00087354479972013,5.57915352261401e-05,0.000660077282858496,"all"
1478,"chr8",125000001,126000000,500,269,376.597393112514,-5.54450902327824,30.7415803092139,0.00175120202261675,6.31354627199538e-09,2.6619025237957e-07,"all"
1479,"chr8",126000001,127000000,500,319,365.064706425367,-2.41092324080582,5.81255087305762,0.000331113454255649,0.015173244558402,0.0579250228348049,"all"
1480,"chr8",127000001,128000000,498,305,408.387392535654,-5.11601040673536,26.1735624818245,0.0014909837131411,1.02302425208459e-07,2.84758303954032e-06,"all"
1481,"chr8",128000001,129000000,500,347,357.632075460055,-0.562211621618033,0.316081907482379,1.80056870898663e-05,0.596476624170704,0.767829029028808,"all"
1482,"chr8",129000001,130000000,500,320,355.509559203492,-1.88330057851505,3.54682106903511,0.000202045573697861,0.0601645011963128,0.163469184937346,"all"
1483,"chr8",130000001,131000000,500,322,378.225609604939,-2.89107066500265,8.35828959003884,0.000476132114499836,0.00337185913495642,0.0186623940925098,"all"
1484,"chr8",131000001,132000000,500,351,352.754790348909,-0.0934305223986848,0.00872926251569114,4.97264682546237e-07,0.953775305109796,0.994139900931054,"all"
1485,"chr8",132000001,133000000,500,413,474.11596928279,-2.8068061029357,7.87816049947709,0.000448781437467242,0.00452925494776114,0.0232712794538193,"all"
1486,"chr8",133000001,134000000,500,321,447.817229969745,-5.9927734938126,35.9133341481428,0.00204581230914434,3.3694279015132e-10,2.10003256383442e-08,"all"
1487,"chr8",134000001,135000000,500,309,348.369213554787,-2.10929272755407,4.44911581051248,0.00025344502552754,0.0345116625172144,0.108203211393001,"all"
1488,"chr8",135000001,136000000,500,295,372.425692342656,-4.01204024332516,16.0964669140606,0.000916939374402881,3.66320693383047e-05,0.000472565463209959,"all"
1489,"chr8",136000001,137000000,500,397,481.568718835236,-3.85372408225939,14.851189302186,0.000846001815217591,8.02823916184288e-05,0.000897281871305757,"all"
1490,"chr8",137000001,138000000,500,525,560.347848686197,-1.49325553354363,2.22981208845868,0.000127021818660173,0.138690812946557,0.297847611024553,"all"
1491,"chr8",138000001,139000000,500,604,551.577766016815,2.23209229733476,4.98223602382118,0.000283814355485644,0.0289327264425938,0.0957368115182686,"all"
1492,"chr8",139000001,140000000,500,486,512.279412182262,-1.16108013684905,1.3481070841854,7.67952665016983e-05,0.253737049829377,0.445204480942976,"all"
1493,"chr8",140000001,141000000,500,399,424.81742525297,-1.25259815335531,1.56900213378913,8.93786097703638e-05,0.217694343883841,0.402501981277215,"all"
1494,"chr8",141000001,142000000,500,267,304.17181532997,-2.13134760872573,4.54264262922089,0.000258772804790793,0.0325620680026396,0.10384365846893,"all"
1495,"chr8",142000001,143000000,476,344,398.232823648431,-2.71765103837476,7.3856271663794,0.000420724149570812,0.00599098051881766,0.028916062537795,"all"
1496,"chr8",143000001,144000000,500,309,437.60690036913,-6.14783482067945,37.7958729823587,0.00215305161763055,1.06065187498874e-10,7.24021172760174e-09,"all"
1497,"chr8",144000001,145000000,496,253,371.126796098211,-6.13178994221641,37.5988478954663,0.00214182803292209,9.72332903379815e-11,6.79921569265836e-09,"all"
1498,"chr8",145000001,146000000,451,237,292.697587637092,-3.25556832201267,10.5987250992924,0.00060375909905571,0.000879183758994438,0.00628583500507993,"all"
1499,"chr8",146000001,146306000,153,92,91.2931794079466,0.0739758607907445,0.00547242797973161,3.11738266228889e-07,0.9688130651551,0.99885471938685,"all"
1500,"chr9",10001,1000000,495,191,201.247415769272,-0.722352534783672,0.521793184508397,2.97240828515528e-05,0.495924744617114,0.687251811757795,"all"
1501,"chr9",1000001,2000000,500,223,271.315485253463,-2.9332498346008,8.60395459218562,0.000490126484480765,0.00283890415691408,0.0162782764357453,"all"
1502,"chr9",2000001,3000000,500,201,218.592516785974,-1.18989962837291,1.41586112560199,8.06548928831575e-05,0.245955534409225,0.435818613814122,"all"
1503,"chr9",3000001,4000000,500,191,231.257133016026,-2.64725193230425,7.00794279308856,0.000399209262184901,0.00727656469316061,0.0334325496398902,"all"
1504,"chr9",4000001,5000000,500,207,198.716424061625,0.587625963445125,0.345304272914811,1.9670346646603e-05,0.5752314859817,0.755815155962206,"all"
1505,"chr9",5000001,6000000,500,179,192.167072440814,-0.949838432168717,0.902193047224726,5.1393658790442e-05,0.361806755677633,0.565902874265015,"all"
1506,"chr9",6000001,7000000,500,193,190.657717734235,0.16963366106991,0.028775578967981,1.63920825096922e-06,0.884500142558591,0.955846931291173,"all"
1507,"chr9",7000001,8000000,500,258,267.556363731891,-0.584231580440245,0.341326539583707,1.94437540451559e-05,0.58466734020092,0.761168937251708,"all"
1508,"chr9",8000001,9000000,500,300,337.503976145869,-2.04144586100852,4.16750120342882,0.000237402777062664,0.0409953262581895,0.122686430461617,"all"
1509,"chr9",9000001,10000000,500,257,318.44687393321,-3.44335102663824,11.8566662926506,0.000675418042414638,0.000424536872230028,0.00348752783003865,"all"
1510,"chr9",10000001,11000000,500,324,320.126628856243,0.216485200485206,0.0468658420291199,2.66972473527762e-06,0.843426561201394,0.930327928721356,"all"
1511,"chr9",11000001,12000000,500,320,341.855688646305,-1.18206971183363,1.39728880363443,7.95969157893603e-05,0.246756718966952,0.436708747237186,"all"
1512,"chr9",12000001,13000000,500,271,243.452107983824,1.76555642761006,3.11718949907518,0.000177571500903746,0.0866555046080363,0.215473834962047,"all"
1513,"chr9",13000001,14000000,500,195,212.060180230516,-1.17153171978797,1.37248657046935,7.81840502031664e-05,0.253913848983989,0.445242204915655,"all"
1514,"chr9",14000001,15000000,500,217,221.239180705386,-0.285003969639175,0.0812272627100876,4.62713189493689e-06,0.809664715488158,0.910291286378561,"all"
1515,"chr9",15000001,16000000,500,227,211.974057335768,1.03204912751341,1.06512540160118,6.06751422296079e-05,0.318302738235316,0.5223085586649,"all"
1516,"chr9",16000001,17000000,500,296,280.749733115202,0.910160048048506,0.828391313063659,4.71895240375923e-05,0.377430550120858,0.579160355971749,"all"
1517,"chr9",17000001,18000000,500,274,285.245150110238,-0.665818905693466,0.443314815178845,2.52535423744784e-05,0.528474096505047,0.717733412922772,"all"
1518,"chr9",18000001,19000000,500,248,249.440975054372,-0.0912373294410378,0.00832425028353246,4.74193056656913e-07,0.9608776611633,0.996325656604712,"all"
1519,"chr9",19000001,20000000,500,212,209.347857891442,0.183300027557506,0.0335989001025824,1.9139699789508e-06,0.872884963956729,0.950460004429906,"all"
1520,"chr9",20000001,21000000,500,190,208.134304699104,-1.25698204842987,1.58000387007495,9.00053265052298e-05,0.219261207747127,0.404258445409011,"all"
1521,"chr9",21000001,22000000,500,230,224.416822899673,0.372695113964418,0.13890164797295,7.91256807322051e-06,0.726984856712956,0.86426357103078,"all"
1522,"chr9",22000001,23000000,500,261,229.041089282922,2.1117148220777,4.45933948978265,0.000254027420044556,0.0409135917093455,0.122569767430192,"all"
1523,"chr9",23000001,24000000,500,277,274.139476920193,0.172766552163439,0.0298482815464423,1.70031502902593e-06,0.878855436633717,0.952945481043943,"all"
1524,"chr9",24000001,25000000,500,282,290.142917379728,-0.478050791481726,0.228532559236304,1.30184159676543e-05,0.65931674850312,0.817982942612501,"all"
1525,"chr9",25000001,26000000,500,237,293.66280695511,-3.30653871394592,10.9331982668231,0.000622812449000616,0.000721998504624053,0.00537654470846015,"all"
1526,"chr9",26000001,27000000,500,261,262.012764831052,-0.0625672960739849,0.00391466653800968,2.22999985370888e-07,0.982939489599797,1,"all"
1527,"chr9",27000001,28000000,500,269,255.744110250236,0.828907488189603,0.687087623976797,3.91401230750155e-05,0.422849847418669,0.621945129384332,"all"
1528,"chr9",28000001,29000000,500,325,274.967318729635,3.01726349313862,9.10387898702708,0.000518604806108864,0.00357595495429951,0.019454009210582,"all"
1529,"chr9",29000001,30000000,500,337,293.405343835514,2.54506715909366,6.47736684429706,0.000368984866908872,0.013614098191161,0.0536148619698607,"all"
1530,"chr9",30000001,31000000,500,314,292.686935817374,1.24578823109949,1.55198831674599,8.84094133101073e-05,0.22544017056874,0.411155832710291,"all"
1531,"chr9",31000001,32000000,500,253,273.667422681373,-1.2493231009568,1.56080821058433,8.89118408292393e-05,0.220822577747462,0.406023675617941,"all"
1532,"chr9",32000001,33000000,500,196,225.092518201866,-1.93910258268934,3.76011882619247,0.000214196135249885,0.0527383791571766,0.148527439139121,"all"
1533,"chr9",33000001,34000000,500,201,189.605106523497,0.82753287294054,0.684810655797225,3.90104149975063e-05,0.426138069661691,0.625569813476738,"all"
1534,"chr9",34000001,35000000,500,209,209.664963954916,-0.0459235203879863,0.00210896972482579,1.20138002360454e-07,1,1,"all"
1535,"chr9",35000001,36000000,495,180,200.318038897287,-1.43556135100164,2.06083639248965,0.000117396074714103,0.157849031611681,0.32348332639792,"all"
1536,"chr9",36000001,37000000,500,230,209.856155846727,1.39053362828421,1.93358377138924,0.000110147096450369,0.177984631566633,0.350227823405311,"all"
1537,"chr9",37000001,38000000,500,226,218.562206441441,0.503102629102464,0.253112255409812,1.44186046769332e-05,0.632613127561601,0.798635771342629,"all"
1538,"chr9",38000001,39000000,500,168,215.17046735444,-3.21572459712665,10.3408846845654,0.000589071153568179,0.000978368888301684,0.00681065679981,"all"
1539,"chr9",39000001,39976000,464,7,174.459628025699,-12.678347498742,160.740495298858,0.00915662362352304,3.47766733817583e-64,4.98523612927505e-61,"all"
1540,"chr9",40024001,40816000,348,5,137.539316047929,-11.3013752373968,127.721082256445,0.00727566427387762,1.57535152136845e-51,1.50551093725445e-48,"all"
1541,"chr9",43488001,43686000,99,13,36.3963572834783,-3.87810251347839,15.0396791050474,0.000856739185277731,1.50167025312803e-05,0.000216346161593872,"all"
1542,"chr9",44102001,44908000,366,37,133.79704193127,-8.36833061177953,70.0289572280463,0.00398921754529126,7.45446273155042e-23,2.37466051681723e-20,"all"
1543,"chr9",66250001,66346000,48,5,22.8715087608436,-3.73692009035374,13.9645717616894,0.000795495419170681,1.53646155993175e-05,0.000220183558377051,"all"
1544,"chr9",68142001,68308000,83,19,42.6341550858255,-3.61960559363754,13.1015446534922,0.000746332858162223,8.10895261893533e-05,0.00090109950226696,"all"
1545,"chr9",69120001,69142000,11,0,3.54944868860796,-1.88399805960833,3.54944868860796,0.000202195256722102,0.05748096048292,0.158003752353338,"all"
1546,"chr9",70956001,71000000,22,4,6.79391475198264,-1.07189712033911,1.14896343659129,6.54509974384203e-05,0.385270881041918,0.586913717293931,"all"
1547,"chr9",71000001,72000000,500,222,203.921989207645,1.26595600120119,1.60264459697731,9.1295061331681e-05,0.220432086274857,0.405838865820935,"all"
1548,"chr9",72000001,73000000,500,201,204.046016251503,-0.213239745756503,0.0454711891702982,2.59027797676194e-06,0.8674406034335,0.946558640605114,"all"
1549,"chr9",73000001,74000000,500,290,230.774827717485,3.8986308497102,15.1993225023121,0.000865833312429796,0.000193315326240651,0.00184131242635198,"all"
1550,"chr9",74000001,75000000,500,263,216.726225950925,3.14325190533013,9.8800325403615,0.000562818592738859,0.00253244489492785,0.0148476881671946,"all"
1551,"chr9",75000001,76000000,500,239,243.301989872683,-0.275801455166797,0.0760664426721225,4.3331444551911e-06,0.815243521722762,0.914795763905737,"all"
1552,"chr9",76000001,77000000,500,303,292.433518147874,0.617898067468245,0.381798021780993,2.17492224293217e-05,0.551826990630503,0.735854875412861,"all"
1553,"chr9",77000001,78000000,500,283,247.549644924424,2.25314652634502,5.07666926918064,0.000289193769576017,0.0290863943077111,0.0958409993566132,"all"
1554,"chr9",78000001,79000000,500,335,259.986382842909,4.65226887714664,21.6436057052672,0.00123293356120743,9.28310659086128e-06,0.00014464492715217,"all"
1555,"chr9",79000001,80000000,500,247,216.245265454965,2.09140758615143,4.37398569141177,0.00024916521898522,0.0430609035371246,0.127800838965773,"all"
1556,"chr9",80000001,81000000,500,231,195.978756266429,2.50165298578982,6.2582676613111,0.000356503825643609,0.0159535893599824,0.0598522681113388,"all"
1557,"chr9",81000001,82000000,500,253,239.437253836476,0.876499701006635,0.76825172586472,4.3763656997486e-05,0.396794125988092,0.596856641766978,"all"
1558,"chr9",82000001,83000000,500,241,222.013290489363,1.27426636293995,1.62375476372021,9.2497607405308e-05,0.216792048960965,0.401254231356415,"all"
1559,"chr9",83000001,84000000,500,255,221.707521104725,2.23591824620677,4.99933040372035,0.000284788141229697,0.0306118666873395,0.0997320702188663,"all"
1560,"chr9",84000001,85000000,500,238,206.014267767075,2.22847439144505,4.96609811332637,0.000282895055267012,0.0313669639174446,0.100968050252708,"all"
1561,"chr9",85000001,86000000,500,215,215.512616621006,-0.0349185606454461,0.0012193058775497,6.94580726649743e-08,1,1,"all"
1562,"chr9",86000001,87000000,500,195,201.289193112789,-0.443286699380723,0.196503097847856,1.11938494683854e-05,0.690473183685113,0.838968802556473,"all"
1563,"chr9",87000001,88000000,500,231,244.649590799061,-0.872664652295181,0.761543595365469,4.33815266196686e-05,0.402230670221241,0.601379106484099,"all"
1564,"chr9",88000001,89000000,500,185,202.00410931585,-1.19639278736004,1.43135570164713,8.15375453895322e-05,0.243739966641117,0.433260318281476,"all"
1565,"chr9",89000001,90000000,500,255,230.933212389926,1.58370733036197,2.50812890824223,0.000142876207823997,0.124468698381515,0.277058818524693,"all"
1566,"chr9",90000001,91000000,500,213,212.451260689042,0.0376475238696955,0.0014173360535193,8.07389125310098e-08,0.988204320379851,1,"all"
1567,"chr9",91000001,92000000,500,206,196.926154413908,0.646605931754197,0.418099230979713,2.38171301404025e-05,0.536298704119985,0.723221253392285,"all"
1568,"chr9",92000001,93000000,377,133,159.431517012005,-2.09331700060377,4.38197606501675,0.00024962039267108,0.035733647539099,0.110874856595884,"all"
1569,"chr9",93000001,94000000,500,247,209.315964867967,2.60469108165039,6.78441563082906,0.000386475979942371,0.0120601622346506,0.0491841893694783,"all"
1570,"chr9",94000001,95000000,500,204,206.849275895297,-0.198110503404464,0.03924777155917,2.23575939318313e-06,0.879156190220171,0.952945481043943,"all"
1571,"chr9",95000001,96000000,500,190,193.564991271911,-0.25623890204751,0.0656583749225136,3.74024620105729e-06,0.834551896805903,0.924796576009949,"all"
1572,"chr9",96000001,97000000,500,203,208.516952810755,-0.38205737230977,0.145967835736246,8.31509527510171e-06,0.735933332448015,0.870070459434417,"all"
1573,"chr9",97000001,98000000,500,164,182.832842889785,-1.39280006146765,1.93989201122428,0.000110506446953732,0.171646473838076,0.342218665155607,"all"
1574,"chr9",98000001,99000000,500,218,216.20532598229,0.122054102431861,0.0148972039204471,8.4862304977217e-07,0.92090671870154,0.978109011318988,"all"
1575,"chr9",99000001,100000000,500,196,197.45472178268,-0.103525224298156,0.0107174720659836,6.10523550530148e-07,0.955246178216307,0.994139900931054,"all"
1576,"chr9",100000001,101000000,500,181,190.300018106548,-0.67416217072539,0.45449463243717,2.58904035377087e-05,0.528206656707194,0.717710182359965,"all"
1577,"chr9",101000001,102000000,500,230,220.950923023576,0.608774387619293,0.370606255021245,2.11116805596719e-05,0.560139877051463,0.74210768369064,"all"
1578,"chr9",102000001,103000000,500,209,207.13014758782,0.129922889758294,0.0168799572831457,9.61571104627606e-07,0.915065765737223,0.974913991218364,"all"
1579,"chr9",103000001,104000000,500,251,228.477813088042,1.49000779957149,2.22012324278387,0.000126469891076364,0.14837970126573,0.309003152585953,"all"
1580,"chr9",104000001,105000000,500,284,273.258141130817,0.649819720922294,0.422265669699528,2.4054472392813e-05,0.531455246182988,0.719894813516984,"all"
1581,"chr9",105000001,106000000,500,331,295.355561897988,2.0740498768782,4.30168289177849,0.000245046471422958,0.043820140451988,0.129190184031991,"all"
1582,"chr9",106000001,107000000,500,333,271.376603530155,3.74075642146922,13.9932586047632,0.000797129572558635,0.000327472003825006,0.00281940611100989,"all"
1583,"chr9",107000001,108000000,500,226,210.12302360072,1.09529468051916,1.19967043717357,6.83395347578214e-05,0.289322012717091,0.488795645527342,"all"
1584,"chr9",108000001,109000000,500,212,194.241885224555,1.27416425213686,1.62349454142348,9.24827837753002e-05,0.217802017677388,0.402501981277215,"all"
1585,"chr9",109000001,110000000,500,192,205.842533343514,-0.964823824948813,0.930885013188858,5.30281040051592e-05,0.353122917102568,0.557184041460133,"all"
1586,"chr9",110000001,111000000,500,192,191.52112491489,0.0346030117490709,0.00119736842210634,6.82083998779199e-08,0.991602950143288,1,"all"
1587,"chr9",111000001,112000000,500,188,191.049590916251,-0.220632013950829,0.048678485579999,2.77298244098611e-06,0.862825963412985,0.943459813633226,"all"
1588,"chr9",112000001,113000000,500,199,195.408440786202,0.25692796159125,0.0660119774474347,3.760389259762e-06,0.816166044334807,0.915472632671319,"all"
1589,"chr9",113000001,114000000,500,195,226.919559576421,-2.11895105098481,4.48995355646963,0.000255771358220912,0.0335399913487567,0.106253210162304,"all"
1590,"chr9",114000001,115000000,500,191,183.394109862099,0.56163912806646,0.315438510175253,1.79690357969188e-05,0.593604889910069,0.76626079215316,"all"
1591,"chr9",115000001,116000000,500,153,186.414794556143,-2.44736422319687,5.98959164098401,0.000341198627098419,0.0133283184101916,0.0527794045331758,"all"
1592,"chr9",116000001,117000000,500,184,186.473716478724,-0.181151155617271,0.0328157411814726,1.86935712974517e-06,0.894543322059361,0.96194486129595,"all"
1593,"chr9",117000001,118000000,500,184,197.672619786526,-0.972475072614262,0.945707766856114,5.38724859771253e-05,0.349468711311825,0.555391793420732,"all"
1594,"chr9",118000001,119000000,500,272,242.544292209889,1.8913588391055,3.57723825826249,0.000203778296699136,0.0665811866674845,0.17740544811866,"all"
1595,"chr9",119000001,120000000,500,242,235.380516675288,0.431458308532609,0.18615627200182,1.06044398750273e-05,0.683287978668844,0.83361133397599,"all"
1596,"chr9",120000001,121000000,500,267,245.785477984271,1.35317866372919,1.83109249597192,0.00010430865460691,0.18889975915995,0.365150897739317,"all"
1597,"chr9",121000001,122000000,500,324,277.548221305496,2.78825907304611,7.77438865842395,0.000442870047873244,0.00700301298142026,0.0324880877309577,"all"
1598,"chr9",122000001,123000000,500,226,245.656926075881,-1.25415466473011,1.57290392306428,8.96008761991465e-05,0.219485870062179,0.404412589632563,"all"
1599,"chr9",123000001,124000000,500,174,180.859139195759,-0.510034303530615,0.260134990777959,1.48186566019579e-05,0.643226603871408,0.808120365161843,"all"
1600,"chr9",124000001,125000000,500,199,188.112944617575,0.793781716378173,0.630089413256278,3.5893205353307e-05,0.445724545994405,0.643126458664298,"all"
1601,"chr9",125000001,126000000,500,181,186.699755774292,-0.417142435356606,0.17400781137524,9.91239969339192e-06,0.711327593727975,0.85307599543242,"all"
1602,"chr9",126000001,127000000,500,185,191.90679570352,-0.498576073669299,0.248578101235494,1.41603154191575e-05,0.650558838621079,0.813434252774231,"all"
1603,"chr9",127000001,128000000,500,198,182.086254796595,1.17932585140805,1.39080946379933,7.92278185305232e-05,0.254749033919739,0.446160953114167,"all"
1604,"chr9",128000001,129000000,500,224,190.894752565699,2.39607188366832,5.74116047170587,0.000327046681695973,0.0209532087611886,0.0745320713626895,"all"
1605,"chr9",129000001,130000000,500,185,196.258190624349,-0.80362733858108,0.64581689931491,3.67891256384558e-05,0.445402719304688,0.643126458664298,"all"
1606,"chr9",130000001,131000000,500,202,182.828092291174,1.41789433010572,2.01042433134595,0.000114524338695618,0.170533921849793,0.340711326789796,"all"
1607,"chr9",131000001,132000000,500,202,176.301399205096,1.93544840542328,3.74596053005553,0.000213389604271892,0.0618515857417764,0.16673752850266,"all"
1608,"chr9",132000001,133000000,500,192,186.030424636085,0.437674708023182,0.191559150043178,1.0912216211143e-05,0.680894718545122,0.832741644326233,"all"
1609,"chr9",133000001,134000000,426,187,206.739405243264,-1.3728479254608,1.88471142644201,0.000107363070760709,0.177693852912645,0.34991024914905,"all"
1610,"chr9",134000001,135000000,500,191,196.695213826701,-0.406081437796945,0.164902134123234,9.39369244865638e-06,0.718746053848859,0.858602056826949,"all"
1611,"chr9",135000001,136000000,500,202,201.02783041909,0.0685668084677544,0.00470140722345372,2.67816870702301e-07,0.964070484388223,0.997110418016246,"all"
1612,"chr9",136000001,137000000,500,196,206.819476082704,-0.752333697170923,0.56600599189887,3.22426767868345e-05,0.476485705174578,0.671294602818435,"all"
1613,"chr9",137000001,138000000,476,209,230.640936658766,-1.42497700891109,2.03055947592519,0.00011567134238112,0.160610693430549,0.327271398767152,"all"
1614,"chr9",138000001,139000000,500,217,248.004490018813,-1.96876926286369,3.87605241039685,0.000220800321667948,0.0490571046252258,0.140226040838008,"all"
1615,"chr9",139000001,140000000,476,179,209.570124615971,-2.11170147497839,4.45928311942591,0.000254024208892698,0.0341538268492642,0.107485204804435,"all"
1616,"chr9",140000001,141000000,500,216,143.027760696044,6.10165297655848,37.230169046345,0.00212082614753484,1.64143692333586e-08,6.03146055360678e-07,"all"
1617,"chr9",141000001,141054000,27,5,4.95168316195078,0.0217131124410764,0.000471459251878827,2.68567974439533e-08,1,1,"all"
1618,"chr10",60001,1000000,470,172,254.554768215154,-5.17429927497972,26.7733729870557,0.00152515207271736,4.93483943124728e-08,1.50512602653042e-06,"all"
1619,"chr10",1000001,2000000,500,280,376.424106456398,-4.96989151602244,24.6998216810318,0.00140703168968616,2.32643805185037e-07,5.65245584292797e-06,"all"
1620,"chr10",2000001,3000000,500,406,423.997096911951,-0.874019281871542,0.763909705083246,4.35163126678101e-05,0.396699165846394,0.596856641766978,"all"
1621,"chr10",3000001,4000000,500,244,294.956493170721,-2.96702053145289,8.80321083406301,0.000501477167506326,0.0025422616017592,0.0148537851727621,"all"
1622,"chr10",4000001,5000000,500,261,290.320375022238,-1.7208014477077,2.96115762243291,0.000168683104952067,0.0871342820031046,0.216289165803377,"all"
1623,"chr10",5000001,6000000,500,221,253.553938982425,-2.0444117307637,4.17961932488424,0.000238093088965618,0.0406460151061677,0.122279250062311,"all"
1624,"chr10",6000001,7000000,500,263,287.120428175995,-1.42348523384607,2.0263102109778,0.000115429281911371,0.160379454844088,0.327032643697012,"all"
1625,"chr10",7000001,8000000,500,254,303.233907798284,-2.82732300317211,7.99375536426615,0.000455366328646764,0.00411461838157299,0.0216849465072974,"all"
1626,"chr10",8000001,9000000,500,269,256.361577916261,0.789344136678557,0.623064166108816,3.54930103441282e-05,0.445712764700783,0.643126458664298,"all"
1627,"chr10",9000001,10000000,500,318,295.138796611446,1.33071770873174,1.77080962033225,0.000100874625103954,0.195229936423392,0.37364768205999,"all"
1628,"chr10",10000001,11000000,500,365,401.099011720986,-1.80247610659971,3.24892011486284,0.000185075569285642,0.0724350611769911,0.188459754570065,"all"
1629,"chr10",11000001,12000000,500,311,319.537663887861,-0.477615074485718,0.228116159375998,1.29946956426011e-05,0.658357274529751,0.817982942612501,"all"
1630,"chr10",12000001,13000000,500,248,276.01481458107,-1.68624842124752,2.84343373815975,0.000161976933630495,0.093999452660291,0.228000364447593,"all"
1631,"chr10",13000001,14000000,500,237,266.088811376584,-1.78325179053219,3.17998694843628,0.000181148773744966,0.0758874219608096,0.195129362118064,"all"
1632,"chr10",14000001,15000000,500,250,301.705672200016,-2.97677802471082,8.86120740840127,0.000504780957268089,0.0024617287027693,0.0145221732321802,"all"
1633,"chr10",15000001,16000000,500,288,287.919161769695,0.0047641070637826,2.26967161151833e-05,1.29292426634796e-09,1,1,"all"
1634,"chr10",16000001,17000000,500,314,341.617330232287,-1.49421036903768,2.23266462693972,0.000127184314247822,0.139382117010842,0.298215320500064,"all"
1635,"chr10",17000001,17976000,488,213,256.017776967945,-2.68851771505994,7.22812750419114,0.000411752140838298,0.00641655903836335,0.0304574085479929,"all"
1636,"chr10",18024001,19000000,488,237,274.974813327701,-2.2900722791609,5.24443104378122,0.000298750362179367,0.0212165564638983,0.0750035356128193,"all"
1637,"chr10",19000001,20000000,500,336,278.304312684196,3.45846498620035,11.9609800607738,0.000681360303023449,0.000869139745446181,0.006260863442699,"all"
1638,"chr10",20000001,21000000,500,305,262.349039663887,2.63323170112849,6.93390919182805,0.000394991919063144,0.0108653152556788,0.0458304947234001,"all"
1639,"chr10",21000001,22000000,500,260,245.257211734703,0.941388166901538,0.886211680782239,5.04832761439821e-05,0.362078509244263,0.566019130863306,"all"
1640,"chr10",22000001,23000000,500,231,254.739199784821,-1.48736714955049,2.21226103756194,0.000126022018535383,0.141981585070106,0.300636044605608,"all"
1641,"chr10",23000001,24000000,500,262,275.515293097516,-0.814240336909332,0.662987326250222,3.77672434214671e-05,0.435220495020074,0.633711101687432,"all"
1642,"chr10",24000001,25000000,500,247,260.988066688393,-0.86585938580282,0.749712475982837,4.27075638635484e-05,0.405494877341663,0.604278083674458,"all"
1643,"chr10",25000001,26000000,500,300,285.619555189484,0.850899660649078,0.724030232492716,4.12445682630342e-05,0.409609727426514,0.608787500534897,"all"
1644,"chr10",26000001,27000000,500,352,344.138420135528,0.42378272612982,0.179591798966022,1.02304929815341e-05,0.685930977534593,0.835413811636227,"all"
1645,"chr10",27000001,28000000,500,229,235.302004342571,-0.410833533481732,0.168784192233086,9.61483488653717e-06,0.712207680871674,0.85307599543242,"all"
1646,"chr10",28000001,29000000,500,255,250.051108884488,0.312963367561422,0.0979460694353858,5.57952301662251e-06,0.771028840688733,0.892049556307783,"all"
1647,"chr10",29000001,30000000,500,220,237.16790758256,-1.11478060886452,1.24273580590034,7.07927645547441e-05,0.278179427142961,0.475292263181687,"all"
1648,"chr10",30000001,31000000,500,227,233.094161328189,-0.399161135436996,0.159329612043352,9.07625229628913e-06,0.721147357012454,0.860037218200793,"all"
1649,"chr10",31000001,32000000,500,257,252.520801507941,0.281871864822632,0.0794517481785879,4.52598925335917e-06,0.794694384713672,0.901782157999222,"all"
1650,"chr10",32000001,33000000,500,223,216.558274042688,0.437738609946661,0.191615090638035,1.09154028815053e-05,0.679447879253622,0.832113229312317,"all"
1651,"chr10",33000001,34000000,500,250,229.03260262217,1.38546599847945,1.91951603294265,0.000109345724114481,0.17899390747622,0.35149009091392,"all"
1652,"chr10",34000001,35000000,500,238,220.187243906704,1.20042503339436,1.44102026079986,8.20880894853698e-05,0.244823381725762,0.43434940309886,"all"
1653,"chr10",35000001,36000000,500,231,226.920575070685,0.270808322997698,0.0733371478048253,4.17766947167192e-06,0.804106168903068,0.906199837360493,"all"
1654,"chr10",36000001,37000000,500,305,279.852751559577,1.50323085608006,2.25970300667118,0.000128724562497838,0.143659478088444,0.302624337751337,"all"
1655,"chr10",37000001,38000000,500,457,323.161330157371,7.44512370513545,55.4298669847698,0.00315757661775158,2.79338101280876e-12,2.86022262990097e-10,"all"
1656,"chr10",38000001,38728000,364,200,192.464914543534,0.543140761033976,0.295001886296567,1.68048582656457e-05,0.60585062342928,0.77507352265939,"all"
1657,"chr10",42488001,43000000,110,57,64.0468981070456,-0.880539700234571,0.775350163689188,4.41680213323898e-05,0.41714299327003,0.617104727402051,"all"
1658,"chr10",43000001,44000000,500,259,247.431704766145,0.735430589605645,0.540858152127707,3.08101236315075e-05,0.478314321914774,0.673209210078379,"all"
1659,"chr10",44000001,45000000,500,219,275.583472786765,-3.40849777050908,11.6178570515653,0.000661814212624444,0.000476693122431352,0.00380690579947266,"all"
1660,"chr10",45000001,46000000,500,244,262.521956350013,-1.14315215758906,1.30679685540052,7.444201870262e-05,0.264856976372841,0.458818701668239,"all"
1661,"chr10",46000001,47000000,476,58,183.439742595963,-9.26165155956205,85.7781896107381,0.00488637661537865,5.11806289024327e-27,2.09621232947535e-24,"all"
1662,"chr10",47000001,48000000,402,109,172.350018757273,-4.82548622608325,23.2853173181192,0.00132645408513827,3.04472495905681e-07,6.98338116609269e-06,"all"
1663,"chr10",48000001,49000000,476,89,211.180435431029,-8.40765394522233,70.6886448626126,0.00402679682092797,3.1488803225927e-21,8.2071271680666e-19,"all"
1664,"chr10",49000001,50000000,451,165,205.6614015333,-2.83534524667631,8.03918266784992,0.000457954106669811,0.00387806250716479,0.0207046651918835,"all"
1665,"chr10",50000001,51000000,500,286,270.987624317398,0.911957701324797,0.831666849005608,4.7376115784308e-05,0.376735948218419,0.57914314399046,"all"
1666,"chr10",51000001,52000000,452,64,161.032239154804,-7.64644620576063,58.4681395775911,0.00333065259680966,5.26951289721832e-18,1.07912096259464e-15,"all"
1667,"chr10",52000001,53000000,500,243,233.695204534801,0.608670047444113,0.370479226655618,2.11044443561789e-05,0.55973039980973,0.74210768369064,"all"
1668,"chr10",53000001,54000000,500,291,242.047433437546,3.14648181170916,9.90034779141657,0.000563975856236043,0.0024565586616135,0.0145215539852493,"all"
1669,"chr10",54000001,55000000,500,325,233.75837089475,5.96773383372793,35.6138471102211,0.00202875195306372,1.99168365489627e-08,7.0495765908489e-07,"all"
1670,"chr10",55000001,56000000,500,358,287.800557031748,4.13797488980252,17.1228361886362,0.000975406763896511,7.2805722023338e-05,0.00083493602016364,"all"
1671,"chr10",56000001,57000000,500,410,324.914074636885,4.72034198627907,22.2816284674291,0.00126927869181994,6.26519701617432e-06,0.000104432092124255,"all"
1672,"chr10",57000001,58000000,500,340,321.62646815493,1.02451130636692,1.04962341687366,5.97920676857377e-05,0.31885175312867,0.522370272125655,"all"
1673,"chr10",58000001,59000000,500,315,292.600413271851,1.30949106084699,1.71476683843816,9.76821336308794e-05,0.202522280620516,0.383255035339288,"all"
1674,"chr10",59000001,60000000,500,349,286.274416831087,3.70726335526922,13.743801585322,0.000782919189338012,0.000364139200929179,0.00307960793234205,"all"
1675,"chr10",60000001,61000000,500,290,277.774321786735,0.73354525603658,0.538088642653772,3.06523578125865e-05,0.478563183371437,0.673228972878268,"all"
1676,"chr10",61000001,62000000,500,237,235.274739932977,0.112477827452487,0.0126512616684315,7.20682372199671e-07,0.927752346097134,0.98258809614351,"all"
1677,"chr10",62000001,63000000,500,207,231.827181241956,-1.63059173733679,2.658829413871,0.000151460900855779,0.106128683547494,0.246973162119046,"all"
1678,"chr10",63000001,64000000,500,224,234.370107352205,-0.677379646041939,0.458843184871903,2.61381199446911e-05,0.523242251650207,0.713088841145215,"all"
1679,"chr10",64000001,65000000,500,261,243.296137224472,1.13501193368846,1.28825208961522,7.33856113538266e-05,0.270942701948,0.465787287515632,"all"
1680,"chr10",65000001,66000000,500,212,242.998096068298,-1.98853658014964,3.95427773059322,0.00022525644713612,0.0467284086431298,0.135050753608723,"all"
1681,"chr10",66000001,67000000,500,263,311.467100419303,-2.74625555613528,7.5419195796039,0.000429627387055853,0.00538791268586178,0.0266790080662621,"all"
1682,"chr10",67000001,68000000,500,271,282.599738704199,-0.690021032163055,0.476129024827367,2.71228122600555e-05,0.512668670314711,0.702591337376805,"all"
1683,"chr10",68000001,69000000,500,249,269.434730976601,-1.2449219838686,1.54983074591932,8.82865067334903e-05,0.222605047493459,0.40780106783626,"all"
1684,"chr10",69000001,70000000,500,263,231.21152593177,2.09057109385642,4.37048749846804,0.000248965943525178,0.0429240986095383,0.127659118997455,"all"
1685,"chr10",70000001,71000000,500,236,208.009376437317,1.94075680461602,3.76653697466339,0.000214561746726935,0.060438554598391,0.163469184937346,"all"
1686,"chr10",71000001,72000000,500,243,235.847345225902,0.465748825209678,0.216921968184195,1.23570156645562e-05,0.658499663810058,0.817982942612501,"all"
1687,"chr10",72000001,73000000,500,210,249.729509514224,-2.5140752426772,6.3205743258424,0.000360053140800872,0.0110458694541722,0.0462989879022099,"all"
1688,"chr10",73000001,74000000,500,208,233.324997462166,-1.65793987027758,2.74876461345604,0.000156584082612657,0.100121724214092,0.239034339668811,"all"
1689,"chr10",74000001,75000000,500,251,216.206908524903,2.36623696954954,5.59907739606299,0.000318952882777937,0.0222900810829197,0.0781242817417248,"all"
1690,"chr10",75000001,76000000,500,186,215.38590272581,-2.0023057718323,4.00922840391293,0.000228386726363593,0.0451499365265587,0.131817584543425,"all"
1691,"chr10",76000001,77000000,500,211,226.486663961517,-1.02905019062689,1.05894429482924,6.0323033893857e-05,0.319290753170352,0.522492345513356,"all"
1692,"chr10",77000001,78000000,500,288,270.777859544956,1.04659956850145,1.09537065678742,6.23980709640435e-05,0.309607461528796,0.512768758533702,"all"
1693,"chr10",78000001,79000000,500,207,276.233937977226,-4.16562832073836,17.3524593065375,0.000988487303818781,1.57987720555415e-05,0.0002242330667487,"all"
1694,"chr10",79000001,80000000,500,227,239.689254725434,-0.819618651953746,0.671774734630476,3.82678203981311e-05,0.433464320839916,0.632502871305209,"all"
1695,"chr10",80000001,81000000,500,230,257.63020451549,-1.72141550498714,2.96327134081013,0.000168803513462631,0.0871303670174369,0.216289165803377,"all"
1696,"chr10",81000001,82000000,500,193,218.627248842589,-1.73320463222859,3.00399829717865,0.000171123534998616,0.08505128948196,0.212776655274676,"all"
1697,"chr10",82000001,83000000,500,225,246.546605542354,-1.37223770179231,1.88303631022023,0.000107267647334646,0.17720856108532,0.349420182002484,"all"
1698,"chr10",83000001,84000000,500,266,276.957487841747,-0.658422164019787,0.433519746072499,2.46955637455931e-05,0.533736495099071,0.721122776366182,"all"
1699,"chr10",84000001,85000000,500,222,272.445076922098,-3.05618265286267,9.34025240765871,0.000532069878760933,0.00183460770090617,0.0114095884566117,"all"
1700,"chr10",85000001,86000000,500,247,265.608951414087,-1.14182763121072,1.30377033939629,7.42696124406525e-05,0.265366807739793,0.459424298182358,"all"
1701,"chr10",86000001,87000000,500,258,252.41959287024,0.351240311754806,0.123369756601613,7.02778988969959e-06,0.742030293886644,0.874116847453905,"all"
1702,"chr10",87000001,88000000,500,269,272.143262875079,-0.19053813473651,0.0363047807888685,2.06811116763145e-06,0.880476078377592,0.954015463608676,"all"
1703,"chr10",88000001,89000000,500,211,187.491392705774,1.71686534203641,2.94762660268581,0.000167912306934826,0.097000958516259,0.233502727175579,"all"
1704,"chr10",89000001,90000000,500,159,170.667485872381,-0.893103699303262,0.797634217709172,4.54374381964344e-05,0.39448824079475,0.594559094549555,"all"
1705,"chr10",90000001,91000000,500,207,208.140614582297,-0.0790606723339833,0.00625058990990147,3.56066460561448e-07,0.973784997355423,1,"all"
1706,"chr10",91000001,92000000,500,229,214.699191766327,0.975990023257726,0.952556525498616,5.42626272732632e-05,0.345528115573639,0.552094241079183,"all"
1707,"chr10",92000001,93000000,500,250,224.693568782784,1.6882454308429,2.85017263476194,0.000162360816607272,0.101695592865487,0.241549188663145,"all"
1708,"chr10",93000001,94000000,500,192,182.206331938612,0.72554382070689,0.526413835765951,2.99872994379042e-05,0.487041288509582,0.680481176489752,"all"
1709,"chr10",94000001,95000000,500,192,182.03858811907,0.738310709830098,0.545102704249822,3.10519156339546e-05,0.479217768570494,0.673488893378238,"all"
1710,"chr10",95000001,96000000,500,189,184.608654133691,0.323200196243727,0.104458366851984,5.95049771255934e-06,0.7659820541988,0.889097388416179,"all"
1711,"chr10",96000001,97000000,500,232,200.931457898728,2.19177973253802,4.80389839596443,0.00027365530668366,0.0343014207403453,0.107831330331765,"all"
1712,"chr10",97000001,98000000,500,178,195.045578052518,-1.22051656846731,1.48966069390322,8.48589042572448e-05,0.234058615725023,0.422573080153426,"all"
1713,"chr10",98000001,99000000,500,189,197.603592654543,-0.61204368595066,0.374597473512071,2.13390413467081e-05,0.569670208190504,0.749194718753291,"all"
1714,"chr10",99000001,100000000,500,197,185.520761407462,0.842785050961472,0.710286642124132,4.04616611057119e-05,0.417686701729324,0.617590393944287,"all"
1715,"chr10",100000001,101000000,500,240,201.685334072548,2.6979126459178,7.27873264500319,0.00041463487568971,0.00940972698852516,0.0408692899388633,"all"
1716,"chr10",101000001,102000000,500,187,188.942131376353,-0.141290902608859,0.019963119160026,1.13720421328823e-06,0.925981930268912,0.981953650569048,"all"
1717,"chr10",102000001,103000000,500,211,209.179405601234,0.125879132111394,0.0158455559011178,9.02646164068783e-07,0.918176920528742,0.976450808585781,"all"
1718,"chr10",103000001,104000000,500,166,171.74075191998,-0.438058487911503,0.191895238831312,1.09313615953308e-05,0.697148332241836,0.843699564599976,"all"
1719,"chr10",104000001,105000000,500,164,168.083208004303,-0.314948351769334,0.09919246428222,5.65052421938439e-06,0.791423913873678,0.898974381187621,"all"
1720,"chr10",105000001,106000000,500,202,180.126037011662,1.62981843514383,2.65630813153469,0.000151317275359544,0.115320714655466,0.262400388029541,"all"
1721,"chr10",106000001,107000000,500,256,236.758798389073,1.25048684287258,1.56371734419742,8.90775603731297e-05,0.225080386621963,0.41076096018152,"all"
1722,"chr10",107000001,108000000,500,263,277.425099166363,-0.866055915518027,0.750052848803768,4.27269532887655e-05,0.404796893533387,0.603825543059428,"all"
1723,"chr10",108000001,109000000,500,287,251.26793184763,2.25418534019628,5.0813515479558,0.000289460496789747,0.0289765399998935,0.0957368115182686,"all"
1724,"chr10",109000001,110000000,500,315,224.901928736323,6.00784755406581,36.0942322328945,0.00205611721503135,1.67571183148126e-08,6.03146055360678e-07,"all"
1725,"chr10",110000001,111000000,500,341,255.523693246802,5.34724595948122,28.5930393511883,0.00162880983478763,4.06565491828793e-07,9.03583926413295e-06,"all"
1726,"chr10",111000001,112000000,500,284,223.312913851641,4.06105962982542,16.4922053169978,0.000939482714227314,0.000106573987696415,0.00114010306987173,"all"
1727,"chr10",112000001,113000000,500,207,192.799773446799,1.0226853003755,1.04588522360412,5.95791205454573e-05,0.323546859220462,0.527634602235736,"all"
1728,"chr10",113000001,114000000,500,258,247.283738687613,0.68146807656608,0.464398739378673,2.64545935348955e-05,0.511949104675782,0.702276594787306,"all"
1729,"chr10",114000001,115000000,500,196,191.44120434121,0.329482548988387,0.108558750087885,6.1840770973531e-06,0.760877412771714,0.887068272583909,"all"
1730,"chr10",115000001,116000000,500,236,200.573731905462,2.50143013389963,6.25715271478112,0.000356440312427998,0.0159196755794325,0.059818754765705,"all"
1731,"chr10",116000001,117000000,500,180,185.125418557628,-0.376700598572684,0.141903340965018,8.08356028592107e-06,0.74209989769892,0.874116847453905,"all"
1732,"chr10",117000001,118000000,500,264,195.165079978874,4.92728581788132,24.2781455310944,0.00138301079943809,3.28090446427804e-06,6.06861490263558e-05,"all"
1733,"chr10",118000001,119000000,500,224,209.084333862526,1.03153010451021,1.06405435651085,6.06141298707887e-05,0.318659668326462,0.522354070378484,"all"
1734,"chr10",119000001,120000000,500,213,227.864476158272,-0.984716684809433,0.96966694934208,5.52373269647271e-05,0.34175817039163,0.547691824769594,"all"
1735,"chr10",120000001,121000000,500,203,196.330555963238,0.475987649888939,0.226564242846795,1.29062903186868e-05,0.652806122069938,0.814799804951899,"all"
1736,"chr10",121000001,122000000,500,209,191.127982871601,1.29274073476988,1.67117860733337,9.51991188442219e-05,0.211258695688401,0.394578944976317,"all"
1737,"chr10",122000001,123000000,500,246,246.189045064645,-0.0120484445133075,0.000145165015190249,8.26936239638149e-09,1,1,"all"
1738,"chr10",123000001,124000000,500,243,194.519982195217,3.47600714185386,12.082625650219,0.000688289875287991,0.000890351601809197,0.0063498458765845,"all"
1739,"chr10",124000001,125000000,500,207,201.533286255303,0.385081752885477,0.148287956405352,8.44726154526688e-06,0.718744035020643,0.858602056826949,"all"
1740,"chr10",125000001,126000000,476,163,200.694614549922,-2.66079519354696,7.07983106200261,0.000403304395898212,0.00690441289203822,0.0321346619504441,"all"
1741,"chr10",126000001,127000000,500,203,184.630388429621,1.35191187070509,1.82766570615334,0.000104113446644241,0.191282151141456,0.367913732586754,"all"
1742,"chr10",127000001,128000000,500,202,203.202939600356,-0.0843876375314844,0.0071212733681452,4.05665167517914e-07,0.969978655348064,0.99885471938685,"all"
1743,"chr10",128000001,129000000,426,175,175.867439607939,-0.0654103582916242,0.00427851497183866,2.43726704909644e-07,0.987923421792508,1,"all"
1744,"chr10",129000001,130000000,500,240,211.753456775978,1.94110957849917,3.76790639574122,0.000214639756150563,0.0603193764182198,0.163469184937346,"all"
1745,"chr10",130000001,131000000,500,366,297.050801480973,4.00049616075269,16.003969532197,0.000911670237274048,0.000122379395328731,0.0012530775943124,"all"
1746,"chr10",131000001,132000000,500,227,273.490876990867,-2.81122959860065,7.90301185604836,0.000450197101380893,0.00430936889399958,0.022422796041918,"all"
1747,"chr10",132000001,133000000,500,364,343.845831291642,1.08688353050715,1.18131580888768,6.72939586405453e-05,0.289616906539613,0.488850866704622,"all"
1748,"chr10",133000001,134000000,452,301,256.510562139984,2.7778212257821,7.71629076240559,0.000439560486295935,0.00728861611475694,0.0334343398416131,"all"
1749,"chr10",134000001,135000000,500,245,267.014258934607,-1.34721479460592,1.81498770280508,0.000103391240925378,0.185313256497448,0.3601987161886,"all"
1750,"chr10",135000001,135438000,219,88,99.1211701534656,-1.11703627124382,1.24777003127429,7.10795404969203e-05,0.284756771200851,0.483767486994667,"all"
1751,"chr11",196001,1000000,401,177,167.629718680071,0.723730910372102,0.523786430628031,2.98376286290037e-05,0.488956125685929,0.682159227416817,"all"
1752,"chr11",1000001,2000000,461,174,209.068166903005,-2.42532034092742,5.88217875611631,0.000335079824507811,0.0142956105896093,0.0556112829856307,"all"
1753,"chr11",2000001,3000000,500,207,227.599252783718,-1.36541934360759,1.86436998389777,0.000106204315258614,0.179783650594498,0.352316969415191,"all"
1754,"chr11",3000001,4000000,500,162,174.509625846299,-0.946966524308551,0.896745598161018,5.10833434545837e-05,0.364364356141928,0.567845114235157,"all"
1755,"chr11",4000001,5000000,500,237,209.981786164912,1.86451474306473,3.47641522710572,0.000198034886818702,0.0711270955612317,0.186570341238839,"all"
1756,"chr11",5000001,6000000,500,264,242.312555315052,1.3932223273077,1.94106845330869,0.000110573463279405,0.176209940597817,0.347929682984809,"all"
1757,"chr11",6000001,7000000,500,260,206.602745669322,3.7149321136596,13.8007206090994,0.000786161596155154,0.000386742072595686,0.00324569111623447,"all"
1758,"chr11",7000001,8000000,500,211,217.881089232814,-0.466173326966801,0.217317570775296,1.23795512678245e-05,0.672234893184479,0.826210087112199,"all"
1759,"chr11",8000001,9000000,500,226,201.54510646915,1.72258097922928,2.96728523000251,0.000169032165692007,0.0955115024474096,0.230886574634674,"all"
1760,"chr11",9000001,10000000,500,172,175.980929973915,-0.300090145463591,0.090054095404359,5.12995468778059e-06,0.80207904616908,0.905338828884548,"all"
1761,"chr11",10000001,11000000,499,182,184.889895988327,-0.212532633230888,0.0451701201880553,2.57312750481652e-06,0.869849308653086,0.947874560208437,"all"
1762,"chr11",11000001,12000000,500,178,198.9447048065,-1.48493707874983,2.20503812784608,0.000125610563627197,0.143356410356473,0.302430337374547,"all"
1763,"chr11",12000001,13000000,500,200,189.098654378068,0.792749341127483,0.628451517858059,3.57999022210235e-05,0.446282125356089,0.64353762878525,"all"
1764,"chr11",13000001,14000000,500,203,215.264095575961,-0.835891149629865,0.698714014029537,3.98024233722447e-05,0.424978057328672,0.624186521701486,"all"
1765,"chr11",14000001,15000000,500,192,217.175618482108,-1.70834120067575,2.91842965792627,0.000166249095473254,0.0898515465471084,0.221309608204948,"all"
1766,"chr11",15000001,16000000,500,249,244.804870121527,0.268123811318578,0.0718903781960006,4.09525386909879e-06,0.805521643579454,0.907081913645834,"all"
1767,"chr11",16000001,17000000,500,195,232.704132256752,-2.47164960344329,6.10905176220136,0.000348003703603714,0.0125118558911261,0.0504521671446675,"all"
1768,"chr11",17000001,18000000,500,315,210.671596534656,7.18785931399486,51.6653215177827,0.00294312831777123,2.52303920462091e-11,2.06672954275661e-09,"all"
1769,"chr11",18000001,19000000,500,208,212.630191602772,-0.317531268055629,0.100826106193015,5.74358505066374e-06,0.785089266919248,0.897468472191979,"all"
1770,"chr11",19000001,20000000,500,226,239.180340822974,-0.852243897958588,0.726319661607648,4.13749861809284e-05,0.414246535802535,0.613769931858329,"all"
1771,"chr11",20000001,21000000,500,288,270.6060336664,1.0573770677836,1.11804626347465,6.36897927264033e-05,0.304609696056102,0.506563804288193,"all"
1772,"chr11",21000001,22000000,500,335,329.023643992345,0.329475333494272,0.108553995381162,6.1838062442627e-06,0.756374720327482,0.884030298890701,"all"
1773,"chr11",22000001,23000000,500,301,299.900407362613,0.0634955508765985,0.00403168498112271,2.29665971055481e-07,0.964715961830037,0.997352887040358,"all"
1774,"chr11",23000001,24000000,500,304,284.247704104782,1.1715723138885,1.37258168667006,7.81894685219837e-05,0.254637723814531,0.446160953114167,"all"
1775,"chr11",24000001,25000000,500,282,272.879839989405,0.55209870962194,0.304812985166211,1.73637500341168e-05,0.596694480877636,0.767829029028808,"all"
1776,"chr11",25000001,26000000,500,299,281.356989991221,1.05182581595651,1.10633754711259,6.30228026898061e-05,0.306906144884881,0.509496188410512,"all"
1777,"chr11",26000001,27000000,500,339,288.885807063801,2.94847627726724,8.69351235760766,0.000495228165603551,0.00436480445101616,0.0226291037270585,"all"
1778,"chr11",27000001,28000000,500,297,244.421165147788,3.3631137210256,11.3105339005506,0.000644307470347677,0.00122683704978331,0.00814199495770543,"all"
1779,"chr11",28000001,29000000,500,254,251.345529367913,0.167433494853099,0.0280339751987228,1.5969626016681e-06,0.883759847727118,0.955407045035312,"all"
1780,"chr11",29000001,30000000,500,353,281.278898101904,4.27640055519148,18.287601708442,0.00104175793106624,4.2479460893962e-05,0.000531828010406066,"all"
1781,"chr11",30000001,31000000,500,251,229.121959971555,1.44535674908958,2.0890561321388,0.00011900361943543,0.160907654288473,0.327398100423855,"all"
1782,"chr11",31000001,32000000,500,206,255.894111206169,-3.11902707572593,9.72832989911142,0.000554176812793869,0.00144614525530012,0.0092135521043232,"all"
1783,"chr11",32000001,33000000,500,270,260.318386500143,0.600060886515972,0.360073067526334,2.05116548270923e-05,0.564582237252445,0.74489520211816,"all"
1784,"chr11",33000001,34000000,500,242,222.619701104785,1.29890884172396,1.68716417910868,9.61097410485465e-05,0.207980204284258,0.39072367111293,"all"
1785,"chr11",34000001,35000000,500,203,218.793626758233,-1.06773760051009,1.14006358354305,6.49440150223474e-05,0.300699088615748,0.501223422710087,"all"
1786,"chr11",35000001,36000000,500,214,214.132540801336,-0.00905749821044881,8.20382738322834e-05,4.67333135193515e-09,1,1,"all"
1787,"chr11",36000001,37000000,500,220,236.760849667946,-1.08928390306152,1.18653942146894,6.75915230736573e-05,0.28992766640128,0.488929798957963,"all"
1788,"chr11",37000001,38000000,500,254,258.331779536045,-0.269511578382809,0.0726364908823931,4.13775637002321e-06,0.819183109512588,0.91727934451233,"all"
1789,"chr11",38000001,39000000,500,254,249.852062305691,0.262416268134626,0.0688622977817041,3.92275849010967e-06,0.809749357146523,0.910291286378561,"all"
1790,"chr11",39000001,40000000,500,303,298.930072137016,0.235397533627638,0.0554119988379751,3.15655875417747e-06,0.829226395519106,0.921469796881115,"all"
1791,"chr11",40000001,41000000,500,267,327.793101563503,-3.35779668608593,11.2747985850897,0.000642271798918798,0.000600295999409896,0.00460173430563682,"all"
1792,"chr11",41000001,42000000,500,338,322.237204573965,0.878102873858946,0.77106465707934,4.39238963470242e-05,0.393724604006407,0.59442255907655,"all"
1793,"chr11",42000001,43000000,500,341,326.342846580515,0.81135811647809,0.658301993174874,3.75003422187425e-05,0.431119287509924,0.629979101575409,"all"
1794,"chr11",43000001,44000000,500,238,262.015040778214,-1.48361158945539,2.20110334836635,0.000125386417902932,0.142963140319243,0.302072002388669,"all"
1795,"chr11",44000001,45000000,500,247,237.36205303533,0.625574283689485,0.391343184413612,2.22929650717075e-05,0.548419943804718,0.733016307173951,"all"
1796,"chr11",45000001,46000000,500,245,228.930157407753,1.06208706417912,1.12802893189663,6.42584579985148e-05,0.303670214678766,0.505294547582138,"all"
1797,"chr11",46000001,47000000,500,180,201.150770468986,-1.491301113228,2.22397901031508,0.000126689535864676,0.141528897994444,0.300636044605608,"all"
1798,"chr11",47000001,48000000,500,210,202.82736193933,0.503634700444787,0.25364791149211,1.444911846332e-05,0.632907679080354,0.798655948909936,"all"
1799,"chr11",48000001,49000000,368,159,193.84223194624,-2.50254425727412,6.26272775961569,0.000356757896289734,0.0113067437349472,0.0469123506339996,"all"
1800,"chr11",49000001,50000000,500,296,292.110895042221,0.227549447928983,0.0517787512527849,2.94958987177602e-06,0.835502392248934,0.925216438230087,"all"
1801,"chr11",50000001,50636000,310,235,232.320978408597,0.175764838631891,0.0308932784992949,1.75984354899975e-06,0.877876696890907,0.952945481043943,"all"
1802,"chr11",51200001,51568000,163,101,108.37403898103,-0.708341683645223,0.501747940789349,2.85822003916547e-05,0.514865084293175,0.704591024662784,"all"
1803,"chr11",54834001,54878000,22,22,16.7091607372294,1.29433665191737,1.67530736849666,9.54343147849423e-05,0.245623013295711,0.435498564699322,"all"
1804,"chr11",55028001,56000000,486,396,312.810030841372,4.70360266488356,22.1238780290997,0.00126029239756011,6.85170256810035e-06,0.000113548157588114,"all"
1805,"chr11",56000001,57000000,500,318,309.333504014154,0.492753887923195,0.242806394063424,1.3831528636825e-05,0.637110361108665,0.802110640590081,"all"
1806,"chr11",57000001,58000000,500,290,233.783313632625,3.67670247967173,13.5181411240243,0.000770064383167532,0.00042750542875421,0.00349190331691829,"all"
1807,"chr11",58000001,59000000,500,260,262.084203365705,-0.128741827643306,0.0165744581849387,9.44168269987798e-07,0.930158527823441,0.984772710217801,"all"
1808,"chr11",59000001,60000000,500,273,246.956707316599,1.65724027316513,2.74644532300044,0.000156451963635817,0.107620509017042,0.249029862269458,"all"
1809,"chr11",60000001,61000000,500,209,239.454192792148,-1.96804883063225,3.87321619975295,0.000220638756199739,0.0491437414474942,0.140333771643392,"all"
1810,"chr11",61000001,62000000,500,199,210.495932790293,-0.792359668598817,0.627833844422027,3.57647162950036e-05,0.451421862536964,0.648735077640841,"all"
1811,"chr11",62000001,63000000,479,226,200.410654041211,1.80758522651589,3.2673643511185,0.000186126249943944,0.0803534502160139,0.203689957355713,"all"
1812,"chr11",63000001,64000000,500,220,209.67890669766,0.712768227640751,0.508038546334137,2.89405463531411e-05,0.493676777387737,0.686022328733152,"all"
1813,"chr11",64000001,65000000,500,238,223.023978630998,1.00281465375168,1.00563722977911,5.72863832338527e-05,0.33196184183698,0.537033747043778,"all"
1814,"chr11",65000001,66000000,500,235,215.446470954668,1.33215714507834,1.77464265918328,0.000101092975147158,0.196762271521974,0.375685918008455,"all"
1815,"chr11",66000001,67000000,500,298,225.90068888365,4.79702892925385,23.0114865480984,0.00131085524495206,5.3375112882345e-06,9.21846076106524e-05,"all"
1816,"chr11",67000001,68000000,500,214,224.003452798294,-0.668378653303753,0.446730024192139,2.54480906335979e-05,0.529794263274284,0.718505275689391,"all"
1817,"chr11",68000001,69000000,500,247,255.039957352614,-0.503442217329488,0.253454066189632,1.44380760158479e-05,0.642650935811968,0.807751088545774,"all"
1818,"chr11",69000001,70000000,452,293,299.687232204659,-0.386288948431636,0.149219151680419,8.5003073234197e-06,0.727102801997294,0.86426357103078,"all"
1819,"chr11",70000001,71000000,500,303,293.160782125776,0.574655597843151,0.330229056132469,1.88115830484054e-05,0.580755229501039,0.758553641448509,"all"
1820,"chr11",71000001,72000000,500,200,219.353597221516,-1.30674039939401,1.70757047140842,9.72721907336299e-05,0.200378237119111,0.380201459841491,"all"
1821,"chr11",72000001,73000000,500,247,216.217954164564,2.09339702978872,4.38231112432825,0.000249639479410867,0.0428654706218711,0.127617138393463,"all"
1822,"chr11",73000001,74000000,500,219,209.459127027838,0.659232286344702,0.434587207359263,2.47563719521213e-05,0.527576160526963,0.717193386548508,"all"
1823,"chr11",74000001,75000000,500,224,231.124874969197,-0.468655699398367,0.219638164578573,1.25117444901993e-05,0.6694869277155,0.824138695474598,"all"
1824,"chr11",75000001,76000000,500,251,228.459425170762,1.49128430568452,2.22392888038096,0.000126686680200096,0.148033000505449,0.308790693214361,"all"
1825,"chr11",76000001,77000000,500,270,251.478702491762,1.16794072572787,1.36408553881375,7.77054832759179e-05,0.256953618701107,0.448651659449497,"all"
1826,"chr11",77000001,78000000,499,275,238.724551222416,2.34781704462068,5.51224487501138,0.000314006445901076,0.0231167600909198,0.0802369869015338,"all"
1827,"chr11",78000001,79000000,500,313,244.294076749986,4.39579784120798,19.3230386607687,0.00110074186315326,2.77128610047958e-05,0.000373017711271124,"all"
1828,"chr11",79000001,80000000,500,331,284.652331061431,2.74707504564452,7.54642130640287,0.000429883829079858,0.00784601486165571,0.0354567328144063,"all"
1829,"chr11",80000001,81000000,500,297,266.626585723133,1.86012396497219,3.46006116506386,0.000197103273471644,0.0707823650039684,0.186006453223077,"all"
1830,"chr11",81000001,82000000,500,280,288.462484062524,-0.4982567538392,0.248259792746378,1.41421828942726e-05,0.644700550801156,0.808908743609153,"all"
1831,"chr11",82000001,83000000,500,230,221.618055082513,0.563043867865618,0.317018397141076,1.80590344639432e-05,0.590922061238004,0.765209371982547,"all"
1832,"chr11",83000001,84000000,500,239,241.487520571149,-0.160073460862354,0.0256235128724515,1.45964999578549e-06,0.906599329163889,0.968052244585799,"all"
1833,"chr11",84000001,85000000,500,222,217.445670252701,0.308851055171373,0.0953889742804707,5.43385743397292e-06,0.775361100788707,0.892067254321529,"all"
1834,"chr11",85000001,86000000,489,183,188.863784947909,-0.426681378831978,0.182056999041958,1.03709237373934e-05,0.703964227265724,0.847654531529119,"all"
1835,"chr11",86000001,87000000,500,181,187.384451077236,-0.466398116586359,0.217527203155303,1.23914930302252e-05,0.674555675226671,0.827535781290058,"all"
1836,"chr11",87000001,88000000,476,192,229.140787150029,-2.45357819535918,6.02004596074201,0.000342933465249912,0.0131956205783113,0.0523986761745407,"all"
1837,"chr11",88000001,89000000,500,279,248.843223700705,1.91170996955625,3.65463500770077,0.000208187222421137,0.0636274023409776,0.170965100760621,"all"
1838,"chr11",89000001,90000000,500,195,227.602283801547,-2.16102462563579,4.67002743260429,0.000266029312852247,0.0300247106828931,0.0981537577284543,"all"
1839,"chr11",90000001,91000000,500,301,232.072845695675,4.52457909873877,20.4718160207437,0.00116618226068942,1.67079336314094e-05,0.000234811988829661,"all"
1840,"chr11",91000001,92000000,500,276,243.805376534172,2.06187204650836,4.25131633617259,0.000242177327639128,0.04565669168547,0.133026153518539,"all"
1841,"chr11",92000001,93000000,500,295,244.082109014407,3.25913562370429,10.6219650136983,0.000605082966752289,0.00171876656959799,0.0107827215646333,"all"
1842,"chr11",93000001,94000000,491,175,197.530692195532,-1.60308755140886,2.56988969748204,0.000146394427054996,0.112740495308799,0.258168530391634,"all"
1843,"chr11",94000001,95000000,500,202,194.289673727369,0.553156342906952,0.305981939698194,1.74303398294418e-05,0.598870556640414,0.769592956471567,"all"
1844,"chr11",95000001,96000000,500,215,206.038789765661,0.624298326958431,0.389748401043097,2.22021178271615e-05,0.550482442170998,0.734403518708353,"all"
1845,"chr11",96000001,97000000,426,246,215.454632802259,2.0809777267193,4.33046829910182,0.000246686239548716,0.0441126130006836,0.129713704074831,"all"
1846,"chr11",97000001,98000000,500,300,285.105080877037,0.882136253717749,0.778164370123184,4.43283333251275e-05,0.392390414547672,0.593610888348251,"all"
1847,"chr11",98000001,99000000,500,332,295.18900747654,2.14253259134322,4.59044590496789,0.000261495930678722,0.0373700788590941,0.114710937996812,"all"
1848,"chr11",99000001,100000000,500,243,274.261849741752,-1.88769563231126,3.56339480024701,0.000202989700555643,0.0596066550915824,0.162656820479072,"all"
1849,"chr11",100000001,101000000,498,239,202.269852474137,2.58259968564949,6.66982113631686,0.000379948075112756,0.0128476603302252,0.0514444722999381,"all"
1850,"chr11",101000001,102000000,500,190,185.147089873029,0.356651293451095,0.127200145120339,7.24598895604331e-06,0.740740737635225,0.873592634636031,"all"
1851,"chr11",102000001,103000000,497,175,189.264974136535,-1.03689758675191,1.07515660541193,6.12465723326138e-05,0.316928449444909,0.521304569454134,"all"
1852,"chr11",103000001,104000000,500,229,232.989982952925,-0.261398093282988,0.0683289631719815,3.89237694700475e-06,0.827223677827454,0.920480541433438,"all"
1853,"chr11",104000001,105000000,500,251,256.432016199375,-0.339214909801445,0.115066755031602,6.55480727146914e-06,0.765291007706584,0.889015121189132,"all"
1854,"chr11",105000001,106000000,500,254,256.900080945267,-0.180937255803006,0.0327382905375223,1.86494513390843e-06,0.889010326279878,0.958553067109594,"all"
1855,"chr11",106000001,107000000,500,242,265.776282828116,-1.45843086467637,2.12702058704067,0.000121166274365429,0.150145692971333,0.31116694064677,"all"
1856,"chr11",107000001,108000000,500,221,206.997629225503,0.973237619087472,0.947191463207052,5.39570051210527e-05,0.347208463611989,0.55302592509754,"all"
1857,"chr11",108000001,109000000,500,161,182.461052477778,-1.58878791850381,2.52424704998366,0.000143794381910511,0.116320600433282,0.263841544452868,"all"
1858,"chr11",109000001,110000000,500,268,216.024785870101,3.5362624996599,12.5051524665009,0.00071235922396298,0.000708373670376491,0.00528882112752448,"all"
1859,"chr11",110000001,111000000,500,191,196.680673560846,-0.405059656291749,0.164073325155189,9.34647913279546e-06,0.719518269951719,0.859135939305518,"all"
1860,"chr11",111000001,112000000,500,194,178.161668910304,1.18659436402089,1.40800618472614,8.02074341575176e-05,0.251988746552498,0.44250657671897,"all"
1861,"chr11",112000001,113000000,500,205,211.274227586719,-0.43165522936815,0.18632623704087,1.06141219771562e-05,0.698341131489358,0.844786508008434,"all"
1862,"chr11",113000001,114000000,500,183,204.390356057557,-1.49619367218066,2.23859550467345,0.000127522168222105,0.140115217386464,0.298958276398638,"all"
1863,"chr11",114000001,115000000,500,211,228.579357804858,-1.16274505612848,1.35197606555121,7.70156640194942e-05,0.257202992944031,0.448813743621751,"all"
1864,"chr11",115000001,116000000,500,231,208.410414813897,1.56476292315734,2.4484830056879,0.000139478463656543,0.129625040446274,0.284341997673655,"all"
1865,"chr11",116000001,117000000,500,178,186.924900117884,-0.652784427896641,0.426127509304345,2.42744630783585e-05,0.542763360226747,0.728171527267236,"all"
1866,"chr11",117000001,118000000,500,159,180.84248179831,-1.62424580305329,2.63817442873622,0.000150284284319435,0.107996307801182,0.249496707869451,"all"
1867,"chr11",118000001,119000000,500,179,166.703180343546,0.952403233296901,0.907071918794392,5.1671584963233e-05,0.359679175200323,0.563525676321179,"all"
1868,"chr11",119000001,120000000,500,174,188.543844203839,-1.0591879586337,1.12187913171463,6.39081330507055e-05,0.306033513027395,0.50863656918814,"all"
1869,"chr11",120000001,121000000,500,211,188.980336170025,1.60177818937385,2.56569336795375,0.000146155382064999,0.121397311193066,0.271911008742593,"all"
1870,"chr11",121000001,122000000,500,231,208.376801254169,1.5672176979601,2.45617131279935,0.000139916430046971,0.129026658435751,0.283728005634548,"all"
1871,"chr11",122000001,123000000,500,235,201.791938888519,2.33771526629614,5.46491266627402,0.000311310154466411,0.0240946456332622,0.0825272759048842,"all"
1872,"chr11",123000001,124000000,500,258,210.205089598314,3.29655281585466,10.8672604677193,0.000619056285329261,0.00157192571143366,0.00994858943638037,"all"
1873,"chr11",124000001,125000000,500,224,211.465028128666,0.861993689603652,0.743033120916517,4.23270726856629e-05,0.405803318138641,0.604383435378433,"all"
1874,"chr11",125000001,126000000,500,229,198.37618117282,2.1742755588707,4.72747420590251,0.000269301783056471,0.0357845955528708,0.110912903189276,"all"
1875,"chr11",126000001,127000000,500,246,216.948987840496,1.9723430495239,3.89013710500525,0.000221602659915952,0.0562439004702057,0.155497842476451,"all"
1876,"chr11",127000001,128000000,500,339,270.680985500248,4.15252942474884,17.2435006234049,0.000982280444432757,7.02094482911082e-05,0.000808395535143,"all"
1877,"chr11",128000001,129000000,500,259,211.485065502773,3.26730955512744,10.675311729027,0.000608121876100602,0.00172370770822975,0.0107901091692024,"all"
1878,"chr11",129000001,130000000,488,151,181.88310091378,-2.28994328134339,5.24384023176973,0.000298716706421299,0.0210175408198046,0.0745758533791829,"all"
1879,"chr11",130000001,131000000,500,186,199.460225146215,-0.953068622842672,0.908339799847228,5.17438101332415e-05,0.359697240205008,0.563525676321179,"all"
1880,"chr11",131000001,132000000,500,303,258.801942136955,2.74738435350074,7.54812078586068,0.000429980640363923,0.00793366721985487,0.0355959685748418,"all"
1881,"chr11",132000001,133000000,500,370,273.120781402971,5.86210042402212,34.3642213813203,0.00195756670227461,3.011031188858e-08,1.02769362124475e-06,"all"
1882,"chr11",133000001,134000000,500,343,275.112278213277,4.09294819704081,16.7522249436596,0.00095429479908275,8.79767010776696e-05,0.000962706877823201,"all"
1883,"chr11",134000001,134948000,474,241,151.2584488462,7.29682197613941,53.243610951471,0.0030330359809671,2.25249581690759e-11,1.89938397266884e-09,"all"
1884,"chr12",186001,1000000,382,185,201.753563899511,-1.17949634347482,1.39121162427047,7.92507277051134e-05,0.250847014217343,0.441213736049767,"all"
1885,"chr12",1000001,2000000,500,227,251.705871932133,-1.55723269094232,2.42497365373945,0.000138139247381113,0.123433640314028,0.275182151462144,"all"
1886,"chr12",2000001,3000000,490,246,261.560300870619,-0.962126277083518,0.925686973054591,5.27319963130623e-05,0.352393785052793,0.557054196536654,"all"
1887,"chr12",3000001,4000000,500,257,248.06935156522,0.567017466898968,0.321508807768523,1.83148318593298e-05,0.587260771167683,0.761500059221052,"all"
1888,"chr12",4000001,5000000,498,300,286.011728134004,0.827126896269525,0.684138902532457,3.89721484001445e-05,0.42301813822792,0.621945129384332,"all"
1889,"chr12",5000001,6000000,500,297,305.282561390495,-0.474038554482394,0.224712551135758,1.28008082244999e-05,0.661566720749559,0.818846510145949,"all"
1890,"chr12",6000001,7000000,498,244,241.294966465991,0.174139992803747,0.0303247370936891,1.72745644171952e-06,0.878828251857102,0.952945481043943,"all"
1891,"chr12",7000001,8000000,471,245,246.874061183338,-0.119274068819674,0.0142263034928004,8.10405034496055e-07,0.938694673158124,0.988834542320393,"all"
1892,"chr12",8000001,9000000,500,204,239.376017688427,-2.28648640526178,5.22802008144692,0.000297815507492527,0.0213652805626651,0.0751857313075426,"all"
1893,"chr12",9000001,10000000,500,210,236.596488802158,-1.72910018955108,2.98978746550558,0.000170314011320307,0.0857493262257597,0.213962853167322,"all"
1894,"chr12",10000001,11000000,500,227,264.496447046709,-2.30558000490278,5.31569915900748,0.000302810168678479,0.0203023171659265,0.0726675946500764,"all"
1895,"chr12",11000001,12000000,500,219,242.810146170322,-1.52801861958768,2.33484090180662,0.000133004812003974,0.131044080967098,0.2859234247585,"all"
1896,"chr12",12000001,13000000,500,200,215.251553191671,-1.03953933403753,1.0806420270112,6.15590507837192e-05,0.314519380768666,0.518830301877886,"all"
1897,"chr12",13000001,14000000,500,200,233.177305872104,-2.17269105625133,4.72058642591452,0.000268909418899359,0.0291166761212452,0.0958409993566132,"all"
1898,"chr12",14000001,15000000,500,205,234.125414515625,-1.90347788453206,3.62322805690265,0.000206398117397626,0.0574496631990838,0.158003752353338,"all"
1899,"chr12",15000001,16000000,500,208,223.786603775069,-1.05528961941219,1.11363618083911,6.34385712357193e-05,0.306513300548017,0.50913883700531,"all"
1900,"chr12",16000001,17000000,500,208,235.834997940933,-1.81253777343583,3.28529318013172,0.000187147570296226,0.0710652968724601,0.186570341238839,"all"
1901,"chr12",17000001,18000000,500,283,330.27252524834,-2.60119301395554,6.7662050958511,0.000385438612137412,0.0085657924664656,0.0377236973907172,"all"
1902,"chr12",18000001,19000000,500,252,289.249694826417,-2.19021255610675,4.79703104092767,0.000273264106039143,0.0278670748291022,0.0929528625621934,"all"
1903,"chr12",19000001,20000000,498,224,261.303928447875,-2.30771195522155,5.32553446827246,0.000303370439598342,0.0201760314671918,0.0724859049302016,"all"
1904,"chr12",20000001,21000000,497,322,312.138106971298,0.558196220216358,0.311583020263829,1.77494068232892e-05,0.59149576353506,0.765260990097029,"all"
1905,"chr12",21000001,22000000,500,254,276.338134568874,-1.34377479895136,1.80573071029676,0.00010286391396818,0.186358695389906,0.361517564538066,"all"
1906,"chr12",22000001,23000000,500,208,238.776539729983,-1.99170017939954,3.96686960462014,0.000225973746476059,0.0463633005792419,0.13413075959706,"all"
1907,"chr12",23000001,24000000,500,271,334.121224688905,-3.45321313555127,11.9246809595438,0.000679292515393351,0.00041121191527403,0.00338989314709426,"all"
1908,"chr12",24000001,25000000,500,284,353.936522642244,-3.71741754917586,13.8191932349207,0.000787213894032361,0.000137050714084724,0.00137868209572247,"all"
1909,"chr12",25000001,26000000,500,214,258.822053542389,-2.78606414199564,7.76215340331392,0.000442173063421554,0.00466737733546686,0.0236838421606788,"all"
1910,"chr12",26000001,27000000,500,232,217.622150750275,0.974635838189837,0.949915017084006,5.41121530675816e-05,0.3460969097135,0.552094241079183,"all"
1911,"chr12",27000001,28000000,500,226,213.023065193771,0.889116783017185,0.790528653842828,4.50326679247238e-05,0.390877040904278,0.592001437246362,"all"
1912,"chr12",28000001,29000000,500,223,256.402845290709,-2.08603716677886,4.35155106118277,0.000247887224508732,0.0365603250742143,0.112798227699783,"all"
1913,"chr12",29000001,30000000,500,262,244.029945815349,1.15034424702303,1.32329188665898,7.53816623973291e-05,0.264453501372276,0.458640392312324,"all"
1914,"chr12",30000001,31000000,500,305,266.011162866905,2.39050882558714,5.71453244521003,0.00032552980932348,0.0205519949330115,0.0733780441755217,"all"
1915,"chr12",31000001,32000000,500,224,221.040296429669,0.199073058661949,0.039630082685024,2.25753784471784e-06,0.860032740714035,0.941831118268578,"all"
1916,"chr12",32000001,33000000,500,239,211.991468161963,1.85499090933351,3.44099127370995,0.000196016952209883,0.0725291224631197,0.18852311341955,"all"
1917,"chr12",33000001,34000000,500,294,238.793840820478,3.57253072751702,12.7629757990533,0.000727046196360043,0.000610534917121198,0.00464298039094555,"all"
1918,"chr12",34000001,34762000,367,328,246.748558189403,5.17253888818978,26.7551585498355,0.00152411448262017,9.44267265330555e-07,1.96919812390601e-05,"all"
1919,"chr12",37886001,37990000,52,26,26.5677487795643,-0.110148561890543,0.0121327056865549,6.9114269742797e-07,1,1,"all"
1920,"chr12",38258001,39000000,321,248,209.794567965835,2.63771576813765,6.95754447348201,0.000396338308956611,0.0110305766233693,0.0462989879022099,"all"
1921,"chr12",39000001,40000000,500,333,269.268992788471,3.88380672357117,15.0839546660566,0.000859261353989032,0.00019499711426002,0.00184507170489597,"all"
1922,"chr12",40000001,41000000,500,290,267.674511952643,1.36457513007584,1.8620652856215,0.000106073027529019,0.184663422541638,0.359667141594346,"all"
1923,"chr12",41000001,42000000,500,291,305.246416962378,-0.815418130635951,0.664906727769829,3.78765826222999e-05,0.433508246290455,0.632502871305209,"all"
1924,"chr12",42000001,43000000,500,206,240.565858470633,-2.22859089383616,4.96661737208946,0.000282924634975897,0.0250591305574497,0.0848480029636158,"all"
1925,"chr12",43000001,44000000,500,272,260.535857098147,0.710244434858276,0.504447157247152,2.87359619508471e-05,0.493442392112402,0.686022328733152,"all"
1926,"chr12",44000001,45000000,500,246,232.515780823185,0.884299920950891,0.781986350193752,4.4546053402061e-05,0.39277288287291,0.593610888348251,"all"
1927,"chr12",45000001,46000000,500,224,231.295718278731,-0.479716060926832,0.230127499111156,1.31092721275101e-05,0.661360327555127,0.818846510145949,"all"
1928,"chr12",46000001,47000000,500,205,208.033113124164,-0.210291817321434,0.0442226484323513,2.51915453276134e-06,0.869417474900222,0.947764220737238,"all"
1929,"chr12",47000001,48000000,500,209,213.339549324555,-0.297104303407471,0.0882709671032386,5.02837832585975e-06,0.800874950640077,0.904692073871198,"all"
1930,"chr12",48000001,49000000,500,203,199.76058582389,0.229198397542844,0.0525319054362074,2.99249349338836e-06,0.837452081688345,0.92649199405853,"all"
1931,"chr12",49000001,50000000,500,226,190.6480838957,2.56033466057485,6.55531357414094,0.000373425122406019,0.0137288768778343,0.0539927160613869,"all"
1932,"chr12",50000001,51000000,500,207,182.104568875086,1.84484222605767,3.40344283904541,0.000193877995979616,0.0748107113638132,0.193227305837885,"all"
1933,"chr12",51000001,52000000,500,211,184.564439453349,1.94587307920512,3.7864220403752,0.000215694504605487,0.0602728479788145,0.163469184937346,"all"
1934,"chr12",52000001,53000000,500,197,203.315017130419,-0.442883809700857,0.196146068895145,1.11735112223411e-05,0.690605641448649,0.838968802556473,"all"
1935,"chr12",53000001,54000000,500,243,191.280652625977,3.7395342360765,13.9841163027883,0.000796608778977145,0.000362774052732969,0.00307713967214622,"all"
1936,"chr12",54000001,55000000,500,204,197.847063521922,0.437439127977252,0.191352990685499,1.09004722903518e-05,0.680485489319299,0.832741644326233,"all"
1937,"chr12",55000001,56000000,500,236,217.086766044079,1.28365737501266,1.64777625642438,9.3865997910503e-05,0.213567725271111,0.397393992251176,"all"
1938,"chr12",56000001,57000000,500,213,182.177853233609,2.2835740232713,5.21471031975949,0.000297057313497517,0.0277922258624182,0.092867495976169,"all"
1939,"chr12",57000001,58000000,500,205,192.07167806484,0.932847158159243,0.870203820485775,4.95713842683217e-05,0.368515939544516,0.57110010739142,"all"
1940,"chr12",58000001,59000000,500,208,205.518574583492,0.173091478154786,0.0299606598098089,1.70671668567878e-06,0.881074942518981,0.954303687269331,"all"
1941,"chr12",59000001,60000000,500,229,236.294213642109,-0.474517174709456,0.225166549094244,1.28266703348783e-05,0.664845124955151,0.820185444598286,"all"
1942,"chr12",60000001,61000000,500,226,225.510227081076,0.0326145692324397,0.0010637101262176,6.05945207036694e-08,0.991683473706148,1,"all"
1943,"chr12",61000001,62000000,500,265,256.043704826063,0.559720672100261,0.313287230776368,1.78464876131023e-05,0.59198095807644,0.765289674269248,"all"
1944,"chr12",62000001,63000000,500,224,236.528059661518,-0.814596384862274,0.663567270230687,3.78002800793545e-05,0.436615092029233,0.634754927850749,"all"
1945,"chr12",63000001,64000000,500,198,230.576312580749,-2.14533233570475,4.60245083062039,0.000262179794353671,0.0313024343130991,0.100949470388813,"all"
1946,"chr12",64000001,65000000,500,207,203.528648347202,0.243324498152084,0.0592068114009636,3.37273122705992e-06,0.826311833446266,0.920013990870076,"all"
1947,"chr12",65000001,66000000,500,247,239.860204603344,0.46100609427057,0.212526618954606,1.21066334661285e-05,0.661760503665213,0.818846510145949,"all"
1948,"chr12",66000001,67000000,498,273,253.355573549302,1.23416754645671,1.52316953272697,8.67677438723024e-05,0.230756252922134,0.417662990610959,"all"
1949,"chr12",67000001,68000000,500,278,263.273563411957,0.907599077597552,0.823736085655927,4.69243378119604e-05,0.379268058524528,0.580855514844991,"all"
1950,"chr12",68000001,69000000,500,300,277.897583084414,1.32585912483164,1.75790241889931,0.000100139363057295,0.197233189945709,0.375975768334007,"all"
1951,"chr12",69000001,70000000,498,244,225.191333192693,1.25337831623345,1.57095720360419,8.94899808248132e-05,0.224354953144077,0.409863059656503,"all"
1952,"chr12",70000001,71000000,482,242,241.599994446713,0.0257346082027105,0.000662270059347017,3.7726384127995e-08,0.996573132625858,1,"all"
1953,"chr12",71000001,72000000,500,311,297.514250651632,0.781845961110963,0.611283106905526,3.48218992789893e-05,0.449004376570931,0.64558452739662,"all"
1954,"chr12",72000001,73000000,500,282,267.36789103805,0.89485424237934,0.800764115104302,4.56157336059027e-05,0.385978032058643,0.587678713707982,"all"
1955,"chr12",73000001,74000000,500,336,324.942727032844,0.613401199005298,0.376261030941138,2.14338063231738e-05,0.554028539504207,0.737551503076751,"all"
1956,"chr12",74000001,75000000,500,241,270.337071066237,-1.78428387549873,3.18366894836478,0.000181358519817133,0.0757003378064575,0.194998084897676,"all"
1957,"chr12",75000001,76000000,494,264,225.010285039805,2.59925492371332,6.75612615844793,0.000384864462878047,0.0121293682080119,0.049266504859489,"all"
1958,"chr12",76000001,77000000,500,213,222.704096557874,-0.650265939145913,0.422845791613317,2.4087519186718e-05,0.541973379719693,0.727452097217397,"all"
1959,"chr12",77000001,78000000,500,247,247.178751012383,-0.0113695412965675,0.000129266469294353,7.36369764364223e-09,1,1,"all"
1960,"chr12",78000001,79000000,500,267,272.398422519632,-0.327087975282361,0.106986543574314,6.09451594926497e-06,0.773686481194825,0.892067254321529,"all"
1961,"chr12",79000001,80000000,500,236,224.140552674871,0.79214417181812,0.627492388945415,3.57452651960275e-05,0.445155910838518,0.643126458664298,"all"
1962,"chr12",80000001,81000000,500,230,226.48200416428,0.233764452845729,0.0546458194142632,3.11291314640469e-06,0.83276759634688,0.923257810799113,"all"
1963,"chr12",81000001,82000000,500,274,255.932721698539,1.12935330392873,1.27543888509475,7.2655703865443e-05,0.272995700199181,0.468109253870246,"all"
1964,"chr12",82000001,83000000,500,262,263.228945370859,-0.0757470556551506,0.00573761644042448,3.26844795043245e-07,0.972344570479796,0.999764891537789,"all"
1965,"chr12",83000001,84000000,500,256,252.115717871638,0.244630614124828,0.0598441373670903,3.40903666450722e-06,0.823422883648982,0.919200103435088,"all"
1966,"chr12",84000001,85000000,500,266,293.984310241266,-1.63212166745691,2.66382113738232,0.000151745255668428,0.105429968048397,0.245955575064966,"all"
1967,"chr12",85000001,86000000,500,308,316.468444204342,-0.476034495226505,0.226608840645554,1.29088308437543e-05,0.659636052779945,0.817982942612501,"all"
1968,"chr12",86000001,87000000,500,266,293.093196252363,-1.58254975986135,2.50446374243722,0.000142667420712001,0.116909999525181,0.264546936573555,"all"
1969,"chr12",87000001,88000000,500,252,258.131812094692,-0.381652465793951,0.145658604646603,8.29747984661062e-06,0.732801282084931,0.867774996679476,"all"
1970,"chr12",88000001,89000000,500,191,235.633427735239,-2.90764773702765,8.454415362642,0.000481607943839611,0.00306225052909896,0.0173637824452504,"all"
1971,"chr12",89000001,90000000,500,229,219.352106188364,0.651420783279886,0.42434903688898,2.41731519401663e-05,0.532218524528764,0.719894813516984,"all"
1972,"chr12",90000001,91000000,500,241,241.47858751968,-0.0307979674551974,0.000948514799371396,5.40323893057398e-08,1,1,"all"
1973,"chr12",91000001,92000000,500,283,271.520014438401,0.69669134899408,0.485378835763192,2.76497301171307e-05,0.501594929515273,0.694050512992416,"all"
1974,"chr12",92000001,93000000,500,209,236.250730616185,-1.77292992497593,3.14328051887517,0.000179057782551803,0.077760030170269,0.198696975488557,"all"
1975,"chr12",93000001,94000000,482,191,198.611631448955,-0.540101536035183,0.291709669227564,1.66173162742406e-05,0.620053279308622,0.788623975450864,"all"
1976,"chr12",94000001,95000000,500,206,224.022732869858,-1.20413339255719,1.44993722707128,8.2596046760599e-05,0.239907758609822,0.429338675653934,"all"
1977,"chr12",95000001,96000000,500,202,210.294801898138,-0.571994363799802,0.327177552218741,1.86377533437515e-05,0.596586091043164,0.767829029028808,"all"
1978,"chr12",96000001,97000000,500,192,209.411786664613,-1.20321372242079,1.44772326182168,8.24699276611873e-05,0.240691191551117,0.42994495088913,"all"
1979,"chr12",97000001,98000000,498,194,228.765829157619,-2.29856619137661,5.28340653613957,0.000300970611117902,0.0206349718191352,0.0734912598825597,"all"
1980,"chr12",98000001,99000000,500,214,221.044037322928,-0.473786024827475,0.224473197321821,1.27871733729772e-05,0.666408452203482,0.821407150673854,"all"
1981,"chr12",99000001,100000000,500,206,239.536005421962,-2.16683543809027,4.69517581576386,0.000267461896961834,0.0295843940465283,0.0970462903105226,"all"
1982,"chr12",100000001,101000000,500,232,216.133403047575,1.07925195504023,1.16478478245816,6.63522644716665e-05,0.296290528661013,0.496763126123464,"all"
1983,"chr12",101000001,102000000,497,250,213.304932504335,2.51250677624939,6.3126903006991,0.000359604025282462,0.0153575939142068,0.0581897167656813,"all"
1984,"chr12",102000001,103000000,500,263,222.293751874003,2.73021876682004,7.45409451469634,0.000424624409663163,0.00849242460275078,0.0374581251324408,"all"
1985,"chr12",103000001,104000000,500,241,252.527100212693,-0.725380828065281,0.526177345724672,2.9973827721927e-05,0.491144281795542,0.684878723690574,"all"
1986,"chr12",104000001,105000000,500,205,201.822814431092,0.223644103477261,0.050016685020148,2.84921331599911e-06,0.841678297788381,0.928826666574014,"all"
1987,"chr12",105000001,106000000,500,238,210.360369959659,1.90568125755555,3.63162105539849,0.000206876226713865,0.0651460116037813,0.174066743027065,"all"
1988,"chr12",106000001,107000000,500,246,223.446856965746,1.50875926196195,2.27635451055597,0.000129673119695918,0.143476055417203,0.302460184471412,"all"
1989,"chr12",107000001,108000000,500,203,224.704055617144,-1.44788956509232,2.09638419270324,0.000119421064288727,0.153753787164528,0.316448031443433,"all"
1990,"chr12",108000001,109000000,500,296,237.222712774773,3.81620243235065,14.563401004679,0.000829607880891173,0.000258959621299636,0.00232318932812926,"all"
1991,"chr12",109000001,110000000,476,193,194.06632249158,-0.076544410310926,0.0058590467498474,3.3376210382599e-07,0.977107561246385,1,"all"
1992,"chr12",110000001,111000000,500,205,194.42296323152,0.75856051893181,0.575414060882096,3.27786098542509e-05,0.466339041264112,0.661093438489263,"all"
1993,"chr12",111000001,112000000,500,231,218.864403981161,0.820301572150558,0.672894669272676,3.83316177628369e-05,0.429026124500688,0.628029726198263,"all"
1994,"chr12",112000001,113000000,500,181,185.632368645917,-0.339997920109544,0.115598585678816,6.58510314096324e-06,0.770172573836617,0.89143511069422,"all"
1995,"chr12",113000001,114000000,500,220,220.337361346939,-0.022727478199047,0.000516538265288157,2.94247350277062e-08,1,1,"all"
1996,"chr12",114000001,115000000,500,280,271.405739426851,0.521673773169464,0.272143525612865,1.55027258749109e-05,0.617791595624049,0.786504664588875,"all"
1997,"chr12",115000001,116000000,500,202,243.228784902607,-2.64358360825958,6.98853429385874,0.000398103652038469,0.00738413356622641,0.0337106862012279,"all"
1998,"chr12",116000001,117000000,500,208,206.900786234702,0.0764189538156952,0.00583985650228535,3.32668926441902e-07,0.957551783999873,0.994674262582476,"all"
1999,"chr12",117000001,118000000,500,217,225.020855631291,-0.534698928252043,0.285902943873884,1.62865346721933e-05,0.62199837650044,0.78975613172133,"all"
2000,"chr12",118000001,119000000,500,209,221.136169068548,-0.816115689601368,0.666044818813517,3.79414142710825e-05,0.436454046022061,0.634754927850749,"all"
2001,"chr12",119000001,120000000,500,328,284.603519613925,2.57237556029617,6.61711602320904,0.000376945714799842,0.0126948039741785,0.0510433315675127,"all"
2002,"chr12",120000001,121000000,500,226,198.61881894793,1.94286211314939,3.7747131907113,0.000215027506975317,0.060354014554011,0.163469184937346,"all"
2003,"chr12",121000001,122000000,500,188,197.88780273551,-0.702894718999455,0.494060985997323,2.81443110364505e-05,0.508750983557588,0.699477617228566,"all"
2004,"chr12",122000001,123000000,476,189,184.016134930921,0.367399299258402,0.134982245095565,7.68929828105989e-06,0.73276024567282,0.867774996679476,"all"
2005,"chr12",123000001,124000000,500,181,189.241904877627,-0.599127069892079,0.358953245877468,2.04478638990808e-05,0.579252265296231,0.757626023998309,"all"
2006,"chr12",124000001,125000000,500,215,210.078969874853,0.339519508935047,0.115273496947496,6.56658437783877e-06,0.752437146913744,0.880864557044387,"all"
2007,"chr12",125000001,126000000,485,249,211.743892477819,2.56030693219798,6.55517158706101,0.000373417034075521,0.0135549594268904,0.0534553902020563,"all"
2008,"chr12",126000001,127000000,500,295,321.339985820363,-1.46937670951233,2.15906791445727,0.000122991858607583,0.146487593162244,0.307227453984018,"all"
2009,"chr12",127000001,128000000,500,442,319.811991327006,6.83252477734831,46.6833948330785,0.00265933158386788,1.20549454494994e-10,8.03756479156160e-09,"all"
2010,"chr12",128000001,129000000,500,441,360.327963015939,4.24985428684125,18.0612614593829,0.00102886440061123,4.34487900141157e-05,0.000541598612915086,"all"
2011,"chr12",129000001,130000000,500,445,364.683083979944,4.20580579278518,17.6888023666254,0.00100764717267375,5.16521224702966e-05,0.000622212752614875,"all"
2012,"chr12",130000001,131000000,493,409,350.353923357891,3.13318090431208,9.81682257914585,0.000559217821053832,0.0024080194975716,0.0143232197085846,"all"
2013,"chr12",131000001,132000000,500,311,269.571642933548,2.5232518943621,6.36680012240193,0.000362686405181489,0.0145529153877153,0.0561814071807165,"all"
2014,"chr12",132000001,133000000,445,206,226.62976906301,-1.37036383344039,1.87789703600144,0.000106974887258027,0.178151660975585,0.35031605762483,"all"
2015,"chr12",133000001,133826000,413,136,220.04845108046,-5.66592154107947,32.1026669096683,0.00182873667059833,1.46045039362269e-09,7.47698442592186e-08,"all"
2016,"chr13",19194001,20000000,346,185,172.654818409714,0.939524546116336,0.882706372755107,5.02835953713847e-05,0.365995554267791,0.568451443478362,"all"
2017,"chr13",20000001,21000000,433,155,156.130248189783,-0.0904545245244375,0.00818202100694207,4.6609092936433e-07,0.970392852068431,0.99885471938685,"all"
2018,"chr13",21000001,22000000,494,319,174.733416802214,10.9138444937359,119.11200163345,0.00678524578373446,1.79429703779905e-22,5.14424960736989e-20,"all"
2019,"chr13",22000001,23000000,496,257,248.568386015066,0.534795530842426,0.286006259809032,1.62924200909903e-05,0.609377721113658,0.778110837990947,"all"
2020,"chr13",23000001,24000000,494,239,226.270730580262,0.846231698021516,0.716108086736377,4.0793281194106e-05,0.414033172845321,0.613769931858329,"all"
2021,"chr13",24000001,25000000,485,180,185.119093715856,-0.376242171746021,0.141558171800162,8.06389763573976e-06,0.742449913883747,0.874169980741151,"all"
2022,"chr13",25000001,26000000,498,188,205.164882383248,-1.19836555955153,1.43608001431926,8.18066670750046e-05,0.242822748871715,0.432674220643385,"all"
2023,"chr13",26000001,27000000,498,193,204.55130247799,-0.807662337713265,0.652318451760457,3.71594882443553e-05,0.442455205728567,0.640989931694695,"all"
2024,"chr13",27000001,27978000,489,200,198.878154992516,0.0795498414485522,0.0063281772744898,3.60486244724459e-07,0.955428528145726,0.994139900931054,"all"
2025,"chr13",28034001,29000000,473,205,201.031552056998,0.279890768714193,0.0783388424114219,4.46259229032605e-06,0.798216551146198,0.903825770985841,"all"
2026,"chr13",29000001,30000000,500,245,250.321607834703,-0.336351754252511,0.113132502588741,6.44462208397656e-06,0.767869978001067,0.89092805622382,"all"
2027,"chr13",30000001,31000000,458,161,168.801231300438,-0.600447926564794,0.36053771251596,2.05381234483358e-05,0.580155324113949,0.758115457718637,"all"
2028,"chr13",31000001,32000000,486,162,178.56540245789,-1.23966212657066,1.53676218805368,8.75420529761753e-05,0.226929034271352,0.412820774908609,"all"
2029,"chr13",32000001,33000000,500,182,187.551990343101,-0.405403844997958,0.164352277539129,9.36236972703475e-06,0.720091964475466,0.859135939305518,"all"
2030,"chr13",33000001,34000000,482,168,166.057760613933,0.150720792270237,0.022716757222568,1.29406591318051e-06,0.900774788448077,0.964896565429847,"all"
2031,"chr13",34000001,35000000,498,173,168.667236381444,0.333618120583958,0.111301050381972,6.34029293835164e-06,0.758991653282447,0.885644717118753,"all"
2032,"chr13",35000001,35978000,477,163,179.841069281091,-1.25581372269225,1.57706810610217,8.98380899560561e-05,0.220543059975241,0.405838865820935,"all"
2033,"chr13",36000001,37000000,488,173,184.040250014935,-0.813809023792772,0.662285127206545,3.77272424724853e-05,0.440033144635903,0.638125961391571,"all"
2034,"chr13",37000001,38000000,497,217,200.846899367455,1.13978603854655,1.29911221366564,7.40042611113107e-05,0.270364232186011,0.465266658869924,"all"
2035,"chr13",38000001,39000000,481,210,213.799721405024,-0.259865237879725,0.0675299418582863,3.846860492529e-06,0.829907818300072,0.921869707503412,"all"
2036,"chr13",39000001,40000000,500,215,195.344676178842,1.40630465190909,1.97769277398115,0.000112659777118624,0.173594512069895,0.34522585151122,"all"
2037,"chr13",40000001,41000000,483,184,189.724618536609,-0.415608774854715,0.172730653736237,9.83964608026839e-06,0.712197981578738,0.85307599543242,"all"
2038,"chr13",41000001,42000000,390,142,129.660294647708,1.0836805723517,1.1743635828925,6.68979233000722e-05,0.298826175664901,0.499625577053357,"all"
2039,"chr13",42000001,43000000,435,140,138.876286444622,0.0953545832353617,0.00909249654398952,5.17956402316047e-07,0.946557096312697,0.99285016088191,"all"
2040,"chr13",43004001,44000000,495,228,178.888850374807,3.67187986709923,13.4827017584087,0.00076804557059765,0.00046859237498101,0.00378437841991706,"all"
2041,"chr13",44000001,45000000,488,204,168.837444294759,2.70611375265314,7.32305164229849,0.00041715951876021,0.00943685732107692,0.0408692899388633,"all"
2042,"chr13",45000001,46000000,499,166,158.598427742569,0.587725513977602,0.345421279780237,1.96770119727617e-05,0.577344380164277,0.756511123368822,"all"
2043,"chr13",46000001,47000000,474,144,163.256493826777,-1.50709969581046,2.27134949311199,0.000129388007590979,0.13775690389386,0.296508290888662,"all"
2044,"chr13",47000001,48000000,488,150,186.441996102468,-2.66888760897931,7.1229610693633,0.000405761307851527,0.00669151814279436,0.0313473570512932,"all"
2045,"chr13",48000001,48956000,390,138,143.458051621455,-0.455695956255664,0.207658804547764,1.18293371674594e-05,0.687417926989138,0.836629959044699,"all"
2046,"chr13",49044001,50000000,465,172,158.25740556825,1.0924126209402,1.19336533438944,6.79803629573703e-05,0.293003824897814,0.492693235180077,"all"
2047,"chr13",50000001,51000000,468,144,149.146275661581,-0.42139253625048,0.177571669607612,1.01154157934777e-05,0.712334821438861,0.85307599543242,"all"
2048,"chr13",51000001,52000000,445,163,151.581378771699,0.927450501753999,0.860164433203745,4.8999487991771e-05,0.373525467987825,0.575751353075857,"all"
2049,"chr13",52000001,53000000,319,107,101.504535399811,0.545458471030802,0.29752494361926,1.69485848744354e-05,0.611262163131159,0.779015110526096,"all"
2050,"chr13",53000001,54000000,428,175,190.405699412131,-1.11645557808751,1.24647305784272,7.10056580720808e-05,0.279010373576542,0.47642807685762,"all"
2051,"chr13",54000001,55000000,489,230,267.459442400044,-2.29051078490953,5.24643965578688,0.000298864783278464,0.0211784328291133,0.0749611937297133,"all"
2052,"chr13",55000001,56000000,499,259,277.197773944411,-1.09300814099068,1.1946667962719,6.8054501067968e-05,0.287113555134767,0.4864979684228,"all"
2053,"chr13",56000001,57000000,500,284,284.990349837634,-0.0586642546917897,0.00344149477854317,1.96045634492103e-07,0.984701460642673,1,"all"
2054,"chr13",57000001,58000000,481,247,263.984108496187,-1.04533108124806,1.09271706942324,6.22469086778955e-05,0.310092511330462,0.512768758533702,"all"
2055,"chr13",58000001,59000000,494,283,275.201908591818,0.470070070994778,0.220965871645036,1.25873776644489e-05,0.654143285512099,0.815049456568095,"all"
2056,"chr13",59000001,60000000,498,242,253.125166992628,-0.699260304657982,0.488964973670373,2.78540153846177e-05,0.507949642158915,0.698796364716703,"all"
2057,"chr13",60000001,61000000,497,191,191.547619100109,-0.0395676455115613,0.00156559857132857,8.91847249601139e-08,1,1,"all"
2058,"chr13",61000001,62000000,500,218,234.460391961346,-1.07499248754471,1.15560884827757,6.58295550229387e-05,0.296719067832255,0.497190863515533,"all"
2059,"chr13",62000001,63000000,495,259,248.582388691138,0.660743608756503,0.436582116512567,2.48700124647125e-05,0.525152723839937,0.71457658246279,"all"
2060,"chr13",63000001,64000000,478,231,226.740438653841,0.282878790274036,0.0800204099869018,4.5583832194106e-06,0.794839034971759,0.901782157999222,"all"
2061,"chr13",64000001,65000000,468,242,186.26819870166,4.08351093278668,16.6750615381884,0.000949899165859797,0.000104519290847062,0.00112652934909221,"all"
2062,"chr13",65000001,66000000,500,279,202.616819950173,5.36611515070498,28.7951918106255,0.00164032550159079,4.36008040946081e-07,9.61565425686472e-06,"all"
2063,"chr13",66000001,67000000,498,262,210.043322856885,3.58498157687517,12.8520929065344,0.000732122775289976,0.000604350416013941,0.00462046038056525,"all"
2064,"chr13",67000001,68000000,498,254,216.317688577177,2.56207310527255,6.56421859676092,0.000373932399308075,0.0134573929680666,0.0531437267760976,"all"
2065,"chr13",68000001,69000000,491,254,204.632743317531,3.45105142678329,11.909755950303,0.000678442308406357,0.000955387032442998,0.00671346721081881,"all"
2066,"chr13",69000001,70000000,500,237,198.396891093043,2.74065804079886,7.51120649659546,0.000427877808389298,0.00838079310118686,0.0371371465550274,"all"
2067,"chr13",70000001,71000000,496,239,218.690351589559,1.37337011827209,1.88614548176268,0.00010744476209059,0.183131468926669,0.357411791295276,"all"
2068,"chr13",71000001,72000000,499,206,237.472943913703,-2.04235061151508,4.17119602035603,0.000237613253258456,0.0408464311206039,0.122569767430192,"all"
2069,"chr13",72000001,73000000,499,191,227.20188984443,-2.40173602765289,5.7683359465259,0.000328594739602942,0.0153643584205165,0.0581897167656813,"all"
2070,"chr13",73000001,74000000,498,197,189.199617885193,0.567094911460001,0.321596638603826,1.83198351654346e-05,0.589588514690426,0.764172817186913,"all"
2071,"chr13",74000001,75000000,487,168,197.428296578551,-2.09440383776589,4.3865274356485,0.000249879662668778,0.0357058603552906,0.110874856595884,"all"
2072,"chr13",75000001,76000000,496,232,225.981746084793,0.400344463665249,0.160275689587416,9.13014584671995e-06,0.70643180414608,0.848843244965134,"all"
2073,"chr13",76000001,77000000,463,190,200.028406548753,-0.709065074070795,0.502773279267022,2.86406090615379e-05,0.504591526772086,0.696516084379186,"all"
2074,"chr13",77000001,78000000,491,196,206.368730485474,-0.721777998719504,0.520963479435532,2.96768184888505e-05,0.495962329447812,0.687251811757795,"all"
2075,"chr13",78000001,79000000,496,290,255.567275418309,2.15386642921289,4.6391405948903,0.000264269836204237,0.0367750199135705,0.11300533986303,"all"
2076,"chr13",79000001,80000000,492,252,255.098025298679,-0.193968591207306,0.037623814374947,2.14325025484187e-06,0.878806068071103,0.952945481043943,"all"
2077,"chr13",80000001,81000000,485,181,219.511570620132,-2.59933660202015,6.75655077060166,0.000384888651018505,0.0084399499564435,0.0372840316257681,"all"
2078,"chr13",81000001,82000000,494,240,266.802208468452,-1.64087640739048,2.69247538433069,0.000153377552209719,0.103633277852249,0.243611920058581,"all"
2079,"chr13",82000001,83000000,496,190,207.013330553022,-1.18247014292071,1.39823563889892,7.96508525035297e-05,0.249420676214034,0.439784181245779,"all"
2080,"chr13",83000001,84000000,500,228,206.239189956191,1.5152680315365,2.29603720739649,0.00013079434957971,0.142248247645126,0.300978395570906,"all"
2081,"chr13",84000001,85000000,498,220,218.850080960159,0.0777309381066987,0.00604209873894743,3.44189707427745e-07,0.95599710738295,0.994139900931054,"all"
2082,"chr13",85000001,86000000,495,216,209.016808346532,0.483018044645509,0.233306431453171,1.32903608253292e-05,0.647225079298874,0.8117210421478,"all"
2083,"chr13",86000001,87000000,417,180,171.518316222308,0.647629800288259,0.41942435822141,2.38926163542712e-05,0.53693678102361,0.723401198869685,"all"
2084,"chr13",87000001,88000000,498,248,250.375043731773,-0.150098409955954,0.0225295326713057,1.28340061850287e-06,0.913919186138556,0.974054389092654,"all"
2085,"chr13",88000001,89000000,500,264,277.326603865979,-0.800246386592299,0.640394279254031,3.64802246931245e-05,0.443566084843295,0.641950512491532,"all"
2086,"chr13",89000001,90000000,497,244,267.948990464424,-1.46305667037097,2.14053482071699,0.000121936116159834,0.148776980207997,0.309010639356691,"all"
2087,"chr13",90000001,91000000,500,265,279.123735863659,-0.845378507573073,0.714664821066475,4.07110651943141e-05,0.416699922817751,0.616767516116929,"all"
2088,"chr13",91000001,92000000,492,240,299.699384558093,-3.44847378166992,11.8919714228648,0.000677429208230382,0.000411469415831462,0.00338989314709426,"all"
2089,"chr13",92000001,93000000,497,328,300.0172052918,1.61554107998378,2.60997298111515,0.00014867778160819,0.115761722109077,0.263194970092565,"all"
2090,"chr13",93000001,94000000,499,336,264.659896395059,4.38520263744062,19.2300021714161,0.00109544201562778,2.80225306786255e-05,0.000375423343250557,"all"
2091,"chr13",94000001,95000000,497,278,231.879923794422,3.02871523217543,9.17311595761144,0.000522548907931465,0.00355077367916945,0.0193537417075643,"all"
2092,"chr13",95000001,96000000,498,250,210.296495206885,2.73787003140012,7.49593230883889,0.00042700771035842,0.00837695677078309,0.0371371465550274,"all"
2093,"chr13",96000001,97000000,471,141,183.050586690471,-3.10803926580333,9.65990807777529,0.00055027914615768,0.00143744532311998,0.00917852058214918,"all"
2094,"chr13",97000001,97874000,435,215,182.316148533113,2.42058679250107,5.85924042003061,0.000333773136297748,0.0197984160364248,0.0713091190658668,"all"
2095,"chr13",98016001,99000000,487,181,192.996419230245,-0.863529162108073,0.745682613811071,4.24780017292964e-05,0.410031938997569,0.609099258604161,"all"
2096,"chr13",99000001,100000000,491,231,181.401473470576,3.68254760272432,13.5611568463306,0.000772514784843359,0.000449744643659535,0.0036424234276042,"all"
2097,"chr13",100000001,101000000,500,186,204.246193902583,-1.27671893566925,1.63001124069643,9.28540092241152e-05,0.211828408388838,0.395309076949166,"all"
2098,"chr13",101000001,102000000,486,216,227.092275310342,-0.736070579378723,0.541799897826929,3.08637704172837e-05,0.4856084219892,0.679472594359705,"all"
2099,"chr13",102000001,103000000,496,279,270.851117698134,0.495145377610257,0.245168944968804,1.39661119563037e-05,0.636437009779914,0.801698113813275,"all"
2100,"chr13",103000001,104000000,497,245,232.706200648805,0.805901831721375,0.649477762371867,3.69976676433033e-05,0.436822976159584,0.634754927850749,"all"
2101,"chr13",104000001,105000000,499,313,242.033913763382,4.56155318537213,20.8077674629786,0.00118531982093275,1.40603876468641e-05,0.000205669037671222,"all"
2102,"chr13",105000001,106000000,499,285,247.486754944062,2.38456219036256,5.68613683970667,0.000323912246358573,0.0210067918162188,0.0745758533791829,"all"
2103,"chr13",106000001,107000000,486,206,213.280865301934,-0.498548081702295,0.248550189769038,1.41587254352978e-05,0.648875813400984,0.812724751865715,"all"
2104,"chr13",107000001,108000000,498,263,215.19832970766,3.25854425761575,10.6181106788406,0.000604863403576589,0.00176609845040013,0.0110313818241769,"all"
2105,"chr13",108000001,109000000,481,295,231.08733750317,4.20434973744368,17.6765567147427,0.00100694959596723,6.06713068500397e-05,0.000712887855487967,"all"
2106,"chr13",109000001,110000000,498,266,228.36862417838,2.4901865260158,6.20102893435063,0.000353243206852481,0.0161542339958591,0.0603835578437133,"all"
2107,"chr13",110000001,111000000,483,209,206.726521099881,0.158122193324427,0.0250026280217274,1.42428113070232e-06,0.892807224011929,0.960840206922748,"all"
2108,"chr13",111000001,112000000,464,194,191.134141549846,0.207293460146225,0.0429705786193946,2.44783005409588e-06,0.854943835316914,0.937414243007343,"all"
2109,"chr13",112000001,113000000,405,299,260.419996445269,2.39070009611051,5.7154469495428,0.000325581904297815,0.0205829919395325,0.0733973108092532,"all"
2110,"chr13",113000001,114000000,445,182,199.910270945752,-1.2667315923109,1.6046089269585,9.14069598938738e-05,0.215734662864354,0.40007197828726,"all"
2111,"chr13",114000001,115000000,289,102,133.249144381085,-2.70711008086374,7.3284449899141,0.000417466752193174,0.00573605792423251,0.0280158059093264,"all"
2112,"chr13",115000001,115110000,55,23,16.8239818087101,1.5057198351494,2.26719222196232,0.000129151187571557,0.175707695316221,0.347177093364305,"all"
2113,"chr14",20302001,21000000,349,188,171.319794823946,1.27437609299009,1.62403442638468,9.25135384608603e-05,0.218699276155102,0.403741677229026,"all"
2114,"chr14",21000001,22000000,500,217,201.635892663255,1.08199040985213,1.17070324701198,6.66894113259658e-05,0.295606646324456,0.496196870616051,"all"
2115,"chr14",22000001,23000000,500,283,233.937629656303,3.20773500739731,10.2895638776822,0.000586147650615107,0.00204041107237306,0.0124996977446444,"all"
2116,"chr14",23000001,24000000,500,228,205.648594686264,1.55862615923502,2.42931550425169,0.000138386582011359,0.131213161662914,0.286074626986749,"all"
2117,"chr14",24000001,25000000,500,224,201.045880092051,1.61887403342153,2.62075313608649,0.000149291875906532,0.117120032941724,0.264813197510981,"all"
2118,"chr14",25000001,26000000,500,230,279.530833065525,-2.96251646743917,8.77650381984825,0.000499955795578126,0.00256976128737,0.0149317198825725,"all"
2119,"chr14",26000001,27000000,500,269,297.279372692128,-1.64016440869808,2.69013928755991,0.000153244475856816,0.103639306875695,0.243611920058581,"all"
2120,"chr14",27000001,28000000,498,244,289.499119539361,-2.67411062154972,7.15086761628504,0.000407351011468649,0.00676843944777634,0.0315530339784956,"all"
2121,"chr14",28000001,29000000,500,287,261.714093271978,1.56302158882235,2.44303648712475,0.000139168201326888,0.128765365125501,0.283540938413834,"all"
2122,"chr14",29000001,30000000,500,341,329.874172456265,0.612573446045345,0.375246226799869,2.13759977444711e-05,0.554469719409704,0.73766342716827,"all"
2123,"chr14",30000001,31000000,500,284,282.897500936665,0.0655486382300213,0.0042966239738102,2.447582888608e-07,0.963534730500146,0.997110418016246,"all"
2124,"chr14",31000001,32000000,500,204,206.91886802759,-0.202915121526848,0.0411745465442556,2.34551862537192e-06,0.875347848137756,0.952418322812503,"all"
2125,"chr14",32000001,33000000,483,199,215.18460612961,-1.10330741016395,1.21728724132268,6.93430805335315e-05,0.284119344482087,0.483767486994667,"all"
2126,"chr14",33000001,34000000,500,244,242.369685672213,0.104720617756384,0.0109664077832787,6.24704237640047e-07,0.933652707601654,0.987014127099536,"all"
2127,"chr14",34000001,35000000,500,214,198.929862880221,1.068482004791,1.14165379456219,6.50346018017222e-05,0.301849784538026,0.502849118111866,"all"
2128,"chr14",35000001,36000000,489,172,179.151840169252,-0.534327053499951,0.28550540010194,1.62638884890595e-05,0.6258642476929,0.793961415104223,"all"
2129,"chr14",36000001,37000000,500,215,226.715925188385,-0.778100288232851,0.605440058548046,3.4489048527696e-05,0.459301893657746,0.655102196739504,"all"
2130,"chr14",37000001,38000000,500,208,228.869600591456,-1.37949484410832,1.90300602492143,0.000108405227264632,0.175098224747583,0.346450386715887,"all"
2131,"chr14",38000001,39000000,500,245,262.182495193108,-1.06116858583052,1.12607876755355,6.41473663855369e-05,0.302491510639106,0.503625529037351,"all"
2132,"chr14",39000001,40000000,494,204,210.601238663032,-0.454878043148271,0.2069140341384,1.17869111296908e-05,0.681122830814446,0.832741644326233,"all"
2133,"chr14",40000001,41000000,500,266,266.907780157715,-0.0555648401152592,0.00308745145703432,1.75877465696486e-07,0.988225503027516,1,"all"
2134,"chr14",41000001,42000000,500,308,282.943915027183,1.48957726088528,2.2188404161465,0.000126396814527292,0.147270874811652,0.308003594679471,"all"
2135,"chr14",42000001,43000000,500,251,257.394987442468,-0.398602165201251,0.158883686103125,9.05085001050528e-06,0.720029269440505,0.859135939305518,"all"
2136,"chr14",43000001,44000000,500,280,251.351024501658,1.80704416114012,3.2654086003106,0.000186014840096562,0.0794042736556331,0.201998272023691,"all"
2137,"chr14",44000001,45000000,500,252,238.615016896928,0.866500746757558,0.750823544131405,4.27708561461659e-05,0.402317797780433,0.601379106484099,"all"
2138,"chr14",45000001,46000000,500,228,214.639771601618,0.911924290315366,0.831605911267183,4.73726444503782e-05,0.378581218563524,0.580423718514237,"all"
2139,"chr14",46000001,47000000,500,222,289.993458952968,-3.99275841844756,15.9421197880839,0.000908146950705829,3.72201828118348e-05,0.000476385107685403,"all"
2140,"chr14",47000001,48000000,500,311,341.414145950252,-1.64601909852641,2.70937887271369,0.000154340463769497,0.102185883150696,0.2419214921495,"all"
2141,"chr14",48000001,49000000,500,287,331.11325612557,-2.42426913058633,5.8770808175138,0.000334789419125195,0.0145597438211623,0.0561814071807165,"all"
2142,"chr14",49000001,50000000,500,243,292.103900497858,-2.87307731410986,8.25457325285274,0.000470223886697889,0.00351528116662359,0.0192334181387592,"all"
2143,"chr14",50000001,51000000,500,201,201.707290921296,-0.0498009107696462,0.00248013071348626,1.41281283464446e-07,0.997722859042959,1,"all"
2144,"chr14",51000001,52000000,500,223,217.683133945774,0.360365601378261,0.129863366656716,7.39770005528634e-06,0.736460194740468,0.870334451080347,"all"
2145,"chr14",52000001,53000000,500,248,226.756719020747,1.41072223402288,1.9901372215665,0.000113368678273432,0.171252857807074,0.341671498491914,"all"
2146,"chr14",53000001,54000000,500,204,212.359688711386,-0.573659336074643,0.3290850338656,1.874641352597e-05,0.595271713623028,0.767375900610262,"all"
2147,"chr14",54000001,55000000,498,235,228.260030081866,0.446111093583531,0.199015107818294,1.13369467619148e-05,0.672920400563969,0.826210087112199,"all"
2148,"chr14",55000001,56000000,500,197,181.144318718681,1.17807393838113,1.38785820429282,7.90596992742886e-05,0.255299882510834,0.446852724761027,"all"
2149,"chr14",56000001,57000000,500,223,227.466974216815,-0.296179005433471,0.0877220032595603,4.99710645942598e-06,0.800493781970841,0.90461792389058,"all"
2150,"chr14",57000001,58000000,500,203,238.680608842782,-2.30953042530935,5.33393078542959,0.000303848737962974,0.0200305928302667,0.0720548427156518,"all"
2151,"chr14",58000001,59000000,500,245,220.159951795509,1.674107236023,2.80263503770457,0.000159652825174176,0.104688551312783,0.245414617018602,"all"
2152,"chr14",59000001,60000000,500,205,212.668816493312,-0.525867630140325,0.276536764429402,1.57529878531168e-05,0.629179302674526,0.795624018244782,"all"
2153,"chr14",60000001,61000000,500,187,224.387127834928,-2.49587673665537,6.22940068457746,0.000354859410895431,0.0116161600816596,0.0478499007961468,"all"
2154,"chr14",61000001,62000000,500,186,184.876439478398,0.0826334122476419,0.00682828081968874,3.88974771698711e-07,0.953674339716583,0.994139900931054,"all"
2155,"chr14",62000001,63000000,500,233,222.650485605229,0.693598506924759,0.481078888808255,2.74047825337961e-05,0.505152297422108,0.696619353876471,"all"
2156,"chr14",63000001,64000000,500,229,218.748938794482,0.69309992066004,0.480387500018954,2.7365397393733e-05,0.505617770363714,0.696926032515755,"all"
2157,"chr14",64000001,65000000,500,204,170.906903155305,2.53138153499034,6.40789247569005,0.000365027241646902,0.0150166532947311,0.0574803003951856,"all"
2158,"chr14",65000001,66000000,500,167,176.847640999332,-0.740512804123091,0.548359213070244,3.12374234958026e-05,0.486057982893155,0.679769871685207,"all"
2159,"chr14",66000001,67000000,500,196,197.744882310854,-0.124083351011298,0.015396677998193,8.7707571897119e-07,0.938823726611828,0.988834542320393,"all"
2160,"chr14",67000001,68000000,487,161,178.775196362142,-1.32941561382115,1.76734587427147,0.00010067731191945,0.193248234123476,0.37084517217671,"all"
2161,"chr14",68000001,69000000,500,208,173.291802094499,2.63659276554536,6.95162141132613,0.000396000900198729,0.0113495575434147,0.0470219385505347,"all"
2162,"chr14",69000001,70000000,500,157,173.294287999584,-1.23777943858707,1.53209793858891,8.72763528067455e-05,0.227863390845029,0.413995146738085,"all"
2163,"chr14",70000001,71000000,500,221,184.915760857577,2.65357024050074,7.04143502127115,0.000401117155570516,0.010745630669329,0.0455062380043814,"all"
2164,"chr14",71000001,72000000,500,198,173.429894801562,1.8657138504775,3.48088817186357,0.000198289689266338,0.0718405224119599,0.187412900596077,"all"
2165,"chr14",72000001,73000000,500,188,186.967842786306,0.0754853014190984,0.00569803073033214,3.24589784894673e-07,0.95925305892301,0.9957199565287,"all"
2166,"chr14",73000001,74000000,500,182,165.511952622263,1.28160604016161,1.64251404217872,9.35662345236584e-05,0.216361412963208,0.400974900430198,"all"
2167,"chr14",74000001,75000000,500,197,164.606500178009,2.5248430207242,6.3748322792997,0.000363143959063361,0.0153477131185478,0.0581897167656813,"all"
2168,"chr14",75000001,76000000,500,203,164.931009256964,2.9642866969167,8.78699562151731,0.0005005534637565,0.00456525214824659,0.0233307984118056,"all"
2169,"chr14",76000001,77000000,500,199,176.523984243683,1.69167708806697,2.86177137029073,0.000163021541557438,0.102322748771777,0.242045644165581,"all"
2170,"chr14",77000001,78000000,500,201,172.946835723692,2.1331703799339,4.55041586982733,0.00025921560943959,0.0398518427770411,0.120667384479347,"all"
2171,"chr14",78000001,79000000,500,206,208.911272895979,-0.201419716096579,0.0405699020324265,2.31107489536752e-06,0.876356859243249,0.952945481043943,"all"
2172,"chr14",79000001,80000000,500,247,252.593409203737,-0.351937533014483,0.12386002714432,7.05571827715991e-06,0.755772927003454,0.884030298890701,"all"
2173,"chr14",80000001,81000000,499,238,235.700957617323,0.14974981827316,0.0224250080728443,1.27744634788966e-06,0.898243188599967,0.96451806056783,"all"
2174,"chr14",81000001,82000000,500,159,193.71196218665,-2.49402581181582,6.22016475000354,0.000354333283508878,0.011602756749992,0.0478499007961468,"all"
2175,"chr14",82000001,83000000,500,216,259.37516835289,-2.69325190351945,7.25360581581117,0.000413203519407424,0.00632466472245536,0.03007100125917,"all"
2176,"chr14",83000001,84000000,500,278,281.935249541739,-0.234367608292397,0.0549281758166982,3.12899765143239e-06,0.845348542745184,0.931085006550304,"all"
2177,"chr14",84000001,85000000,500,327,281.500959357945,2.71182899499455,7.35401649809315,0.000418923439728235,0.00867408562678632,0.0381420298957,"all"
2178,"chr14",85000001,86000000,500,315,257.043937823158,3.61489083547376,13.0674357523922,0.00074438983584539,0.000517891242222836,0.00405681473074555,"all"
2179,"chr14",86000001,87000000,483,315,254.34268531973,3.8034135899654,14.4659549363335,0.000824056840565129,0.000265907055630402,0.00235375762841475,"all"
2180,"chr14",87000001,88000000,484,336,248.236388106859,5.57034079779272,31.028696603554,0.00176755767611007,1.40876715516831e-07,3.70544535217205e-06,"all"
2181,"chr14",88000001,89000000,498,225,228.552844141567,-0.235008105221165,0.0552288095196423,3.14612332758068e-06,0.848265468240589,0.932506555769083,"all"
2182,"chr14",89000001,90000000,500,188,197.820888169045,-0.698256025437212,0.487561477059373,2.77740648394864e-05,0.511783457608664,0.702276594787306,"all"
2183,"chr14",90000001,91000000,500,187,190.434033464553,-0.248846902927886,0.0619247810968006,3.52756106927639e-06,0.840661369336902,0.928826666574014,"all"
2184,"chr14",91000001,92000000,500,174,173.156659668144,0.0640889668884262,0.00410739567682579,2.33978850293157e-07,0.969086988599505,0.99885471938685,"all"
2185,"chr14",92000001,93000000,500,177,185.462324997424,-0.621386552699814,0.386121247876158,2.1995496114862e-05,0.564212353021084,0.744848671795199,"all"
2186,"chr14",93000001,94000000,500,195,181.42707438844,1.00767949240243,1.01541795940843,5.78435450107438e-05,0.331311129869056,0.536346137399539,"all"
2187,"chr14",94000001,95000000,500,186,197.044106245066,-0.786771919630285,0.619010053518724,3.52620667785641e-05,0.455657598918034,0.651556277355612,"all"
2188,"chr14",95000001,96000000,500,179,183.26009476744,-0.314691713269797,0.09903087440068,5.64131921025535e-06,0.789967612950206,0.898744899336603,"all"
2189,"chr14",96000001,97000000,500,218,192.921231976482,1.8055777110981,3.26011087081426,0.000185713053574336,0.0808746889834244,0.204468900630933,"all"
2190,"chr14",97000001,98000000,500,213,248.916692295974,-2.2765087472496,5.18249207630394,0.000295221992979281,0.0219840982002113,0.0772406979656935,"all"
2191,"chr14",98000001,99000000,500,237,258.318664402825,-1.32642317056331,1.75939842740722,0.000100224583566408,0.19264141856309,0.369928296731668,"all"
2192,"chr14",99000001,100000000,500,209,202.216303722905,0.477043861023908,0.227570845340598,1.29636316884338e-05,0.651780201530289,0.814228251759188,"all"
2193,"chr14",100000001,101000000,500,221,176.514497265142,3.34833045382187,11.2113168279909,0.000638655544311444,0.00138454831536528,0.00892022476438706,"all"
2194,"chr14",101000001,102000000,500,224,230.597060538651,-0.434433778904119,0.188732708252913,1.07512072281911e-05,0.694861406086288,0.842710512372837,"all"
2195,"chr14",102000001,103000000,500,187,177.764651466285,0.692676712567124,0.479801028132798,2.73319888720203e-05,0.507763288043404,0.698796364716703,"all"
2196,"chr14",103000001,104000000,500,192,181.275415285646,0.796546309329658,0.634486022906699,3.61436593519314e-05,0.444446365654449,0.642899964849296,"all"
2197,"chr14",104000001,105000000,500,226,215.227192123677,0.734311525358562,0.539213416274418,3.0716430830943e-05,0.480159934666421,0.674152072815195,"all"
2198,"chr14",105000001,106000000,488,196,200.66528760062,-0.329338342836463,0.108463744062268,6.17866505468812e-06,0.7769820985991,0.892394227579985,"all"
2199,"chr14",106000001,107000000,426,250,88.9369995328895,17.0786897239718,291.6816426877,0.0166157197351946,4.23341276987714e-44,2.42743888224755e-41,"all"
2200,"chr14",107000001,107290000,133,89,11.1237668617725,23.3495759374169,545.202696457199,0.0310576117157448,2.66664592362264e-48,1.91131846575653e-45,"all"
2201,"chr15",20166001,20202000,18,8,8.83907729931991,-0.282226965170249,0.0796520598692089,4.53740006029365e-06,0.954073052935434,0.994139900931054,"all"
2202,"chr15",22364001,23000000,138,59,54.3067967218452,0.636857506298854,0.405587483329195,2.3104395220087e-05,0.559024141629154,0.741657664993422,"all"
2203,"chr15",23000001,24000000,328,169,152.77769589634,1.31244937516742,1.72252336237736,9.81239860104307e-05,0.206108782368824,0.388225133382212,"all"
2204,"chr15",24000001,25000000,500,343,298.783713540196,2.55801922913304,6.54346237661439,0.00037275001589327,0.0131262784277432,0.052340807026898,"all"
2205,"chr15",25000001,26000000,500,289,339.690343676721,-2.75032258398743,7.56427431599127,0.00043090083035912,0.00534501363742188,0.0265123773330251,"all"
2206,"chr15",26000001,27000000,500,376,371.953478307022,0.209815496361228,0.0440225425133083,2.50775544765768e-06,0.847562158132566,0.932245342413628,"all"
2207,"chr15",27000001,28000000,500,289,341.10312538959,-2.82111588114322,7.95869481483849,0.000453369095438379,0.00423544177564314,0.0220782028559434,"all"
2208,"chr15",28000001,29000000,292,148,154.665590109165,-0.535971568428064,0.287265522163238,1.63641542946165e-05,0.627240759957556,0.794652787803055,"all"
2209,"chr15",29000001,30000000,476,241,235.569608858598,0.353811122803325,0.12518231061935,7.13104249512959e-06,0.740682216030398,0.873592634636031,"all"
2210,"chr15",30000001,31000000,221,83,80.4288431947453,0.286696672428858,0.0821949819817799,4.68225827194376e-06,0.803751238468377,0.906199837360493,"all"
2211,"chr15",31000001,32000000,498,188,192.530612002255,-0.326517885583357,0.106613929605826,6.07328989879169e-06,0.77990387346878,0.893555016633953,"all"
2212,"chr15",32000001,33000000,266,130,127.992105675303,0.177479934682094,0.0314991272147604,1.79435587677377e-06,0.882547598529266,0.955177034723822,"all"
2213,"chr15",33000001,34000000,500,228,198.886869004602,2.06436201386465,4.26159052428731,0.000242762599405455,0.0460952720179806,0.133497415005248,"all"
2214,"chr15",34000001,35000000,500,184,177.485054767562,0.489023663395182,0.239144143360444,1.36229075843651e-05,0.644492566160001,0.808908743609153,"all"
2215,"chr15",35000001,36000000,500,212,205.298521344553,0.467711154940669,0.218753724455935,1.24613621313203e-05,0.658312864895951,0.817982942612501,"all"
2216,"chr15",36000001,37000000,500,227,219.309176247041,0.519331250847589,0.269704948106921,1.53638116805929e-05,0.621200351360206,0.789110365682214,"all"
2217,"chr15",37000001,38000000,500,247,237.397697320785,0.623213913268995,0.388395581692055,2.21250541251673e-05,0.549972867885782,0.73406527571161,"all"
2218,"chr15",38000001,39000000,500,228,212.865781809186,1.03730641530764,1.07600459923839,6.1294878518865e-05,0.315782376702363,0.520061111586259,"all"
2219,"chr15",39000001,40000000,500,176,180.451806975537,-0.331402444841872,0.10982758044717,6.25635634484745e-06,0.777327202880474,0.892394227579985,"all"
2220,"chr15",40000001,41000000,500,152,167.98179152594,-1.2330888106445,1.52050801493666,8.66161298273917e-05,0.229934905773727,0.416684003786226,"all"
2221,"chr15",41000001,42000000,500,185,167.608114162748,1.34338085943192,1.80467213348805,0.000102803611868227,0.194840996739658,0.373401829981685,"all"
2222,"chr15",42000001,43000000,500,188,167.991947045326,1.5436917968633,2.38298436370305,0.00013574731668333,0.136240077201186,0.293684437094586,"all"
2223,"chr15",43000001,44000000,500,191,165.431681648133,1.9878921688632,3.95171527502765,0.0002251104761963,0.0554512766610361,0.154134468488625,"all"
2224,"chr15",44000001,45000000,500,197,170.001136973293,2.07071134348893,4.28784546805371,0.000244258219024386,0.0460207329027897,0.133497415005248,"all"
2225,"chr15",45000001,46000000,500,162,181.302864666783,-1.43357174519942,2.05512794863412,0.000117070891742856,0.158814133646996,0.324764708392252,"all"
2226,"chr15",46000001,47000000,500,210,273.186144044216,-3.82289631407913,14.6145362281998,0.000832520812040315,8.04330104379419e-05,0.000897281871305757,"all"
2227,"chr15",47000001,48000000,500,242,259.19637234386,-1.06812573919585,1.14089259473268,6.4991239857813e-05,0.299250902859588,0.499705891067165,"all"
2228,"chr15",48000001,49000000,500,221,208.133506432219,0.891844640520024,0.795386862824291,4.53094170478677e-05,0.389596595251277,0.590678708929355,"all"
2229,"chr15",49000001,50000000,500,173,194.076036988168,-1.51287481921598,2.28879021861779,0.000130381523001522,0.135669277156768,0.292894440970222,"all"
2230,"chr15",50000001,51000000,500,179,202.278375789224,-1.63673340385654,2.67889623529983,0.00015260401249546,0.104978302551136,0.245692076256413,"all"
2231,"chr15",51000001,52000000,500,183,191.302629032674,-0.600281783950175,0.360338220142405,2.05267593140086e-05,0.578284747712499,0.757051311274765,"all"
2232,"chr15",52000001,53000000,500,201,180.644094303722,1.51453232229386,2.29380815527284,0.00013066737105264,0.143295969027058,0.302430337374547,"all"
2233,"chr15",53000001,54000000,500,242,260.4785356599,-1.14493697673814,1.31088068070227,7.46746548604395e-05,0.264122587429641,0.45855948508019,"all"
2234,"chr15",54000001,55000000,500,299,296.889973132055,0.12245886226581,0.0149961729474367,8.54260845828759e-07,0.917943792693183,0.976450808585781,"all"
2235,"chr15",55000001,56000000,500,220,228.22580165605,-0.544497465785955,0.296477490247327,1.68889164239174e-05,0.614805506517395,0.783050816164092,"all"
2236,"chr15",56000001,57000000,498,162,198.980612851914,-2.621613845704,6.87285915598691,0.000391514188082158,0.00782091120738368,0.0354226736675656,"all"
2237,"chr15",57000001,58000000,500,159,193.532939562612,-2.48231048669972,6.16186535237943,0.000351012243340813,0.0120209857460108,0.0491516231425357,"all"
2238,"chr15",58000001,59000000,500,188,198.434296496442,-0.740721252376366,0.548667973722012,3.12550121256792e-05,0.484366251045097,0.678137825644084,"all"
2239,"chr15",59000001,60000000,500,214,182.341109262605,2.34451706276687,5.49676025760497,0.000313124360691116,0.0239411327373742,0.0822026677341937,"all"
2240,"chr15",60000001,61000000,500,217,218.870344066441,-0.126423568823177,0.0159829187539886,9.10471074283549e-07,0.935092003321973,0.987871572189367,"all"
2241,"chr15",61000001,62000000,500,215,230.330442744589,-1.01013408622136,1.02037087214626,5.81256889577072e-05,0.328639576407317,0.532622761763582,"all"
2242,"chr15",62000001,63000000,500,173,206.364425322319,-2.32255620547026,5.3942673275684,0.000307285824591846,0.0192344477583511,0.0694523447395374,"all"
2243,"chr15",63000001,64000000,500,168,189.207766174765,-1.54179079077262,2.37711884251127,0.000135413185761255,0.128039740626942,0.282376874136494,"all"
2244,"chr15",64000001,65000000,500,186,185.53295238495,0.034288669293928,0.00117571284194836,6.69747841889366e-08,0.992161036479561,1,"all"
2245,"chr15",65000001,66000000,500,207,193.59629550773,0.963332745698734,0.928009978935461,5.28643269400572e-05,0.352771432747743,0.557054196536654,"all"
2246,"chr15",66000001,67000000,500,225,204.251632331979,1.45178119690398,2.10766864368395,0.000120063885938843,0.159787388686812,0.326057255064122,"all"
2247,"chr15",67000001,68000000,500,192,198.3867951106,-0.453447073514411,0.205614248478783,1.17128685055578e-05,0.683169659123907,0.83361133397599,"all"
2248,"chr15",68000001,69000000,500,185,210.345954360985,-1.74759811162138,3.05409915974261,0.000173977543510031,0.0824069464090587,0.207610470434773,"all"
2249,"chr15",69000001,70000000,500,193,212.664412308209,-1.34844600657332,1.81830663264354,0.00010358030461656,0.185814482507839,0.360928266497273,"all"
2250,"chr15",70000001,71000000,500,197,225.506067781322,-1.89827093166124,3.60343252999001,0.00020527046011978,0.058175181714798,0.159453390034728,"all"
2251,"chr15",71000001,72000000,500,225,195.758314496705,2.08998078561299,4.36801968423147,0.000248825363852986,0.0435426552783162,0.128697724415394,"all"
2252,"chr15",72000001,73000000,471,190,181.391408750853,0.639180813880449,0.408552112832873,2.32732761016465e-05,0.541898704718328,0.727452097217397,"all"
2253,"chr15",73000001,74000000,500,224,211.831729277248,0.836052129999905,0.698983164077378,3.98177555738891e-05,0.420325353114622,0.619256314172467,"all"
2254,"chr15",74000001,75000000,480,211,202.972536121326,0.563455627729447,0.317482244419985,1.80854576433908e-05,0.591421215722519,0.765260990097029,"all"
2255,"chr15",75000001,76000000,478,201,188.115978555842,0.939374130541419,0.882423757130447,5.02674960996963e-05,0.365304530432169,0.568214314175411,"all"
2256,"chr15",76000001,77000000,500,216,202.787329175364,0.927833838983673,0.86087563276318,4.90400016574459e-05,0.370668664787251,0.573196905040479,"all"
2257,"chr15",77000001,78000000,500,203,201.567491204161,0.100899044157553,0.0101806171119078,5.79941470104453e-07,0.938330858676707,0.988834542320393,"all"
2258,"chr15",78000001,79000000,500,208,206.680336966366,0.0917938258239138,0.00842610645939103,4.79995319890793e-07,0.945332706703688,0.99285016088191,"all"
2259,"chr15",79000001,80000000,500,236,225.855583311868,0.675012265333602,0.455641558350801,2.59557384671281e-05,0.516808811288093,0.705843714708912,"all"
2260,"chr15",80000001,81000000,500,206,220.236997461553,-0.959341581409169,0.920336269820646,5.24271921282593e-05,0.355395585730961,0.559110117587324,"all"
2261,"chr15",81000001,82000000,500,214,219.440234417184,-0.367248038090173,0.134871121481081,7.6829680958031e-06,0.746348097407249,0.876959014453517,"all"
2262,"chr15",82000001,82584000,292,131,128.426294243615,0.227107730999796,0.0515779214798758,2.93814955215086e-06,0.843687692596975,0.930327928721356,"all"
2263,"chr15",83212001,84000000,394,156,163.735297269429,-0.604513288588623,0.365436316080231,2.08171736592705e-05,0.577835974311726,0.756809382527052,"all"
2264,"chr15",84000001,84836000,418,195,189.344230391289,0.41102257136221,0.168939554169203,9.62368511915467e-06,0.700185722272657,0.846100357306816,"all"
2265,"chr15",85142001,86000000,389,146,151.195953078383,-0.422566570795794,0.178562506754117,1.01718590861643e-05,0.71118137457546,0.85307599543242,"all"
2266,"chr15",86000001,87000000,500,220,223.196562854783,-0.21396340337773,0.0457803379849812,2.60788871843874e-06,0.865264590674817,0.945033745319886,"all"
2267,"chr15",87000001,88000000,500,256,234.249325549548,1.42112916936121,2.01960811600928,0.000115047495349112,0.167907283896351,0.336872066431658,"all"
2268,"chr15",88000001,89000000,500,256,246.155221614553,0.627482210556947,0.393733924565433,2.24291541988542e-05,0.546864678678715,0.731506023350466,"all"
2269,"chr15",89000001,90000000,500,231,228.109707472037,0.191368263638004,0.0366218123278247,2.08617095072227e-06,0.865789321429939,0.945246757250432,"all"
2270,"chr15",90000001,91000000,500,207,205.868372365699,0.0788694348624761,0.00622038775552637,3.54345987075796e-07,0.955647860914742,0.994139900931054,"all"
2271,"chr15",91000001,92000000,500,209,213.317805588576,-0.29563069910177,0.0873975102514011,4.97862163182448e-06,0.802022640937103,0.905338828884548,"all"
2272,"chr15",92000001,93000000,500,239,232.41318893402,0.432060756403811,0.186676497224233,1.06340746385151e-05,0.682958001361999,0.83361133397599,"all"
2273,"chr15",93000001,94000000,500,263,236.035501308466,1.75510735509964,3.08040182792484,0.000175475881762575,0.088671093389025,0.219344283646536,"all"
2274,"chr15",94000001,95000000,500,325,295.092066117549,1.74103557519005,3.03120487407734,0.000172673364643489,0.0902338600544678,0.221563023298948,"all"
2275,"chr15",95000001,96000000,500,363,298.730290510518,3.71849075624032,13.8271735042447,0.000787668492125259,0.000346119857201585,0.00295335009106233,"all"
2276,"chr15",96000001,97000000,500,281,254.276344444344,1.67587987539285,2.80857335674676,0.000159991103044507,0.103590380849492,0.243611920058581,"all"
2277,"chr15",97000001,98000000,500,419,339.068716348393,4.34083148531693,18.8428179839187,0.00107338596888423,3.06515926335681e-05,0.000406843130002036,"all"
2278,"chr15",98000001,99000000,500,322,364.438235371191,-2.22303013323226,4.94186297325866,0.000281514494284848,0.0256003123186292,0.0864500534953001,"all"
2279,"chr15",99000001,100000000,500,244,275.319491466289,-1.88754025497017,3.56280821413284,0.000202956285526902,0.0596275962063147,0.162656820479072,"all"
2280,"chr15",100000001,101000000,500,227,279.483983810284,-3.13941211792038,9.85590844614531,0.000561444357512164,0.00135565202439778,0.00877348612629442,"all"
2281,"chr15",101000001,102000000,500,200,239.873186707243,-2.57448338848527,6.62796471758659,0.000377563713463073,0.00916329992515369,0.0400760207609884,"all"
2282,"chr15",102000001,102412000,196,87,90.4990764737595,-0.367816629672001,0.13528907306327,7.70677681509219e-06,0.764649003594981,0.888629385207462,"all"
2283,"chr16",60001,1000000,470,221,252.194414787259,-1.96430585194151,3.85849747997167,0.000219800300544823,0.0495955732693757,0.141253407708698,"all"
2284,"chr16",1000001,2000000,500,260,293.374213728027,-1.94849848971365,3.79664636441637,0.000216276935852049,0.0515334580960462,0.14642856725606,"all"
2285,"chr16",2000001,3000000,500,234,235.496934510171,-0.0975461586344856,0.00951525306434423,5.42038836142576e-07,0.956826590052497,0.994281201044041,"all"
2286,"chr16",3000001,4000000,500,238,241.716281476314,-0.239031781553398,0.0571361925925913,3.25477789451106e-06,0.844153278831051,0.93048344883069,"all"
2287,"chr16",4000001,5000000,500,228,220.667873888316,0.493583201780721,0.243624377080108,1.38781252495845e-05,0.639248781093596,0.803827304997956,"all"
2288,"chr16",5000001,6000000,500,327,322.695218071606,0.239637561126956,0.0574261607028754,3.27129600243253e-06,0.825362883661031,0.919866735706245,"all"
2289,"chr16",6000001,7000000,500,437,429.357009328,0.368853620736296,0.136052993530275,7.75029374081563e-06,0.724990062061835,0.862484194308997,"all"
2290,"chr16",7000001,8000000,500,431,422.745243740524,0.401480900153183,0.16118691318781,9.18205393329248e-06,0.700902807326016,0.846100357306816,"all"
2291,"chr16",8000001,9000000,476,309,279.845707526466,1.74278246401911,3.03729071689253,0.000173020046243462,0.0901424513469901,0.221563023298948,"all"
2292,"chr16",9000001,10000000,500,258,281.25236878093,-1.38649755409556,1.92237546751296,0.000109508612539627,0.172083613219363,0.34285178533698,"all"
2293,"chr16",10000001,11000000,500,270,246.110690757023,1.52278416714972,2.31887161972187,0.000132095117746058,0.139233060596233,0.298118883293055,"all"
2294,"chr16",11000001,12000000,500,247,218.308246353718,1.9418783630027,3.77089157669806,0.000214809807750933,0.0600957280047183,0.163469184937346,"all"
2295,"chr16",12000001,13000000,500,216,245.728327415612,-1.89645640251923,3.59654688665618,0.000204878217677721,0.0584077233374721,0.1597852507715,"all"
2296,"chr16",13000001,14000000,500,306,262.527219348292,2.68305917139699,7.19880651721752,0.000410081863280123,0.00947556058735462,0.0409750108656798,"all"
2297,"chr16",14000001,15000000,500,164,197.308261595186,-2.3712608536906,5.62287803624549,0.000320308692362478,0.0167061808233424,0.0619619927820475,"all"
2298,"chr16",15000001,16000000,500,153,199.681220884021,-3.30349454669812,10.9130762200642,0.000621666191435813,0.00068444073235693,0.00513688895200868,"all"
2299,"chr16",16000001,17000000,500,129,205.572020382517,-5.34057605444649,28.5217525933273,0.00162474896630604,1.31177752704937e-08,4.94850811848755e-07,"all"
2300,"chr16",17000001,18000000,500,318,297.343317074022,1.19793014097647,1.43503662265991,8.17472300009878e-05,0.243756153954664,0.433260318281476,"all"
2301,"chr16",18000001,19000000,500,229,212.198936342967,1.15336077157411,1.33024106940602,7.577752437839e-05,0.264227509366053,0.45855948508019,"all"
2302,"chr16",19000001,20000000,500,200,227.146151696366,-1.80117362953102,3.24422644371794,0.000184808193102643,0.0729601692742865,0.189471743939655,"all"
2303,"chr16",20000001,21000000,500,242,262.890773408014,-1.28844785393569,1.66009787231149,9.45679019260535e-05,0.206231907269309,0.388225133382212,"all"
2304,"chr16",21000001,22000000,500,147,202.963226364973,-3.92820428733548,15.4307889230408,0.00087901885657134,4.46496818931083e-05,0.00055176999132561,"all"
2305,"chr16",22000001,23000000,500,249,223.50582069057,1.70528360679143,2.90799217959159,0.000165654521837583,0.098330356045263,0.235910569691857,"all"
2306,"chr16",23000001,24000000,500,282,233.757202379052,3.15536776362459,9.95634572372127,0.000567165792840732,0.00240477369733899,0.0143232197085846,"all"
2307,"chr16",24000001,25000000,500,325,255.555620698555,4.34404566421479,18.8707327327833,0.00107497613972713,3.3557469393877e-05,0.00043876949112356,"all"
2308,"chr16",25000001,26000000,500,292,285.062184254594,0.41091591058744,0.168851885573905,9.61869105509352e-06,0.696744771480333,0.843567254997515,"all"
2309,"chr16",26000001,27000000,500,423,384.315336671106,1.97330839535033,3.89394602316011,0.000221819635917501,0.0542063701966878,0.151471406777684,"all"
2310,"chr16",27000001,28000000,500,261,242.339658324648,1.19869127966429,1.4368607839432,8.18511438172831e-05,0.244820977992177,0.43434940309886,"all"
2311,"chr16",28000001,29000000,500,187,198.529597302258,-0.818279192639854,0.669580837107331,3.81428444619137e-05,0.436412239903617,0.634754927850749,"all"
2312,"chr16",29000001,30000000,500,160,197.643192065713,-2.67759885659733,7.16953563685133,0.000408414440057717,0.00653286875156266,0.0307549010028409,"all"
2313,"chr16",30000001,31000000,500,209,205.89304589742,0.216527967097012,0.0468843605351646,2.67077964673355e-06,0.84703860854701,0.932245342413628,"all"
2314,"chr16",31000001,32000000,500,259,262.98274418529,-0.245594584315446,0.0603166998450768,3.43595630750991e-06,0.837623735123721,0.92649199405853,"all"
2315,"chr16",32000001,32924000,462,151,260.642656357332,-6.79136077987775,46.1225812424617,0.00262738469355448,2.30792411828526e-13,2.7570076863016e-11,"all"
2316,"chr16",33426001,33728000,151,115,85.8341260924311,3.14807448176878,9.91037294276379,0.000564546941558909,0.00308322050015097,0.0173942316097124,"all"
2317,"chr16",34196001,35000000,402,366,296.919490543598,4.0090011275086,16.0720900403652,0.000915550739528192,0.000118499978030509,0.0012264961625035,"all"
2318,"chr16",35000001,35192000,96,84,66.139725484813,2.19612439278094,4.82296234856745,0.00027474128964295,0.038460327202398,0.117604669290849,"all"
2319,"chr16",46500001,47000000,250,93,84.5042639635921,0.924190922832265,0.854128861845553,4.86556701182654e-05,0.381859425983563,0.583577278408782,"all"
2320,"chr16",47000001,48000000,500,188,176.113054240642,0.895724609909171,0.802322576796937,4.5704511776734e-05,0.38897539760192,0.590361283708155,"all"
2321,"chr16",48000001,49000000,500,208,178.56903814492,2.20242625781452,4.85068142111088,0.000276320313733932,0.0338093316669942,0.106752592389066,"all"
2322,"chr16",49000001,50000000,500,242,222.084123314566,1.3364129411649,1.78599954931303,0.000101739923312015,0.195123819678224,0.37364768205999,"all"
2323,"chr16",50000001,51000000,500,182,179.891265138228,0.157223311686089,0.024719169737541,1.40813385669747e-06,0.894840231976386,0.96194486129595,"all"
2324,"chr16",51000001,52000000,500,296,250.925008905631,2.84553332059937,8.09705987864129,0.00046125109685645,0.00602324697539502,0.0289742434202307,"all"
2325,"chr16",52000001,53000000,500,267,234.559210392456,2.11819125587218,4.48673419645337,0.00025558796655024,0.0402314567871532,0.121670450009249,"all"
2326,"chr16",53000001,54000000,500,178,159.262533510853,1.48475247911205,2.20448992422939,0.000125579335067289,0.152211080391852,0.314175066582751,"all"
2327,"chr16",54000001,55000000,500,180,181.559271821378,-0.115721116302998,0.0133913767584119,7.62843218503154e-07,0.947138189749573,0.99285016088191,"all"
2328,"chr16",55000001,56000000,500,217,194.52080129021,1.61175045479654,2.59773952853686,0.000147980899838183,0.118929928851181,0.267849258457452,"all"
2329,"chr16",56000001,57000000,500,180,162.043686997931,1.41059100144215,1.98976697334957,0.000113347586988604,0.173636441534419,0.34522585151122,"all"
2330,"chr16",57000001,58000000,500,181,154.956183651167,2.09218540576754,4.3772397721067,0.000249350588528276,0.044193867290296,0.129714533613584,"all"
2331,"chr16",58000001,59000000,500,199,159.166517842907,3.15734773480756,9.96884471849443,0.000567877801290111,0.00258091401718267,0.0149484454288135,"all"
2332,"chr16",59000001,60000000,500,269,207.794505795964,4.24593536600487,18.0279671322909,0.0010269677807121,5.37210051275616e-05,0.000639079343156511,"all"
2333,"chr16",60000001,61000000,500,267,205.418379012089,4.29666473679559,18.4613278604227,0.00105165428595983,4.42227148392415e-05,0.000548859408848941,"all"
2334,"chr16",61000001,62000000,500,354,228.285760116376,8.32041642647241,69.229329509912,0.0039436665468308,1.66834743028665e-14,2.17416003755992e-12,"all"
2335,"chr16",62000001,63000000,500,321,232.540811963545,5.80087298594988,33.6501273991231,0.00191688815506318,4.69729247276978e-08,1.44807930316462e-06,"all"
2336,"chr16",63000001,64000000,500,260,207.85923883276,3.61653523393711,13.0793270983085,0.000745067229421482,0.000543794145015182,0.00424811393394694,"all"
2337,"chr16",64000001,65000000,500,238,179.352696637938,4.3791930656101,19.1773319058876,0.00109244164041617,3.38221337768771e-05,0.00043876949112356,"all"
2338,"chr16",65000001,66000000,500,249,175.820070422595,5.51896655679645,30.4589918550377,0.00173510429870198,2.35752061533673e-07,5.65354980565538e-06,"all"
2339,"chr16",66000001,67000000,500,178,159.687464088647,1.44914911949523,2.10003317053381,0.000119628929248599,0.162266920663604,0.328544676230617,"all"
2340,"chr16",67000001,68000000,500,198,153.144238830151,3.62466520593944,13.138197855148,0.000748420817214083,0.000577031667425309,0.00448333276560531,"all"
2341,"chr16",68000001,69000000,500,166,155.885486830273,0.810106547750012,0.656272618707443,3.73847383806748e-05,0.43800561450937,0.635828909771323,"all"
2342,"chr16",69000001,70000000,500,167,147.723601007555,1.5859918968378,2.51537029683517,0.000143288715386163,0.126712659942305,0.280312651276689,"all"
2343,"chr16",70000001,71000000,500,103,150.68687397642,-3.88473270865829,15.0911482177196,0.000859671136508191,4.86381769863177e-05,0.000595921595810996,"all"
2344,"chr16",71000001,72000000,500,151,177.395014340915,-1.98176063438862,3.9273752120124,0.000223723938251464,0.0475010624482914,0.136595332035357,"all"
2345,"chr16",72000001,73000000,500,176,170.703751798735,0.405365511684067,0.164321198062885,9.36059927668341e-06,0.705354026183489,0.848232735589542,"all"
2346,"chr16",73000001,74000000,500,292,203.618626456572,6.19372608477547,38.3622428132281,0.00218531502059784,6.9830925478311e-09,2.90152555574374e-07,"all"
2347,"chr16",74000001,75000000,500,208,158.434143692007,3.93784142269833,15.5065950703188,0.000883337173232512,0.000190118375378425,0.00182297452244129,"all"
2348,"chr16",75000001,76000000,500,171,160.343911479382,0.841533836232064,0.708179197523454,4.03416099824405e-05,0.419762918288817,0.619256314172467,"all"
2349,"chr16",76000001,77000000,500,241,215.994999380864,1.70139448725322,2.89474320125566,0.000164899790381811,0.0992726370241324,0.237574833345733,"all"
2350,"chr16",77000001,78000000,500,226,194.870526421014,2.22996834079424,4.97275880094462,0.000283274483048921,0.031413847514969,0.100968050252708,"all"
2351,"chr16",78000001,79000000,500,206,190.721480878847,1.10632176618766,1.22394785034058,6.97225038379512e-05,0.285227899150931,0.483936133861299,"all"
2352,"chr16",79000001,80000000,500,194,202.806104411714,-0.618362748643367,0.382372488909779,2.17819470969458e-05,0.564945216094521,0.74503124863983,"all"
2353,"chr16",80000001,81000000,500,185,182.585821239972,0.178663525727605,0.0319206554254186,1.81836833962277e-06,0.877818780680585,0.952945481043943,"all"
2354,"chr16",81000001,82000000,500,150,160.024804005889,-0.792468920003442,0.628006989171422,3.57745795301495e-05,0.45489184802504,0.651110797946974,"all"
2355,"chr16",82000001,83000000,500,222,210.563592126538,0.788130247275466,0.621149286670486,3.53839287448174e-05,0.448043509759247,0.644849770321165,"all"
2356,"chr16",83000001,84000000,500,246,189.717997452032,4.08615912933395,16.6966964302392,0.000951131603045442,0.000102772540923397,0.00111188254651841,"all"
2357,"chr16",84000001,85000000,500,173,174.798689521776,-0.136046420157414,0.0185086284376475,1.05434877549726e-06,0.931689101228989,0.985665185691333,"all"
2358,"chr16",85000001,86000000,500,171,178.654179621009,-0.57265368419954,0.327932242027306,1.86807444426447e-05,0.598668444012152,0.769592956471567,"all"
2359,"chr16",86000001,87000000,500,240,216.579713885067,1.59141449176125,2.53260008458771,0.000144270214673384,0.123012011644935,0.274560330854882,"all"
2360,"chr16",87000001,88000000,500,208,186.344218906284,1.58641165113307,2.51670192685075,0.000143364572032218,0.125088499103687,0.277806395531864,"all"
2361,"chr16",88000001,89000000,476,168,180.090021101093,-0.900911715139745,0.811641918476036,4.62353904704686e-05,0.389453407655099,0.590678708929355,"all"
2362,"chr16",89000001,90000000,500,166,173.641949992922,-0.579931720909045,0.336320800916527,1.91586008555514e-05,0.594017734987168,0.76644862565626,"all"
2363,"chr16",90000001,90156000,78,20,22.0771038208939,-0.442066041456571,0.195422385009083,1.11322863837915e-05,0.761389026534247,0.887068272583909,"all"
2364,"chr17",1,1000000,401,95,126.231413223291,-2.7797639241218,7.72708747384903,0.000440175523737966,0.00445826768759749,0.0229889450725576,"all"
2365,"chr17",1000001,2000000,488,148,152.0973560679,-0.3322330814197,0.110378820389629,6.28775786983322e-06,0.780035155857579,0.893555016633953,"all"
2366,"chr17",2000001,3000000,500,172,149.00760241198,1.88356255153889,3.5478078855597,0.000202101787954787,0.0699430729959472,0.184307711653842,"all"
2367,"chr17",3000001,4000000,500,139,156.353560378516,-1.38782499068219,1.92605820476202,0.000109718400613449,0.173950973137116,0.345488702841814,"all"
2368,"chr17",4000001,5000000,500,149,147.916610663818,0.0890791538431121,0.00793509564940484,4.52024762914684e-07,0.950847894954963,0.994139900931054,"all"
2369,"chr17",5000001,6000000,500,208,167.715374658156,3.11066247791871,9.67622105153138,0.000551208418899979,0.00294284472979081,0.0168070435065941,"all"
2370,"chr17",6000001,7000000,500,181,161.884178950893,1.50241791245653,2.25725958367025,0.000128585372278653,0.147278758830556,0.308003594679471,"all"
2371,"chr17",7000001,8000000,500,229,147.192381810821,6.74296774116297,45.4676139583644,0.00259007431389533,5.39435906017399e-10,3.29055902670614e-08,"all"
2372,"chr17",8000001,9000000,500,169,151.425493927921,1.42818224158403,2.03970451517599,0.000116192291892233,0.168840794901572,0.338271529687495,"all"
2373,"chr17",9000001,10000000,500,187,163.80912323566,1.81195799317388,3.28319176902671,0.000187027862872586,0.080654022511699,0.204090981942666,"all"
2374,"chr17",10000001,11000000,500,241,185.511616004987,4.07395776760681,16.5971318922439,0.000945459883551371,0.000108509679420875,0.00115649535650427,"all"
2375,"chr17",11000001,12000000,500,243,210.893984304754,2.21082474973395,4.88774607403616,0.000278431711213095,0.0326481777869786,0.104002584128075,"all"
2376,"chr17",12000001,13000000,500,224,197.29712588774,1.90106790095709,3.6140591640494,0.00020587580905992,0.0660723410656739,0.176213397056081,"all"
2377,"chr17",13000001,14000000,500,227,169.823765831855,4.387491763818,19.2500839775708,0.00109658598087621,3.35555195049318e-05,0.00043876949112356,"all"
2378,"chr17",14000001,15000000,500,224,198.773360118639,1.78928828274643,3.20155255877368,0.000182377264279998,0.083483542498834,0.210138117949216,"all"
2379,"chr17",15000001,16000000,500,118,150.019690931801,-2.6142252340127,6.83417357414875,0.000389310453970909,0.00785316544720893,0.0354567328144063,"all"
2380,"chr17",16000001,17000000,500,177,149.55510807786,2.2441965963557,5.03641836309452,0.00028690086636671,0.031167318131886,0.100626915635267,"all"
2381,"chr17",17000001,18000000,500,170,149.45934907672,1.68016780583972,2.82296385578027,0.000160810861520177,0.105685064209293,0.246140600396461,"all"
2382,"chr17",18000001,18930000,465,126,131.171204246842,-0.451515265915899,0.203866035355105,1.16132810956929e-05,0.692354210330878,0.840491902310555,"all"
2383,"chr17",19140001,20000000,430,156,143.567127438101,1.03763348128453,1.07668324148266,6.13335375487146e-05,0.319104856586773,0.522486364268577,"all"
2384,"chr17",20000001,21000000,500,152,166.106894506341,-1.09455500002279,1.19805064807489,6.82472630555442e-05,0.290254104578463,0.488929798957963,"all"
2385,"chr17",21000001,22000000,401,237,183.572985920672,3.94327002140896,15.5493784617426,0.000885774340119905,0.000176876762833645,0.00171900230184427,"all"
2386,"chr17",22000001,22208000,102,65,52.089797517511,1.78877912951951,3.19973077420457,0.000182273485853837,0.0930497854932645,0.226655679701945,"all"
2387,"chr17",25340001,26000000,330,154,123.65413365626,2.72894775407641,7.44715584447867,0.000424229146531039,0.00932060247457955,0.0406111964963823,"all"
2388,"chr17",26000001,27000000,500,230,223.334166822307,0.446043131539016,0.198954475193132,1.13334928088404e-05,0.673159139009854,0.826210087112199,"all"
2389,"chr17",27000001,28000000,500,203,227.005609565864,-1.59328858145508,2.53856850379514,0.000144610207207364,0.114797620696607,0.261833554922174,"all"
2390,"chr17",28000001,29000000,500,197,208.349299040006,-0.786272375134682,0.618224247899934,3.5217303159545e-05,0.455277553178367,0.651337697087015,"all"
2391,"chr17",29000001,30000000,500,168,177.218284490561,-0.692461836003065,0.479503394320736,2.7315034085427e-05,0.517145389413146,0.705843714708912,"all"
2392,"chr17",30000001,31000000,495,182,167.631730294971,1.10975307626728,1.2315518902847,7.01556699275359e-05,0.284816415743161,0.483767486994667,"all"
2393,"chr17",31000001,32000000,500,248,224.144589754302,1.5933924656784,2.53889954968069,0.00014462906532131,0.122353695064337,0.27362561914934,"all"
2394,"chr17",32000001,33000000,500,270,296.847165912692,-1.55823154940575,2.42808556156343,0.000138316518010038,0.122858490842849,0.274540368859273,"all"
2395,"chr17",33000001,34000000,500,234,200.728768967673,2.34835667494809,5.51477907277324,0.000314150807127846,0.0234803115268564,0.0809395006416524,"all"
2396,"chr17",34000001,35000000,332,150,121.603569089536,2.57507923629688,6.63103307320733,0.000377738503129548,0.0140558028526833,0.0551272048955444,"all"
2397,"chr17",35000001,36000000,500,200,187.457893945835,0.916048782906052,0.839145372663659,4.78021318064004e-05,0.377555181482804,0.579160355971749,"all"
2398,"chr17",36000001,37000000,424,163,163.79923747643,-0.0624481967195262,0.00389977727352065,2.22151814592866e-07,0.991740363718888,1,"all"
2399,"chr17",37000001,38000000,500,297,266.305170282616,1.88094210941601,3.53794321897434,0.000201539844687624,0.0677110220489439,0.179581406303721,"all"
2400,"chr17",38000001,39000000,500,184,194.9305039073,-0.782889162328343,0.612915440491175,3.49148855811905e-05,0.458185199104145,0.654191093464918,"all"
2401,"chr17",39000001,40000000,500,229,196.217236451163,2.34032937580054,5.47714158723493,0.000312006778091669,0.0240072033194669,0.0823309233455882,"all"
2402,"chr17",40000001,41000000,500,187,175.826940333522,0.842615431822595,0.710000765945579,4.04453760957331e-05,0.418275249714014,0.618141825221689,"all"
2403,"chr17",41000001,42000000,473,203,168.866255333842,2.62671224735406,6.8996172303998,0.000393038468667666,0.0116958689516877,0.0481091194899406,"all"
2404,"chr17",42000001,43000000,500,198,185.310579459986,0.932162619835338,0.86892714981828,4.94986583956552e-05,0.369187833434473,0.571832262807474,"all"
2405,"chr17",43000001,44000000,436,178,165.723106328524,0.95366745461913,0.90948161399973,5.18088538698745e-05,0.35908631414349,0.563492316721065,"all"
2406,"chr17",44000001,45000000,500,149,168.997925693898,-1.53831141710026,2.36640201598101,0.000134802698983834,0.129246172081869,0.283728005634548,"all"
2407,"chr17",45000001,46000000,427,169,165.220818334935,0.294012222143366,0.08644318676968,4.92425834943591e-06,0.78930811757918,0.898744899336603,"all"
2408,"chr17",46000001,47000000,500,225,236.668475883925,-0.758479637428985,0.575291360394404,3.27716201894367e-05,0.470985169330379,0.666164025885643,"all"
2409,"chr17",47000001,48000000,500,251,210.500640375881,2.79139595946032,7.79189140249139,0.00044386709618709,0.00720879464898922,0.0331743407040965,"all"
2410,"chr17",48000001,49000000,500,219,204.008108179339,1.04962151800951,1.10170533106859,6.27589273124228e-05,0.310350901711462,0.512839213375654,"all"
2411,"chr17",49000001,50000000,500,244,225.60283360552,1.22483802716135,1.5002281927805,8.54608845465391e-05,0.235127597582547,0.424235885631947,"all"
2412,"chr17",50000001,51000000,500,304,331.121422692951,-1.49045486047384,2.22145569111009,0.000126545794337694,0.140487460218144,0.299462861297708,"all"
2413,"chr17",51000001,52000000,500,370,342.698293398748,1.47480236149031,2.1750420054574,0.0001239018268066,0.150319571955276,0.31116694064677,"all"
2414,"chr17",52000001,53000000,500,295,335.957455960723,-2.2345538804468,4.99323104461987,0.000284440689671059,0.0247893025340932,0.0842072634659305,"all"
2415,"chr17",53000001,54000000,500,266,273.402900322197,-0.447713657878915,0.200447519451319,1.14185444587066e-05,0.682449414937613,0.83361133397599,"all"
2416,"chr17",54000001,55000000,500,253,267.81163916498,-0.905082983083091,0.819175206266587,4.66645261454428e-05,0.383090792199324,0.584835623661055,"all"
2417,"chr17",55000001,56000000,500,219,223.648542775064,-0.310837777599908,0.0966201239832499,5.50399019318585e-06,0.789405425185361,0.898744899336603,"all"
2418,"chr17",56000001,57000000,500,253,237.137801582364,1.03006109277409,1.06102585484695,6.04416104952076e-05,0.318368508949184,0.5223085586649,"all"
2419,"chr17",57000001,58000000,500,227,234.283401839519,-0.475842809208069,0.226426379075027,1.28984368734983e-05,0.664002565494121,0.81949864626416,"all"
2420,"chr17",58000001,59000000,500,209,242.367725481173,-2.14333082661602,4.5938670323225,0.000261690816077675,0.0314856950571736,0.101085652551979,"all"
2421,"chr17",59000001,60000000,500,249,259.097736762144,-0.627324479852765,0.393536003022543,2.24178795472994e-05,0.555474331093682,0.738657192599993,"all"
2422,"chr17",60000001,61000000,500,263,225.81284165045,2.47467787263615,6.12403057331497,0.000348856975428217,0.0168381862443375,0.0622101545908707,"all"
2423,"chr17",61000001,62000000,500,244,229.499854582347,0.957152527112344,0.916140960157547,5.2188205235145e-05,0.354507996035907,0.558332532298945,"all"
2424,"chr17",62000001,63000000,476,229,206.385806413084,1.57413216179732,2.4778920628047,0.000141153758153058,0.12740715075836,0.281414715889228,"all"
2425,"chr17",63000001,64000000,500,246,261.739172075439,-0.972853669501786,0.946444262263091,5.39144406272562e-05,0.346751831829135,0.552605615260772,"all"
2426,"chr17",64000001,65000000,500,268,242.014263320823,1.67037719525638,2.79015997443256,0.00015894217998891,0.104971551210291,0.245692076256413,"all"
2427,"chr17",65000001,66000000,500,232,225.098685965424,0.459986737285473,0.211587798478535,1.20531533164409e-05,0.66303670047642,0.819011727818137,"all"
2428,"chr17",66000001,67000000,500,237,244.474737338681,-0.47805618580041,0.228537716782036,1.30187097685724e-05,0.661742481681008,0.818846510145949,"all"
2429,"chr17",67000001,68000000,500,253,293.648268982163,-2.37207454584493,5.62673765104544,0.000320528556311442,0.0168662247119758,0.0622335472963122,"all"
2430,"chr17",68000001,69000000,500,330,358.579521316847,-1.50925355982492,2.2778463078442,0.00012975810031182,0.135191636092396,0.292303484673377,"all"
2431,"chr17",69000001,70000000,500,310,321.325395988795,-0.631801816485214,0.399173535314016,2.2739023023077e-05,0.549844055814931,0.73406527571161,"all"
2432,"chr17",70000001,71000000,500,245,246.564438387886,-0.0996307144097131,0.00992627925378982,5.65453048654281e-07,0.954377622264755,0.994139900931054,"all"
2433,"chr17",71000001,72000000,500,254,263.304575461896,-0.573412768610974,0.328802203206102,1.87303020047669e-05,0.592420229605838,0.765420819414122,"all"
2434,"chr17",72000001,73000000,500,295,276.823922117716,1.09244194337919,1.19342939965411,6.7984012451636e-05,0.288557134217691,0.488078645310985,"all"
2435,"chr17",73000001,74000000,500,259,225.765784014206,2.2118535915813,4.89229631059109,0.000278690916607815,0.0323772004449012,0.103484318478854,"all"
2436,"chr17",74000001,75000000,500,253,239.530986703598,0.870271837846345,0.757373071748455,4.31439516700393e-05,0.400208906941445,0.600104046130295,"all"
2437,"chr17",75000001,76000000,500,239,259.065372221501,-1.24664424612673,1.55412187640087,8.85309520841528e-05,0.222128408643559,0.407188073900949,"all"
2438,"chr17",76000001,77000000,500,226,241.393441704495,-0.990770342298049,0.981625871177392,5.59185700204082e-05,0.338132342748309,0.543399902835987,"all"
2439,"chr17",77000001,78000000,476,232,281.267027735473,-2.9376290232452,8.62966427821255,0.000491591043352442,0.00280520206425913,0.0161172631627875,"all"
2440,"chr17",78000001,79000000,500,266,238.535936508096,1.7782298085551,3.16210125203392,0.000180129910452946,0.0845229573208053,0.212009902571084,"all"
2441,"chr17",79000001,80000000,476,236,262.048878984212,-1.60915502229726,2.58937988578451,0.000147504690640444,0.110815222543524,0.254369289857714,"all"
2442,"chr17",80000001,81000000,500,262,253.938748412399,0.505868908842983,0.25590335293399,1.45776002646844e-05,0.629394933163295,0.795624018244782,"all"
2443,"chr17",81000001,81195210,77,26,44.4431957118007,-2.76651822176125,7.65362307133704,0.000435990605169197,0.00391219284716442,0.0208237250980575,"all"
2444,"chr18",126001,1000000,425,211,206.513229398265,0.312219430023451,0.0974809724841687,5.55302864927081e-06,0.773264190447563,0.892067254321529,"all"
2445,"chr18",1000001,2000000,500,256,295.681070288997,-2.30765890815094,5.32528963636838,0.000303356492686006,0.0202339724282597,0.0725134986897757,"all"
2446,"chr18",2000001,3000000,486,247,229.692335023408,1.1419976983741,1.30415874309173,7.42917379569796e-05,0.268402006857505,0.463280285165844,"all"
2447,"chr18",3000001,4000000,500,207,236.827247593467,-1.93819444916665,3.75659772278042,0.000213995554689126,0.0528501516511829,0.148696157786007,"all"
2448,"chr18",4000001,5000000,500,321,364.158869421808,-2.26164592036932,5.11504226912317,0.000291379697379251,0.023059239916576,0.0801343525343313,"all"
2449,"chr18",5000001,6000000,500,334,384.323170168623,-2.56696358704133,6.58930205719609,0.000375361285077982,0.00957338541556483,0.041149769095089,"all"
2450,"chr18",6000001,7000000,492,345,340.245369774039,0.257763034021199,0.0664417817078138,3.78487316991022e-06,0.81095192874852,0.910692980698005,"all"
2451,"chr18",7000001,8000000,500,364,301.017735395509,3.63013043539942,13.1778469780132,0.000750679439687556,0.000472803446882297,0.00378990504670853,"all"
2452,"chr18",8000001,9000000,500,245,256.125650655609,-0.695182581148686,0.48327882113255,2.75301022440119e-05,0.510461252368303,0.701242170838487,"all"
2453,"chr18",9000001,10000000,500,204,216.254735521952,-0.833337891958506,0.694452042173847,3.95596390501979e-05,0.426437611985123,0.625689167636309,"all"
2454,"chr18",10000001,11000000,500,202,252.288611477994,-3.16607224937137,10.0240134882395,0.000571020504436503,0.00121066910259934,0.00807206585384257,"all"
2455,"chr18",11000001,12000000,500,300,257.979924350738,2.61615742903985,6.84427969352039,0.000389886151658095,0.0114036023738571,0.0471776738901128,"all"
2456,"chr18",12000001,13000000,455,183,191.20637583821,-0.593471978601418,0.352208989385081,2.00636755947804e-05,0.583020972734506,0.759782331286286,"all"
2457,"chr18",13000001,14000000,500,221,245.804333181607,-1.58209584156005,2.50302725188161,0.000142585590658336,0.117338031146548,0.264923818710055,"all"
2458,"chr18",14000001,15000000,447,163,197.211988952948,-2.43619286296972,5.93503566558461,0.00033809083193941,0.0138115259435886,0.0542433491510528,"all"
2459,"chr18",15000001,15294000,82,14,34.2295502617386,-3.45768663484475,11.955596864784,0.000681053647880461,0.00015567143723006,0.0015296848327567,"all"
2460,"chr18",18552001,19000000,224,102,85.421877710451,1.79370402247198,3.21737412023215,0.000183278543594475,0.0879252862044935,0.217687215499381,"all"
2461,"chr18",19000001,20000000,491,240,217.487833876824,1.52651051775216,2.33023436080797,0.000132742399212147,0.138991118913565,0.298046026870001,"all"
2462,"chr18",20000001,21000000,493,194,214.788088006189,-1.41843503835215,2.01195795802506,0.000114611702133522,0.162879972297335,0.329320790251382,"all"
2463,"chr18",21000001,22000000,500,207,205.575965832928,0.099319434895667,0.00986435014799464,5.6192524122745e-07,0.939402518535039,0.989080800822606,"all"
2464,"chr18",22000001,23000000,500,242,283.271045137321,-2.45213499066979,6.01296601246715,0.000342530154176954,0.0133547514911806,0.0528111345175375,"all"
2465,"chr18",23000001,24000000,500,252,288.482277747328,-2.14794113981725,4.61365114011941,0.000262817822862659,0.0311641807144276,0.100626915635267,"all"
2466,"chr18",24000001,25000000,500,214,290.404996507764,-4.48352626323814,20.1020077531462,0.00114511603768841,3.11988624967481e-06,5.80825576481668e-05,"all"
2467,"chr18",25000001,26000000,500,297,319.832126127234,-1.2766895756266,1.62993627251362,9.28497386423152e-05,0.209744538398214,0.39302936829407,"all"
2468,"chr18",26000001,27000000,500,351,307.707553935661,2.46798801074492,6.09096482118065,0.000346973376360293,0.0166075435345229,0.0618361393681523,"all"
2469,"chr18",27000001,28000000,500,305,318.474624468101,-0.755056157051069,0.570109800300728,3.24764512870873e-05,0.469892915244494,0.664947180654474,"all"
2470,"chr18",28000001,29000000,498,267,272.883612844619,-0.356168378629089,0.126855913935274,7.22637973812183e-06,0.751354526092496,0.880232894128107,"all"
2471,"chr18",29000001,30000000,500,209,227.412942293331,-1.22099983000758,1.49084058487854,8.49261170498754e-05,0.232961636430233,0.421122958162343,"all"
2472,"chr18",30000001,31000000,498,266,290.912714444435,-1.46062825893353,2.1334349107952,0.000121531667966528,0.149260522679543,0.309645382432886,"all"
2473,"chr18",31000001,32000000,500,277,296.413669458731,-1.12760895728867,1.27150196055763,7.2431435947433e-05,0.270991697096643,0.465787287515632,"all"
2474,"chr18",32000001,33000000,484,206,229.406042701843,-1.54534540938481,2.38809243430671,0.000136038299237994,0.126659541715453,0.280312651276689,"all"
2475,"chr18",33000001,34000000,492,209,206.878203395692,0.147518464100749,0.0217616972506439,1.23966067643825e-06,0.901166412024739,0.964896565429847,"all"
2476,"chr18",34000001,35000000,500,201,223.186606547514,-1.48510382709194,2.20553337724312,0.000125638775636374,0.142975830917832,0.302072002388669,"all"
2477,"chr18",35000001,36000000,500,321,294.008597164181,1.57414756521975,2.47794055708728,0.000141156520642327,0.125473375150229,0.27843046947036,"all"
2478,"chr18",36000001,37000000,500,205,277.517628511324,-4.35309660696727,18.9494500695899,0.00107946029304795,6.08921936673932e-06,0.000102692893673186,"all"
2479,"chr18",37000001,38000000,500,247,268.816455110974,-1.33062678057196,1.77056762917531,0.000100860840015509,0.191009654345892,0.367780173948739,"all"
2480,"chr18",38000001,39000000,499,288,297.485802375137,-0.54997247005737,0.302469717821005,1.72302652075991e-05,0.607305684166102,0.775911495768367,"all"
2481,"chr18",39000001,40000000,500,242,286.541535897022,-2.63130624364796,6.92377254786076,0.000394414482534523,0.00774550656618292,0.0351923412444476,"all"
2482,"chr18",40000001,41000000,500,258,292.565710165449,-2.02084857370123,4.08382895783031,0.00023263636608915,0.0431428753422683,0.127911710037521,"all"
2483,"chr18",41000001,42000000,500,249,267.219181260806,-1.11453841532389,1.24219587923269,7.07620074933652e-05,0.277497641619937,0.474410100491568,"all"
2484,"chr18",42000001,43000000,498,231,210.699497694113,1.39854045611839,1.95591540739982,0.000111419223834737,0.175468594612881,0.34694376603802,"all"
2485,"chr18",43000001,44000000,500,221,196.489343835693,1.74857971759747,3.05753102879325,0.000174173040812459,0.0907690136967111,0.222613141375937,"all"
2486,"chr18",44000001,45000000,487,254,226.415599628116,1.83320222167821,3.36063038556592,0.000191439173564752,0.0756279804394821,0.194986888417262,"all"
2487,"chr18",45000001,46000000,500,221,211.504772173356,0.652897948785283,0.426275731528031,2.42829065954225e-05,0.531580121266599,0.719894813516984,"all"
2488,"chr18",46000001,47000000,456,167,175.191997112394,-0.618917352097828,0.383058688727787,2.18210366459256e-05,0.566794275209637,0.74575456036073,"all"
2489,"chr18",47000001,48000000,498,196,197.963668538418,-0.139564651460578,0.0194782919373127,1.10958590595025e-06,0.92646830303079,0.981953650569048,"all"
2490,"chr18",48000001,49000000,500,238,216.101653271024,1.48964328485583,2.21903711611607,0.000126408019591608,0.148820120130869,0.309010639356691,"all"
2491,"chr18",49000001,50000000,500,289,277.452292500714,0.693268736788742,0.480621541408659,2.7378729621644e-05,0.503581174256746,0.695456274852645,"all"
2492,"chr18",50000001,51000000,500,327,285.694706766614,2.44373783394142,5.9718546010367,0.000340188232059565,0.0178120070532202,0.0653867147523462,"all"
2493,"chr18",51000001,52000000,500,212,213.26124716234,-0.0863662831613202,0.00745913486710134,4.24911534633237e-07,0.967508821360716,0.99885471938685,"all"
2494,"chr18",52000001,53000000,426,208,186.17786778867,1.59931185521275,2.55779841022404,0.000145705643768994,0.122061429494535,0.273185104106817,"all"
2495,"chr18",53000001,54000000,498,303,262.057295199045,2.52917222037575,6.39671212032038,0.000364390349830021,0.0143696274021106,0.0557479320187431,"all"
2496,"chr18",54000001,55000000,500,234,229.373545097033,0.305475700744197,0.0933154037451583,5.31573595554036e-06,0.77746178137311,0.892394227579985,"all"
2497,"chr18",55000001,56000000,500,188,202.454744938842,-1.0158894561485,1.03203138711369,5.87899331894717e-05,0.326842991636284,0.530969054451951,"all"
2498,"chr18",56000001,57000000,500,200,222.929642958988,-1.53572474502673,2.35845049248742,0.000134349738404553,0.1292209028281,0.283728005634548,"all"
2499,"chr18",57000001,58000000,500,244,248.224882233783,-0.268158736756256,0.0719091080987108,4.09632082282009e-06,0.820884269912776,0.91770056836067,"all"
2500,"chr18",58000001,59000000,500,254,275.714924689221,-1.3077604220027,1.71023732135669,9.74241085262889e-05,0.198999702820037,0.378656310342167,"all"
2501,"chr18",59000001,60000000,500,216,216.012759661567,-0.000868159361838916,7.53700677548554e-07,4.29347527906705e-11,1,1,"all"
2502,"chr18",60000001,61000000,484,153,199.074859158308,-3.2655460147044,10.6637907741518,0.000607465581945355,0.00079498556479184,0.00577018636521065,"all"
2503,"chr18",61000001,62000000,500,251,256.297613301455,-0.330908538027885,0.109500460539752,6.2377218752546e-06,0.771685650328911,0.892067254321529,"all"
2504,"chr18",62000001,63000000,500,336,331.013680244052,0.274067257199976,0.0751128614691179,4.27882345690037e-06,0.798588134356445,0.90388953067506,"all"
2505,"chr18",63000001,64000000,500,314,311.467286061821,0.143509258689475,0.0205949073296026,1.1731941887319e-06,0.900927141398788,0.964896565429847,"all"
2506,"chr18",64000001,65000000,500,311,275.241095526122,2.15539844993487,4.64574247798163,0.000264645914171158,0.0364389522748699,0.112575944150918,"all"
2507,"chr18",65000001,66000000,500,329,287.31559530193,2.45920086956019,6.0476689168456,0.000344507014043198,0.0171029917713398,0.0630260635069808,"all"
2508,"chr18",66000001,67000000,500,278,291.093488777867,-0.767430640228172,0.588949787561021,3.35496760030727e-05,0.463131155312322,0.659289946329537,"all"
2509,"chr18",67000001,68000000,500,261,255.538255530723,0.341667299229876,0.116736543363037,6.64992719288954e-06,0.749127535228924,0.878065676002176,"all"
2510,"chr18",68000001,69000000,485,284,284.511186020163,-0.0303060471983879,0.000918456496790917,5.23201103745365e-08,1,1,"all"
2511,"chr18",69000001,70000000,500,313,338.467164238813,-1.38427481540248,1.91621676455756,0.000109157780443043,0.172209500217277,0.342864331335369,"all"
2512,"chr18",70000001,71000000,500,320,276.464440876049,2.61833063151976,6.85565529595467,0.000390534165774188,0.0112477167152763,0.0468017710331862,"all"
2513,"chr18",71000001,72000000,500,262,241.634180638383,1.31015507491115,1.71650632031545,9.77812236630496e-05,0.203502232826972,0.38409539270239,"all"
2514,"chr18",72000001,73000000,476,195,211.009104168061,-1.10208840604897,1.21459885474756,6.91899359013891e-05,0.284827177553888,0.483767486994667,"all"
2515,"chr18",73000001,74000000,500,248,252.744083192043,-0.298408917670668,0.0890478821453798,5.07263549089532e-06,0.797030129522627,0.9028393237088,"all"
2516,"chr18",74000001,75000000,492,259,216.276653997214,2.9050956587762,8.43958078664033,0.000480762888405328,0.00518126335973528,0.0259000011417345,"all"
2517,"chr18",75000001,76000000,476,381,321.210656116949,3.33602130345292,11.1290381370917,0.000633968517539506,0.0012707633561954,0.00837535297060281,"all"
2518,"chr18",76000001,77000000,487,323,324.643612539203,-0.0912212490732236,0.00832131628247909,4.74025920532896e-07,0.956736436505633,0.994281201044041,"all"
2519,"chr18",77000001,78000000,433,216,238.613701113772,-1.46394229836987,2.14312705295647,0.000122083783335536,0.148846771172511,0.309010639356691,"all"
2520,"chr18",78000001,78018000,9,1,3.66274550110293,-1.39131762836793,1.93576474300737,0.000110271336059086,0.239310386204483,0.429082474826925,"all"
2521,"chr19",60001,1000000,470,166,185.920024950835,-1.46092120748193,2.13429077447047,0.000121580422460739,0.150508720510355,0.311333695312545,"all"
2522,"chr19",1000001,2000000,500,248,222.380604491983,1.71798918318928,2.95148683355538,0.000168132205978355,0.0958858911103252,0.23149381935162,"all"
2523,"chr19",2000001,3000000,500,198,208.149936205952,-0.703517931872252,0.494937480465811,2.81942407690989e-05,0.507662326105239,0.698796364716703,"all"
2524,"chr19",3000001,4000000,500,279,210.761652750309,4.70037710044557,22.0935448863931,0.00125856446229048,8.37134074087682e-06,0.000133336855022743,"all"
2525,"chr19",4000001,5000000,500,273,198.887162949323,5.25520984024363,27.6172304649935,0.00157322263081166,7.40774435813859e-07,1.58492560259577e-05,"all"
2526,"chr19",5000001,6000000,500,268,208.20419552775,4.14405942748809,17.1732285385529,0.000978277377059886,7.96437951895977e-05,0.000895446120817948,"all"
2527,"chr19",6000001,7000000,500,234,211.069537219519,1.57833810192522,2.49115116398889,0.000141909066259482,0.126263388813232,0.279750491288667,"all"
2528,"chr19",7000001,8000000,476,194,197.885540400054,-0.276213180271513,0.0762937209557032,4.34609142102369e-06,0.818502509192462,0.917116470778543,"all"
2529,"chr19",8000001,9000000,447,195,190.952193960553,0.292925626699015,0.0858054227770107,4.88792795969404e-06,0.788711032536878,0.898741864182523,"all"
2530,"chr19",9000001,10000000,500,275,271.092003568897,0.237353589951225,0.0563367266627342,3.20923611236139e-06,0.828473086773242,0.921346912249373,"all"
2531,"chr19",10000001,11000000,500,261,199.063636694063,4.38985054308723,19.2707877906433,0.00109776537890858,3.09455714911186e-05,0.000408852320115379,"all"
2532,"chr19",11000001,12000000,500,252,206.867205235635,3.13795277717138,9.84674763175757,0.000560922509366321,0.00259712466862812,0.0150120089212839,"all"
2533,"chr19",12000001,13000000,500,272,246.763089630884,1.6065568035992,2.58102476319087,0.000147028738934708,0.118782693566439,0.267727973628129,"all"
2534,"chr19",13000001,14000000,500,293,220.403170378941,4.8899986178009,23.9120864820947,0.00136215815163803,3.60546692464525e-06,6.54232510946704e-05,"all"
2535,"chr19",14000001,15000000,500,267,206.87779646936,4.18001604297269,17.472534119509,0.000995327396397821,6.95203931149436e-05,0.000803689383308642,"all"
2536,"chr19",15000001,16000000,500,247,217.532914387091,1.99790436498855,3.99162185164032,0.000227383764588662,0.0531453778433746,0.149129235539862,"all"
2537,"chr19",16000001,17000000,500,237,206.096843864532,2.15261898184523,4.63376848100037,0.000263963812355914,0.0375228013254455,0.115056546951927,"all"
2538,"chr19",17000001,18000000,500,261,208.52856245443,3.63362569475679,13.2032356895967,0.000752125714167578,0.000512203400553551,0.00403430535545888,"all"
2539,"chr19",18000001,19000000,500,245,211.127561865909,2.33117024973746,5.434354733261,0.000309569413959218,0.0243783832885802,0.0830081055681227,"all"
2540,"chr19",19000001,20000000,500,267,213.88213903219,3.63206254406891,13.1918783240283,0.000751478738919237,0.000511481227463037,0.00403430535545888,"all"
2541,"chr19",20000001,21000000,476,221,267.871464687682,-2.86381723769041,8.2014491708927,0.000467197659716636,0.00360231507171467,0.0195602979367537,"all"
2542,"chr19",21000001,22000000,500,219,311.448705904587,-5.23850751109576,27.4419609438067,0.00156323835749461,3.91890113219119e-08,1.24838772733246e-06,"all"
2543,"chr19",22000001,23000000,500,345,377.720688590632,-1.68359275521344,2.83448456540718,0.00016146714170479,0.0942071852212164,0.228311073566549,"all"
2544,"chr19",23000001,24000000,500,282,341.158079533893,-3.20284732093193,10.2582309612009,0.000584362762975476,0.0010958276881853,0.00749818134135382,"all"
2545,"chr19",24000001,24502000,244,154,161.99844085545,-0.628419887163275,0.394911554582303,2.24962381954052e-05,0.561535055737058,0.743525838887478,"all"
2546,"chr19",27994001,28000000,3,3,1.69784858655567,0.999337093675737,0.998674626796269,5.68897567656103e-05,0.484417951489042,0.678137825644084,"all"
2547,"chr19",28000001,29000000,500,396,328.041923754505,3.75211725119372,14.0783838667055,0.000801978754981583,0.000299639744916835,0.00262711666261947,"all"
2548,"chr19",29000001,30000000,500,463,359.918152360144,5.43350810085984,29.5230102821095,0.0016817858678615,2.15854434840224e-07,5.38134491032107e-06,"all"
2549,"chr19",30000001,31000000,500,362,293.388138136714,4.00569546762208,16.0455961793281,0.000914041509925535,0.000120430051211399,0.00124198905332043,"all"
2550,"chr19",31000001,32000000,500,425,302.483363894981,7.04440500490153,49.6236418730817,0.00282682351211801,3.63667076644543e-11,2.89620419094418e-09,"all"
2551,"chr19",32000001,33000000,500,355,297.549990807105,3.33050532161523,11.0922656973073,0.000631873766057011,0.00131270225721022,0.00857293250893328,"all"
2552,"chr19",33000001,34000000,500,258,207.87344583462,3.47670901297848,12.0875055609258,0.000688567860655492,0.000873837327007798,0.00626322904132839,"all"
2553,"chr19",34000001,35000000,500,240,225.124495218638,0.991426072675498,0.982925657580761,5.59926126869092e-05,0.337475257346749,0.542952616617918,"all"
2554,"chr19",35000001,36000000,497,272,234.639260221277,2.43901868127154,5.94881212759155,0.000338875611638059,0.0183841735553064,0.0667182602317258,"all"
2555,"chr19",36000001,37000000,500,253,229.886393492618,1.5244426191873,2.32392529919464,0.000132383001895974,0.1391968073327,0.298118883293055,"all"
2556,"chr19",37000001,38000000,482,269,331.72909028554,-3.44411155994342,11.8619044373359,0.000675716434672789,0.000426129467767165,0.00349060909739561,"all"
2557,"chr19",38000001,39000000,500,219,241.222117398871,-1.43079322482271,2.04716925219857,0.000116617522555093,0.158682797363917,0.324727751636224,"all"
2558,"chr19",39000001,40000000,500,216,205.806222047236,0.710568447730904,0.504907518910706,2.87621865713202e-05,0.495209254997312,0.686872246771792,"all"
2559,"chr19",40000001,41000000,500,239,215.297593564693,1.61537312436861,2.6094303309324,0.000148646869401073,0.117520087780522,0.265090552058818,"all"
2560,"chr19",41000001,42000000,500,228,203.273522908846,1.73429046995196,3.0077634341662,0.000171338016994717,0.0932462993565081,0.226941545208072,"all"
2561,"chr19",42000001,43000000,500,267,217.870174910452,3.32848287567958,11.0787982536922,0.000631106589670466,0.00140742869173178,0.0090319526182058,"all"
2562,"chr19",43000001,44000000,500,251,192.564294953609,4.21105008068075,17.7329427820014,0.00101016164277932,6.34180267343243e-05,0.000739103587997186,"all"
2563,"chr19",44000001,45000000,495,254,229.472979986754,1.61911988925892,2.62154921579381,0.000149337224791645,0.116322187718321,0.263841544452868,"all"
2564,"chr19",45000001,46000000,500,240,197.977941239467,2.98654404373392,8.91944532516257,0.000508098495163004,0.00413837445674155,0.0217302556180916,"all"
2565,"chr19",46000001,47000000,500,214,200.785363536841,0.932586650553814,0.869717860791182,4.9543701449432e-05,0.368269570871533,0.571026965759159,"all"
2566,"chr19",47000001,48000000,500,199,194.461059089133,0.325490416213683,0.105944011046957,6.03512781592282e-06,0.763750860759293,0.888629385207462,"all"
2567,"chr19",48000001,49000000,473,200,186.634380361165,0.978347800867301,0.957164419461883,5.45251171370669e-05,0.345528112412646,0.552094241079183,"all"
2568,"chr19",49000001,50000000,500,255,198.928206319623,3.97554126431415,15.8049283442646,0.000900331804851729,0.000152772698808213,0.00151556860720812,"all"
2569,"chr19",50000001,51000000,476,247,198.269880896595,3.46074101485841,11.9767283719232,0.000682257409615246,0.000932281219721935,0.00658337501710046,"all"
2570,"chr19",51000001,52000000,500,287,228.627981810837,3.86046854149504,14.9032173598728,0.000848965606894455,0.000222926064945405,0.00206837873203391,"all"
2571,"chr19",52000001,53000000,500,283,300.807568821366,-1.02673945606756,1.05419391064591,6.00524270380488e-05,0.318275008511962,0.5223085586649,"all"
2572,"chr19",53000001,54000000,500,279,295.101217994052,-0.937288371455771,0.878509491266211,5.00445189388099e-05,0.364633015454107,0.567845114235157,"all"
2573,"chr19",54000001,55000000,500,292,244.592874606638,3.03124975883125,9.18847510041453,0.000523423845448401,0.00349250879435694,0.0191861641832321,"all"
2574,"chr19",55000001,56000000,500,239,234.337474301427,0.304579287327022,0.0927685422686365,5.28458385099194e-06,0.777959924554149,0.892521450058721,"all"
2575,"chr19",56000001,57000000,500,279,243.319724270683,2.28738644954835,5.23213676957741,0.000298050015689832,0.0267967681083932,0.0901717537168582,"all"
2576,"chr19",57000001,58000000,500,267,317.88308308151,-2.85390629713229,8.14478115281134,0.000463969551503474,0.00377587044042279,0.0202344309396115,"all"
2577,"chr19",58000001,59000000,500,261,267.752257028058,-0.412650518706822,0.170280450589009,9.70006962830692e-06,0.708876403468158,0.851067273343052,"all"
2578,"chr19",59000001,59120000,60,21,20.6953780021485,0.066961408537107,0.00448383023327334,2.55422541541398e-07,1,1,"all"
2579,"chr20",60001,1000000,470,229,232.987051143394,-0.261207663373034,0.0682294434048002,3.88670777789161e-06,0.827372987538881,0.920480541433438,"all"
2580,"chr20",1000001,2000000,500,292,244.917264365325,3.00851366642098,9.05115448104181,0.000515601341075702,0.00373966806515201,0.0201156254086132,"all"
2581,"chr20",2000001,3000000,500,236,250.281407917698,-0.90272761777378,0.814917151891524,4.64219649836866e-05,0.385029338834563,0.586913717293931,"all"
2582,"chr20",3000001,4000000,500,217,223.162838834406,-0.412543616900741,0.170192235845546,9.69504445277516e-06,0.711767628237302,0.85307599543242,"all"
2583,"chr20",4000001,5000000,500,275,241.029923510911,2.18806915154564,4.78764661194568,0.000272729519630472,0.0340772183362816,0.107361961505626,"all"
2584,"chr20",5000001,6000000,500,271,243.345640252939,1.77276767130833,3.14270521643596,0.000179025010300507,0.0853853339947857,0.213426113830036,"all"
2585,"chr20",6000001,7000000,500,339,302.351787378214,2.10764046585216,4.44214833329753,0.000253048121397412,0.0404812253852026,0.121911421406907,"all"
2586,"chr20",7000001,8000000,500,385,289.644839167751,5.60287980117671,31.392262066434,0.001788268276136,1.0730998528477e-07,2.93007359820415e-06,"all"
2587,"chr20",8000001,9000000,500,277,252.641276317669,1.53250667779046,2.34857671747235,0.00013378727627335,0.136582413864785,0.294201187490862,"all"
2588,"chr20",9000001,10000000,500,287,263.35460584407,1.45705551402876,2.12301077096162,0.000120937854162,0.156713201623798,0.321385371284284,"all"
2589,"chr20",10000001,11000000,500,262,270.557143276937,-0.520234681757276,0.270644124103095,1.54173120825745e-05,0.629727272173313,0.795693296307135,"all"
2590,"chr20",11000001,12000000,500,307,311.572267776116,-0.259031308492279,0.0670972187792221,3.82221031112428e-06,0.824513317803556,0.919797541689804,"all"
2591,"chr20",12000001,13000000,500,314,325.176224515721,-0.61977738524197,0.384124007257373,2.18817227897405e-05,0.557850371762324,0.740861325377806,"all"
2592,"chr20",13000001,14000000,500,267,247.489492929324,1.24019556444666,1.53808503807318,8.76174094674961e-05,0.228633985090504,0.41512732067584,"all"
2593,"chr20",14000001,15000000,500,280,254.229687297372,1.61624262717349,2.61224022989267,0.000148806936017463,0.116426689232622,0.263869816624449,"all"
2594,"chr20",15000001,16000000,500,339,275.378036562815,3.83391445342779,14.6989000362025,0.000837326618043909,0.000232772147842495,0.00213213337975857,"all"
2595,"chr20",16000001,17000000,500,263,276.973522895643,-0.83962774931501,0.704974757419789,4.01590682284237e-05,0.420137516519951,0.619256314172467,"all"
2596,"chr20",17000001,18000000,500,262,251.484194024842,0.663112503856933,0.439718192771411,2.50486598547402e-05,0.523535619736005,0.713088841145215,"all"
2597,"chr20",18000001,19000000,500,229,228.390676090144,0.0403189334341931,0.0016256163932709,9.26036556110844e-08,0.985426218573002,1,"all"
2598,"chr20",19000001,20000000,500,225,236.613035183552,-0.754964287659837,0.569971075641725,3.24685488012362e-05,0.473188508391912,0.667962310959926,"all"
2599,"chr20",20000001,21000000,500,256,255.982660079397,0.00108378174277559,1.17458286597369e-06,6.69104148171459e-11,1,1,"all"
2600,"chr20",21000001,22000000,500,318,323.416177767682,-0.301170229616717,0.0907035072073859,5.16694859803285e-06,0.791186902462946,0.898974381187621,"all"
2601,"chr20",22000001,23000000,500,391,305.027875678494,4.92252457482264,24.2312481897328,0.00138033928033525,2.63163318292065e-06,4.96012435298869e-05,"all"
2602,"chr20",23000001,24000000,500,302,266.266219280444,2.18988310063953,4.7955879944666,0.000273181902526639,0.0336639630269893,0.106528236201301,"all"
2603,"chr20",24000001,25000000,500,357,279.819657400347,4.61389377699421,21.2880157853859,0.00121267729003806,1.05777475954064e-05,0.000159612643979106,"all"
2604,"chr20",25000001,25986000,388,176,172.467689622361,0.268970706944851,0.0723452411944131,4.12116525669895e-06,0.808091628113937,0.909261655338563,"all"
2605,"chr20",26150001,26186000,18,10,8.89067284838511,0.372042306319747,0.138415477691717,7.88487325820877e-06,0.796380988005729,0.902817039388069,"all"
2606,"chr20",29518001,30000000,89,67,54.3807754121857,1.7112362507796,2.92832950598223,0.000166813042861931,0.107546592702761,0.249029862269458,"all"
2607,"chr20",30000001,31000000,500,258,262.945181129166,-0.304964716190822,0.0930034781213484,5.29796703221802e-06,0.791320727342711,0.898974381187621,"all"
2608,"chr20",31000001,32000000,500,251,262.701827216521,-0.721974958553988,0.521247840779032,2.96930172058613e-05,0.492861365234467,0.68593860879962,"all"
2609,"chr20",32000001,33000000,500,239,235.535117482996,0.225767113072893,0.0509707893452686,2.9035641140756e-06,0.838644926823963,0.927263789126226,"all"
2610,"chr20",33000001,34000000,500,256,235.595484514444,1.32936060808783,1.76719962633564,0.000100668980868202,0.197100826319372,0.375973432506745,"all"
2611,"chr20",34000001,35000000,476,238,228.663856403044,0.617403036487973,0.38118650946457,2.17143874730636e-05,0.554124400236865,0.737551503076751,"all"
2612,"chr20",35000001,36000000,500,258,239.365356367968,1.2044546272043,1.45071094899386,8.26401220287583e-05,0.242633039346551,0.432605052118508,"all"
2613,"chr20",36000001,37000000,500,250,262.235965835907,-0.755600311190162,0.57093183027067,3.25232784355791e-05,0.471612537912181,0.666677360289057,"all"
2614,"chr20",37000001,38000000,500,300,280.193553266738,1.18325269128042,1.40008693142236,7.97563118578927e-05,0.24999855140717,0.440532173868689,"all"
2615,"chr20",38000001,39000000,500,274,312.5789419408,-2.18207892191889,4.76146842148272,0.000271238272283197,0.0285041773731818,0.0945850422788336,"all"
2616,"chr20",39000001,40000000,500,237,265.796365959399,-1.76629469578461,3.11979695235685,0.000177720035150027,0.0788402418448082,0.200741539404143,"all"
2617,"chr20",40000001,41000000,500,286,313.363157889788,-1.54576065516263,2.3893760030488,0.000136111418061253,0.125905049864076,0.279172295406268,"all"
2618,"chr20",41000001,42000000,500,290,399.966260165345,-5.4985449131529,30.2339961619596,0.00172228736122397,9.02180460575734e-09,3.59243247287587e-07,"all"
2619,"chr20",42000001,43000000,500,263,285.447514849367,-1.32863330381314,1.76526645600143,0.000100558857323306,0.191469972158785,0.367925207894931,"all"
2620,"chr20",43000001,44000000,500,286,276.944203349902,0.544164895961736,0.296115433997047,1.68682917965751e-05,0.602036334434675,0.772062364431086,"all"
2621,"chr20",44000001,45000000,500,270,287.771889471808,-1.04763360151716,1.09753616302781,6.25214295835424e-05,0.30835615812034,0.511223775238114,"all"
2622,"chr20",45000001,46000000,500,242,293.987114675572,-3.03201654270544,9.19312431523945,0.000523688689165708,0.00201802260395015,0.0123890167141864,"all"
2623,"chr20",46000001,47000000,496,247,293.905355276463,-2.73601629793866,7.48578518258599,0.000426429676703705,0.00555041040794367,0.0272483332869426,"all"
2624,"chr20",47000001,48000000,500,282,292.181328001869,-0.595632243627879,0.354777769649181,2.02100068226776e-05,0.575654293293215,0.756024213866994,"all"
2625,"chr20",48000001,49000000,500,298,284.222143517965,0.817245807592092,0.667890710026851,3.80465659384271e-05,0.428718517162921,0.628029726198263,"all"
2626,"chr20",49000001,50000000,500,306,290.775831510754,0.892800507738279,0.797092746617729,4.54065931565573e-05,0.386469408344854,0.587802543090024,"all"
2627,"chr20",50000001,51000000,500,309,300.45863957665,0.492759153068973,0.242811582933251,1.38318242221282e-05,0.637324045784515,0.802110640590081,"all"
2628,"chr20",51000001,52000000,500,359,360.19516130625,-0.0629734645419854,0.0039656572364207,2.2590468361001e-07,0.977779685504777,1,"all"
2629,"chr20",52000001,53000000,500,301,328.099141090579,-1.49607366887623,2.23823642270477,0.000127501713025478,0.138958773504023,0.298046026870001,"all"
2630,"chr20",53000001,54000000,500,422,397.66939548275,1.22008985213898,1.48861924729252,8.47995779834242e-05,0.233399094154328,0.42164789095177,"all"
2631,"chr20",54000001,55000000,500,480,385.648282412893,4.80456540421146,23.0838487233456,0.00131497737486143,4.01120422881941e-06,7.14293324473617e-05,"all"
2632,"chr20",55000001,56000000,500,305,321.297535487081,-0.909218446444108,0.826678183354238,4.70919351634367e-05,0.379228501506312,0.580855514844991,"all"
2633,"chr20",56000001,57000000,500,288,336.962231223684,-2.66729215669868,7.11444744918632,0.000405276327290224,0.00697270021537906,0.03239988900728,"all"
2634,"chr20",57000001,58000000,500,360,348.67633477912,0.606423168314664,0.367749059068796,2.09489196579676e-05,0.558165491041528,0.740861325377806,"all"
2635,"chr20",58000001,59000000,500,349,354.16395360017,-0.274397501595407,0.0752939888818017,4.28914142651198e-06,0.810720103329794,0.910692980698005,"all"
2636,"chr20",59000001,60000000,500,500,406.994416810459,4.61014722233107,21.2534574115669,0.00121070866339228,9.23801933596645e-06,0.00014464492715217,"all"
2637,"chr20",60000001,61000000,500,381,346.996692337529,1.82540189678795,3.33209208479704,0.000189813481927373,0.0751520425781929,0.1939342088854,"all"
2638,"chr20",61000001,62000000,452,248,336.560598110495,-4.82735130845488,23.303320655241,0.00132747964986411,4.99041587502173e-07,1.08390320558237e-05,"all"
2639,"chr20",62000001,62888000,444,231,183.930176565305,3.47069200477492,12.0457029920085,0.000686186566574248,0.00091909748904996,0.00652240718095603,"all"
2640,"chr21",9410001,9596000,93,8,49.0755978658894,-5.86342121252984,34.3797083155449,0.00195844891946271,9.64959971160084e-13,1.10661609492638e-10,"all"
2641,"chr21",10366001,11000000,209,121,111.099474213917,0.939295533990531,0.882276100174557,5.02590847832575e-05,0.370617279956512,0.573196905040479,"all"
2642,"chr21",11000001,11006000,3,5,1.15272951822499,3.58334821526445,12.8403844318389,0.000731455799019982,0.0131645349703704,0.0523986761745407,"all"
2643,"chr21",14370001,15000000,315,37,122.676706926858,-7.73538102594013,59.8361196164746,0.0034085799312829,2.10115858049488e-19,5.00498426231595e-17,"all"
2644,"chr21",15000001,16000000,500,167,223.209506530102,-3.76230005503478,14.1549017041147,0.000806337613253974,9.98140755164271e-05,0.00108808727948896,"all"
2645,"chr21",16000001,17000000,500,244,219.249821293894,1.67150898345567,2.79394228177301,0.000159157640098577,0.105248205217009,0.245955575064966,"all"
2646,"chr21",17000001,18000000,500,216,231.173623736447,-0.997976167675491,0.99595643124826,5.67349140576668e-05,0.334798583838308,0.540770444994045,"all"
2647,"chr21",18000001,19000000,500,262,269.798512256897,-0.474779527396467,0.225415599634813,1.28408575629255e-05,0.662715054170422,0.819011727818137,"all"
2648,"chr21",19000001,20000000,500,270,332.310479687761,-3.41813393488643,11.6836395968222,0.000665561532220508,0.000473242416017319,0.00378990504670853,"all"
2649,"chr21",20000001,21000000,500,286,375.442098281141,-4.61604989909437,21.3079166709291,0.00121381094909738,1.7256310107545e-06,3.38861925194051e-05,"all"
2650,"chr21",21000001,22000000,500,316,356.33803264521,-2.13689717121233,4.56632952033525,0.000260122134630435,0.0321386891161931,0.102868775238788,"all"
2651,"chr21",22000001,23000000,500,265,285.605249052019,-1.21925564686543,1.48658433241325,8.46836585343722e-05,0.232451518340101,0.420465932543262,"all"
2652,"chr21",23000001,24000000,500,306,290.806907318704,0.890930503036328,0.793757161240564,4.52165806783324e-05,0.387478043525928,0.588712003597687,"all"
2653,"chr21",24000001,25000000,500,334,330.668704619218,0.183196256795051,0.0335608685037182,1.91180349914773e-06,0.869231880652547,0.947764220737238,"all"
2654,"chr21",25000001,26000000,500,348,380.683815923872,-1.67513783919995,2.80608678031949,0.000159849454579301,0.0959241916252965,0.23149381935162,"all"
2655,"chr21",26000001,27000000,500,275,353.782186899307,-4.18851476809409,17.5436559625423,0.000999378870463868,1.54366568656391e-05,0.000220183558377051,"all"
2656,"chr21",27000001,28000000,500,238,246.726768655622,-0.55557836791956,0.308667322900162,1.75833133736606e-05,0.605838664079858,0.77507352265939,"all"
2657,"chr21",28000001,29000000,500,297,303.660749955356,-0.382233546865049,0.146102484349035,8.32276556793268e-06,0.729985023885554,0.866611620488564,"all"
2658,"chr21",29000001,30000000,500,223,270.876720171622,-2.90896536183814,8.46207947637409,0.000482044532047966,0.0030881283185712,0.0173942316097124,"all"
2659,"chr21",30000001,31000000,500,194,223.675183951797,-1.9841957641423,3.93703283044025,0.000224274086967126,0.0472279641401007,0.13608298813032,"all"
2660,"chr21",31000001,32000000,500,266,286.793852783532,-1.22786337627502,1.5076484707975,8.588358259072e-05,0.228999823015325,0.415270393791864,"all"
2661,"chr21",32000001,33000000,500,258,253.140913448036,0.305403115786168,0.0932710631318996,5.31321008111095e-06,0.776681148766061,0.892394227579985,"all"
2662,"chr21",33000001,34000000,500,232,239.921309151573,-0.511402152837791,0.261532161927127,1.48982468155303e-05,0.637781686722021,0.802334399224236,"all"
2663,"chr21",34000001,35000000,500,212,233.743347533601,-1.42218723972499,2.02261654483658,0.000115218871270398,0.16142649405498,0.327756028731225,"all"
2664,"chr21",35000001,36000000,500,192,219.015179314057,-1.82545338290911,3.33228005317432,0.00018982418959429,0.0690234843131055,0.182387400484492,"all"
2665,"chr21",36000001,37000000,500,226,223.367144405209,0.176164093670497,0.0310337878987478,1.7678477030492e-06,0.877907197801488,0.952945481043943,"all"
2666,"chr21",37000001,38000000,500,203,216.529039335413,-0.919409284195835,0.845313431865497,4.81534968839674e-05,0.377187387872133,0.579160355971749,"all"
2667,"chr21",38000001,39000000,500,223,215.970778537264,0.47831029599982,0.228780739259436,1.3032553606452e-05,0.650284482904466,0.813434252774231,"all"
2668,"chr21",39000001,40000000,500,266,256.194944856463,0.612582748951405,0.375257624312859,2.13766470067277e-05,0.556375900084297,0.739513076282651,"all"
2669,"chr21",40000001,41000000,500,229,222.003477085307,0.469572194630251,0.22049804596987,1.25607278546362e-05,0.656282624622711,0.817004900040518,"all"
2670,"chr21",41000001,42000000,500,240,226.73070627622,0.881236825068372,0.776578341856584,4.4237984817326e-05,0.39464456118863,0.594559094549555,"all"
2671,"chr21",42000001,42956000,478,222,218.98954135723,0.203432800767574,0.0413849044281393,2.35750171628739e-06,0.856705352436516,0.938545756757926,"all"
2672,"chr21",43004001,44000000,498,224,221.857197083539,0.143861792702585,0.0206962153996015,1.17896522897462e-06,0.903422387110102,0.96609921068432,"all"
2673,"chr21",44000001,45000000,476,209,234.766186980161,-1.68163749024743,2.82790464860569,0.000161092315053215,0.0951360756357841,0.230173104512905,"all"
2674,"chr21",45000001,46000000,500,210,257.652220582106,-2.96869922138561,8.81317506705554,0.000502044782599461,0.00249431261887363,0.0146841771628556,"all"
2675,"chr21",46000001,47000000,500,229,262.129899981242,-2.04626484856855,4.18719983048725,0.000238524914415413,0.0404621077999757,0.121911421406907,"all"
2676,"chr21",47000001,48000000,500,244,264.106705191513,-1.23723214945095,1.53074339163501,8.71991906914108e-05,0.225710390281738,0.411386960545291,"all"
2677,"chr21",48000001,48120000,60,27,66.4901700896815,-4.84295331253703,23.4541967874134,0.00133607434750708,6.63047734687427e-08,1.96549767089062e-06,"all"
2678,"chr22",16962001,17000000,19,0,7.39387715633363,-2.71916846781027,7.39387715633363,0.000421194112368726,0.00123001369467991,0.00814422462505151,"all"
2679,"chr22",17000001,18000000,468,180,204.47537960517,-1.71162619640563,2.92966423622199,0.000166889076113052,0.0892749247814136,0.220457544658323,"all"
2680,"chr22",18000001,19000000,385,146,145.075715127022,0.076737648237657,0.00588866665704638,3.35449409451623e-07,0.960879121211032,0.996325656604712,"all"
2681,"chr22",19000001,20000000,500,232,253.982135888425,-1.37933038305028,1.90255230560563,0.000108379381027206,0.174767011183823,0.346033854325982,"all"
2682,"chr22",20000001,21000000,299,105,155.934472882774,-4.07887830134375,16.6372481971729,0.000947745119171172,1.88291531579435e-05,0.000259534529345308,"all"
2683,"chr22",21000001,22000000,276,97,136.877894247638,-3.40851774774929,11.6179932367219,0.000661821970446887,0.000407398593933658,0.00338554135886318,"all"
2684,"chr22",22000001,23000000,500,195,271.735540894164,-4.65503913535228,21.6693893516613,0.00123440233325043,1.17166846057728e-06,2.36561512427821e-05,"all"
2685,"chr22",23000001,24000000,500,204,259.709006921976,-3.45686095202195,11.9498876416141,0.000680728420515366,0.000387173478113774,0.00324569111623447,"all"
2686,"chr22",24000001,25000000,500,162,166.252876296489,-0.329836084837611,0.108791842861004,6.19735528707651e-06,0.780107501442199,0.893555016633953,"all"
2687,"chr22",25000001,26000000,500,190,181.8156207436,0.606974085497583,0.368417540465627,2.09869998725317e-05,0.563108782815781,0.744664612699652,"all"
2688,"chr22",26000001,27000000,500,251,236.151583876439,0.966239302315087,0.933618389338347,5.31838114799672e-05,0.349673595183644,0.555409527640724,"all"
2689,"chr22",27000001,28000000,500,239,225.953097176452,0.867957136471836,0.753349590752389,4.29147530411009e-05,0.401954567032197,0.601379106484099,"all"
2690,"chr22",28000001,29000000,500,189,190.96340306377,-0.142080472148059,0.0201868605658154,1.14994969996851e-06,0.92514869793949,0.981643714653041,"all"
2691,"chr22",29000001,30000000,500,218,159.080200957944,4.67146599090986,21.8225945042274,0.00124312970413867,1.09725854602369e-05,0.000163845846429683,"all"
2692,"chr22",30000001,31000000,500,188,162.275311238011,2.01940721524312,4.07800550097596,0.000232304631372868,0.0518120026740674,0.147074268976783,"all"
2693,"chr22",31000001,32000000,500,194,155.323466671322,3.10333745295366,9.63070334690493,0.000548615491158304,0.0030569017987803,0.0173637824452504,"all"
2694,"chr22",32000001,33000000,500,190,167.712713733444,1.72097356034112,2.96174999539319,0.000168716849629983,0.0968353346501908,0.233496134938685,"all"
2695,"chr22",33000001,34000000,500,197,191.350631536752,0.408399264488358,0.166789959234632,9.50123289128079e-06,0.702012759002559,0.846467582676905,"all"
2696,"chr22",34000001,35000000,500,226,254.367625278745,-1.77865641781183,3.16361865262322,0.000180216349567474,0.0767094506996876,0.196537976010728,"all"
2697,"chr22",35000001,36000000,500,227,221.282872816693,0.3843297054937,0.147709322524874,8.41429951756192e-06,0.71845897750811,0.858602056826949,"all"
2698,"chr22",36000001,37000000,500,169,157.003210093757,0.957438279928308,0.916688059872077,5.22193709109828e-05,0.357667890263448,0.562189606022645,"all"
2699,"chr22",37000001,38000000,500,217,187.887196903996,2.12390667313929,4.51097955620563,0.000256969109699361,0.0404203485308741,0.121911421406907,"all"
2700,"chr22",38000001,39000000,500,201,164.587493533826,2.83825988452519,8.05571917210497,0.000458896112884429,0.00656131407072279,0.0308381761323971,"all"
2701,"chr22",39000001,40000000,500,180,165.486099706767,1.12824488972746,1.27293653119614,7.25131566325267e-05,0.276900664150573,0.473954748728175,"all"
2702,"chr22",40000001,41000000,500,169,169.198770050144,-0.0152810200804712,0.000233509574699763,1.33019329325773e-08,1,1,"all"
2703,"chr22",41000001,42000000,500,184,157.141955165308,2.142536939295,4.5904645362436,0.00026149699201413,0.0393421697827962,0.119629345302801,"all"
2704,"chr22",42000001,43000000,500,208,164.263754093259,3.41248405436406,11.6450474212889,0.000663363119023423,0.00114522491489856,0.00774445977522976,"all"
2705,"chr22",43000001,44000000,500,204,177.624227205653,1.97903781342259,3.91659066695646,0.000223109593870824,0.0562286554562656,0.155497842476451,"all"
2706,"chr22",44000001,45000000,500,210,194.162498799817,1.13659040256863,1.29183774321113,7.35898690323975e-05,0.271991198311116,0.466945368597586,"all"
2707,"chr22",45000001,46000000,500,209,177.796589881838,2.34013194799634,5.47621753403316,0.000311954139163557,0.0242660929500465,0.0827240053362466,"all"
2708,"chr22",46000001,47000000,500,207,182.269292182359,1.83180733182548,3.35551810092958,0.000191147950956632,0.0768683804615582,0.196769327485078,"all"
2709,"chr22",47000001,48000000,500,190,211.781287937909,-1.49671724872671,2.24016252263606,0.000127611433803054,0.139869700801585,0.298958276398638,"all"
2710,"chr22",48000001,49000000,500,318,295.527575924471,1.30722671913921,1.70884169523145,9.73446063254019e-05,0.203246334014662,0.38409539270239,"all"
2711,"chr22",49000001,50000000,500,352,497.639017188874,-6.52860702026545,42.6227096250593,0.00242801360743445,6.85480813149684e-12,6.55091163766715e-10,"all"
2712,"chr22",50000001,51000000,476,203,329.380917294021,-6.96357545586922,48.4913831295842,0.00276232410181463,8.77616342818694e-14,1.09396784993965e-11,"all"
2713,"chr22",51000001,51220000,99,32,33.8543562310532,-0.318702806640552,0.101571478960565,5.78604540192112e-06,0.837256706068898,0.92649199405853,"all"
2714,"chrX",290001,1000000,288,247,134.780978778379,9.66611980243653,93.4338720350557,0.00532248453211962,6.33582341532383e-18,1.21098704878223e-15,"all"
2715,"chrX",1000001,2000000,337,181,126.552477907567,4.83997137651576,23.4253229254919,0.00133442954054241,6.24290178133685e-06,0.000104432092124255,"all"
2716,"chrX",2000001,3000000,476,213,182.595537525142,2.25005042011965,5.06272689308063,0.000288399538538418,0.0301243608889438,0.0983673606703894,"all"
2717,"chrX",3000001,4000000,500,249,233.005087443426,1.04785012223796,1.09798987867411,6.25472756119344e-05,0.310129413078981,0.512768758533702,"all"
2718,"chrX",4000001,5000000,500,343,274.505854904566,4.13406826226218,17.0905203970434,0.000973565886523567,7.5085021679977e-05,0.000857644450822685,"all"
2719,"chrX",5000001,6000000,500,364,297.657265459039,3.84534335634279,14.7866655281697,0.000842326201848737,0.00021852624103341,0.00203413874364541,"all"
2720,"chrX",6000001,7000000,500,373,296.04936485433,4.47229190418914,20.0013948762757,0.00113938459930091,1.87431661703531e-05,0.000259534529345308,"all"
2721,"chrX",7000001,8000000,475,270,254.653176265686,0.961709611163484,0.924885376204219,5.26863331424779e-05,0.351388673824534,0.557054196536654,"all"
2722,"chrX",8000001,9000000,500,287,264.57372911187,1.37874421870601,1.90093562061525,0.000108287286151256,0.18020808887259,0.352907507375489,"all"
2723,"chrX",9000001,10000000,486,263,231.483349408317,2.07147729811074,4.29101819658816,0.000244438954320713,0.0448366155254478,0.131036265760916,"all"
2724,"chrX",10000001,11000000,476,278,230.088915153217,3.15855291098159,9.97645649147025,0.000568311407893834,0.00238802254192986,0.0143231393885207,"all"
2725,"chrX",11000001,12000000,500,352,292.244516696127,3.49546193947713,12.2182541703332,0.000696015988791572,0.000758695414738691,0.00554892794401997,"all"
2726,"chrX",12000001,13000000,500,306,249.822900479325,3.55421085765354,12.6324148206623,0.000719608756673033,0.000643084571040478,0.00486470571285765,"all"
2727,"chrX",13000001,14000000,500,283,217.191199049798,4.4654256888163,19.9400265823405,0.0011358887386658,2.19422506908792e-05,0.000298144230951425,"all"
2728,"chrX",14000001,15000000,500,330,273.30038682432,3.42973032025248,11.7630500696592,0.000670085170213424,0.000960931575189516,0.00673591889014264,"all"
2729,"chrX",15000001,16000000,500,253,222.564205078026,2.04012599707058,4.16211408392322,0.000237095898415587,0.0482776742158617,0.138550642619495,"all"
2730,"chrX",16000001,17000000,500,244,210.937993787904,2.27641688135338,5.18207381771065,0.000295198166771026,0.0278826166039366,0.0929528625621934,"all"
2731,"chrX",17000001,18000000,500,285,227.405746744123,3.81925304905347,14.5866938527042,0.000830934763964973,0.000259302610743412,0.00232318932812926,"all"
2732,"chrX",18000001,19000000,500,297,229.633698893538,4.44554377857568,19.7628594872329,0.00112579636956269,2.32268831398597e-05,0.000314110726235745,"all"
2733,"chrX",19000001,20000000,500,330,232.138568220741,6.42299989261698,41.2549276205578,0.00235009755404067,1.77132554271328e-09,8.90945672098064e-08,"all"
2734,"chrX",20000001,21000000,500,313,248.296786794583,4.10620189294051,16.8608939855883,0.000960485158983155,8.64998010875224e-05,0.000950172144513129,"all"
2735,"chrX",21000001,22000000,500,342,254.464261617479,5.48746800850924,30.1123051444124,0.00171535520113592,2.07552324555065e-07,5.21975889911728e-06,"all"
2736,"chrX",22000001,23000000,500,293,241.237424177049,3.33267941021811,11.1067520512917,0.00063269898493459,0.00135881705960575,0.00877416331056235,"all"
2737,"chrX",23000001,24000000,500,281,232.041047134368,3.21402841655154,10.3299786624008,0.000588449889212826,0.00200341287054335,0.0123257182400167,"all"
2738,"chrX",24000001,25000000,500,242,210.395362680092,2.17887707394085,4.74750530334503,0.000270442859670091,0.0352209232399304,0.109639942376634,"all"
2739,"chrX",25000001,26000000,500,347,283.686862195796,3.75901644681568,14.1302046474308,0.000804930739073061,0.000303137227044107,0.00264967814004712,"all"
2740,"chrX",26000001,27000000,500,393,296.833372896526,5.58171966275933,31.1555943936342,0.00177478644133355,1.1722783525185e-07,3.14104863240236e-06,"all"
2741,"chrX",27000001,28000000,500,391,297.228492894919,5.43908287760852,29.5836225494941,0.00168523866124986,2.36632708991505e-07,5.65354980565538e-06,"all"
2742,"chrX",28000001,29000000,500,332,297.596138262181,1.99431404594303,3.97728851384567,0.000226567262317654,0.0524806056543783,0.147946800797544,"all"
2743,"chrX",29000001,30000000,500,364,295.221894167715,4.00291096024328,16.0232961556358,0.000912771183345001,0.000121484807295444,0.00124837613805032,"all"
2744,"chrX",30000001,31000000,500,347,275.853879148323,4.28362730257091,18.349462867331,0.00104528186788009,4.15603669608226e-05,0.00052490560386202,"all"
2745,"chrX",31000001,32000000,500,363,277.138942918428,5.15759757432332,26.6008127386658,0.00151532213382143,9.44521646614457e-07,1.96919812390601e-05,"all"
2746,"chrX",32000001,33000000,500,341,288.651695932284,3.08116928312011,9.49360415124292,0.000540805600244189,0.00291894533513211,0.0167038249018438,"all"
2747,"chrX",33000001,34000000,500,335,303.510945403439,1.80747559960558,3.26696804316955,0.000186103674159785,0.0785537954630056,0.200312406577297,"all"
2748,"chrX",34000001,35000000,500,352,308.300511478649,2.48879560516879,6.19410356430748,0.000352848701368217,0.0157238112616056,0.0593160090618726,"all"
2749,"chrX",35000001,36000000,500,347,317.245879260502,1.67051017846984,2.79060425637132,0.000158967488623728,0.103664646833439,0.243611920058581,"all"
2750,"chrX",36000001,37000000,500,333,304.744110051731,1.61860668646948,2.61988760548371,0.000149242570733312,0.114999815194315,0.261878054139875,"all"
2751,"chrX",37000001,38000000,476,279,227.186919497042,3.43753993532131,11.8166808069289,0.000673140258944597,0.000975019411217434,0.00681065679981,"all"
2752,"chrX",38000001,39000000,500,269,266.805917355289,0.134324506440737,0.0180430730305476,1.02782829208837e-06,0.909395006900421,0.970314657530147,"all"
2753,"chrX",39000001,40000000,500,291,263.789829587654,1.67533722372606,2.80675481320213,0.000159887509244139,0.103523206119409,0.243611920058581,"all"
2754,"chrX",40000001,41000000,500,258,237.733481823001,1.31441942011439,1.72769841197384,9.84187840406345e-05,0.202137969599341,0.382780421955952,"all"
2755,"chrX",41000001,42000000,500,262,230.601976074718,2.06762037783232,4.27505402682745,0.00024352955128765,0.0452451064284137,0.131961058118273,"all"
2756,"chrX",42000001,43000000,500,301,290.245452843644,0.631261664196265,0.398491288683837,2.27001586684577e-05,0.543088072292903,0.728266371966209,"all"
2757,"chrX",43000001,44000000,500,283,278.809284863203,0.250977347172476,0.0629896287937335,3.58822039198821e-06,0.817694192890944,0.916828021516753,"all"
2758,"chrX",44000001,45000000,500,243,225.942662351166,1.1347811823322,1.28772833177526,7.33557753538728e-05,0.271584520055153,0.466526554222962,"all"
2759,"chrX",45000001,46000000,500,291,265.772643685372,1.54744992065165,2.39460125692478,0.00013640907599114,0.132529290215054,0.287849602307999,"all"
2760,"chrX",46000001,47000000,500,265,229.360059379518,2.35330423087205,5.53804080304029,0.000315475917570558,0.0228893058534243,0.0797371079972873,"all"
2761,"chrX",47000001,48000000,500,302,243.530228815058,3.74675206957032,14.0381510708295,0.000799686883425049,0.000329943421884328,0.0028321790135999,"all"
2762,"chrX",48000001,49000000,500,303,228.841144272499,4.90225575087484,24.0321114469855,0.00136899540460834,3.34629450669261e-06,6.14988868633827e-05,"all"
2763,"chrX",49000001,49976000,378,245,202.116212328456,3.01642520858788,9.09882103900446,0.00051831667879991,0.00377249325542502,0.0202344309396115,"all"
2764,"chrX",50024001,51000000,488,316,303.132606559474,0.739050735322442,0.546195989380642,3.11141949023959e-05,0.474550200534172,0.66955483510407,"all"
2765,"chrX",51000001,52000000,500,329,285.268304746753,2.58922357364518,6.70407871431991,0.000381899566847582,0.0121287304106657,0.049266504859489,"all"
2766,"chrX",52000001,53000000,476,121,198.663742783539,-5.51009402389423,30.3611361521549,0.00172952992343925,3.85840216036042e-09,1.75587920535767e-07,"all"
2767,"chrX",53000001,54000000,500,284,217.287364871444,4.52575311435203,20.4824412520671,0.00116678752972234,1.71281543050392e-05,0.00023954350435389,"all"
2768,"chrX",54000001,55000000,500,293,223.428880082408,4.65435323286965,21.6630040163242,0.00123403859098198,9.8820413992539e-06,0.000151507019741502,"all"
2769,"chrX",55000001,56000000,499,308,264.403708808132,2.68111704296531,7.18838859807903,0.000409488403839089,0.00951837534419603,0.0410363640779098,"all"
2770,"chrX",56000001,57000000,500,305,265.242535092195,2.44116480086214,5.9592855849683,0.000339472234829107,0.0180594979386847,0.0660237238400047,"all"
2771,"chrX",57000001,58000000,500,290,266.987053247974,1.40840361644348,1.98360074681108,0.000112996326309175,0.170950457156133,0.341305682915484,"all"
2772,"chrX",58000001,58462000,180,119,125.488619211001,-0.5792287604008,0.335505956875448,1.91121830553439e-05,0.600334495519798,0.77045383498708,"all"
2773,"chrX",61920001,62000000,40,37,28.2706825614317,1.64176933513702,2.69540654979625,0.000153544526803747,0.130891117968868,0.2859234247585,"all"
2774,"chrX",62000001,63000000,500,296,256.994024616821,2.43315418042605,5.92023926572474,0.000337247951218855,0.018492795481504,0.0669429856634748,"all"
2775,"chrX",63000001,64000000,500,351,317.220539605793,1.8965838930109,3.59703046322838,0.000204905764741431,0.0648349129933817,0.173559006117671,"all"
2776,"chrX",64000001,65000000,500,408,325.31144894769,4.58453938319641,21.0180013560789,0.00119729584868138,1.12522015002484e-05,0.0001662889778413,"all"
2777,"chrX",65000001,66000000,500,340,312.763141100847,1.54010112426038,2.37191147294808,0.000135116546615842,0.133531682187677,0.289369110228321,"all"
2778,"chrX",66000001,67000000,500,290,292.376859732938,-0.13900552251488,0.0193225352896348,1.10071318848726e-06,0.920248843318631,0.977892303111384,"all"
2779,"chrX",67000001,68000000,500,276,233.504375252482,2.78097258210656,7.73380850242845,0.000440558388858235,0.00731609848803343,0.0335067961105301,"all"
2780,"chrX",68000001,69000000,500,276,263.665051932024,0.759645624781488,0.577061475249658,3.28724552370693e-05,0.463135665123016,0.659289946329537,"all"
2781,"chrX",69000001,70000000,500,282,239.165240581592,2.76979292425029,7.67175284322697,0.000437023372284091,0.00752615740856604,0.0343044408431778,"all"
2782,"chrX",70000001,71000000,500,246,213.465193539487,2.22681783944969,4.95871769009139,0.000282474627560731,0.0313919295074083,0.100968050252708,"all"
2783,"chrX",71000001,72000000,500,287,230.920004293879,3.69043187967331,13.6192874585091,0.000775826210105134,0.000408713066916051,0.00338664844753849,"all"
2784,"chrX",72000001,73000000,500,262,237.952698426911,1.55890996344563,2.43020027413006,0.000138436983154857,0.130294126749425,0.285373003354164,"all"
2785,"chrX",73000001,74000000,500,249,218.329930561012,2.07566910382386,4.30840222856893,0.000245429240170034,0.0446048445280054,0.130491927818155,"all"
2786,"chrX",74000001,75000000,500,287,270.239148176273,1.01958151947952,1.03954647486417,5.92180320944861e-05,0.32240378588062,0.526085175936106,"all"
2787,"chrX",75000001,76000000,500,313,284.275985740321,1.70362908766288,2.90235206833104,0.000165333231450169,0.0975007283759391,0.23450358054602,"all"
2788,"chrX",76000001,77000000,476,317,241.800577751547,4.83599492959986,23.3868469591156,0.00133223774722982,4.34802647163121e-06,7.69493326800412e-05,"all"
2789,"chrX",77000001,78000000,500,281,236.352202037031,2.9041578494187,8.43413281434024,0.000480452543263174,0.00512477520794767,0.0256865918202552,"all"
2790,"chrX",78000001,79000000,499,327,285.785230115919,2.43799600375688,5.94382451433452,0.000338591490967102,0.0180776502317418,0.0660237238400047,"all"
2791,"chrX",79000001,80000000,500,311,293.113807121604,1.04471966965289,1.09143918815964,6.2174113843311e-05,0.309933906779227,0.512768758533702,"all"
2792,"chrX",80000001,81000000,500,316,264.514679373007,3.16561818773617,10.021138510526,0.000570856730592213,0.00227751503259379,0.0137756025283679,"all"
2793,"chrX",81000001,82000000,500,285,292.870917710148,-0.459925244465552,0.211531230496697,1.20499309068181e-05,0.672477611264935,0.826210087112199,"all"
2794,"chrX",82000001,83000000,500,323,297.345766140963,1.48774387119155,2.21338182626801,0.000126085864552056,0.1475022534863,0.308003613070082,"all"
2795,"chrX",83000001,84000000,500,311,278.027114027955,1.97748585135954,3.91045029232715,0.000222759805852046,0.0547144760086537,0.152593776961877,"all"
2796,"chrX",84000001,85000000,500,321,259.535936739794,3.81524574453946,14.5561000912265,0.000829191982480081,0.000253301083085152,0.00229089654638842,"all"
2797,"chrX",85000001,86000000,500,321,272.048262640734,2.96787176202704,8.80826279583751,0.000501764953807118,0.00415578302655331,0.0217817731940189,"all"
2798,"chrX",86000001,87000000,500,349,255.243694807986,5.86844410899689,34.4386362604203,0.00196180576498648,3.08052844708319e-08,1.03904412444559e-06,"all"
2799,"chrX",87000001,88000000,500,430,279.93359889786,8.96924637192405,80.4473804802727,0.00458270570329295,1.1280661348143e-16,1.79675867139589e-14,"all"
2800,"chrX",88000001,89000000,500,210,238.917001543761,-1.87081020545705,3.49993082484226,0.000199374458887055,0.062065543217077,0.167081607890479,"all"
2801,"chrX",89000001,90000000,500,104,213.934604918189,-7.51612337463696,56.4921105827641,0.00321808759729813,1.02894492180881e-16,1.73528534754463e-14,"all"
2802,"chrX",90000001,91000000,500,175,235.902660386604,-3.96524334430426,15.7231547795493,0.00089567355272267,3.95521922966086e-05,0.000501752811125562,"all"
2803,"chrX",91000001,92000000,500,71,215.578370656346,-9.84692734478808,96.9619781335352,0.00552346400271021,4.02620992791581e-30,1.92385731055577e-27,"all"
2804,"chrX",92000001,93000000,500,222,266.681983611146,-2.73612293524023,7.48636871674763,0.000426462917877186,0.00551372261110975,0.0271146530464008,"all"
2805,"chrX",93000001,94000000,500,320,276.585698704041,2.61046548655572,6.8145300564986,0.000388191455939766,0.011490017609943,0.04746668658171,"all"
2806,"chrX",94000001,95000000,500,302,288.198039735562,0.813008828220871,0.660983354765074,3.76530866708134e-05,0.431054207778477,0.629979101575409,"all"
2807,"chrX",95000001,96000000,500,348,238.894006592378,7.05904549298984,49.8301232721001,0.00283858577807691,4.5343044131649e-11,3.33329506475481e-09,"all"
2808,"chrX",96000001,97000000,500,277,231.947102255551,2.95820491211617,8.75097630206825,0.000498501613967452,0.00438387375557495,0.0226460649679881,"all"
2809,"chrX",97000001,98000000,500,294,275.339111568974,1.12460073487334,1.26472681287766,7.20454879186927e-05,0.274527054767402,0.470453715492015,"all"
2810,"chrX",98000001,99000000,500,334,290.418764018665,2.55733255022807,6.53994977245603,0.000372549919494683,0.0131891430452903,0.0523986761745407,"all"
2811,"chrX",99000001,100000000,499,283,241.592873182959,2.66399274080074,7.09685732303902,0.000404274301233743,0.0100881037085746,0.0431037158457278,"all"
2812,"chrX",100000001,101000000,500,282,194.646354247677,6.26120463904227,39.2026835319645,0.00223319094212617,5.12527978237998e-09,2.22639047516415e-07,"all"
2813,"chrX",101000001,102000000,352,190,163.333844028913,2.0865189019375,4.35356112814246,0.00024800172848966,0.044557435549832,0.130486381737863,"all"
2814,"chrX",102000001,103000000,500,281,214.088642505827,4.57301922029461,20.9125047891839,0.00119128620963656,1.41814443105964e-05,0.0002063868062867,"all"
2815,"chrX",103000001,104000000,500,248,217.1765045245,2.09158475654339,4.37472679380466,0.000249207436073488,0.0430291354999122,0.127800838965773,"all"
2816,"chrX",104000001,105000000,500,270,240.494260335875,1.90262915882222,3.61999771600053,0.000206214100197969,0.0650217313293111,0.173896738545835,"all"
2817,"chrX",105000001,106000000,500,248,258.488871876214,-0.65239084035823,0.425613808583318,2.42451999847689e-05,0.538607788926418,0.724291055746735,"all"
2818,"chrX",106000001,107000000,500,243,226.843149658659,1.0727385008198,1.15076789114111,6.55537886555795e-05,0.298869154044823,0.499625577053357,"all"
2819,"chrX",107000001,108000000,500,244,228.734524568773,1.00935624457579,1.01880002846415,5.80362054436636e-05,0.32858144705906,0.532622761763582,"all"
2820,"chrX",108000001,109000000,474,267,247.94068223643,1.21041265290314,1.46509879030801,8.34597291067612e-05,0.240052283597229,0.429338675653934,"all"
2821,"chrX",109000001,110000000,500,263,217.393492162017,3.09316829065288,9.56769007430047,0.000545025923890561,0.00295259180076354,0.0168291862679703,"all"
2822,"chrX",110000001,111000000,500,294,285.925672030799,0.477507074959303,0.228013006636189,1.29888195202685e-05,0.648534622923447,0.812652431783883,"all"
2823,"chrX",111000001,112000000,481,273,310.466763636936,-2.12636895665171,4.5214449398121,0.000257565272966011,0.0329922320105824,0.104865553408359,"all"
2824,"chrX",112000001,113000000,500,339,329.709115807441,0.511671902829286,0.261808136144942,1.4913967757771e-05,0.623320742349162,0.791084802264297,"all"
2825,"chrX",113000001,114000000,476,294,310.714287004835,-0.948215922458332,0.899113435603506,5.12182279230074e-05,0.358364120835348,0.562975306539695,"all"
2826,"chrX",114000001,114960000,480,326,278.746491708773,2.8302796762002,8.0104830455119,0.000456319225307788,0.00620424041199601,0.0295831533957696,"all"
2827,"chrX",115006001,116000000,473,244,204.81853155028,2.73776447900165,7.4953543424832,0.000426974786356436,0.00841040185285523,0.0372108365928024,"all"
2828,"chrX",116000001,117000000,500,323,238.122527239905,5.50037371893728,30.254111047976,0.00172343321087523,2.04361807919263e-07,5.18500268411087e-06,"all"
2829,"chrX",117000001,118000000,500,241,210.768129216761,2.08239231468069,4.33635775224122,0.000247021733760337,0.0440450838831689,0.129648106255693,"all"
2830,"chrX",118000001,119000000,500,332,210.710849970174,8.35561658262981,69.8163284759183,0.00397710509378267,1.56324299620357e-14,2.13419889053125e-12,"all"
2831,"chrX",119000001,120000000,500,251,202.884983755716,3.37796919292183,11.410675868329,0.000650012083277733,0.00121753512882303,0.0080990097780409,"all"
2832,"chrX",120000001,121000000,476,272,225.291422681502,3.11189052784835,9.68386265731229,0.000551643724937111,0.00276984418186511,0.0159460708221029,"all"
2833,"chrX",121000001,122000000,500,297,236.609755392765,3.92600153811867,15.4134880773102,0.000878033309448135,0.000173410230066565,0.00169104465850627,"all"
2834,"chrX",122000001,123000000,500,263,220.54557757623,2.8587340862227,8.17236057573155,0.000465540620417781,0.00590829425125454,0.0286617252425495,"all"
2835,"chrX",123000001,124000000,500,317,223.795611269513,6.23032324789585,38.8169277732716,0.00221121626619655,5.22134800552311e-09,2.23426936296041e-07,"all"
2836,"chrX",124000001,125000000,500,387,287.888275142005,5.84134753238592,34.121340994111,0.00194373095859921,3.21352580511031e-08,1.07129982363387e-06,"all"
2837,"chrX",125000001,126000000,494,368,283.335932313287,5.02977204723385,25.298606847135,0.00144114164055549,1.68125538162581e-06,3.32424770973876e-05,"all"
2838,"chrX",126000001,127000000,500,377,273.408855008173,6.26493176608838,39.2493700337432,0.00223585045069799,3.5567878896027e-09,1.72835777618491e-07,"all"
2839,"chrX",127000001,128000000,500,397,262.628461685719,8.29156279515113,68.7500135859344,0.00391636219204165,1.52248488716381e-14,2.13419889053125e-12,"all"
2840,"chrX",128000001,129000000,500,267,219.933076692916,3.17373407869183,10.0725880022499,0.000573787564110307,0.00229714202693664,0.0138650656657418,"all"
2841,"chrX",129000001,130000000,500,293,199.682513952228,6.6037863256097,43.6099938343096,0.00248425450613732,7.77354061785045e-10,4.45734819027545e-08,"all"
2842,"chrX",130000001,131000000,500,312,215.452296890039,6.57758368320794,43.2646071096034,0.00246457946260323,8.20698124466208e-10,4.52488754393196e-08,"all"
2843,"chrX",131000001,132000000,500,243,207.7158674244,2.4481871180796,5.99362016513088,0.000341428113011739,0.0181909294173041,0.0662686081822247,"all"
2844,"chrX",132000001,133000000,497,272,220.169606705278,3.49305819409307,12.2014555473207,0.000695059050914577,0.000815819924178458,0.00590645384499909,"all"
2845,"chrX",133000001,134000000,500,277,208.901942850046,4.71154650397525,22.1986704591214,0.00126455296755726,8.01979798383359e-06,0.000128451177763413,"all"
2846,"chrX",134000001,135000000,442,264,181.194147985874,6.15161215684943,37.8423321282977,0.00215569817481853,9.83108684695301e-09,3.8088818905695e-07,"all"
2847,"chrX",135000001,136000000,500,289,206.735485299101,5.72143576031132,32.7348271593692,0.00186474784168189,7.71415674927046e-08,2.1682830784469e-06,"all"
2848,"chrX",136000001,137000000,500,345,254.138032919169,5.69963838515332,32.4858777215131,0.00185056637297671,7.28292345927945e-08,2.10360943305461e-06,"all"
2849,"chrX",137000001,138000000,500,333,266.730659216708,4.05766492883551,16.4646446747017,0.000937912715156085,0.000101750882477643,0.00110499916690682,"all"
2850,"chrX",138000001,139000000,500,311,236.051037351317,4.8782344583003,23.7971714301484,0.0013556119861718,3.65806543266974e-06,6.59602112922274e-05,"all"
2851,"chrX",139000001,140000000,500,326,239.272945700315,5.6067061823073,31.4351542147229,0.00179071163838616,1.21060972220952e-07,3.21372043849508e-06,"all"
2852,"chrX",140000001,141000000,500,258,209.391981462584,3.35913837603882,11.2838106293767,0.000642785172337623,0.00128533006486002,0.00843258877792604,"all"
2853,"chrX",141000001,142000000,500,353,269.683720925049,5.07343966740821,25.7397900588311,0.00146627375558977,1.41485537410853e-06,2.8169377483119e-05,"all"
2854,"chrX",142000001,143000000,500,403,284.132916853228,7.05181371045127,49.7280766069085,0.00283277266356922,3.76478208521075e-11,2.9171973617025e-09,"all"
2855,"chrX",143000001,144000000,476,336,249.90367161391,5.44625927738277,29.6617401164779,0.00168968864852858,2.56650576179158e-07,6.08113390004666e-06,"all"
2856,"chrX",144000001,145000000,500,445,322.734703000142,6.80581866939613,46.319167760701,0.0026385832950869,1.39682884988732e-10,9.10160980142485e-09,"all"
2857,"chrX",145000001,146000000,500,428,330.096251991612,5.38863814933576,29.0374211044767,0.00165412415556571,2.83365474946753e-07,6.6590886612487e-06,"all"
2858,"chrX",146000001,147000000,500,418,317.062640775727,5.66864685343592,32.1335571489689,0.00183049634101859,7.23418865707013e-08,2.10360943305461e-06,"all"
2859,"chrX",147000001,148000000,500,328,279.018971276747,2.93231779249778,8.59848763619906,0.000489815057928034,0.00460263199455839,0.0234799749615639,"all"
2860,"chrX",148000001,149000000,476,243,205.183036236772,2.64007297422049,6.96998530920941,0.000397047004361002,0.0109918763574377,0.0462493838934821,"all"
2861,"chrX",149000001,150000000,476,285,204.2747665108,5.64809442249326,31.9009706053995,0.00181724698879157,1.11843002953487e-07,3.02503669309101e-06,"all"
2862,"chrX",150000001,151000000,500,380,262.305968568504,7.26691955952093,52.8081198845479,0.00300822812042264,1.13862876369591e-11,1.00734623531834e-09,"all"
2863,"chrX",151000001,152000000,500,322,256.149548068086,4.11445164719029,16.9287123570669,0.000964348449943131,8.29138301147946e-05,0.000917814482390409,"all"
2864,"chrX",152000001,153000000,476,214,204.594506875838,0.657558787017076,0.432383558383368,2.4630840521892e-05,0.528863773459801,0.717809022786486,"all"
2865,"chrX",153000001,154000000,500,246,204.238114780133,2.9222118589412,8.5393221485366,0.000486444680718358,0.00497440297340609,0.0250643467921885,"all"
2866,"chrX",154000001,155000000,457,253,179.653224464381,5.47221960851533,29.9451874438196,0.00170583529837395,2.89294571010113e-07,6.72709262290085e-06,"all"
2867,"chrX",155000001,155040000,20,7,1.96635865050422,3.58964004964142,12.8855156859897,0.000734026712510993,0.00828506166318108,0.0368839624042549,"all"
