"model","rmse_counts_in","rmse_counts_out","rmse_Betas","sign_Betas","fp_Betas","attribution_acc_in","attribution_acc_out","estim_error_in","estim_error_out","brier_in","brier_out","ece_in","ece_out","mce_in","mce_out","oracle_l2_in","oracle_l2_out","oracle_kl_in","oracle_kl_out","n_mut_in","n_mut_out","Simulation","Scenario"
"map_Fixed",0.293241130623154,0.306094629409662,0.00920485492593293,1,0.0333333333333333,0.800954417819679,0.813201833141264,0.0207760464405744,0.0196178275667998,0.282930551675883,0.267332687864926,0.00267871571344393,0.00234559122602187,0.0226688088565852,0.0717479863415963,0.00232517671093719,0.00256067547464076,0.0103148804697703,0.0108773121563303,137466,37313,"Simulation_01","S0_baseline"
"map_Fixed",0.344252101366865,0.328754935741813,0.00927214213249807,0.975,0.0555555555555556,0.839281563655573,0.816246953696182,0.0193026941362916,0.0231403040501335,0.226258823171612,0.258785808195113,0.00357830413533405,0.00354592186358231,0.196447699737415,0.197180178045341,0.00220364312750286,0.0025263969874591,0.00835020812294472,0.00948359282746958,189300,43085,"Simulation_02","S0_baseline"
"map_Fixed",0.294190880839524,0.288833277565907,0.00883414140937619,1,0.0111111111111111,0.795673441665884,0.784094309137694,0.0198697986286226,0.0207946861348812,0.291038551156571,0.308250695685065,0.00249757114345757,0.00322517249266529,0.824922356235402,0.04049190160508,0.00199351360188049,0.00203002309201963,0.00907510294193353,0.0092475274690763,138401,33422,"Simulation_03","S0_baseline"
"map_Fixed",0.308169050439457,0.323109299487378,0.00865290380374333,1,0.0111111111111111,0.809655614665332,0.804882142771503,0.0192575724858169,0.0198786658034194,0.272371526764248,0.27970075828718,0.00361021281045501,0.00481771167075269,0.0352466090699615,0.0131728158836916,0.00216371712584122,0.00216055669223942,0.00914326955436336,0.00897895163961593,152823,41703,"Simulation_04","S0_baseline"
"map_Fixed",0.348877878605852,0.292289244902354,0.00689484641734616,1,0,0.854777167666965,0.824064974854038,0.0120597624824416,0.0158679692467773,0.211515478867187,0.254397358625723,0.00179275320844971,0.00475927373215855,0.192861480650073,0.0262306050293274,0.00145580888713307,0.00218016205082307,0.00733367183826112,0.010225697062329,195775,34598,"Simulation_05","S0_baseline"
"map_Fixed",0.322941789037611,0.327012741100998,0.0110909795754096,0.975,0.0555555555555556,0.845527382637273,0.828572767532863,0.0176373929522393,0.0194718466621365,0.222084837226386,0.243480437426889,0.00338230720362537,0.00462992104806274,0.187116058846725,0.0450047925080918,0.00225445685737767,0.00267187059769279,0.0103659498095676,0.0126014186343165,166748,42677,"Simulation_06","S0_baseline"
"map_Fixed",0.371423648154574,0.369085029719796,0.0113446091067653,1,0.0666666666666667,0.857233130424109,0.85419224777788,0.015102265339801,0.0151012553834876,0.203825633511461,0.208286379290897,0.00223437145046457,0.00350083740909019,0.196472669072216,0.0232513696591676,0.00162716920853378,0.00174140234882978,0.00621691032757005,0.00661451096548128,219967,54565,"Simulation_07","S0_baseline"
"map_Fixed",0.312432551023952,0.290121021804003,0.00861348526295491,1,0.0111111111111111,0.816757071026521,0.821239517040385,0.019020055073186,0.0192708023553203,0.25841676762903,0.254292282417167,0.00339320611887553,0.00328518206112199,0.807666757716631,0.0113967098396645,0.00216773751362746,0.00209485519874697,0.0108940697246228,0.0103952838917175,156519,33626,"Simulation_08","S0_baseline"
"map_Fixed",0.296402329637268,0.324782103957211,0.0087162230297632,1,0.0444444444444444,0.815995743926228,0.793230594686584,0.0213229295974464,0.0239198260376288,0.260116150665663,0.292263646663645,0.00333745387803706,0.00375018426072079,0.183670822303328,0.0147106980821698,0.00264004530977243,0.00348802659028216,0.0111171292011168,0.014634560404632,140975,42308,"Simulation_09","S0_baseline"
"map_Fixed",0.318157480843351,0.346381126170815,0.00865969222047466,0.975,0.0333333333333333,0.822667299946336,0.827057820654095,0.0162534928046682,0.0183587333929351,0.255032199121071,0.248437249157538,0.00219369997933381,0.00367127303937035,0.198031269685438,0.804241597004866,0.00192499439409361,0.00233695555224546,0.00900619700647681,0.0106072712282037,162119,48097,"Simulation_10","S0_baseline"
"map_Fixed",0.496534188801888,0.509088691450365,0.00819157636194475,1,0.0111111111111111,0.88857498393942,0.906928726636318,0.00848555053644866,0.00672520082196899,0.16146465980885,0.135322897145414,0.000798528470327635,0.00156191763426551,0.199391621201955,0.0837943835065456,0.000787656924210353,0.000694879993277936,0.00336538096942848,0.00287090470307273,395378,101707,"Simulation_11","S0_baseline"
"map_Fixed",0.325112813681782,0.288975585362935,0.0087160937630725,0.975,0.0222222222222222,0.800634744270162,0.808713816771113,0.0210399404262361,0.0222620113398985,0.281997832917088,0.270655842666339,0.00192830862423981,0.00412295199321747,0.00965466474202531,0.0415415068720526,0.00247384003982016,0.00271113625245955,0.0115972926302851,0.0125400298182339,169202,33510,"Simulation_12","S0_baseline"
"map_Fixed",0.309517822159155,0.311151881249065,0.00946411279300859,1,0.0333333333333333,0.833789187147527,0.832226430758055,0.0197319579572539,0.0208841384320033,0.237130580579406,0.240991486948326,0.00180188366727646,0.0028219040868806,0.00923053146918329,0.0386418667909631,0.00268400275613998,0.00320918199602853,0.0129971805251054,0.0147988669395966,153558,38546,"Simulation_13","S0_baseline"
"map_Fixed",0.285919883122639,0.296277481153465,0.00894092638126431,1,0.0111111111111111,0.794901993774712,0.828608797020272,0.0248858569713285,0.0192772454579057,0.288846507123955,0.244713208755329,0.00152267082241568,0.0056740079531264,0.0188389542594868,0.0183754581845516,0.00269059143694594,0.0023600309364928,0.0126055356715141,0.0110203873295906,130757,35171,"Simulation_14","S0_baseline"
"map_Fixed",0.330903181009056,0.305434478659354,0.00696334593250816,1,0.0111111111111111,0.821020731845474,0.790929352058215,0.0149427891695933,0.0194677908756478,0.256725103460301,0.298158374920767,0.00243583207875406,0.00461624696284128,0.0107632758490755,0.0184126447195879,0.00165068069467426,0.00202313296668094,0.00667617139290774,0.00857094674659657,176540,37241,"Simulation_15","S0_baseline"
"map_Fixed",0.308818505718402,0.320877658573779,0.00762385570850766,1,0.0222222222222222,0.823599437485692,0.828486330726203,0.0180724073650129,0.0171683173111848,0.250913469675103,0.24438960351189,0.00361755043046569,0.002729886261778,0.198009069545408,0.040538467219584,0.00196409446535892,0.00203136163413388,0.00822520055803473,0.00834558471720575,152885,41297,"Simulation_16","S0_baseline"
"map_Fixed",0.31275518366106,0.299305749159622,0.00911964035698612,1,0.0777777777777778,0.801263883569514,0.803347514554411,0.0168326311757947,0.0180530676220331,0.284090400746683,0.282343727584877,0.00371361570209714,0.00369308936361814,0.80045549045652,0.0814250839183817,0.00177821736135429,0.00204663242505856,0.00734892338974411,0.00817401710605799,156660,35728,"Simulation_17","S0_baseline"
"map_Fixed",0.317111478779367,0.326323295893022,0.00958822960269555,0.975,0.0333333333333333,0.824815885149622,0.831327557948958,0.0155744072589416,0.0154062280496371,0.252703518266528,0.244347647951101,0.0013914797457416,0.00263586267322127,0.0413205241575573,0.0152007174269786,0.00184688046677497,0.00192201985666792,0.00831945756597133,0.00889962906943133,160905,42710,"Simulation_18","S0_baseline"
"map_Fixed",0.275144901133797,0.255157905675245,0.0110134397279072,1,0.0666666666666667,0.786669306081376,0.759984624255237,0.0289345837560521,0.0333269267730156,0.301656756452856,0.336412931535451,0.00225320185558096,0.00418432981969879,0.0160926804094975,0.0405211147092722,0.00366293806775368,0.00437673385979251,0.0145371725764252,0.0167609122717185,121239,26015,"Simulation_19","S0_baseline"
"map_Fixed",0.399048594073072,0.449330070112127,0.00684311107570601,0.975,0,0.876542429652568,0.888999734811653,0.0101156525998136,0.0080314185050954,0.17959073817688,0.162917120341086,0.00157758767864994,0.00423551396818772,0.0248444042680827,0.0214755889413542,0.00114967625503738,0.00101278667266484,0.00535021352792914,0.00468038482113162,253172,79189,"Simulation_20","S0_baseline"
"map_Fixed",0.403474567015845,0.441192899128471,0.0358474703220836,1,0.0444444444444444,0.827818917073683,0.846007069976701,0.0660942177406649,0.0577448381136017,0.244937565461565,0.219529806356648,0.00207513410260826,0.00170732926964207,0.194113533415342,0.00739653070433688,0.0195994041901387,0.017299523006767,0.0442559754754616,0.0395715693074689,190410,49788,"Simulation_01","S1_epigenome_v025"
"map_Fixed",0.33780168124512,0.339724171570136,0.0346619556318821,1,0.0111111111111111,0.803275320280396,0.815667004653823,0.0682922407541697,0.0617736526012012,0.28316562276361,0.267078378870529,0.00300444022428898,0.0041878271688814,0.0188503806176912,0.0279382974348467,0.0192915387944579,0.0180461746250165,0.043840689602444,0.0409946428566565,165480,38463,"Simulation_02","S1_epigenome_v025"
"map_Fixed",0.364898351567109,0.333622383459612,0.0293670691392939,0.95,0.0222222222222222,0.819523086129908,0.816157260621433,0.0615534226395986,0.0621940393151554,0.25785778938777,0.261851557258405,0.00191578001041151,0.0036367117033828,0.0351811317724131,0.176781070310849,0.0159019633955453,0.0164305966073295,0.0372107756859031,0.0397115450719046,173784,39425,"Simulation_03","S1_epigenome_v025"
"map_Fixed",0.370552761090583,0.314228627536441,0.0333826886737781,1,0,0.808687133350337,0.786629960234699,0.0709706216523292,0.0789188287311254,0.271391727832134,0.302262450529177,0.00360458294506562,0.0048329967076174,0.0243740028570742,0.0176388740044449,0.0187961195658245,0.0215248448035245,0.0413778014907676,0.0467525448024524,172508,35961,"Simulation_04","S1_epigenome_v025"
"map_Fixed",0.287104670025191,0.301017165286683,0.0285254334497063,1,0.0444444444444444,0.790196430103167,0.788248619566756,0.067155857422469,0.068780971258672,0.297200851642817,0.297353482487456,0.00272395906136878,0.00518192074007155,0.0228079629729847,0.0431731747628185,0.0150346959046807,0.0151200368772516,0.0378055258661473,0.0386293320488612,128239,35315,"Simulation_05","S1_epigenome_v025"
"map_Fixed",0.343510392746571,0.327274091153433,0.0334905426567445,0.975,0.0555555555555556,0.824546602387511,0.810772046095257,0.063596189164371,0.0724566002275088,0.251361270334328,0.269639338459339,0.00287975501959494,0.00240046939064441,0.0119903773536336,0.196275884394329,0.0181105844616688,0.0205244880564808,0.0414038541555684,0.0461734446623752,174240,40438,"Simulation_06","S1_epigenome_v025"
"map_Fixed",0.569147309983911,0.46353491874209,0.0370575416113449,0.975,0.0333333333333333,0.819365107436555,0.826663483259564,0.0765275444336369,0.0732428511083767,0.260029762961568,0.250984744878261,0.00223588683327156,0.0026221767435257,0.193779002419173,0.0315734963122244,0.0257995613323377,0.0250698912534474,0.0535294156715865,0.0536755934499287,226180,54449,"Simulation_07","S1_epigenome_v025"
"map_Fixed",0.363877264914733,0.512283582543785,0.0310661932772057,1,0.0666666666666667,0.816832599526662,0.855649601047704,0.0689051075588698,0.0530400407440642,0.262447546480083,0.208511253298789,0.0025647232768369,0.00245976745652954,0.00835493859166891,0.057766919463309,0.0215501170691606,0.0166743685317686,0.0467407278343851,0.0380427989109308,151266,41233,"Simulation_08","S1_epigenome_v025"
"map_Fixed",0.626511497651166,0.486238843988366,0.035578952064793,1,0.0222222222222222,0.846167228624212,0.836042509902383,0.0608446760390692,0.0659076643362698,0.222156278627523,0.239387554463048,0.00146498625709116,0.00355784655124837,0.188652072342264,0.0308904818703657,0.0207720648020072,0.0227194276245591,0.0446841856537139,0.0491932352085308,241418,46201,"Simulation_09","S1_epigenome_v025"
"map_Fixed",0.387461035151082,0.378608419042195,0.0362478961805782,0.975,0.0111111111111111,0.829199264898924,0.814010457408703,0.0648621685481754,0.0706698505496315,0.24526494504778,0.267883587089718,0.00200435317776467,0.00425044323531129,0.0409566839409235,0.0285654069475155,0.0198457716709067,0.0212258416637991,0.0433413350684063,0.0463293685347646,190450,48578,"Simulation_10","S1_epigenome_v025"
"map_Fixed",0.340577980343489,0.382253627035908,0.0320524457597263,0.975,0.0333333333333333,0.80490783642224,0.816042111621686,0.0754935535858179,0.0696610791103057,0.278507559398531,0.265159652873819,0.00224467807609208,0.0044047033226659,0.00693482059798878,0.0392268332048268,0.0227870620643566,0.0223077023640255,0.0520367568432768,0.0495169123136852,158848,46353,"Simulation_11","S1_epigenome_v025"
"map_Fixed",0.279749425651844,0.264312120746932,0.0300077098332195,1,0.0222222222222222,0.773686838507944,0.7799241871993,0.0666219191762096,0.0660446129173349,0.318458663799435,0.310072471429908,0.00194758428865083,0.00586217235781199,0.800173229006221,0.0128650125309459,0.0140842113468126,0.0135955120028562,0.0349133118607504,0.034498379658223,122167,27436,"Simulation_12","S1_epigenome_v025"
"map_Fixed",0.316896211325826,0.342476459003938,0.0316058768480447,1,0.0222222222222222,0.808567374014059,0.824514431996994,0.066572060328042,0.0612978228704291,0.270865518595067,0.24789382919451,0.00295703561505213,0.00601818335558549,0.0150869197244267,0.0359143435330252,0.0172229430965195,0.0160750034553707,0.0402121921253486,0.0377261697153529,151505,42579,"Simulation_13","S1_epigenome_v025"
"map_Fixed",0.353571233476686,0.385375036178359,0.0336949857420823,1,0.0555555555555556,0.824648117457576,0.838757244966924,0.0585362153077659,0.0527372150654351,0.24931973703362,0.229513395956099,0.00130638183464077,0.00365359676909119,0.19895415931597,0.0243598305369385,0.0147700362050249,0.0134804446690255,0.0345378800801437,0.0321839518444296,171364,48827,"Simulation_14","S1_epigenome_v025"
"map_Fixed",0.321214888175667,0.294491409495714,0.0321792870124308,1,0.0111111111111111,0.806266859533211,0.788822858514917,0.0669559664829222,0.0759649438741821,0.276603415459485,0.300323246566858,0.00128964486495836,0.00276544884028256,0.0290124917459449,0.191400210596607,0.0173167571461853,0.0190746584168083,0.0406414856095825,0.0453169499098552,153474,33318,"Simulation_15","S1_epigenome_v025"
"map_Fixed",0.313448650610935,0.295178365720759,0.0323715201201463,1,0.0555555555555556,0.789284270117266,0.781589205397301,0.0747405310688772,0.0789205397301349,0.297370605340643,0.308684526101786,0.00283547540325835,0.00321642791015396,0.02158494544655,0.0307944483518681,0.0197217402720525,0.02160529696334,0.0440075706455345,0.0480545438886534,148380,33350,"Simulation_16","S1_epigenome_v025"
"map_Fixed",0.346471981781339,0.36630609795262,0.0331758111925122,1,0.0222222222222222,0.80832472653866,0.800466581126793,0.070037791652974,0.0731599206812084,0.273556107948192,0.285332057887565,0.00393311171450437,0.00313150131779218,0.00934409939866843,0.030269929841254,0.0193139080319318,0.0207503823070706,0.0435420808955287,0.0461750034185094,170408,42865,"Simulation_17","S1_epigenome_v025"
"map_Fixed",0.340417090046904,0.319180717348136,0.0266822677971609,0.975,0.0222222222222222,0.793987210573263,0.803045240442546,0.0709637297888111,0.066436630518129,0.292491798100527,0.283589696987737,0.00225901324104665,0.00455576247966489,0.00976815461203107,0.0357673505010671,0.019693560983193,0.0184571991924302,0.0443755447218816,0.042366074559138,159194,36516,"Simulation_18","S1_epigenome_v025"
"map_Fixed",0.353750971622339,0.314694276852676,0.030577253592802,0.975,0.0555555555555556,0.814747462896697,0.793551065596457,0.063858743473925,0.0713257680597841,0.264082190034931,0.293530214962132,0.00216361491357664,0.00322306286777391,0.0227898533955828,0.047214755786898,0.0185081602231894,0.0220509941609821,0.0458481358892727,0.0552672973078841,170470,36130,"Simulation_19","S1_epigenome_v025"
"map_Fixed",0.328885148407016,0.346439023670608,0.0329657099966671,0.975,0.0777777777777778,0.800714281126149,0.803720270831806,0.0713574553092542,0.068539023734448,0.280316693545308,0.277272877090189,0.00264641544315504,0.00374683143778011,0.00701647038210729,0.0197866414560814,0.0182842730337796,0.0183772142667955,0.0417665044499072,0.0430807285646221,155681,40911,"Simulation_20","S1_epigenome_v025"
"map_Fixed",0.296577484240327,0.301963683995742,0.0753296115115564,0.975,0.0333333333333333,0.766090485495265,0.758862758862759,0.117105065384037,0.121914121914122,0.328079313163613,0.336892307422668,0.00232658334640309,0.00350968139689467,0.193812794158535,0.0288656391087908,0.0419762958102058,0.0434134995550624,0.0918953783162665,0.0945846828196687,133060,34188,"Simulation_01","S2_epigenome_v1"
"map_Fixed",0.304268213363643,0.305034422634175,0.0740620039098486,1,0.0222222222222222,0.763603457191401,0.772143418868144,0.11904410135185,0.115399178632802,0.334208904982854,0.321644504676197,0.00223029121682375,0.0056390388449944,0.0295752722221126,0.0156844810472846,0.0461009993623503,0.0454618407113531,0.104052825932715,0.10355209871738,135370,34333,"Simulation_02","S2_epigenome_v1"
"map_Fixed",0.480545957240107,0.51753113242682,0.0898465252876114,0.975,0.0111111111111111,0.826778667384797,0.832603754524792,0.0887236268345987,0.0878651401633134,0.246003719940789,0.237587249312068,0.00116639774391754,0.00144452754030711,0.0105385485620578,0.0403080112180826,0.0361163450569204,0.0360156129286757,0.081097408998128,0.080803599862672,193094,47516,"Simulation_03","S2_epigenome_v1"
"map_Fixed",1.01188994768109,0.448484773075493,0.088799942752771,1,0.0888888888888889,0.827533297336213,0.797574070391728,0.0942359611231102,0.109688804931398,0.247991047644664,0.288318638652388,0.00126482699141145,0.00361501130665687,0.197366833442484,0.0137115754312503,0.0447763762027747,0.0512643596343689,0.0953803564188465,0.110056330133563,222240,40232,"Simulation_04","S2_epigenome_v1"
"map_Fixed",0.351652457475989,0.351532733862249,0.0795014347906825,1,0.0333333333333333,0.773784496481997,0.771166779931104,0.119192864347255,0.118294940594755,0.319344758742492,0.322745549288638,0.00279636455417493,0.00259367306270924,0.191162766559475,0.0622027118371767,0.0475361374217343,0.0478508634282563,0.102533832428194,0.102697342901033,164582,42673,"Simulation_05","S2_epigenome_v1"
"map_Fixed",0.441443214814157,0.384307126195644,0.085931586950648,0.95,0.0777777777777778,0.785453009889351,0.787256835390646,0.107698628729906,0.109634066174859,0.302093533114324,0.299141427783232,0.00253569206301651,0.00597458911800868,0.192240277147288,0.818916213767206,0.0424338996915317,0.0414824117122472,0.0929443888145867,0.0911141528716765,175239,41073,"Simulation_06","S2_epigenome_v1"
"map_Fixed",0.35003728427393,0.359717551873966,0.0869525950705863,1,0.0111111111111111,0.788734884602027,0.793401432429259,0.120121238910113,0.1169425854174,0.29902263964466,0.295973012261472,0.00367274336561361,0.00500637654277474,0.191737962908675,0.187996628393334,0.0554854227122991,0.0552191031942591,0.115512315537174,0.114586687799761,158365,42585,"Simulation_07","S2_epigenome_v1"
"map_Fixed",0.955460285454219,0.623134054779251,0.0973473636553993,0.95,0.0333333333333333,0.830717651615402,0.822552011649014,0.0940959558467547,0.0979394809805916,0.241039956485559,0.254351323058466,0.00227344387448384,0.00287312669063255,0.1902631732898,0.0365622461139596,0.0471594541218708,0.0497729996539239,0.102708618209405,0.109013581056147,247864,50133,"Simulation_08","S2_epigenome_v1"
"map_Fixed",0.314569729071981,0.297959157819398,0.0800809331141113,1,0.0444444444444444,0.786790317602622,0.782524574816664,0.0980732205581929,0.102012794507724,0.299389093207745,0.306042604045044,0.00327934480890257,0.00553995929015941,0.0196560380204301,0.0349020436343795,0.0340872602088724,0.0363125223081435,0.0796575767773233,0.0846334556409065,136082,32045,"Simulation_09","S2_epigenome_v1"
"map_Fixed",0.399905080996019,0.362036124125912,0.0903657716700123,1,0.0111111111111111,0.792718342942558,0.782143551838164,0.115711082639334,0.121693250340401,0.292419867737956,0.306055038893331,0.00289048332630125,0.00348692833553808,0.0100395930481497,0.0198377769886552,0.0504867393821623,0.0521859463733454,0.106733699053515,0.111162784415919,187320,41128,"Simulation_10","S2_epigenome_v1"
"map_Fixed",0.330633771102939,0.396933233129249,0.0827639159232437,1,0.0333333333333333,0.782578536650437,0.806898483281627,0.107550190088708,0.0920803171320234,0.306246671045907,0.273593396539554,0.00501455379016486,0.00538018869746576,0.194384048647419,0.0266225925618546,0.039285107864255,0.0335968089133544,0.087711624922747,0.0777892291222582,149930,46416,"Simulation_11","S2_epigenome_v1"
"map_Fixed",0.363921076044329,0.328099849293153,0.0794515114474281,0.975,0.0333333333333333,0.813383292434533,0.803044745227267,0.085185365412823,0.0909066151038972,0.262501549064019,0.277616378838186,0.00176363581074379,0.0029801083881536,0.190376997884052,0.0388612287118129,0.0290963144038156,0.0317684485908202,0.0712377480674769,0.0791511621812703,143851,36719,"Simulation_12","S2_epigenome_v1"
"map_Fixed",0.346622653820279,0.340793561341956,0.0800494101431889,1,0.0444444444444444,0.787691783364676,0.775309917355372,0.113728067773092,0.123106060606061,0.299780770780798,0.314091993286218,0.00197238425927688,0.00363076473583517,0.0245776710734375,0.0122085138044321,0.0473560088769113,0.050547215916324,0.10082495748397,0.107738397279963,164313,40656,"Simulation_13","S2_epigenome_v1"
"map_Fixed",0.632548581177564,0.445011731505329,0.0770890281320562,0.975,0.0666666666666667,0.79624376406143,0.781556143804158,0.114522616245951,0.12491232833322,0.291718964156482,0.312449938278572,0.00762657736169299,0.00824962404234725,0.198675953525653,0.0509202665533665,0.057936239589521,0.0622085681159716,0.11977418246749,0.129253073816626,173791,44199,"Simulation_14","S2_epigenome_v1"
"map_Fixed",0.320863744983684,0.372934214786713,0.071607083802451,1,0.0111111111111111,0.772689374682257,0.791595827781096,0.111364175563464,0.103708128474935,0.320979748981555,0.296668216713778,0.00309864888488236,0.00252736704028397,0.187368433730307,0.0197487944250802,0.0427572585892442,0.0404133692122806,0.0923250881825373,0.0869338807182323,147525,43526,"Simulation_15","S2_epigenome_v1"
"map_Fixed",0.288541244301624,0.279109081592607,0.0703168780472431,1,0.0555555555555556,0.763859711018811,0.767598483822932,0.115937264461087,0.108569107892243,0.330713253625042,0.328045348860924,0.00414951422538757,0.00570453483592819,0.192747433514034,0.0610060616512121,0.0403027731722602,0.0393423463645314,0.0908535870538047,0.0914727603795442,124714,29548,"Simulation_16","S2_epigenome_v1"
"map_Fixed",0.40338630217633,0.316273559744241,0.0868419738573712,1,0.0555555555555556,0.767563709691123,0.76170689299502,0.130466798457033,0.134058291338815,0.328260960409469,0.335803875826193,0.0014109166837942,0.00560915168725835,0.00719969580176616,0.194801364855142,0.0566507877483022,0.0558559935415456,0.11769006737044,0.11859677340777,176543,33933,"Simulation_17","S2_epigenome_v1"
"map_Fixed",0.328640721741555,0.293563517153732,0.0695391110096418,1,0.0444444444444444,0.770194975249256,0.758879502559432,0.115803952348018,0.122224664761486,0.324446587934438,0.340599554623555,0.00388902667727146,0.00790063406109585,0.0135067527926614,0.048357264634231,0.0443237343042827,0.0469035214154684,0.0954180749102484,0.101677034305738,128683,31843,"Simulation_18","S2_epigenome_v1"
"map_Fixed",0.36222853904715,0.345635188514777,0.088310675788748,1,0.0111111111111111,0.792054256814038,0.794654262370153,0.107607799417018,0.109228507387144,0.294016837072785,0.291886530793032,0.00259981424895713,0.00295968253118064,0.198966633245743,0.00935874750054738,0.0435295554845833,0.0451742572111614,0.098431408600643,0.100628455165985,172218,41491,"Simulation_19","S2_epigenome_v1"
"map_Fixed",0.394789337428543,0.472595631925108,0.094505109969184,1,0,0.817954184991315,0.804400670578374,0.104655283598738,0.113600167644593,0.260485801334339,0.27847914409626,0.00367586033675203,0.0063094256049636,0.0148895545966899,0.0176257814149416,0.052921509979936,0.0579913834347563,0.11430074807403,0.125419881070877,172127,47720,"Simulation_20","S2_epigenome_v1"
"map_Fixed",0.315493180510846,0.303998288383324,0.15101852471026,1,0.0333333333333333,0.761614410390526,0.760417643564975,0.152155387734712,0.151270749320079,0.335020818037473,0.33618363753743,0.0025238326403172,0.00371469169614264,0.138031973502733,0.806716997289861,0.0783654869852943,0.0777396919671197,0.1665436493664,0.16718540920177,136124,31989,"Simulation_01","S3_epigenome_v4"
"map_Fixed",0.348857737742193,0.346574552926132,0.159114757670353,1,0.0333333333333333,0.768856104641848,0.772996193023974,0.144645180309798,0.14309599753061,0.327596708456311,0.320229344357299,0.00621852760821458,0.00670992565252461,0.188175968646866,0.0155964960824643,0.0761108294442676,0.0748351830759261,0.162853926494143,0.159829611074254,156037,38876,"Simulation_02","S3_epigenome_v4"
"map_Fixed",0.332937984392315,0.330140798703801,0.147303966368441,0.975,0.0555555555555556,0.771460523681649,0.771836635139164,0.139722074569064,0.143066207756308,0.322831338219229,0.32077786987089,0.00351174787253507,0.0054561142837417,0.188427893959375,0.0189203695770024,0.0713280605764827,0.07231465055642,0.151732229193807,0.153429102758134,144859,36899,"Simulation_03","S3_epigenome_v4"
"map_Fixed",0.296993553858906,0.28437728972338,0.133757102541496,1,0.0222222222222222,0.748699308117721,0.744277503277201,0.14177736523116,0.145877449497496,0.350035554624993,0.35731277686993,0.00295935631221234,0.00586422645600318,0.00644469689622151,0.0144830718522023,0.0605024091753198,0.061421931184271,0.138714760305076,0.141553675376207,128201,29751,"Simulation_04","S3_epigenome_v4"
"map_Fixed",0.330236761093055,0.346543939608437,0.13665758333784,0.95,0.0666666666666667,0.776099450002543,0.779059426658297,0.125293344086256,0.122881355932203,0.315502129640598,0.308582605475292,0.00175177465159046,0.00326889880599479,0.193883079253908,0.0186621143173765,0.0536336957300237,0.0516021986959729,0.121287402725424,0.118365395435344,137637,38232,"Simulation_05","S3_epigenome_v4"
"map_Fixed",0.335881761998129,0.33674136652393,0.150445747913055,1,0.0444444444444444,0.781248367378925,0.786597991510508,0.129395015934382,0.125944714773786,0.31039933554807,0.300948367543224,0.00202395290249588,0.00541002121951349,0.0055268278448633,0.193528933156721,0.0631757257973257,0.0606806708137531,0.143050722739549,0.139928243097796,153128,38636,"Simulation_06","S3_epigenome_v4"
"map_Fixed",0.354104593824772,0.317551823945365,0.150662289127345,1,0.0222222222222222,0.782445974460067,0.780515216941232,0.135113858543101,0.133447694537281,0.30927422789372,0.310310898652713,0.00285995272322752,0.0052688532735693,0.825698677992363,0.0240623069604387,0.0711950485825416,0.0705802925562979,0.154126609522503,0.154836299995752,154973,33811,"Simulation_07","S3_epigenome_v4"
"map_Fixed",0.311957905123921,0.305095623068844,0.12470883568973,0.95,0.0222222222222222,0.721801471990238,0.716231485723011,0.171933035884529,0.17355321423118,0.387122750645398,0.393556612228359,0.00409759619847006,0.00644710705505566,0.195669996478307,0.199549375017934,0.0828934747454134,0.0859791333107442,0.169361276868395,0.176604541572047,131115,32745,"Simulation_08","S3_epigenome_v4"
"map_Fixed",0.442664156114099,0.491286991098808,0.183153857141402,1,0.0666666666666667,0.768513925839083,0.779739316944399,0.165566928699904,0.155089919155255,0.32597206216109,0.309723946249121,0.0027898064261338,0.00460929950229181,0.199181249606308,0.0363547111547526,0.103266587325799,0.0968036959864288,0.216802361402687,0.205914083137792,199593,54549,"Simulation_09","S3_epigenome_v4"
"map_Fixed",0.572750217354806,0.455929302870424,0.155331434115283,0.975,0.0333333333333333,0.818990136082935,0.822011349454897,0.10739654064325,0.104805858390826,0.257519067146087,0.253355972354574,0.00230159370241703,0.00383398815060825,0.193022456499977,0.0531884591996859,0.0543594500602707,0.0528194544405406,0.124139842922464,0.122403562530608,178935,42469,"Simulation_10","S3_epigenome_v4"
"map_Fixed",0.399305663323158,0.395981274384453,0.16684542771891,1,0.0111111111111111,0.745248184504566,0.745544114848722,0.181544199765949,0.180814850836205,0.358025177274443,0.357340307521085,0.00281386534829075,0.00495790278702462,0.188583889888685,0.0345739583527526,0.108323271659497,0.107465427462039,0.220714562873985,0.218805449159951,187139,47297,"Simulation_11","S3_epigenome_v4"
"map_Fixed",0.310729666302955,0.309329920592609,0.136093253483553,1,0.0666666666666667,0.735842214328005,0.736261169187642,0.154100059206631,0.156689832389184,0.369337811729054,0.372907678859764,0.00290293965766611,0.00798386160846967,0.0146156883889498,0.0220741409652301,0.0695052132393647,0.0692556262094544,0.153596072205845,0.153184778977036,135120,34246,"Simulation_12","S3_epigenome_v4"
"map_Fixed",0.371463169458695,0.365512514245536,0.152654424652458,0.975,0.0444444444444444,0.795893588604804,0.797334450524993,0.118559369148875,0.118143017988531,0.28760790235234,0.286625561999964,0.00467618834470797,0.0072748800892714,0.813246291975643,0.80520588902055,0.0550882735307853,0.0559066601886748,0.127698771910749,0.127963408053456,156487,38191,"Simulation_13","S3_epigenome_v4"
"map_Fixed",0.966973937172398,0.776685602504849,0.182908055557473,0.975,0.0222222222222222,0.768253913329325,0.76633465103834,0.162960592049205,0.166462393619776,0.328750434988727,0.329065700570754,0.00333491679447656,0.00476060880755634,0.00751014665980365,0.0174522594751558,0.103319306138422,0.107029977573075,0.213619076205892,0.220530997475114,231197,57929,"Simulation_14","S3_epigenome_v4"
"map_Fixed",0.498916644232823,0.490925608663969,0.150094486952583,0.975,0.0333333333333333,0.830183798916682,0.815665240362402,0.0969813158054896,0.105124650957231,0.242594931852747,0.25869247121154,0.00310777710840727,0.00473542659868654,0.0180711310962731,0.0172166160925656,0.0462395808104482,0.0479997473134104,0.108646083007856,0.111614758244411,197172,49779,"Simulation_15","S3_epigenome_v4"
"map_Fixed",0.416513025764709,0.429502863734844,0.174758716952698,1,0.0222222222222222,0.762349063964687,0.761336789228617,0.17194567666814,0.168612519210037,0.33433183274474,0.337865826119426,0.00215967321900426,0.00528687662060512,0.198998808001492,0.171815794987199,0.111825552760696,0.109816887206292,0.225966609068019,0.224773262882248,183273,43597,"Simulation_16","S3_epigenome_v4"
"map_Fixed",0.383971165520778,0.382746364279766,0.159668352474491,1,0.0444444444444444,0.759302999520127,0.770265600315956,0.14558236060302,0.140254739336493,0.336171657917428,0.321303826409416,0.00195417805318714,0.00351557492699847,0.189321899145352,0.80050630689246,0.0726537917185662,0.0716434586029094,0.16577448875245,0.163512000219343,160459,40512,"Simulation_17","S3_epigenome_v4"
"map_Fixed",0.446514057688735,0.39690339514774,0.163529534753762,0.975,0.0555555555555556,0.757939241348186,0.756203644354913,0.170928243984703,0.17219119128285,0.337132679892003,0.34142457436384,0.00332660374250811,0.00550955423402476,0.195318605196524,0.0216015804909621,0.0983378914301558,0.102123557897027,0.199942805629635,0.205743722096566,168404,43684,"Simulation_18","S3_epigenome_v4"
"map_Fixed",0.318578307493679,0.308560672472173,0.137629312949193,1,0.0222222222222222,0.733502873143921,0.734854905169643,0.164557841563657,0.162862737075894,0.372663377797443,0.371372025619201,0.00325918443727866,0.00461809379161763,0.0109297294915944,0.0394070758056373,0.0804250766919578,0.0794903026529705,0.174552244312722,0.175089103814666,143919,34219,"Simulation_19","S3_epigenome_v4"
"map_Fixed",0.372693044896669,0.392369212827897,0.135147241166759,1,0.0222222222222222,0.777897456568714,0.793099875673436,0.130178218606895,0.118110236220472,0.315395397507234,0.293075431976608,0.00161372824753301,0.00310680481789107,0.806049736727423,0.0156106970958631,0.0615138792494796,0.0565369144194789,0.13583499128321,0.126859695178655,151331,38608,"Simulation_20","S3_epigenome_v4"
"map_Fixed",0.488036137742073,0.453242926176175,0.163491340580025,1,0.111111111111111,0.750053512082465,0.738430631621744,0.169700895623275,0.177026283691675,0.350878414524733,0.365762035926203,0.0062682151333954,0.00637501514435257,0.312910464690681,0.806769099938055,0.0973216010470927,0.100418388714541,0.20528621504584,0.212829148496291,177530,41813,"Simulation_01","S4_hotspots"
"map_Fixed",0.453875187772212,0.436016707001106,0.150488663939522,1,0.0333333333333333,0.772271104310125,0.77539155826918,0.136922978831931,0.135678258561189,0.321687913039568,0.319015499663817,0.00532718171944135,0.00752814995791627,0.194745969299179,0.190283953548004,0.0707716098908316,0.0702134850907184,0.157844321097714,0.159471444621654,156840,37670,"Simulation_02","S4_hotspots"
"map_Fixed",0.477533952186769,0.533348914572839,0.163215466547486,0.95,0.0777777777777778,0.77611403145244,0.79432121930927,0.142075817392632,0.128498344869094,0.317783568388039,0.295202753795432,0.00241689834083624,0.0057885011369745,0.192340585148693,0.18389011220219,0.0741246903003472,0.0693334766761044,0.164264861361972,0.152155572322375,183388,56491,"Simulation_03","S4_hotspots"
"map_Fixed",0.484445783152541,0.430067056689495,0.162781055333398,1,0.0555555555555556,0.794144007787413,0.794099015690478,0.12948354968334,0.125158366630933,0.293318517698039,0.295353410110786,0.00234930201083773,0.00639766600214259,0.191280412850722,0.0196873191505224,0.0702883533500738,0.0695527144213681,0.162075995765238,0.160448915889475,168477,41044,"Simulation_04","S4_hotspots"
"map_Fixed",0.53185813272624,0.574995992194287,0.183060796088004,1,0.0444444444444444,0.756620663931369,0.748415291940628,0.176922257153514,0.185145084452144,0.342816848703048,0.355073290762097,0.00231567898321893,0.00548198133016911,0.189983141036131,0.0144333372819185,0.112572799036081,0.118670823924602,0.234331656732838,0.246061762030309,187670,50798,"Simulation_05","S4_hotspots"
"map_Fixed",0.426680680457006,0.389470650662716,0.137071517154451,0.975,0.0666666666666667,0.753091926217115,0.746833764339235,0.143430601753855,0.149990053709966,0.348937119263426,0.357801730695669,0.00302531349774496,0.00382742250173448,0.19696919721888,0.00991858115688415,0.0731978170990252,0.0762225728344856,0.162086451754094,0.16758162276608,132280,30162,"Simulation_06","S4_hotspots"
"map_Fixed",0.633890734298756,0.635788668917665,0.161740559607282,1,0.0777777777777778,0.801198432818622,0.80307738384935,0.119766459245602,0.119988019916888,0.279464604818175,0.278477937465082,0.00283668840072879,0.00492838525656558,0.18548428973649,0.0151001652706637,0.057546000494491,0.057670113821651,0.131034919956639,0.130719698671638,195255,53422,"Simulation_07","S4_hotspots"
"map_Fixed",0.434683493579114,0.448063797801602,0.154166217948699,0.975,0.0444444444444444,0.762880700922193,0.758447198390001,0.144816328808404,0.149692829149455,0.331531814116254,0.337606796252166,0.00372611974385602,0.00736398280665344,0.185508776101571,0.0358048445289604,0.0711961097070489,0.0738198658442012,0.162301524863887,0.169059125396851,143354,37764,"Simulation_08","S4_hotspots"
"map_Fixed",0.918238336120381,0.956714873849207,0.190923312448194,0.95,0.0888888888888889,0.818275538499733,0.81019945442307,0.124678625379233,0.129592234385517,0.259965814935432,0.271813934615638,0.00799706217465031,0.00851618725701732,0.310518858231916,0.0290269796734883,0.0771115477620255,0.0794716750734841,0.18039174565946,0.185906265369465,237651,56454,"Simulation_09","S4_hotspots"
"map_Fixed",0.51223555771811,0.505630135843688,0.168491573526513,0.95,0.0222222222222222,0.78060424453323,0.770244905255631,0.14912252438029,0.159791741151233,0.309620611007303,0.325780925687644,0.00374485656659487,0.00447842815979962,0.304607647893489,0.0128784320123884,0.0879177941066732,0.0979826228868155,0.188695639057334,0.205694865741643,186216,44752,"Simulation_10","S4_hotspots"
"map_Fixed",0.507091330263683,0.514125715665736,0.18241510009832,1,0.0333333333333333,0.764569729298875,0.771471156944892,0.159906802783654,0.153540928134064,0.331895792587264,0.32262484098581,0.00283616584271887,0.00419592993342304,0.306570122663897,0.187116784470657,0.0941252678566375,0.0899305733611134,0.204961694159036,0.197560945028054,195714,49648,"Simulation_11","S4_hotspots"
"map_Fixed",0.464466534573079,0.4544064496671,0.161030847653743,0.975,0.0333333333333333,0.759598525448406,0.752713348454916,0.164555001394009,0.172581156557157,0.337642241790072,0.345809468207191,0.00153674059084636,0.00379426486872074,0.137850970297931,0.19736727654263,0.0985570197515764,0.103714303471908,0.206707876336744,0.21448150267891,161405,41001,"Simulation_12","S4_hotspots"
"map_Fixed",3.88643531247713,2.85973149308752,0.171146817265902,1,0.0222222222222222,0.836514293605855,0.851783569373446,0.112312821828082,0.103857649655018,0.23246536776768,0.212338772885851,0.00150110069611427,0.00407555238753467,0.015656277992525,0.186799685572086,0.0736596007063142,0.0688739050536863,0.1544339709324,0.146808300976327,253435,71598,"Simulation_13","S4_hotspots"
"map_Fixed",0.808597785329358,0.578067846787038,0.172828019940399,1,0.0444444444444444,0.782672355862476,0.767212472237948,0.144899665095035,0.155728781082611,0.30888522391813,0.328893226719911,0.00294961055397561,0.00467982484554754,0.186583617456547,0.0463474325955326,0.0886581353699298,0.0983987895501838,0.19258338674608,0.212320845773881,183037,45926,"Simulation_14","S4_hotspots"
"map_Fixed",0.492119224493085,0.471905459817554,0.156951966866147,1,0.0555555555555556,0.8106020442132,0.80234798468929,0.112801607752722,0.115010147198603,0.269150144784359,0.281938258200409,0.00245562059051953,0.00499946903704898,0.00846901894272756,0.190590448539318,0.0568681180710356,0.0584229971164897,0.13408555743995,0.137238844199254,162214,38927,"Simulation_15","S4_hotspots"
"map_Fixed",0.710574437424704,0.579936736506741,0.179617519787182,1,0.0444444444444444,0.766194480959462,0.753936534975649,0.165753932202185,0.174037432571142,0.331265804357634,0.349221735344257,0.00128387332759017,0.00647918350559289,0.198899498811017,0.0353909350913569,0.109532714438098,0.109273746250468,0.231936742743166,0.231612787448559,197027,45789,"Simulation_16","S4_hotspots"
"map_Fixed",0.455495246124403,0.474957479045887,0.157752520015631,0.975,0.0666666666666667,0.755184755633706,0.769140419003787,0.15447641138838,0.143343400930054,0.347309677015969,0.327168870531177,0.00352755572468813,0.00393024329811482,0.198263925169812,0.0194657793787685,0.0821570742310144,0.076943659442842,0.17789637028484,0.168082656950253,160374,41718,"Simulation_17","S4_hotspots"
"map_Fixed",0.457732887306255,0.467426727056339,0.148376503364717,0.975,0.0444444444444444,0.753956492306566,0.738886001795247,0.151715852193376,0.167288704114896,0.344396658446585,0.364046535128057,0.00206187645285348,0.00281086410640572,0.192439462643825,0.0247655746960957,0.0772785857714701,0.0853064546613624,0.1668020609825,0.18192921238885,163971,42334,"Simulation_18","S4_hotspots"
"map_Fixed",0.644073872101167,0.782034989496016,0.14556112929773,0.975,0.166666666666667,0.782025063231462,0.795462069878827,0.136070284079688,0.127309245811905,0.310605912863752,0.292454944594861,0.00360691859536254,0.00594293404780244,0.197702740522477,0.030456741763891,0.0768985075693627,0.0737237807514185,0.17105417799965,0.163569513339674,156963,45307,"Simulation_19","S4_hotspots"
"map_Fixed",0.415352170417181,0.412085820322095,0.125369817262111,0.95,0.0666666666666667,0.73493419346473,0.738065544238897,0.151873703319502,0.146192752719462,0.369251957810291,0.364688991550489,0.00200717712101768,0.00264061095102802,0.189430059042041,0.030186560717082,0.069399441228025,0.0692488442200586,0.148518032341764,0.149686820625555,123392,28866,"Simulation_20","S4_hotspots"
"map_Fixed",0.431336780727596,0.457070219607042,0.143601561348216,0.975,0.0555555555555556,0.758186502659574,0.75228521510141,0.14149767287234,0.144050844453447,0.342317550715241,0.351008252626371,0.00355665838429447,0.00452125334391999,0.19053504811078,0.023424427737597,0.0695065205369195,0.0724018064392743,0.153445163849914,0.160952573686159,144384,39493,"Simulation_01","S5_cn_noise"
"map_Fixed",0.454006834041188,0.436106004402014,0.156966964225318,0.95,0.0666666666666667,0.743580877217962,0.751114804043761,0.17441978723837,0.168563910815677,0.358722984148425,0.346446926763032,0.00453653683853125,0.00672173317701706,0.0434768727439287,0.020201950897405,0.0994254491192472,0.0956545236106016,0.208104127619308,0.201879837600714,147489,36105,"Simulation_02","S5_cn_noise"
"map_Fixed",0.465545504350305,0.532029337043292,0.146250479194758,1,0.0888888888888889,0.748907971000383,0.761374590321959,0.147847420994217,0.144351262772315,0.353404158705373,0.336742239825658,0.00309837973752533,0.00517912805090904,0.0279279212220008,0.190568705663795,0.0734862315335117,0.0768929587435967,0.162205507482669,0.167047297484688,154071,41496,"Simulation_03","S5_cn_noise"
"map_Fixed",0.403230005731549,0.40662665998133,0.111690371791917,0.95,0.0333333333333333,0.745736295234683,0.745775563258232,0.133634897886062,0.134062680531485,0.356728484066784,0.359799485918873,0.00597783774146184,0.0062958697676839,0.0187912585988472,0.0261932140019526,0.0552080385035155,0.0561987527077998,0.129338755455803,0.130144579433404,111640,27696,"Simulation_04","S5_cn_noise"
"map_Fixed",0.528157626058676,0.534550427909582,0.15844131620231,1,0.0222222222222222,0.784680151428676,0.78991848991849,0.138134159942612,0.134212784212784,0.3047350990143,0.296573531959113,0.00266923560807803,0.00287125704822702,0.193376487482909,0.022448714154119,0.0785454432323648,0.0771830835918119,0.174123640834206,0.172644279977058,190981,46620,"Simulation_05","S5_cn_noise"
"map_Fixed",0.473615668195693,0.422645884118146,0.164011717970947,0.925,0.0666666666666667,0.792529739622328,0.782985682547519,0.121063779411671,0.124691434213774,0.293753299170392,0.309662051394444,0.00247934002626059,0.00348378908848441,0.19021683845567,0.0343901433859254,0.0581551948328405,0.0625567629806613,0.134658751026715,0.146429777097539,156273,32408,"Simulation_06","S5_cn_noise"
"map_Fixed",0.444383805714658,0.445244574498566,0.144105796239047,1,0.0555555555555556,0.772133934617546,0.78517595394932,0.132818015473944,0.127677882618242,0.319794830714321,0.303878340118242,0.00315243838772507,0.00482470630295195,0.00727404182135405,0.0401239231939715,0.0674537611890426,0.0657409241729236,0.153704664815958,0.149893977877048,138814,33702,"Simulation_07","S5_cn_noise"
"map_Fixed",0.428729132767634,0.484654959689447,0.149761687763672,0.975,0.0888888888888889,0.744909365890012,0.752134007652993,0.148127041185367,0.141954991838591,0.356688772623771,0.350603116050615,0.00491686885912909,0.00555484255547221,0.303433079771002,0.804849114474263,0.0681039948196592,0.0689589417390493,0.156285858757003,0.157951614258727,136869,37371,"Simulation_08","S5_cn_noise"
"map_Fixed",0.472178133710206,0.453084500424101,0.153355798587678,0.975,0.0888888888888889,0.767223594732955,0.757764317180617,0.133038738761684,0.13840859030837,0.327510593750787,0.341442930118501,0.00348293953752073,0.00687169052659776,0.0346488023908592,0.0731421475295969,0.0663714385912017,0.0688968651708762,0.148343821159042,0.156619995304898,157052,36320,"Simulation_09","S5_cn_noise"
"map_Fixed",0.422711662616029,0.452582166474673,0.137040092306951,0.975,0.0333333333333333,0.770243345004908,0.768929346515553,0.134579603557144,0.138353026284061,0.322139427114602,0.322677524180062,0.00460543208234794,0.00209901305362643,0.0568148565839123,0.00732332512894623,0.0619373457579532,0.064572185023061,0.140783696781223,0.147595067636553,136514,33176,"Simulation_10","S5_cn_noise"
"map_Fixed",0.550415801966479,0.456148990740151,0.15947736866852,1,0.0444444444444444,0.797221053145224,0.770451403498227,0.126364007880596,0.145909719300355,0.286052850724482,0.323942903403801,0.00371960118720318,0.00441682166719714,0.805070404846096,0.0447637225968043,0.0656764011892745,0.0770985259238779,0.147876594893864,0.172768821414456,163947,33274,"Simulation_11","S5_cn_noise"
"map_Fixed",0.493509771788875,0.517702187457764,0.165521317075322,1,0.0333333333333333,0.768050780216874,0.773943901998917,0.151050634482833,0.146319947069792,0.32823665146722,0.318735686218549,0.0035519515124185,0.00384107340350359,0.194179750430291,0.0103298302874818,0.0817631057261464,0.078992155289307,0.176007437793527,0.171740248509756,185269,49877,"Simulation_12","S5_cn_noise"
"map_Fixed",0.466015571779211,0.484867957730085,0.172408219273739,0.95,0.0777777777777778,0.771468855746334,0.765023647815659,0.147267828048628,0.152242619864165,0.320342269778097,0.329433414466575,0.0040027537376846,0.00224952603399491,0.193339566215746,0.0141355347515129,0.0781465298442857,0.0804513883943131,0.170456475839329,0.176314771037524,159580,44613,"Simulation_13","S5_cn_noise"
"map_Fixed",0.449070865756173,0.41167662628665,0.140856792735116,0.9,0.0888888888888889,0.729058632311449,0.73715111819201,0.163914355874841,0.157845046320883,0.378957894151786,0.369851106832172,0.00219133562482926,0.00389116306508267,0.0164260737261937,0.029974400955719,0.0780351912305462,0.0760562673175333,0.169549318105311,0.16653289624753,142123,33894,"Simulation_14","S5_cn_noise"
"map_Fixed",0.473486613249053,0.466037329085472,0.160928251918981,1,0.0888888888888889,0.773716004870944,0.782841626302657,0.155404598744061,0.149713782474681,0.320011280526187,0.309536099697007,0.00217235644738723,0.00475020996233662,0.183612553477401,0.021328183352857,0.0915176996760147,0.0883200119018316,0.192703920594973,0.188002119494769,167524,40878,"Simulation_15","S5_cn_noise"
"map_Fixed",0.442807091388152,0.42271814772158,0.14870361729613,0.975,0.0444444444444444,0.764097691441441,0.747859944458759,0.14609375,0.160010306622005,0.332133990806558,0.350243109845637,0.00316600112740748,0.00317802716724675,0.198122387083451,0.0164695641382942,0.0751194838503567,0.0801161470176236,0.166285090636157,0.176446215358279,142080,34929,"Simulation_16","S5_cn_noise"
"map_Fixed",0.496355208085434,0.500049128847005,0.160774997874744,1,0.0666666666666667,0.776641169453007,0.778196471357003,0.1438334349983,0.142147680243956,0.315504564060798,0.313844964902748,0.00671662876704556,0.00642713959722339,0.145558712584781,0.023483711976281,0.0776885432377594,0.0779887620567364,0.171924750665405,0.172890894520856,185249,45910,"Simulation_17","S5_cn_noise"
"map_Fixed",0.437016656370524,0.433938274067871,0.133169134329395,0.95,0.0444444444444444,0.744553509009716,0.743272335844995,0.144954416401535,0.151491166972709,0.358900652385487,0.359718584626003,0.00302390311730549,0.00418584262957031,0.00998112059103196,0.0132240444592704,0.0652181938610268,0.0687218042949848,0.147315530603229,0.156044062720774,140182,31586,"Simulation_18","S5_cn_noise"
"map_Fixed",0.5952049774127,0.565233482215634,0.188566182276678,0.95,0.0555555555555556,0.813690893150588,0.823515060523599,0.128322385376878,0.122304588533358,0.265140335009731,0.252208169495074,0.0027711011621583,0.00228283314510044,0.192524707906127,0.0285759929996292,0.0784015132389344,0.0754764466841104,0.170694572326972,0.165255792178487,226983,53285,"Simulation_19","S5_cn_noise"
"map_Fixed",0.525639514564253,0.551852952640224,0.167277866994758,1,0.0666666666666667,0.790793270250774,0.783353432489169,0.137740272414817,0.142771003617848,0.29654791331563,0.305706346268503,0.00259832890863824,0.00686259234921754,0.198439235034685,0.0179245195883107,0.0793579337868215,0.0827094064060856,0.174125565301138,0.180046594344998,188536,44778,"Simulation_20","S5_cn_noise"
"map_Fixed",0.410808793480132,0.426304436274655,0.131131550465435,0.95,0.1,0.735008846202452,0.725551447150325,0.169728611146215,0.177578732627821,0.373515636851004,0.38588698752299,0.0163361227374898,0.0144027254989269,0.0264684675630099,0.0254532512668925,0.0915819266180644,0.0967793486305958,0.289399469767669,0.294762495189823,126608,31372,"Simulation_01","S6_opportunity"
"map_Fixed",0.48720075670602,0.441648832367588,0.156161131937218,0.925,0.111111111111111,0.746416921450735,0.737579339023856,0.167492583794597,0.174703922569976,0.359061966208894,0.370691627245261,0.00880131053231796,0.00931482539544397,0.18570031476505,0.0270690174031581,0.0993407342158876,0.103136514054286,0.257565442159133,0.269135254536622,175966,41121,"Simulation_02","S6_opportunity"
"map_Fixed",0.459195484673456,0.426237406706174,0.142106994327564,0.9,0.0777777777777778,0.740556563655756,0.732319113635725,0.17279376116798,0.180084924495937,0.368052944615324,0.378763525307535,0.030497703217312,0.0282078294583416,0.0545647307232088,0.0443615143090971,0.101929441046576,0.105263804263493,0.282359130888583,0.291417057318917,144386,35561,"Simulation_03","S6_opportunity"
"map_Fixed",0.482004505812594,0.569906356241274,0.141338369237054,0.95,0.1,0.721636413448612,0.736314117113028,0.180047530152339,0.173513390830685,0.391100271138637,0.371134322253866,0.0220295465183998,0.0215284323014392,0.194721833008896,0.0369417559205282,0.0980557853875903,0.0959341725021723,0.280918912634238,0.281078509680816,156953,44060,"Simulation_04","S6_opportunity"
"map_Fixed",0.502928812271567,0.512520498830649,0.158875362492294,0.9,0.0333333333333333,0.735583172177662,0.731633526402739,0.184573439431887,0.188471567046834,0.372164983300832,0.37533195979292,0.0121407044632832,0.0171119101404954,0.0338889304793183,0.0343247764754149,0.113064356911403,0.115151244787302,0.502392580341845,0.487327645276287,189258,50241,"Simulation_05","S6_opportunity"
"map_Fixed",0.474294537057519,0.434869930375625,0.16439125397043,0.95,0.0333333333333333,0.742198626691636,0.729935678275482,0.16963933989079,0.178941878657936,0.360461162569917,0.381910072508043,0.0184453138226867,0.0195197379729362,0.0417114325884662,0.0340973860186793,0.0931291735187595,0.102200022679919,0.527662515007203,0.641469362191566,165003,34514,"Simulation_06","S6_opportunity"
"map_Fixed",0.418278216626592,0.435915549030586,0.126099931341536,0.975,0.0333333333333333,0.74947115791417,0.74177144105076,0.153275744032738,0.155242878981687,0.353493664740047,0.363141876901647,0.0208721204812781,0.0204370304752571,0.0391846793427255,0.0416655957241564,0.0811508734403243,0.080226800248785,0.232808898919099,0.230086014979262,130001,32053,"Simulation_07","S6_opportunity"
"map_Fixed",0.476669852146819,0.556535657150374,0.158232621424673,1,0.0222222222222222,0.770181418923232,0.78898321730211,0.151359046050532,0.137098710198381,0.323584855317956,0.296935905611869,0.0220196441748264,0.0190024697118705,0.198458830142194,0.0404773989280047,0.0812290753433704,0.073032383774104,0.425021835229687,0.387976864961921,156654,45821,"Simulation_08","S6_opportunity"
"map_Fixed",0.49374824281975,0.469064316189987,0.154826937163777,0.975,0.0555555555555556,0.783123273431895,0.772087602796957,0.1381197991108,0.145037160825014,0.307562390415462,0.320047490711005,0.0142737339158159,0.0165809569177316,0.0407157554905708,0.0305537351918518,0.0748117561108057,0.0765035610165676,0.218553720487224,0.226105601387959,177013,45478,"Simulation_09","S6_opportunity"
"map_Fixed",0.461435673909651,0.434918508827942,0.156034274891016,0.9,0.0333333333333333,0.739339870726732,0.731499107674004,0.164718965813856,0.176293872694825,0.368460890891813,0.382620502811477,0.0191192250168791,0.013371951646764,0.0330333146810962,0.190062258263426,0.0953701427034018,0.106449894640984,0.493529562370936,0.603909739538419,162756,33620,"Simulation_10","S6_opportunity"
"map_Fixed",0.401543919684214,0.446188180363133,0.103585024257099,0.95,0.0444444444444444,0.715799470624962,0.723877660525845,0.172460186952048,0.168914326596316,0.398954286532516,0.391446770930106,0.0115958609678984,0.00856414064594998,0.189159691842573,0.0454125232035974,0.0864594326167412,0.0872943476378334,0.241681028600622,0.237293066742776,113719,27955,"Simulation_11","S6_opportunity"
"map_Fixed",0.63071121265863,0.834716371139801,0.184264590955815,1,0.111111111111111,0.745525681230939,0.744498689736871,0.19246149001609,0.195534336073518,0.359510118460016,0.363184930574998,0.0096764337605967,0.00765833211375343,0.192519238383247,0.038086268960379,0.138402519377754,0.146581219932877,0.358309992672121,0.38585202261029,231823,55714,"Simulation_12","S6_opportunity"
"map_Fixed",0.50072950129304,0.513872771044911,0.174992601412244,0.975,0.0222222222222222,0.736993410170638,0.731542270720832,0.184483514857502,0.191870756682874,0.370849996828485,0.379805444560791,0.0198557464843746,0.0193923888905298,0.0481370383201148,0.0557331719134649,0.117446903909575,0.126679241858772,0.496882389558449,0.582831000044935,189231,44629,"Simulation_13","S6_opportunity"
"map_Fixed",0.403070498268337,0.412907508880511,0.121117701581549,1,0.0666666666666667,0.729741472952422,0.74304920109805,0.1566453316399,0.150383613711551,0.379024747180653,0.360383141936927,0.0162104236513931,0.0137323772250937,0.0351706137818742,0.0422622757718618,0.0759602412395181,0.0756840347842535,0.221951500623944,0.223288033829225,119678,28414,"Simulation_14","S6_opportunity"
"map_Fixed",0.464008180786745,0.418218599392044,0.150794060333537,0.975,0.0555555555555556,0.723018941804121,0.722672340889871,0.197188096519994,0.195733420629075,0.388286356890966,0.389248988375533,0.0199902465101565,0.0215797954679581,0.307161080259927,0.0639079076809577,0.11649748822969,0.11608189464974,0.323514491562313,0.325077562848647,163448,36657,"Simulation_15","S6_opportunity"
"map_Fixed",0.475402964462714,0.457137132086586,0.152366222619396,0.975,0.0555555555555556,0.760954058852009,0.769378357636224,0.1533299263005,0.149353141102949,0.336637498952173,0.324663417722466,0.0156110564608795,0.0131700161439205,0.178682507998358,0.0408888128679394,0.0832868242281126,0.0809258852165304,0.402795822395219,0.400282816373286,148712,36484,"Simulation_16","S6_opportunity"
"map_Fixed",0.427968299058845,0.432716705510925,0.131244923457931,1,0.1,0.759393564174,0.755451665487651,0.147584722652162,0.150985759542337,0.336738468698371,0.342554068954762,0.0150000079940729,0.0178587794496751,0.0686724373045174,0.0393282432711727,0.0763077485374167,0.0798634989953832,0.219640371050646,0.231187131592886,135678,32513,"Simulation_17","S6_opportunity"
"map_Fixed",0.50465172626387,0.459011548306286,0.148596154024678,0.925,0.0111111111111111,0.755556930414632,0.75292839599471,0.145621948750253,0.146939353863593,0.343885679900441,0.346728136167037,0.0113987277262429,0.0130455106104805,0.198419121131882,0.0388698453322153,0.0765101634109101,0.0766541837994831,0.459561639695398,0.468063062058782,177796,42344,"Simulation_18","S6_opportunity"
"map_Fixed",0.476358550088825,0.451350933505782,0.170904124093629,0.975,0.0888888888888889,0.73390724416444,0.742009593536986,0.20365492777107,0.197778338803332,0.374797637304334,0.363585182833901,0.0239917697017605,0.0190689963470065,0.0450616958831157,0.0438469888337648,0.139718736116215,0.135878372327821,0.36371687587712,0.351327592777954,159839,39610,"Simulation_19","S6_opportunity"
"map_Fixed",0.471044404847878,0.458124594373263,0.163527169116304,1,0.0222222222222222,0.767292205022705,0.749246333861325,0.156771369075993,0.16902559910071,0.332799656576509,0.354973516798598,0.0202400835654292,0.0217940753617054,0.0346293056204512,0.0722045112776578,0.0987400074238777,0.104553946664832,0.486079555021092,0.518721909674957,159436,39142,"Simulation_20","S6_opportunity"
"CompNMF_Fixed",0.310724600750355,0.333147205751912,0.337976806130465,0,0,0.737506001484003,0.740010184118136,0.168972691429153,0.180473293490204,0.368851080244569,0.370424927899512,0.00474591582396539,0.0107490758717044,0.0108820788398987,0.0600674604330133,0.0878580673977796,0.104993893148425,0.288620199408631,0.322954522552991,137466,37313,"Simulation_01","S0_baseline"
"CompNMF_Fixed",0.47797096929195,0.350351896119469,0.363268534169348,0,0,0.787886951928156,0.768945108506441,0.137305863708399,0.140675409075084,0.297300651644938,0.323525817494584,0.00383676702639811,0.00985390357853708,0.0231589423311732,0.0567241448869999,0.0733761479893962,0.0681208968725154,0.228572329194426,0.234658924241178,189300,43085,"Simulation_02","S0_baseline"
"CompNMF_Fixed",0.313055769673946,0.305693088412269,0.316623125053858,0,0,0.706353277794236,0.678385494584405,0.210417554786454,0.230776135479624,0.407710308630898,0.440942019604755,0.0061778910701349,0.0188478746048607,0.0216423820335342,0.078512829135704,0.118995498296856,0.133035637600985,0.34588137544218,0.383972202625751,138401,33422,"Simulation_03","S0_baseline"
"CompNMF_Fixed",0.333412805866734,0.338242876765424,0.347083590147513,0,0,0.73401255046688,0.728916384912356,0.178755815551324,0.185694074766803,0.374004974609433,0.379515263274673,0.00860521447379456,0.00674914651858543,0.0329141293166761,0.0129520375618523,0.104028020439675,0.103397943883397,0.398773194879946,0.358994053472257,152823,41703,"Simulation_04","S0_baseline"
"CompNMF_Fixed",0.455948509666416,0.31794264323304,0.43408221514894,0,0,0.773316306985059,0.720735302618648,0.166640275826842,0.210069946239667,0.324833849529907,0.393338094978066,0.0158437645131034,0.0423597539491932,0.025396708546901,0.0566067199519139,0.114766782469905,0.14464018464102,0.503128689930368,0.708868707509188,195775,34598,"Simulation_05","S0_baseline"
"CompNMF_Fixed",0.454892773099698,0.372353244524028,0.344292687420987,0,0,0.781166790606184,0.775007615343159,0.147989780986878,0.146402043255149,0.313656097864788,0.32014792080527,0.0119033533256185,0.015664865793174,0.0214005726430259,0.0324824670067742,0.0930932377107665,0.0800523501835832,0.400171052204107,0.380832012033092,166748,42677,"Simulation_06","S0_baseline"
"CompNMF_Fixed",0.549180545399773,0.439455855918013,0.404417511873373,0,0,0.769374497083653,0.767671584348942,0.180054280869403,0.17919912031522,0.333221660257433,0.337587688566757,0.0539142464126994,0.0527929453651974,0.127312076079125,0.15840619505534,0.130707648691874,0.129926593323584,2.72169905306576,2.55888863469214,219967,54565,"Simulation_07","S0_baseline"
"CompNMF_Fixed",0.368008010181524,0.311648234230409,0.32387272095289,0,0,0.755940173397479,0.745851424492952,0.160370306480363,0.172931660024981,0.340471635053896,0.355417488820861,0.00731469198914229,0.00736077540052113,0.193307790035306,0.190472337583289,0.0837322311295973,0.0995939290545348,0.316832684210941,0.356392044257591,156519,33626,"Simulation_08","S0_baseline"
"CompNMF_Fixed",0.348179637266642,0.360890638744376,0.324748911339868,0,0,0.758269196666076,0.700080363051905,0.154225926582727,0.209818474047461,0.336418545352616,0.417208934161042,0.00751327712948042,0.0191331272941165,0.0164337278155238,0.0310943097180088,0.0789083002448661,0.127466606316018,0.297880865593488,0.442599024307045,140975,42308,"Simulation_09","S0_baseline"
"CompNMF_Fixed",0.367684918936789,0.415176975899761,0.343905647334347,0,0,0.747858054885609,0.738258103416014,0.175617910300458,0.192257313345947,0.354802663712006,0.36881383607848,0.00491037654850167,0.0118162190953129,0.199891559726504,0.199891559726504,0.101965941795578,0.121228908893731,0.311027102480775,0.385560077741981,162119,48097,"Simulation_10","S0_baseline"
"CompNMF_Fixed",0.990535170619641,1.5338238708132,0.511086289999832,0,0,0.818861949830289,0.832754874295771,0.138505430246498,0.134759652727934,0.259311289181982,0.244834742498544,0.00345215743232763,0.0184300984116217,0.182881519542327,0.05636980983754,0.0983812867584077,0.111382686717893,0.266688870369598,0.289285323370091,395378,101707,"Simulation_11","S0_baseline"
"CompNMF_Fixed",0.36755783657932,0.307931546525951,0.337385792538591,0,0,0.750907199678491,0.744762757385855,0.146227585962341,0.166189197254551,0.351100216058509,0.362223207643137,0.0134885541029656,0.0282808561403599,0.0204243769521603,0.0546964190556052,0.0715929695025933,0.0944540903604851,0.33297418572664,0.508090365488238,169202,33510,"Simulation_12","S0_baseline"
"CompNMF_Fixed",0.355677013472023,0.346218273290666,0.316764041979779,0,0,0.786751585720054,0.76775800342448,0.12980762969041,0.156644009754579,0.302868367959087,0.332717143354258,0.00288125398970324,0.00660645091396088,0.0170158198054507,0.0244901054567713,0.068131751662664,0.094858275355773,0.248023127397335,0.318515695415428,153558,38546,"Simulation_13","S0_baseline"
"CompNMF_Fixed",0.30299798110969,0.312006912253017,0.290795912183121,0,0,0.750261936263451,0.786358079099258,0.144328793104767,0.127008046401865,0.347189461107018,0.29852927216663,0.00760108914809107,0.00827772075789121,0.190905616572759,0.0256917638186557,0.060943080260282,0.0558812144287095,0.225370325266138,0.20700142850763,130757,35171,"Simulation_14","S0_baseline"
"CompNMF_Fixed",0.479919433011592,0.326311057639197,0.390798154307972,0,0,0.736484649371247,0.729572245643243,0.191208791208791,0.168738755672511,0.368298959875466,0.378730475998049,0.00761563410246608,0.00994585389284804,0.0216625777518102,0.0333658052130118,0.11365253489528,0.0835700425663228,0.301510310969962,0.25081440907349,176540,37241,"Simulation_15","S0_baseline"
"CompNMF_Fixed",0.344970233977717,0.356935849099215,0.343534374391347,0,0,0.757765640841155,0.739254667409255,0.167158321614285,0.189795868949318,0.337747006899356,0.359453891245106,0.00561079922949973,0.0121137471362331,0.0248854964313505,0.0328351709117354,0.0894786499775503,0.118540194816403,0.293976605586591,0.337210904974031,152885,41297,"Simulation_16","S0_baseline"
"CompNMF_Fixed",0.352180194912994,0.313762726300123,0.33743666198335,0,0,0.705598110557896,0.706728616211375,0.213238861228137,0.213557993730408,0.410178888623266,0.406571323866478,0.00261184162220549,0.00468395712944291,0.0182601685209834,0.0147018392112244,0.129136749009153,0.125970498435727,0.321905986426655,0.329848914312365,156660,35728,"Simulation_17","S0_baseline"
"CompNMF_Fixed",0.390726536567024,0.360499537719325,0.378334458555174,0,0,0.728442248531742,0.726808709904004,0.203039060315093,0.206204635916647,0.383146281490943,0.384764492559059,0.00535146893842823,0.0118031195683869,0.0105060774118045,0.0285020403864508,0.132379162080751,0.14177082983568,0.407523672496981,0.44435771094865,160905,42710,"Simulation_18","S0_baseline"
"CompNMF_Fixed",0.288294875340265,0.260238391084298,0.277131898517249,0,0,0.72613597934658,0.70839900057659,0.171652686016876,0.168133768979435,0.382306913311623,0.404344257453756,0.00629478284336426,0.00996566995870861,0.0428532577032152,0.0160618678542787,0.0833787707424113,0.0727961674310183,0.276461107003111,0.277600014075367,121239,26015,"Simulation_19","S0_baseline"
"CompNMF_Fixed",0.623828495198902,1.21181890825411,0.462447512032197,0,0,0.800783656960485,0.814986930002904,0.15158074352614,0.137026607230802,0.286736548196467,0.271860427669607,0.00578000373454538,0.0122879017340728,0.0167255000087069,0.0322922910071063,0.108594159843387,0.11018635891464,0.347831088245752,0.36024966481833,253172,79189,"Simulation_20","S0_baseline"
"CompNMF_Fixed",0.454537486841517,0.530082263936685,0.397463398929414,0,0,0.761267790557219,0.779525186791998,0.175579013707263,0.164477384108621,0.335133531461359,0.307536760427655,0.00954393297121555,0.00853971136347537,0.0244547279549887,0.0558111954026006,0.108715540072687,0.104860432460723,0.390688852113766,0.377534941703593,190410,49788,"Simulation_01","S1_epigenome_v025"
"CompNMF_Fixed",0.357120726285458,0.371673779293766,0.368702601531329,0,0,0.742627507855934,0.750539479499779,0.172909112883732,0.169253568364402,0.366530321805575,0.357373131932928,0.00681646111814775,0.0127192384955947,0.0185318690470776,0.0603081061703289,0.102469958888679,0.109312624561774,0.28225498260764,0.285089286884135,165480,38463,"Simulation_02","S1_epigenome_v025"
"CompNMF_Fixed",0.40456046617869,0.357024524626918,0.339428994338906,0,0,0.765686139115224,0.759543436905517,0.156752060028541,0.16284083703234,0.3310065411352,0.337219445066609,0.00291316949681951,0.00844799307229705,0.0672604846910641,0.178371595802175,0.0887362267131111,0.0914883709297277,0.251399835011248,0.283070893332089,173784,39425,"Simulation_03","S1_epigenome_v025"
"CompNMF_Fixed",0.427858397610431,0.330225406132153,0.369067598784815,0,0,0.74614510631391,0.706571007480326,0.178913441695458,0.213954005728428,0.354247372813636,0.404790990252019,0.00554862541288896,0.0185394115925041,0.198681766386027,0.0384902044295498,0.101213545528956,0.125186390757595,0.265197394827033,0.324752256847993,172508,35961,"Simulation_04","S1_epigenome_v025"
"CompNMF_Fixed",0.294616494988408,0.31105207827721,0.280453007632363,0,0,0.748368281100133,0.72702817499646,0.152262572228417,0.187455755344754,0.353707362986071,0.384695445273224,0.00845582192388673,0.0249404173324706,0.0163575735372833,0.0574507041749009,0.0715934637595659,0.102284448735132,0.377342722344247,0.562673827453438,128239,35315,"Simulation_05","S1_epigenome_v025"
"CompNMF_Fixed",0.364119460318481,0.340086152991062,0.361199463169717,0,0,0.75676652892562,0.755650625649142,0.175941230486685,0.169024185172363,0.338670946009776,0.33995628969768,0.00266349215627105,0.00816642655269374,0.0147059501084083,0.02374592615794,0.10636918199039,0.0906843152710061,0.313435986463654,0.28970475660097,174240,40438,"Simulation_06","S1_epigenome_v025"
"CompNMF_Fixed",0.692713243532475,0.524314204394308,0.400678632705399,0,0,0.719661331682731,0.720509100258958,0.221460783446812,0.224779151132252,0.392838023857362,0.394398991477473,0.00971280020394938,0.00957228580820415,0.0413009857111043,0.0615684994103597,0.158299537400683,0.167967465723319,0.439134741595242,0.470938444573608,226180,54449,"Simulation_07","S1_epigenome_v025"
"CompNMF_Fixed",0.411937096907728,0.626534080399047,0.339596574561612,0,0,0.743947747676279,0.755099071132345,0.184879616040617,0.194965197778478,0.359834845169086,0.346256295662115,0.00803767440114752,0.00727793991870699,0.0323202156866303,0.0797634254334408,0.119462561443331,0.151526294003262,0.367283088585769,0.466859503003331,151266,41233,"Simulation_08","S1_epigenome_v025"
"CompNMF_Fixed",0.742235914369017,0.55894894138523,0.408691060956585,0,0,0.766102776097888,0.748468647864765,0.179899593236627,0.195536893140841,0.333885491463542,0.357268700286134,0.0113385805825059,0.0149811255809827,0.0164354667679931,0.0232325629874439,0.132694875028706,0.141816239203616,0.429154593792843,0.446343398365341,241418,46201,"Simulation_09","S1_epigenome_v025"
"CompNMF_Fixed",0.44795452698925,0.423908820298277,0.413920515469787,0,0,0.744158571803623,0.715138540079872,0.195164085061696,0.222713985754868,0.361506176728439,0.398183164963579,0.00440626345448126,0.0131962553896088,0.0088672368234558,0.022162277621478,0.135385075059042,0.153795947278131,0.355699278649396,0.39853148007805,190450,48578,"Simulation_10","S1_epigenome_v025"
"CompNMF_Fixed",0.363782770743335,0.423623415694893,0.333200018106237,0,0,0.726600271958098,0.72400923349082,0.201865934730056,0.212154553103359,0.384501484197951,0.390016267117704,0.0136443722131557,0.00911671968006462,0.196257169726467,0.196257169726467,0.129081392249149,0.145049713803972,0.701530442211554,0.631435473722056,158848,46353,"Simulation_11","S1_epigenome_v025"
"CompNMF_Fixed",0.286864092570874,0.269686545039033,0.31164644819286,0,0,0.730360899424558,0.731557078291296,0.162384277259816,0.165476016912086,0.371898567400873,0.369777757007301,0.00592703051431393,0.0103351697024582,0.022163928981015,0.0289461133910721,0.0686934060566214,0.0743084665943922,0.2610404564502,0.284350864523387,122167,27436,"Simulation_12","S1_epigenome_v025"
"CompNMF_Fixed",0.330805811360287,0.368076089938726,0.35200661646053,0,0,0.749447212963269,0.76481364052702,0.172964588627438,0.163907090349703,0.350621494205201,0.33097926593056,0.00359440913700613,0.00426433093279012,0.0125696080683473,0.0165716024612579,0.0969314515529404,0.0996787952833861,0.292913606391899,0.309261550726371,151505,42579,"Simulation_13","S1_epigenome_v025"
"CompNMF_Fixed",0.383758309025766,0.427812886214564,0.371657294098186,0,0,0.751464718377255,0.729698732258791,0.180563012067879,0.213959489626641,0.364100792179486,0.398893087626087,0.0464245664370834,0.072277938615778,0.0905262813255935,0.141162151960674,0.129437239694312,0.182901010853937,2.2636797805805,3.3048838230319,171364,48827,"Simulation_14","S1_epigenome_v025"
"CompNMF_Fixed",0.346217177540917,0.305852393078179,0.355817749995412,0,0,0.743507043538319,0.727894831622546,0.178616573491275,0.183324329191428,0.358624207006444,0.37800843251383,0.00784178742072044,0.0180555174552681,0.0234799890726785,0.060363345622611,0.0991379150124135,0.0949053480358661,0.404871571482583,0.435459216763067,153474,33318,"Simulation_15","S1_epigenome_v025"
"CompNMF_Fixed",0.32768565351052,0.30324657863207,0.351061608501677,0,0,0.71081682167408,0.718020989505247,0.208195174551826,0.196731634182909,0.399181721808902,0.391705359212679,0.00669051260662767,0.00587470797668637,0.0175440577123671,0.0228103079352224,0.121351908653431,0.105773303612886,0.329924820593661,0.323644089677209,148380,33350,"Simulation_16","S1_epigenome_v025"
"CompNMF_Fixed",0.372935171884332,0.406740325637542,0.393715594109679,0,0,0.726849678418854,0.712702671176951,0.203159476080935,0.20991484894436,0.395627275314046,0.413783778509492,0.0382718673132144,0.0310857643974527,0.0566155535256294,0.0380428577008606,0.14157669537078,0.148671153204807,1.70002338681674,1.52806252046892,170408,42865,"Simulation_17","S1_epigenome_v025"
"CompNMF_Fixed",0.362905041880929,0.333703688909341,0.328160609454236,0,0,0.734625676847117,0.734992879833498,0.175860899280124,0.179811589440245,0.372084973772727,0.374422457460515,0.00581789943051147,0.00660415403066488,0.018200207798974,0.0176982102507625,0.0990217147275594,0.108239815558668,0.295596356413742,0.301037255948184,159194,36516,"Simulation_18","S1_epigenome_v025"
"CompNMF_Fixed",0.380124627390344,0.329230555157616,0.342753758971301,0,0,0.750290373672787,0.738555217270966,0.170710388924737,0.168308884583449,0.35371272495575,0.367072067112722,0.00328886635594979,0.0151242979419867,0.0115737935360997,0.0929278283806424,0.108332076503239,0.0947607730773658,0.294956228484698,0.286436733942205,170470,36130,"Simulation_19","S1_epigenome_v025"
"CompNMF_Fixed",0.34920770810398,0.382295874420053,0.363794962096805,0,0,0.738927679035977,0.722617388966293,0.183574103455142,0.212558969470314,0.364247565214665,0.387154734361374,0.00864979419264366,0.0105998876953733,0.0267134903078657,0.0419262036528167,0.101639278913244,0.130818014057391,0.331336635161221,0.379916752335475,155681,40911,"Simulation_20","S1_epigenome_v025"
"CompNMF_Fixed",0.300266205961547,0.306156116022117,0.319485328183113,0,0,0.7276867578536,0.720574470574471,0.181677438749436,0.191002691002691,0.376757121629789,0.388913244955453,0.00643158574619311,0.00438282396293316,0.013438206500118,0.0218371175509976,0.0903313447695967,0.0945008379001285,0.281549866676841,0.285172662549859,133060,34188,"Simulation_01","S2_epigenome_v1"
"CompNMF_Fixed",0.309907592835478,0.310022277297636,0.324914006681445,0,0,0.724562310703996,0.734045961611278,0.183770407032577,0.178749308245711,0.387067699924131,0.375587178688021,0.0024695671519741,0.00462752694899485,0.0357632103575965,0.028995321645215,0.0991428510785798,0.0992240036462812,0.3166035895402,0.334616682085689,135370,34333,"Simulation_02","S2_epigenome_v1"
"CompNMF_Fixed",0.496610377214294,0.540818434686146,0.392991188745459,0,0,0.795560711363377,0.798215337991413,0.139098055869162,0.139258355080394,0.287821405205993,0.282188883763518,0.00286222614681071,0.00678329453438266,0.193516423292994,0.0356322985052845,0.0784457958804515,0.0793617507478459,0.205680895957032,0.214845080103417,193094,47516,"Simulation_03","S2_epigenome_v1"
"CompNMF_Fixed",1.0838978055063,0.474004394260505,0.375861572022614,0,0,0.779994600431965,0.753454961224896,0.162477501799856,0.176476436667329,0.317068424980063,0.347938691004557,0.00683942827425423,0.0259808380880728,0.0137752982724954,0.0650908328569316,0.113546219805766,0.112225899150227,0.351957230203042,0.369494118839451,222240,40232,"Simulation_04","S2_epigenome_v1"
"CompNMF_Fixed",0.363175318319227,0.359848716821039,0.337721222121262,0,0,0.72681702737845,0.725821948304548,0.192627383310447,0.190120216530359,0.380178855341331,0.383908961652962,0.00464668403668859,0.00434204085320373,0.00999305394185479,0.0304183397498614,0.107743295359658,0.107922806330174,0.323757819257625,0.308360420071162,164582,42673,"Simulation_05","S2_epigenome_v1"
"CompNMF_Fixed",0.455413960078812,0.400562706554885,0.36757391554921,0,0,0.747259457084325,0.747327928322742,0.169739612757434,0.171231709395467,0.353646040816197,0.351556525452962,0.00336135073702889,0.0105420353505907,0.0583040185516516,0.0479174591192481,0.0939782507902407,0.0954467586559957,0.297154582462207,0.308353373262768,175239,41073,"Simulation_06","S2_epigenome_v1"
"CompNMF_Fixed",0.358232545044888,0.368460940977215,0.373131137846434,0,0,0.737662993717046,0.743759539744041,0.193199254885865,0.189503346248679,0.367491619976329,0.361963029000251,0.00367307778785021,0.00446490803520573,0.0147343935433068,0.0369732195873662,0.122597720436932,0.122482582398961,0.352650699898694,0.34474590865331,158365,42585,"Simulation_07","S2_epigenome_v1"
"CompNMF_Fixed",1.00621652115824,0.644911289996079,0.419738748421425,0,0,0.77299648194171,0.773821634452357,0.171610237872382,0.167534358606108,0.320868868624386,0.321348360076578,0.00462011774768759,0.008300803478693,0.0131272347712787,0.0230538354219357,0.126173022397088,0.117906579746119,0.336511262297467,0.339473398251898,247864,50133,"Simulation_08","S2_epigenome_v1"
"CompNMF_Fixed",0.32188063927841,0.302383973027168,0.342333093464667,0,0,0.761783336517688,0.759494460914339,0.144640731323761,0.146731159307224,0.334429390455325,0.340048216377099,0.00679161458029274,0.00878983899004015,0.197819539798998,0.802180460201002,0.0691302059382114,0.0696061888788255,0.296927994426208,0.306811389119912,136082,32045,"Simulation_09","S2_epigenome_v1"
"CompNMF_Fixed",0.417603677627221,0.374052136423262,0.380751168473914,0,0,0.739136237454623,0.734001167088115,0.194709587871023,0.1965570900603,0.361767894044344,0.368860929568005,0.00569075478499391,0.00865020526310002,0.0180053819077799,0.0175716423426612,0.120232352056918,0.114684483663221,0.420717197889083,0.451490894861686,187320,41128,"Simulation_10","S2_epigenome_v1"
"CompNMF_Fixed",0.339503753871103,0.422948936176634,0.346377939165548,0,0,0.74751550723671,0.764326956221992,0.165790702327753,0.162831782144088,0.353366402485274,0.334312014299704,0.0174138740044225,0.0120808424698422,0.0323934499183945,0.0853028200476263,0.0858602527623068,0.0958476035029496,0.401813238814976,0.380586606177882,149930,46416,"Simulation_11","S2_epigenome_v1"
"CompNMF_Fixed",0.37932282591336,0.334051631774568,0.344791799170934,0,0,0.791555150815775,0.783681472806994,0.125101667697826,0.126773604945668,0.293996839003923,0.304555853016445,0.00144705172663041,0.00343830250816724,0.0112652301645974,0.0493098515493331,0.0605791861858839,0.0590402942879621,0.232640918765709,0.262075346691574,143851,36719,"Simulation_12","S2_epigenome_v1"
"CompNMF_Fixed",0.35563620095869,0.350072041253963,0.341677327566336,0,0,0.738998131614662,0.733200511609603,0.187447128346509,0.188213301849665,0.360375458368248,0.366536460965794,0.00393937709085268,0.00285802575503503,0.0149690992816103,0.0141313244315835,0.107890959915103,0.102620191673166,0.315966282238983,0.321746647557231,164313,40656,"Simulation_13","S2_epigenome_v1"
"CompNMF_Fixed",0.660833194606561,0.463610456975854,0.349401759159927,0,0,0.721872824254421,0.704540826715537,0.212824599662813,0.228964456209416,0.401030974197665,0.423837953142631,0.0379224566015514,0.0483154982908819,0.095202328594688,0.131848012395586,0.165770734174767,0.175371060409498,1.53300775635865,1.63167664120236,173791,44199,"Simulation_14","S2_epigenome_v1"
"CompNMF_Fixed",0.328477914331788,0.38974504866824,0.310240831864759,0,0,0.732960515166921,0.739098469880072,0.176539569564481,0.184211735514405,0.373082679710001,0.365410058815898,0.00606938243646462,0.00423265638016016,0.0455508396131273,0.0195071173637476,0.0945460787758604,0.109579443135483,0.308532009658788,0.326757561893786,147525,43526,"Simulation_15","S2_epigenome_v1"
"CompNMF_Fixed",0.29396675315434,0.283240586380929,0.300079412705317,0,0,0.731024584248761,0.730946256937864,0.174727777154129,0.173142006227156,0.374662439495834,0.378751824434219,0.00628058639829121,0.00753141581512145,0.0198964727934926,0.0281527568073373,0.0839190622354792,0.0907448456094077,0.278652278243602,0.308286760926957,124714,29548,"Simulation_16","S2_epigenome_v1"
"CompNMF_Fixed",0.421029725181242,0.323433575005556,0.370279041493459,0,0,0.711656650221193,0.717885244452303,0.212894309035193,0.205286888869242,0.401028530525267,0.393893586757881,0.00486408590666313,0.00655059346424224,0.0153905661060686,0.0199869903888616,0.129096715205282,0.11731834486036,0.390950960906159,0.401220623387497,176543,33933,"Simulation_17","S2_epigenome_v1"
"CompNMF_Fixed",0.342510373579686,0.297964777826797,0.293549547985492,0,0,0.719994094013972,0.71827403196935,0.195301632694295,0.188393053418334,0.38681130357538,0.392767402600496,0.00864544500018674,0.0154754830629562,0.0569351464066834,0.0253989861025864,0.107311664582097,0.099139947924057,0.368759730708621,0.372476165155131,128683,31843,"Simulation_18","S2_epigenome_v1"
"CompNMF_Fixed",0.375961004037383,0.355262587654971,0.379347079932681,0,0,0.750438397844592,0.738063676459955,0.171608078133528,0.193535947554891,0.34768056251442,0.362194541501505,0.00399773953938249,0.0092960226285819,0.192942985444233,0.192942985444233,0.0968836894078932,0.115312193380887,0.28810355618567,0.340711836268106,172218,41491,"Simulation_19","S2_epigenome_v1"
"CompNMF_Fixed",0.410241700800283,0.4926976831082,0.406033659896552,0,0,0.761362249966594,0.746374685666387,0.181058172163577,0.194425817267393,0.337731816361467,0.362354112269977,0.0119988725784172,0.0104673880454708,0.0607718806405894,0.0199786646151938,0.12955597111223,0.141326710577934,0.585159110996568,0.651682262496018,172127,47720,"Simulation_20","S2_epigenome_v1"
"CompNMF_Fixed",0.317870379404949,0.305836156660386,0.359720592131369,0,0,0.71974817078546,0.723529963424927,0.210315594604919,0.205945793866642,0.407649154400793,0.404293595614551,0.0456639768987895,0.0450866156991113,0.0744067984597899,0.0766493767968711,0.151043131427974,0.14538385385373,2.19634100136955,2.18642940017079,136124,31989,"Simulation_01","S3_epigenome_v4"
"CompNMF_Fixed",0.351402050854862,0.350020805329326,0.361201910451633,0,0,0.75100777379724,0.755401790307645,0.171529829463525,0.167892787323799,0.351905812085042,0.345146831812514,0.0121011608971926,0.00717611395289063,0.101200875881816,0.191001754489452,0.100853781514864,0.0987499451793686,0.377813262603992,0.352902543925428,156037,38876,"Simulation_02","S3_epigenome_v4"
"CompNMF_Fixed",0.335651712653216,0.332493859827022,0.340792606147497,0,0,0.754229975355346,0.754573294669232,0.164794731428493,0.166671183500908,0.345371591496189,0.344564793617932,0.00611744804394395,0.00627221819462911,0.035987177995209,0.0250892151453566,0.0934555168730895,0.0954984556857244,0.294349233820255,0.300016067148983,144859,36899,"Simulation_03","S3_epigenome_v4"
"CompNMF_Fixed",0.298342389555239,0.285311791878382,0.307648546349865,0,0,0.736445113532656,0.733756848509294,0.163922278297361,0.165507041780108,0.367631747597314,0.372424293240433,0.00498532783144867,0.00539038660492792,0.0115824889441742,0.0128102588240382,0.0785331485384423,0.0759513348378732,0.292257866469788,0.278218636815754,128201,29751,"Simulation_04","S3_epigenome_v4"
"CompNMF_Fixed",0.332481629457492,0.349127560078766,0.314752957665676,0,0,0.761742845310491,0.766609123247541,0.147024419305855,0.142079933040385,0.332334402243839,0.324285675596603,0.00264298190639093,0.00508192434648928,0.198772690771738,0.198772690771738,0.0701665764213962,0.0669467628046773,0.279502971993049,0.283528228234052,137637,38232,"Simulation_05","S3_epigenome_v4"
"CompNMF_Fixed",0.338127932189918,0.339422343549511,0.345663992551402,0,0,0.767540880831722,0.772233150429651,0.14954809048639,0.146184905269697,0.328689918982649,0.321656918461045,0.00424010955391581,0.00648021061688198,0.0224984609748603,0.0326091870964226,0.0811784247645641,0.0808004180177012,0.280555316417118,0.288611799651994,153128,38636,"Simulation_06","S3_epigenome_v4"
"CompNMF_Fixed",0.356897068159032,0.319433229659932,0.342740215758096,0,0,0.76452027127306,0.764603235633374,0.160666696779439,0.158853627517672,0.333954000448041,0.334555045107252,0.00290764916500158,0.00309641791796233,0.0266031073574563,0.0206925511900924,0.0960597649365108,0.0949572701334515,0.308447145118611,0.324448677860405,154973,33811,"Simulation_07","S3_epigenome_v4"
"CompNMF_Fixed",0.314291019679094,0.306586059426512,0.286324726091741,0,0,0.697479312054303,0.698274545732173,0.207245547801548,0.202473660100779,0.417667210360169,0.419097381195051,0.0095728992183896,0.011585407402014,0.0226258066902906,0.022203192394963,0.113009259905161,0.112055714351,0.373903599057821,0.395794621685288,131115,32745,"Simulation_08","S3_epigenome_v4"
"CompNMF_Fixed",0.448150500353439,0.497034724497461,0.419881600796462,0,0,0.743663354927277,0.756952464756457,0.199320617456524,0.185374617316541,0.36131606365201,0.344393434395709,0.00797859942404408,0.00856149569384711,0.195656654005261,0.04757711167412,0.139153636380251,0.131970852450687,0.453924052693503,0.456996814590658,199593,54549,"Simulation_09","S3_epigenome_v4"
"CompNMF_Fixed",0.579009815130365,0.462061808407133,0.359039879087687,0,0,0.804342358957163,0.809437472038428,0.128812138486042,0.126633544467729,0.276727554221076,0.272020745437286,0.00527893596937124,0.005448440815396,0.0167307156005664,0.0133744175940305,0.0738922192343927,0.0713473730240304,0.240027099074113,0.247202499880144,178935,42469,"Simulation_10","S3_epigenome_v4"
"CompNMF_Fixed",0.402491256089209,0.400125616477385,0.386121418511903,0,0,0.717039206151577,0.711186756031038,0.218345721629377,0.224728841152716,0.393452498882235,0.402580819680641,0.00161222255857604,0.00468582225798154,0.0275757983041671,0.0159880593901352,0.143914653156389,0.1527851721752,0.351416819244155,0.371603393171536,187139,47297,"Simulation_11","S3_epigenome_v4"
"CompNMF_Fixed",0.312554281180815,0.311346237436498,0.30908242379633,0,0,0.719686204854944,0.713251182619868,0.179692125518058,0.187583951410384,0.391434361426084,0.400168431887005,0.00557172650060369,0.00700299575653605,0.0131989542172283,0.0294996676714416,0.0913258124030865,0.0952758119490649,0.336182361063032,0.348295944233436,135120,34246,"Simulation_12","S3_epigenome_v4"
"CompNMF_Fixed",0.376086162512801,0.369469844131206,0.348716105570531,0,0,0.783790346801971,0.786022884972899,0.137327701342604,0.136498127831164,0.306009608356617,0.303507039264122,0.00911683087340451,0.0096065560551799,0.023497010910203,0.0224802278305127,0.0727712299436335,0.0733167842550245,0.315129004127686,0.338484415081854,156487,38191,"Simulation_13","S3_epigenome_v4"
"CompNMF_Fixed",0.977477458439433,0.790169170147547,0.420812367133014,0,0,0.740334000873714,0.738352120699477,0.199898787614026,0.204215505187385,0.367510584988488,0.36828051743716,0.00557980664310159,0.00578616566208178,0.0381018367181462,0.0343968852117033,0.142478632088577,0.146067803972757,0.358902224796967,0.365745512133895,231197,57929,"Simulation_14","S3_epigenome_v4"
"CompNMF_Fixed",0.505593051499178,0.50523342901714,0.346767608521879,0,0,0.819198466313675,0.805741376885835,0.113946199257501,0.122883143494245,0.256797812140323,0.273206617751719,0.00228461739634936,0.00426787185605161,0.0231962982997906,0.0168108541120555,0.0602155897891133,0.0637116635099003,0.217639694440476,0.237462820391173,197172,49779,"Simulation_15","S3_epigenome_v4"
"CompNMF_Fixed",0.420477158491771,0.432337005997213,0.403705541379456,0,0,0.729283636978715,0.726678441177145,0.215192636122069,0.212698121430374,0.377489537183021,0.381999740998988,0.00267628530603124,0.00445537917099605,0.19690890646114,0.19690890646114,0.155266718306979,0.153743674490114,0.359811940622915,0.376477569189829,183273,43597,"Simulation_16","S3_epigenome_v4"
"CompNMF_Fixed",0.386494775762114,0.385948204579827,0.365927734394793,0,0,0.744414461014963,0.754714652448657,0.167999302002381,0.165111571879937,0.357014197162819,0.344261471739648,0.00317792193430888,0.00363721588174205,0.00975838985115673,0.0124949959844474,0.0929291448522516,0.094689844256513,0.276311640959038,0.287618131595057,160459,40512,"Simulation_17","S3_epigenome_v4"
"CompNMF_Fixed",0.450765712559319,0.401120609007402,0.379395418739293,0,0,0.728248735184437,0.725231205933523,0.210274102752904,0.214609467997436,0.374202989069736,0.378616590133596,0.00621839922748877,0.00588377625005726,0.0124287289311218,0.0571704064767254,0.135463620677238,0.139697312201061,0.373769840464017,0.376471107048952,168404,43684,"Simulation_18","S3_epigenome_v4"
"CompNMF_Fixed",0.320119297052248,0.309623768569247,0.31769098578856,0,0,0.715103634683398,0.716590198427774,0.193664491832211,0.188725561822379,0.397302907501086,0.393254457765747,0.00385699176849354,0.00617951736739389,0.0150005441467661,0.0336938257953533,0.104732367239123,0.100763906765042,0.323606217491924,0.339042955443186,143919,34219,"Simulation_19","S3_epigenome_v4"
"CompNMF_Fixed",0.376841113881039,0.397586037606371,0.31366526288698,0,0,0.762672552219968,0.775901367592209,0.152605877183128,0.143778491504351,0.336270677875254,0.316862922793064,0.00712994243530532,0.0106092415336315,0.0149195112338327,0.0610226096065119,0.0821823706007455,0.0809650538228069,0.313720719022365,0.322214932706853,151331,38608,"Simulation_20","S3_epigenome_v4"
"CompNMF_Fixed",0.490858505731119,0.454995424082895,0.366947146872217,0,0,0.72436207964851,0.715184272833808,0.206534106911508,0.211154425657092,0.384267198399035,0.395960337421748,0.0141382920044172,0.0166767493195123,0.0215647651480928,0.0396636771119415,0.131114579700492,0.130661165575962,0.43871517671974,0.443866348714713,177530,41813,"Simulation_01","S4_hotspots"
"CompNMF_Fixed",0.455399531382169,0.437573844021071,0.337941058541867,0,0,0.758773272124458,0.758348818688612,0.158161183371589,0.160419431908681,0.341927704249445,0.343317204822566,0.00998307007060598,0.010912050478972,0.0318921843555323,0.0577873738389567,0.0915561120778531,0.0942857390448474,0.409995373414618,0.461509346254454,156840,37670,"Simulation_02","S4_hotspots"
"CompNMF_Fixed",0.479900473238591,0.541907016790566,0.366923614148229,0,0,0.760693175125962,0.766334460356517,0.165185290204375,0.165601600254908,0.33654755265325,0.328170152216468,0.00234060286661786,0.00348136943630648,0.0130253916274388,0.0756411896343973,0.0930796739040101,0.101652525494481,0.270025623650825,0.287998703754448,183388,56491,"Simulation_03","S4_hotspots"
"CompNMF_Fixed",0.486271957721295,0.432103288871746,0.361720316201259,0,0,0.780064934679511,0.779870383003606,0.150275705289149,0.147232238573238,0.313027813811321,0.313576699738795,0.00671752512874588,0.010776816802703,0.0141110126546,0.0298212947180042,0.0901819809818598,0.088404198131572,0.304344294178132,0.321044918810874,168477,41044,"Simulation_04","S4_hotspots"
"CompNMF_Fixed",0.535171322148003,0.581728180297323,0.413433464889494,0,0,0.729780998561304,0.711405960864601,0.212143656418181,0.232981613449348,0.377174907176497,0.403768383209395,0.00895445295360264,0.0130333036399284,0.019795728794085,0.041779856486601,0.147133758601681,0.168852511947547,0.397934059979566,0.453576410351721,187670,50798,"Simulation_05","S4_hotspots"
"CompNMF_Fixed",0.427384333928329,0.390053931680023,0.304288441968996,0,0,0.736271545207136,0.729593528280618,0.169307529482915,0.175850407797891,0.372152539081685,0.383418185512232,0.00843530746960677,0.00873800690507354,0.0140641975480817,0.0512781389326256,0.0965377945042611,0.100946987645879,0.354137709195546,0.387681690183978,132280,30162,"Simulation_06","S4_hotspots"
"CompNMF_Fixed",0.640338917606803,0.641134740391499,0.369451732326225,0,0,0.791580241223016,0.791715023772977,0.135136104069038,0.13662910411441,0.293628860877673,0.293434525637359,0.0031254184973111,0.00318512444013258,0.0478423326673038,0.190699475524447,0.072203441007966,0.0719325675182878,0.234432942785314,0.226198998193549,195255,53422,"Simulation_07","S4_hotspots"
"CompNMF_Fixed",0.436106540801467,0.449274244659095,0.343838614389058,0,0,0.748399068041352,0.743644741023197,0.166489947960992,0.172015676305476,0.350346584801155,0.357853610311559,0.00981883755926747,0.0077628382774398,0.0323572274397785,0.0186384079930984,0.0895855460066601,0.0930207451531238,0.313929474507106,0.345139631433624,143354,37764,"Simulation_08","S4_hotspots"
"CompNMF_Fixed",0.926356302207617,0.970569424787868,0.456347784592692,0,0,0.799192934176587,0.783505154639175,0.151592040429032,0.166046692882701,0.291409757766151,0.313078379225316,0.01864888199873,0.0257668734011793,0.0424760798598455,0.055015352046069,0.108812099112509,0.121724901781476,1.0880778038035,1.23840963584568,237651,56454,"Simulation_09","S4_hotspots"
"CompNMF_Fixed",0.516934965188688,0.509073804199633,0.384467650600436,0,0,0.757260385788547,0.75067036110118,0.18085449155819,0.18817036110118,0.339250799151685,0.35302581281019,0.00966727847601892,0.00845963532629493,0.0211080857043757,0.0227564332756104,0.117072646758761,0.125113687631226,0.380669028658887,0.380363042733639,186216,44752,"Simulation_10","S4_hotspots"
"CompNMF_Fixed",0.510076661688843,0.519093732354706,0.40923468374741,0,0,0.747922989668598,0.744038027715114,0.184529466466374,0.190903963905898,0.354959118135137,0.358797058401292,0.00560485132952257,0.0056715556627371,0.0177109048905297,0.0194078542350494,0.117714851421942,0.126568556638412,0.302419802355579,0.325959648922662,195714,49648,"Simulation_11","S4_hotspots"
"CompNMF_Fixed",0.466035219264901,0.456371022137063,0.358589275113296,0,0,0.733731916607292,0.725592058730275,0.198153712710263,0.207385185727177,0.368711244829583,0.382014970423692,0.00371503281756207,0.00633984893951993,0.015752976526935,0.0443475992684031,0.129194471277144,0.13925734218616,0.394762929176097,0.422559700045497,161405,41001,"Simulation_12","S4_hotspots"
"CompNMF_Fixed",3.89030435683057,2.89440915428603,0.398096767166037,0,0,0.819239647246829,0.83974412693092,0.134425000493223,0.1196262465432,0.256500015890521,0.229681021515775,0.00207226294553247,0.00372945971468217,0.197278917412932,0.0186736235980883,0.0974698239521375,0.0860325015195368,0.246989970740802,0.220197217741877,253435,71598,"Simulation_13","S4_hotspots"
"CompNMF_Fixed",0.812453861029431,0.582969032310473,0.386824416973682,0,0,0.757016340958385,0.744545573313591,0.176915049962576,0.184906153377172,0.341066649551016,0.356151394641656,0.0037588494245866,0.00755840727786874,0.00901860905939322,0.0143243489541767,0.120561904506188,0.12582379205903,0.34985893459924,0.370207161121447,183037,45926,"Simulation_14","S4_hotspots"
"CompNMF_Fixed",0.494850821781206,0.475220676554079,0.351355841024443,0,0,0.80008507280506,0.788373108639248,0.128946946626062,0.139646004058879,0.28334547345349,0.299636156478761,0.0101377752383324,0.0147412460460113,0.026113817487908,0.0308803711573499,0.0707826775403795,0.0754228962932066,0.340380274239568,0.389239128955494,162214,38927,"Simulation_15","S4_hotspots"
"CompNMF_Fixed",0.716066585499345,0.584078337283753,0.402498088052924,0,0,0.738411486750547,0.722487933783223,0.201743923421663,0.214505667300007,0.368691723066998,0.390836629319325,0.00367951592489477,0.014928473289712,0.00831204344556269,0.0350137257566485,0.14659702047607,0.150793365999774,0.427172915334031,0.461911479162212,197027,45789,"Simulation_16","S4_hotspots"
"CompNMF_Fixed",0.457236537702044,0.477493530339023,0.351478439867752,0,0,0.740469153354035,0.747327292775301,0.176150747627421,0.172467520015341,0.367571726004959,0.35749887779609,0.00494572781942628,0.00456491419348681,0.199958435342921,0.199958435342921,0.10245841269823,0.107286442294903,0.314538083658403,0.326695717667953,160374,41718,"Simulation_17","S4_hotspots"
"CompNMF_Fixed",0.459203036975138,0.469275650846621,0.33170548310845,0,0,0.736221648950119,0.720083148296877,0.179684212452202,0.193886710445505,0.36722831401641,0.38673245281191,0.00380123661148921,0.0119070479342227,0.0570068771923556,0.199864020049498,0.10018734142927,0.108445894710453,0.288319653066202,0.315105456452155,163971,42334,"Simulation_18","S4_hotspots"
"CompNMF_Fixed",0.649343423941409,0.791553950392272,0.324395280867459,0,0,0.766932334371795,0.77765025272033,0.157438377197174,0.15165426975964,0.330785614769364,0.317105359518585,0.00833996150457985,0.00280608244103647,0.0368714491725196,0.0361098390962047,0.0972493266880099,0.0974862973358707,0.317208834814115,0.316743443131158,156963,45307,"Simulation_19","S4_hotspots"
"CompNMF_Fixed",0.416050476748423,0.412708761042126,0.278645444062605,0,0,0.7217809906639,0.71901198642001,0.174954616182573,0.174842375112589,0.387649193189652,0.388409816404153,0.00567265518369919,0.00954523078718177,0.0167350353686178,0.0215721151585651,0.087997927232246,0.0925335330973625,0.25302199936396,0.274468611885561,123392,28866,"Simulation_20","S4_hotspots"
"CompNMF_Fixed",0.432757974824791,0.458184022312727,0.325143469217714,0,0,0.741730385638298,0.738966399108703,0.166611258865248,0.166004101992758,0.363804757878092,0.368462284451848,0.00362906142200937,0.00633892394523973,0.0261163610179261,0.0138197890529521,0.0908162003300615,0.0903552886209375,0.261023810264824,0.271377044833987,144384,39493,"Simulation_01","S5_cn_noise"
"CompNMF_Fixed",0.455317581774827,0.437484990335775,0.351078009277914,0,0,0.72123344791815,0.727323085445229,0.206008583690987,0.203102063426118,0.388170819456107,0.377881260310259,0.00855809660270293,0.0108776874394188,0.0163220989932169,0.0432186985491791,0.129054752011045,0.12648624626175,0.377969031158468,0.391258562979416,147489,36105,"Simulation_02","S5_cn_noise"
"CompNMF_Fixed",0.467645940410034,0.536082793210806,0.324986648525657,0,0,0.732052105847304,0.735420281472913,0.172316659202575,0.179246192404087,0.374421701842329,0.368663896145948,0.00436431321218984,0.00268638696152562,0.0110235822379899,0.0144099558514582,0.0940050718547879,0.108495483583006,0.305088502769151,0.337945433719461,154071,41496,"Simulation_03","S5_cn_noise"
"CompNMF_Fixed",0.403518186556364,0.406874636771156,0.24438466456763,0,0,0.736340021497671,0.737037839399191,0.150761375850949,0.151321490467938,0.368819263160609,0.370107738165946,0.00912556949005089,0.00537973742312444,0.0431154763843588,0.0260820057368788,0.0673181657541097,0.0666786558507549,0.296278191339592,0.292091814343396,111640,27696,"Simulation_04","S5_cn_noise"
"CompNMF_Fixed",0.531465715040021,0.538066466881385,0.361765169082172,0,0,0.765453107900786,0.767739167739168,0.165534791419042,0.165529815529816,0.330877698806675,0.324305476605267,0.00364837406997478,0.00758521539287426,0.012674296040566,0.0226191708617266,0.104620926232984,0.10506098336399,0.325553845460784,0.340465361809389,190981,46620,"Simulation_05","S5_cn_noise"
"CompNMF_Fixed",0.47655412425392,0.424385343901964,0.364934504437481,0,0,0.782809570431233,0.775919526042952,0.137093419848598,0.13715749197729,0.307240778706789,0.320786259386394,0.00489784008823735,0.0088076996910829,0.0117243517974064,0.0276501017474186,0.0713404051463926,0.0738612168178958,0.261663229519356,0.311737109987422,156273,32408,"Simulation_06","S5_cn_noise"
"CompNMF_Fixed",0.445847331430588,0.446377503789853,0.320890930327434,0,0,0.760117855547711,0.773040175657231,0.152794386733327,0.146489822562459,0.336875415390347,0.321739504907304,0.00864620388491612,0.00589125176235064,0.0153695449239086,0.03126511275113,0.0845963129349212,0.0835407661886951,0.333416967742081,0.30471341984778,138814,33702,"Simulation_07","S5_cn_noise"
"CompNMF_Fixed",0.430462492567294,0.487070298155688,0.337816380343611,0,0,0.734497950595095,0.740868587942522,0.166063900518014,0.158973535629231,0.370488695246046,0.363861446391509,0.00541710486466592,0.00377403324445161,0.00939028443610057,0.0121423323158278,0.0818270061250969,0.0823168574810472,0.273224371238657,0.270029968222498,136869,37371,"Simulation_08","S5_cn_noise"
"CompNMF_Fixed",0.474741104909737,0.455008645708404,0.344413458880764,0,0,0.753126353055039,0.74465859030837,0.155770063418486,0.161123348017621,0.34612000734715,0.357980010548169,0.00752574651932014,0.0115332156317554,0.0200460735987011,0.0222455923143421,0.0849364336444167,0.0856125159272305,0.262924771555903,0.296605564853763,157052,36320,"Simulation_09","S5_cn_noise"
"CompNMF_Fixed",0.423796973050279,0.453899134098259,0.284507450987983,0,0,0.717135238876599,0.707378828068483,0.209150709817308,0.225192910537738,0.384010130469239,0.397037169054625,0.0353403512339287,0.0397820723234795,0.103416942250779,0.10531405566315,0.123893072578507,0.13751741100613,2.39224916334943,2.72502940164437,136514,33176,"Simulation_10","S5_cn_noise"
"CompNMF_Fixed",0.554670507441344,0.458588780321822,0.35650471833787,0,0,0.784180253374566,0.753591392678969,0.146083795372895,0.169862354991886,0.304908263854434,0.348936908460828,0.00652168273865433,0.0124380039380769,0.0155538727309021,0.0203779819197166,0.0840585701510851,0.101679800402711,0.28968617753368,0.356606175663342,163947,33274,"Simulation_11","S5_cn_noise"
"CompNMF_Fixed",0.496136435091704,0.521279797266033,0.375560171112869,0,0,0.747777555878209,0.758766565751749,0.179285255493364,0.169336567957175,0.353167800166378,0.340121595452289,0.00197419428839148,0.00364512042931489,0.0292056756886907,0.0130873752194642,0.106555098003904,0.100140108707542,0.294583686226305,0.286143574179603,185269,49877,"Simulation_12","S5_cn_noise"
"CompNMF_Fixed",0.469503147104132,0.488117228058754,0.385366507320315,0,0,0.755038225341522,0.74884002420819,0.171606717633789,0.177212920000897,0.343054129765026,0.351878516511485,0.00713750171279056,0.00815945044381487,0.0266495297367749,0.019152999562713,0.100637462406848,0.10326443426666,0.298942660370866,0.319786312041761,159580,44613,"Simulation_13","S5_cn_noise"
"CompNMF_Fixed",0.450619474496578,0.413378602708672,0.319297597389323,0,0,0.712382935907629,0.71310556440668,0.191256869050048,0.194370685077005,0.400606922379959,0.399280657161242,0.00353098544072117,0.00573496790155935,0.0103914508699812,0.0168188265689737,0.0996692185242003,0.105759979634767,0.297524134315676,0.31229113029543,142123,33894,"Simulation_14","S5_cn_noise"
"CompNMF_Fixed",0.475965823400657,0.468123483771152,0.365709189609876,0,0,0.752381748286813,0.766206761583248,0.185567441083069,0.172635647536572,0.34778871339109,0.332078060911106,0.00401918169416904,0.00380731182306913,0.0263879658714782,0.0313809360049142,0.119445859001699,0.110832894983199,0.335174900785505,0.318540703469708,167524,40878,"Simulation_15","S5_cn_noise"
"CompNMF_Fixed",0.444128757990039,0.423945146184355,0.334304125962872,0,0,0.748423423423423,0.73446133585273,0.168644425675676,0.178819891780469,0.352133928214419,0.368599287233452,0.00341182983212122,0.00705485062917148,0.00957093575311518,0.0420247961911029,0.0954265945788025,0.0979107088788058,0.293379570413425,0.308545528968065,142080,34929,"Simulation_16","S5_cn_noise"
"CompNMF_Fixed",0.499425455246251,0.503054520762279,0.377359684692877,0,0,0.748273944798622,0.751557394903071,0.184778325389071,0.178261816597691,0.365487308934012,0.357685865896471,0.0388540695449902,0.0366274997100689,0.0637439780710067,0.0633897817453887,0.1276642371322,0.121824705119229,1.63546475479543,1.513577368987,185249,45910,"Simulation_17","S5_cn_noise"
"CompNMF_Fixed",0.438272468513551,0.434849526686455,0.294582875932078,0,0,0.733539256109914,0.73111505097195,0.165449201752008,0.16966377509023,0.374151300384824,0.374922082578204,0.00709244587631505,0.00879988062260256,0.0180719659077676,0.0345953714454713,0.0807962202123813,0.0839666473251762,0.308904814440561,0.342133988165852,140182,31586,"Simulation_18","S5_cn_noise"
"CompNMF_Fixed",0.600701351559768,0.571107911288623,0.424229315070515,0,0,0.7962534639158,0.802176972881674,0.151698585356613,0.150417565919114,0.288475617476198,0.280746873484325,0.0045565297584242,0.00379881377448784,0.144613386026218,0.188719947307116,0.102011543693949,0.10382393830712,0.294511772445852,0.299980287919487,226983,53285,"Simulation_19","S5_cn_noise"
"CompNMF_Fixed",0.529636530668024,0.554898088308107,0.372896137233316,0,0,0.771534348877668,0.762517307606414,0.16344889039759,0.170976818973603,0.321902502309136,0.331039543912989,0.00628731743837836,0.0122485868125459,0.01311691257249,0.0250090354664716,0.104482897001236,0.107099987494511,0.301511305543334,0.303709666888981,188536,44778,"Simulation_20","S5_cn_noise"
"CompNMF_Fixed",0.411463083824305,0.426662579458925,0.301048111072523,0,0,0.705539934285353,0.694026520464108,0.210760773410843,0.2229376514089,0.415887674583721,0.42935077167826,0.0326460597839926,0.0386246863988616,0.0651967586280103,0.0759625755827592,0.133873765287718,0.13917841527744,1.45641275960039,1.45131618215124,126608,31372,"Simulation_01","S6_opportunity"
"CompNMF_Fixed",0.490693072903127,0.443957067082203,0.360294790113276,0,0,0.724867303910983,0.710512876632378,0.1981235011309,0.211692322657523,0.38871124708339,0.407386679567476,0.00995919491696826,0.0202432350181314,0.0349681703111278,0.0262572749840038,0.129740061723063,0.140233407252565,0.697750415813205,0.774602871951745,175966,41121,"Simulation_02","S6_opportunity"
"CompNMF_Fixed",0.460721810760129,0.427572825856408,0.341695016849985,0,0,0.692587924036956,0.691459745226512,0.235493745931046,0.232361294676753,0.452055300301925,0.453307826051444,0.0761004746107558,0.0761941651688128,0.154108975814173,0.122242056891341,0.186290046043286,0.179490464580467,3.12261891065925,3.13426457427997,144386,35561,"Simulation_03","S6_opportunity"
"CompNMF_Fixed",0.485584342184662,0.577312196935009,0.352250445855646,0,0,0.678891133014342,0.689877439854743,0.239772415946175,0.237562414888788,0.479861414390365,0.466657562612137,0.0866357658271625,0.0851472487205824,0.118292663536225,0.14649500320293,0.186837589343904,0.191284846895082,3.54329453901193,3.61927119656412,156953,44060,"Simulation_04","S6_opportunity"
"CompNMF_Fixed",0.506500222315751,0.517699046111924,0.357190487893901,0,0,0.709634467235203,0.703966879640135,0.22018620084752,0.224557632212735,0.408272318920419,0.413052313855074,0.0120135790645525,0.0166654154145473,0.0531144289370863,0.0486919707820586,0.149432637388387,0.153223109116858,0.82717496614813,0.795281063875534,189258,50241,"Simulation_05","S6_opportunity"
"CompNMF_Fixed",0.476897937327943,0.437056601736625,0.346020313667608,0,0,0.721986872965946,0.714753433389349,0.199481221553547,0.203859303471055,0.385429691088008,0.401445103086261,0.0246067181616957,0.0241616845322241,0.0393491380941891,0.0481775540784037,0.118141929337427,0.123143077151223,0.923984923677562,1.11844510451581,165003,34514,"Simulation_06","S6_opportunity"
"CompNMF_Fixed",0.419454994950582,0.437153907526833,0.30710724261395,0,0,0.702494596195414,0.696409072473715,0.219913692971593,0.221164945558918,0.438280768742829,0.447453053195249,0.0839834253152097,0.0832718398433347,0.149984775210213,0.153347191744236,0.165877755281213,0.164995742065827,2.84396146517326,2.93470401537345,130001,32053,"Simulation_07","S6_opportunity"
"CompNMF_Fixed",0.479346992697751,0.560253332923073,0.347043842019487,0,0,0.754746128410382,0.77353178673534,0.174786472097744,0.163025686912115,0.346033962535273,0.318930747647677,0.0317593138939555,0.0264295048376379,0.0606692144913712,0.0672287462333672,0.103680801586506,0.0953513091514487,0.973871512417893,0.8835694268249,156654,45821,"Simulation_08","S6_opportunity"
"CompNMF_Fixed",0.49719903773518,0.471611694806149,0.351930292009063,0,0,0.757667515945157,0.749263380095871,0.171671007214159,0.175447469105941,0.344028998201577,0.354919916229668,0.0291075317807674,0.0311478901953453,0.0649192952405984,0.0682530040878434,0.110998211768506,0.11117415016001,1.21488030983212,1.25649848998361,177013,45478,"Simulation_09","S6_opportunity"
"CompNMF_Fixed",0.463291545891822,0.436331999337729,0.343708015571513,0,0,0.703470225368036,0.693961927424152,0.215162574651626,0.226055919095776,0.42991200249885,0.443769961607815,0.0508464015653844,0.0537558583830145,0.0946123497532029,0.205883450382744,0.156309902024684,0.167065413025275,2.59833353916336,2.89384442358503,162756,33620,"Simulation_10","S6_opportunity"
"CompNMF_Fixed",0.401966170481432,0.446662194863659,0.241072618849421,0,0,0.680484351779386,0.690502593453765,0.221106411417617,0.21384367733858,0.447761647786931,0.437735706980878,0.0406526831219267,0.0329401915663956,0.111474690452279,0.0662331594974314,0.135092925394791,0.133159068002225,1.37803005402281,1.28448054665754,113719,27955,"Simulation_11","S6_opportunity"
"CompNMF_Fixed",0.636564382461449,0.837461098329805,0.430898353381155,0,0,0.707380199548794,0.707990810209283,0.237931525344767,0.239078149118713,0.41173430825667,0.413060379562643,0.00962132209973479,0.0087885653940124,0.0206820192866671,0.0216637829066398,0.190359706619612,0.197175591823736,1.08031102829458,1.17496763708769,231823,55714,"Simulation_12","S6_opportunity"
"CompNMF_Fixed",0.503507513622028,0.516537332836451,0.364053681853097,0,0,0.70633247195227,0.695803177306236,0.225063546670472,0.237267247753703,0.409450493992277,0.425927397142591,0.0174192727684732,0.024157861134234,0.0271227055907203,0.0441276499585304,0.156124248561281,0.17270854779758,0.882532108749939,1.05572872943154,189231,44629,"Simulation_13","S6_opportunity"
"CompNMF_Fixed",0.403613022252945,0.413338464441624,0.254377759826044,0,0,0.665853373218135,0.691525304427395,0.243236016644663,0.223305412824664,0.441850681455839,0.410364353628688,0.0500446950811603,0.0368675603565099,0.804981832835576,0.122052573776525,0.136940402119733,0.126233612212989,3.75437445617287,3.1784620558081,119678,28414,"Simulation_14","S6_opportunity"
"CompNMF_Fixed",0.465436221972496,0.419919814493401,0.341432749269925,0,0,0.691412559346092,0.696920097116512,0.239641965640448,0.23242491202226,0.425615249167204,0.420116926978754,0.0317747770521189,0.0248527044821885,0.0502567864648159,0.0495830585549418,0.153912655400529,0.147303121395155,0.84890393884085,0.855060694676063,163448,36657,"Simulation_15","S6_opportunity"
"CompNMF_Fixed",0.47801316383021,0.458309499013223,0.331272295473734,0,0,0.746066221959223,0.753480977962943,0.177679003711873,0.175583817563864,0.357577074173049,0.347396804060096,0.0230545554659906,0.0168679351252361,0.0456240224843293,0.0412825895834791,0.104749519859942,0.104132137219611,0.740345448707491,0.75548431273475,148712,36484,"Simulation_16","S6_opportunity"
"CompNMF_Fixed",0.429020057507807,0.433935297537232,0.295664472049011,0,0,0.725858282109111,0.723064620305724,0.194563599109657,0.197305693107372,0.385285547380287,0.392818836680428,0.0403638920638203,0.0434680030078088,0.0758133405701554,0.0803958182243485,0.125158652796157,0.129697094842386,1.68491558224867,1.81510976686806,135678,32513,"Simulation_17","S6_opportunity"
"CompNMF_Fixed",0.508176901404223,0.462245017662905,0.344789912193359,0,0,0.745348601768319,0.739750614018515,0.163631352786339,0.168052144341583,0.35725380975425,0.36498760551729,0.0134115021484778,0.0150201397233717,0.0301244888175626,0.028097311745507,0.0894736227867035,0.0942234059355687,0.752620879053117,0.780644216399079,177796,42344,"Simulation_18","S6_opportunity"
"CompNMF_Fixed",0.478329093942228,0.453026428761566,0.396705193889832,0,0,0.699547669842779,0.711184044433224,0.249676236713193,0.237717748043423,0.4213276331901,0.402498346658706,0.0373315769313422,0.0307919634007189,0.0725068618502305,0.0998301858134074,0.186615835648254,0.175162928595463,1.13587196854072,1.08779022596314,159839,39610,"Simulation_19","S6_opportunity"
"CompNMF_Fixed",0.474124688810282,0.460741739831893,0.374601327841572,0,0,0.746688326350385,0.723391753104083,0.186777139416443,0.211563026927597,0.363805070150762,0.396127135747977,0.026037496092133,0.0339596027799054,0.0762952583480687,0.0997717216277805,0.129865657781456,0.145698174187874,1.0699500374501,1.22434340273886,159436,39142,"Simulation_20","S6_opportunity"
"mcmc_Fixed",0.293238004445961,0.306078022116225,0.00944876089418991,1,0.0333333333333333,0.800954417819679,0.812960630343312,0.0210888510613534,0.0201270334735883,0.283118132289418,0.267569479226173,0.00363228802208082,0.00545375703152972,0.0277313063548869,0.0389892210453142,0.00246874785285703,0.00266987022767769,0.00820734044187517,0.00846740775250556,137466,37313,"Simulation_01","S0_baseline"
"mcmc_Fixed",0.344248828839778,0.328753989411819,0.0093904661263554,1,0.0555555555555556,0.839160063391442,0.816154113960775,0.0198151082937137,0.0238830219333875,0.226445126102265,0.258914552806899,0.0014538262982905,0.00194654324281981,0.196575561692355,0.305310179330296,0.00237690715487587,0.00268488893934111,0.00744063140191194,0.00844534138129524,189300,43085,"Simulation_02","S0_baseline"
"mcmc_Fixed",0.294187013811136,0.288835438852317,0.00915221864227125,1,0.0333333333333333,0.79543500408234,0.783256537609958,0.0199348270604981,0.0212434923104542,0.291169100712666,0.308219131050192,0.0022239533077699,0.0041388027473866,0.0379077478188675,0.0512510075045753,0.0021190008258459,0.00204366618967924,0.00687507138286604,0.00685157243799975,138401,33422,"Simulation_03","S0_baseline"
"mcmc_Fixed",0.308168127891159,0.323107479175736,0.00868345234494195,1,0.0333333333333333,0.809734136877302,0.804906121861737,0.019316464144795,0.0198067285327195,0.272371357351892,0.279686453869808,0.00316277692998805,0.00359391059084256,0.805317456307771,0.0571220535858869,0.00216052643542505,0.00208014348632878,0.00707875763410516,0.0066690137509622,152823,41703,"Simulation_04","S0_baseline"
"mcmc_Fixed",0.348864524299341,0.292287307040162,0.00717594852350132,1,0.0111111111111111,0.854613714723535,0.824093878258859,0.0120648703869238,0.0159546794612405,0.211674648082373,0.254471599978499,0.00297040490493749,0.00561787502699243,0.819128527011678,0.0281714201641178,0.00155993231393721,0.0021838274173366,0.00613850425324272,0.00824621022880521,195775,34598,"Simulation_05","S0_baseline"
"mcmc_Fixed",0.322931197045787,0.327003233481077,0.0112540520361591,0.975,0.0444444444444444,0.845173555305011,0.828479040232444,0.0179792261376448,0.0192843920612977,0.22206754917191,0.243268418136978,0.00153565649842111,0.00266672739053144,0.186175563603345,0.0343357983806372,0.00229757812064789,0.00242839937262479,0.00768857099755735,0.00824054133696439,166748,42677,"Simulation_06","S0_baseline"
"mcmc_Fixed",0.371423248903752,0.36908220955516,0.0117687382502266,1,0.0666666666666667,0.857133115421859,0.854393842206543,0.0153295721630972,0.0151562356822139,0.203893187243848,0.208221812858955,0.0017205231487969,0.00147985603856123,0.188989633700389,0.0152535431901824,0.00174046511370561,0.00181202141048638,0.00592699104120342,0.00626314890000171,219967,54565,"Simulation_07","S0_baseline"
"mcmc_Fixed",0.31243080081997,0.290116584633699,0.00835095095645663,1,0,0.817057354059252,0.821507167073098,0.0183492100000639,0.0186165467198002,0.2583499674675,0.254134172483237,0.00202431614420959,0.00432475263487706,0.811613142927319,0.0156884130342952,0.00204863140655871,0.00184971155137472,0.00779964702434439,0.00696079344445977,156519,33626,"Simulation_08","S0_baseline"
"mcmc_Fixed",0.296403045907595,0.324778358259303,0.00893657696103507,1,0.0555555555555556,0.815740379499911,0.7931124137279,0.0213725837914524,0.0240616431880495,0.260083715284747,0.29212756220708,0.00173906439849025,0.00385849577066074,0.185919088394388,0.0135722518549805,0.00267501810383271,0.00348498115089493,0.00922694709289358,0.0114269385803335,140975,42308,"Simulation_09","S0_baseline"
"mcmc_Fixed",0.318155149610927,0.346369642040457,0.00898254033150986,0.974358974358974,0.0333333333333333,0.822389726065421,0.827203359876915,0.0163706906654988,0.0177765765016529,0.255048945438023,0.248364078081554,0.00220540494258105,0.00208390944857687,0.196739181928725,0.805794986219968,0.00203181430990446,0.00223938458078591,0.00703594670424449,0.00713602848443369,162119,48097,"Simulation_10","S0_baseline"
"mcmc_Fixed",0.4965301963453,0.509002858168497,0.00829646800573961,1,0.0333333333333333,0.888499107183505,0.907105705605317,0.00855131039157465,0.00666620783230259,0.161531712708449,0.13531648764482,0.000895562139370238,0.00080095354342039,0.192386769067142,0.0331543150930802,0.000846150137777721,0.000719876643228923,0.00306147107361064,0.00257351581763018,395378,101707,"Simulation_11","S0_baseline"
"mcmc_Fixed",0.325114615144393,0.28897627750157,0.00894549174805158,1,0.0333333333333333,0.800634744270162,0.808922709638914,0.0212349735818726,0.0227693225902716,0.282186371527476,0.270769299689552,0.00220116067960046,0.00607210114485696,0.0128580836205243,0.0277474410145925,0.00257557038989329,0.00263393471190556,0.0093825006976407,0.00928353583806373,169202,33510,"Simulation_12","S0_baseline"
"mcmc_Fixed",0.309518699338798,0.311153571690683,0.00948956771034622,1,0.0222222222222222,0.833821748134255,0.832096715612515,0.0199142994829315,0.0211435687230841,0.237248872814595,0.24077941788329,0.00310626374718302,0.00597085412223588,0.0181001168454652,0.0190745759253256,0.00280550560454726,0.00321318203745859,0.0100173888552747,0.0109520359878713,153558,38546,"Simulation_13","S0_baseline"
"mcmc_Fixed",0.285918094056447,0.29627651828604,0.00889472739262584,1,0.0222222222222222,0.794871402678251,0.828807824628245,0.024518763813792,0.0192203804270564,0.288847248731744,0.244407535867688,0.00389675348408024,0.00566389810997141,0.190961596998597,0.0225299057547492,0.00267879570526779,0.00219518024108364,0.00930851607275164,0.00780000553280659,130757,35171,"Simulation_14","S0_baseline"
"mcmc_Fixed",0.330898882039243,0.305433223007997,0.00733223599845066,1,0.0333333333333333,0.821054718477399,0.790580274428721,0.015192024470375,0.0196289036277221,0.256805264182199,0.298194491055513,0.00193079106151805,0.00454068314107817,0.00840358217128123,0.0515124564163548,0.0017346407574594,0.00205036620182357,0.00577809980700613,0.00702550951781772,176540,37241,"Simulation_15","S0_baseline"
"mcmc_Fixed",0.308816822535522,0.320883111067203,0.00807860905256207,1,0.0222222222222222,0.82342937502044,0.828607404896239,0.0184452366157569,0.0168293096350825,0.251101540642361,0.244308515530357,0.00204225010867928,0.00136102659838122,0.192523678776571,0.00777236168973072,0.00212192758685634,0.0019824130236738,0.00695646608929574,0.00660611183850361,152885,41297,"Simulation_16","S0_baseline"
"mcmc_Fixed",0.31275489394202,0.2993044034183,0.0095849197310465,1,0.0888888888888889,0.80124473381846,0.803347514554411,0.0169730626835184,0.018025078369906,0.284106616478524,0.282159987959897,0.00208276124780782,0.00330970306438914,0.00851477658887656,0.0254640653154315,0.00178659305015698,0.00194143359738785,0.0057169986509546,0.0062052066635842,156660,35728,"Simulation_17","S0_baseline"
"mcmc_Fixed",0.31710668599546,0.326324252240538,0.00965554077813403,1,0.0333333333333333,0.82470401789876,0.83153828143292,0.0154811845498897,0.0152891594474362,0.252731700581134,0.244213272994908,0.00204443389213915,0.00430384028914941,0.021945440943565,0.0190063709820815,0.00185502641130775,0.00165004120274119,0.00605793319447549,0.00561152912586382,160905,42710,"Simulation_18","S0_baseline"
"mcmc_Fixed",0.275143412303677,0.255156438304832,0.0114070514945982,1,0.0444444444444444,0.786298138387812,0.76017682106477,0.0289593282689564,0.0337113203920815,0.301911507640197,0.336538382185762,0.00223426197314656,0.00686371900080307,0.301407629300745,0.0195015646088728,0.00382293195498047,0.00436927414914676,0.012242022792508,0.0142542445899283,121239,26015,"Simulation_19","S0_baseline"
"mcmc_Fixed",0.399042525513996,0.449342855361153,0.0071695487533854,1,0.0333333333333333,0.876479231510594,0.889088130927275,0.0101986001611553,0.00828397883544432,0.179612461129313,0.162848727115821,0.00141325937367376,0.00373870877983058,0.0107296434916288,0.036335780760016,0.00116096809239057,0.00100272164814117,0.00403911456400836,0.00325666077816579,253172,79189,"Simulation_20","S0_baseline"
"mcmc_Fixed",0.403448836556798,0.441209947451118,0.0356477620324269,1,0.0555555555555556,0.827724384223518,0.846007069976701,0.0664145790662255,0.0582067968185105,0.245152384010969,0.219440456750143,0.00355466891828594,0.00319372342572717,0.191351762528073,0.0346563467433121,0.0197933748361613,0.0173061988235586,0.0432630569409716,0.0379323002005347,190410,49788,"Simulation_01","S1_epigenome_v025"
"mcmc_Fixed",0.33780269124576,0.339744218318031,0.034125878000064,1,0.0666666666666667,0.802870437515108,0.815433013545485,0.0688663282571912,0.0621896367938018,0.283389973291751,0.267383435839712,0.00249170299929191,0.00288131876943035,0.0251985457876128,0.0331398466895061,0.0195021366109461,0.0182878596299692,0.0420193993137598,0.0395813425164803,165480,38463,"Simulation_02","S1_epigenome_v025"
"mcmc_Fixed",0.36489732418477,0.333623212524799,0.0293407083441298,1,0.0222222222222222,0.819281406803848,0.816182625237793,0.06176057634765,0.0623462270133164,0.258019387117798,0.261839894479818,0.00372937018240274,0.00714128484001689,0.0446748240240161,0.176706150235182,0.0160589182142788,0.0164220457707634,0.035977866325163,0.0366544941094434,173784,39425,"Simulation_03","S1_epigenome_v025"
"mcmc_Fixed",0.370553187880687,0.314231364078349,0.0331207217723209,1,0.0222222222222222,0.808368307556751,0.786880231361753,0.071214088621977,0.0792247156641918,0.271632437910033,0.302390252326119,0.00133653255802864,0.00375219774597004,0.804230810790999,0.0894697999372919,0.0189825549011994,0.021692218349782,0.0414375389430709,0.0462741185007813,172508,35961,"Simulation_04","S1_epigenome_v025"
"mcmc_Fixed",0.287104688739687,0.301013821422268,0.0283436453204117,1,0.0333333333333333,0.790095056885971,0.788163669828685,0.0675613502912531,0.0684128557270282,0.297339012696165,0.297225023029426,0.00356696655082214,0.00438367139177211,0.039688235824564,0.0193532977066665,0.0152075183431645,0.0149968502211445,0.0359371891106651,0.0355295779800128,128239,35315,"Simulation_05","S1_epigenome_v025"
"mcmc_Fixed",0.343510512430282,0.327273943793424,0.0330603820996407,0.975,0.0555555555555556,0.824299816345271,0.810351649438647,0.0638946280991736,0.0725307878727929,0.251429883177587,0.26951819581629,0.00186528857898518,0.00204491809147172,0.811763264290211,0.198896323997422,0.0182541553210398,0.0205058787970142,0.0395530559904895,0.0438441038266408,174240,40438,"Simulation_06","S1_epigenome_v025"
"mcmc_Fixed",0.569168810188767,0.463536516400176,0.0369833941956189,1,0.0444444444444444,0.819254576001415,0.826461459347279,0.0766822884428331,0.0730591930062995,0.260083955644317,0.250973374927674,0.0012933870354188,0.00299743501922005,0.19071882562442,0.802141611641235,0.0258209910137626,0.0248973027724833,0.0524140553926066,0.0517275227433335,226180,54449,"Simulation_07","S1_epigenome_v025"
"mcmc_Fixed",0.363884435899034,0.512225893490577,0.0306372393722269,1,0.0555555555555556,0.816495445109939,0.855455581694274,0.0694471989739928,0.0531370504207795,0.262655060568296,0.208643691604048,0.00238933843326997,0.00505332476602563,0.00867816261558962,0.0204625968226736,0.0218351041835147,0.0168436336190678,0.0465375671215506,0.0369419927697864,151266,41233,"Simulation_08","S1_epigenome_v025"
"mcmc_Fixed",0.626568032847946,0.486255350430117,0.0352859960927827,1,0.0444444444444444,0.846179655203837,0.836129088114976,0.0609647996421145,0.065821086123677,0.222230190570766,0.23947132026479,0.00111854748824113,0.00490465113375423,0.183310439540253,0.0472008243619506,0.0208472368683872,0.0227758567639588,0.0438286235912295,0.0482437614868524,241418,46201,"Simulation_09","S1_epigenome_v025"
"mcmc_Fixed",0.387459019862625,0.378616658242101,0.0361387654224325,1,0.0333333333333333,0.829004988185876,0.813578162954424,0.0649829351535836,0.0703816542467784,0.245389348846748,0.267914101943964,0.00186845919178113,0.0045130431054566,0.0486003962751764,0.0281907973060693,0.0199476187605292,0.0211639678080853,0.0422994645602498,0.0446875245089096,190450,48578,"Simulation_10","S1_epigenome_v025"
"mcmc_Fixed",0.340577268963011,0.382252087871181,0.0318234863494097,1,0.0444444444444444,0.804775634568896,0.816149979505102,0.0759405217566479,0.0700278299139214,0.278632135897432,0.265114366783717,0.00294133188930501,0.00304596800389166,0.00929029416172589,0.0271506571924573,0.0229077529693977,0.0223058088271335,0.0491770600488392,0.0472602757540556,158848,46353,"Simulation_11","S1_epigenome_v025"
"mcmc_Fixed",0.279747444998059,0.264311606297841,0.0293773060861624,1,0.0333333333333333,0.773604983342474,0.779450357194926,0.0670393805201077,0.0667006852310832,0.318738859509047,0.310243827379987,0.00368510629371664,0.00324538257958573,0.806056055088372,0.0257567300083019,0.0143669570373948,0.0138271996749219,0.0336645941919929,0.0328368323580399,122167,27436,"Simulation_12","S1_epigenome_v025"
"mcmc_Fixed",0.316895149545959,0.342472591289799,0.0315818042037899,1,0.0222222222222222,0.808422164285007,0.824514431996994,0.0668756806706049,0.0611099368233167,0.271204696921,0.247631696918235,0.00268377328496152,0.00314028249065432,0.00910522897029814,0.0149005029214017,0.0174821396634689,0.0160046184467261,0.0394992085298527,0.0359153785269982,151505,42579,"Simulation_13","S1_epigenome_v025"
"mcmc_Fixed",0.353570836937771,0.385376987069217,0.0335775026090807,1,0.0555555555555556,0.824548913424056,0.838880127798144,0.0587988142200229,0.0529010588403957,0.249480853837692,0.229732809290567,0.00232633196138791,0.00407025974535574,0.196683993498335,0.0163942939315059,0.0149623470418982,0.013705830263619,0.0340698702135973,0.0318696464459699,171364,48827,"Simulation_14","S1_epigenome_v025"
"mcmc_Fixed",0.32121257866067,0.294489393375518,0.0318663218875089,1,0.0333333333333333,0.805967134498352,0.788702803289513,0.0671058290003518,0.0762050543249895,0.276813224786224,0.30045500658457,0.00325446678589127,0.00480918500679261,0.034478680713951,0.184014687038197,0.0174436460019464,0.0191453154401673,0.0384779087612154,0.0422032909592673,153474,33318,"Simulation_15","S1_epigenome_v025"
"mcmc_Fixed",0.313447051423948,0.295176245418311,0.032151075313362,1,0.0777777777777778,0.789109044345599,0.780929535232384,0.0751988138563149,0.0791604197901049,0.297681402266876,0.308987042698218,0.00398434968962889,0.00418108680349905,0.195090922075372,0.0229141661607846,0.0200395975147331,0.0218110615821435,0.0441690734570391,0.0478606726884353,148380,33350,"Simulation_16","S1_epigenome_v025"
"mcmc_Fixed",0.346471292342424,0.366245259126177,0.0323661515204838,1,0.0555555555555556,0.808271912116802,0.800279948676076,0.0699967137693066,0.0731365916248688,0.27356721317579,0.285279170772224,0.00120739465387504,0.00305061967364918,0.193915024682012,0.0415713367286853,0.019345581018616,0.0207610117148966,0.0420584963966418,0.0444148277293712,170408,42865,"Simulation_17","S1_epigenome_v025"
"mcmc_Fixed",0.340414664122495,0.319183030730596,0.0264535355030642,1,0.0444444444444444,0.793811324547408,0.803209551977215,0.0712903752653995,0.0664640157739073,0.292730870266267,0.28358916123826,0.00382707070713907,0.00702177089502527,0.0124837485522855,0.0369620142820814,0.0198835091648629,0.0185494784616548,0.0439652393341934,0.0417957156269781,159194,36516,"Simulation_18","S1_epigenome_v025"
"mcmc_Fixed",0.353752171845573,0.314696566543495,0.0309335361014915,1,0.0666666666666667,0.814817856514343,0.793495709936341,0.0638000821258873,0.0714641572100747,0.264117581440688,0.293479608040551,0.00273270548180123,0.00563430533365495,0.010852673865172,0.0582403480424324,0.0185840280929695,0.0219246478773665,0.0431034659611508,0.0498754625087609,170470,36130,"Simulation_19","S1_epigenome_v025"
"mcmc_Fixed",0.328885889684234,0.346431435218622,0.0327575462996926,1,0.0777777777777778,0.800579389906283,0.803500281097993,0.0715630038347647,0.0692478795433991,0.280604533624084,0.277355112940621,0.000978629797405884,0.00399785572104049,0.0108375422154879,0.0576655875151754,0.0185612622454049,0.0184285626888112,0.0405424261992838,0.0402730130005424,155681,40911,"Simulation_20","S1_epigenome_v025"
"mcmc_Fixed",0.296577217800315,0.301963526688852,0.0749500712797274,1,0.0555555555555556,0.765947692770179,0.758921258921259,0.117578535998798,0.121709371709372,0.3281226169168,0.336927720457088,0.00307750168350452,0.00511312094652766,0.00867269263621617,0.0464271157001249,0.0420964545311499,0.0435041580534095,0.0901945045495376,0.0928673232519365,133060,34188,"Simulation_01","S2_epigenome_v1"
"mcmc_Fixed",0.304266901907933,0.30503388620784,0.0737971454913926,1,0.0222222222222222,0.763633005835857,0.772172545364518,0.119177070251902,0.115428305129176,0.334181571006313,0.321487325769664,0.00534290122059217,0.0064383380948791,0.198113072888306,0.0204107623186434,0.0460632760704492,0.0451907895856285,0.0990931716290079,0.0970987236447738,135370,34333,"Simulation_02","S2_epigenome_v1"
"mcmc_Fixed",0.4805469095711,0.517524338217408,0.0901049229699178,1,0.0555555555555556,0.826442043771427,0.832267025843926,0.0891897210684951,0.0885175519824901,0.246244392534682,0.237758334641428,0.00182823200553188,0.00272378563011362,0.0120309733123618,0.0794820929112231,0.036337847054697,0.0361835280733447,0.0805663376222943,0.0798248946239218,193094,47516,"Simulation_03","S2_epigenome_v1"
"mcmc_Fixed",1.01188877310482,0.448492564420682,0.0886680740730225,1,0.1,0.827596292296616,0.797574070391728,0.0941594672426206,0.109440246569895,0.248062955435385,0.288191698729695,0.00249292309875615,0.00222692130367895,0.180923997085863,0.0274183653777546,0.0448224553955622,0.0512496252048112,0.0935906515145931,0.107254020522601,222240,40232,"Simulation_04","S2_epigenome_v1"
"mcmc_Fixed",0.351650110079443,0.351536271446987,0.0788992249836018,1,0.0444444444444444,0.773614368521466,0.771494856232278,0.119362992307786,0.118810489068029,0.319604495472239,0.322882509572094,0.00349124878422692,0.00476489755465879,0.19022274188536,0.0403669256370989,0.0477260338795219,0.0478542457623097,0.100915428891107,0.100715692743466,164582,42673,"Simulation_05","S2_epigenome_v1"
"mcmc_Fixed",0.441446351810658,0.384304165953932,0.0857438761753189,1,0.0666666666666667,0.785156272290986,0.786891631972342,0.108132322142902,0.109999269593163,0.302235523889998,0.299267574658788,0.00357395320114811,0.00361807684594666,0.185810554066203,0.181188849632346,0.0425813814047089,0.0415920654241013,0.092279875178642,0.0906693231168385,175239,41073,"Simulation_06","S2_epigenome_v1"
"mcmc_Fixed",0.350036895331754,0.359719169180496,0.0870284077433805,1,0.0666666666666667,0.788829602500553,0.793190090407421,0.120380134499416,0.116895620523659,0.299071708050399,0.295950773972353,0.00371503715205338,0.00436639659161569,0.190463937812563,0.0167877177369673,0.0554853038909777,0.05511592895864,0.11373083837678,0.112445164904809,158365,42585,"Simulation_07","S2_epigenome_v1"
"mcmc_Fixed",0.955482196038166,0.623133283594778,0.0971498664927358,1,0.0777777777777778,0.830991995610496,0.822791374942653,0.0937086466772101,0.0980591626274111,0.240982735306402,0.254247996838665,0.00206391616802648,0.00315983383598623,0.00598493487957991,0.187991004302929,0.0470877471384653,0.0496822483704241,0.100394429117014,0.105850215225303,247864,50133,"Simulation_08","S2_epigenome_v1"
"mcmc_Fixed",0.314569198678561,0.297959820193461,0.0797712373245018,1,0.0333333333333333,0.786856454196734,0.782555780933063,0.0981320086418483,0.101700733343735,0.299761308611978,0.306222604937064,0.0027524009820764,0.00421546751509157,0.00872039148043818,0.0169883265742348,0.03444726623109,0.0366423448548386,0.0778537211431624,0.0823641634538581,136082,32045,"Simulation_09","S2_epigenome_v1"
"mcmc_Fixed",0.399898806457067,0.362038450945768,0.0901604993433316,1,0.0666666666666667,0.792472773862908,0.782021980159502,0.115855221012172,0.121523049990274,0.292454256021733,0.306108993545117,0.00229935282408285,0.00392203146970933,0.18867881724474,0.198935748825149,0.0505505224855073,0.0521638606676455,0.104976876645062,0.109047109391171,187320,41128,"Simulation_10","S2_epigenome_v1"
"mcmc_Fixed",0.330634165727925,0.396935068475886,0.0825600774599576,1,0.0555555555555556,0.7824384712866,0.807372457773182,0.107823651037151,0.0916709755256808,0.306332755548884,0.273425661949842,0.00149721366157266,0.00254247377515633,0.192068562197319,0.0203041427937342,0.039368760946385,0.0335842921775532,0.085955969621127,0.0754489180334706,149930,46416,"Simulation_11","S2_epigenome_v1"
"mcmc_Fixed",0.363918987073914,0.328097827563216,0.0792608081685087,1,0.0444444444444444,0.813452808809115,0.803208148370054,0.0849281548268695,0.0900623655328304,0.262548690094051,0.277671019584352,0.00474454709068095,0.00473104637526766,0.197662380626412,0.0387985750195117,0.029113107195198,0.0316941330933792,0.0686499862245287,0.0748044791906735,143851,36719,"Simulation_12","S2_epigenome_v1"
"mcmc_Fixed",0.346620380268489,0.340787946287798,0.0794832672252896,1,0.0666666666666667,0.787503119047184,0.775408303817395,0.113843700741877,0.123106060606061,0.299947177614891,0.313891385900935,0.00376411229625652,0.00466932238428725,0.0144117104077122,0.0118717269250373,0.0474604319473177,0.0505869117467511,0.0980086538835379,0.10469696619318,164313,40656,"Simulation_13","S2_epigenome_v1"
"mcmc_Fixed",0.632498893612802,0.445015383519402,0.0764986467991827,1,0.1,0.796105667151924,0.781737143374284,0.114551386435431,0.124369329622842,0.291685520746151,0.312305748293909,0.00278952856064859,0.00373145505971649,0.302815384401398,0.177148744044855,0.057822319370218,0.0620109208981955,0.115718883869778,0.123404882448255,173791,44199,"Simulation_14","S2_epigenome_v1"
"mcmc_Fixed",0.320863472491744,0.372920021704375,0.0710146793553279,1,0.0111111111111111,0.77270293170649,0.791228231401921,0.111635316048127,0.103823002343427,0.321171717093917,0.296613388834785,0.00343125774604444,0.00711047159248995,0.183919712713183,0.034130840124631,0.0429701024085204,0.0404187595091419,0.0911126888212443,0.0848660607591892,147525,43526,"Simulation_15","S2_epigenome_v1"
"mcmc_Fixed",0.288538727892513,0.279103670353906,0.0699058529887848,1,0.0555555555555556,0.763859711018811,0.767293894679843,0.116121686418526,0.107959929606065,0.330862702791747,0.328228489704837,0.00226887270870969,0.00355953133797537,0.196557254744242,0.0171561600149224,0.0404753680820982,0.0394172441488739,0.0881316854057271,0.0875052600860901,124714,29548,"Simulation_16","S2_epigenome_v1"
"mcmc_Fixed",0.403383256687966,0.316272632062557,0.0865815786166197,1,0.0888888888888889,0.767337135995197,0.761854242183126,0.130682043468164,0.13394041198833,0.328438566754156,0.335472988958053,0.00408939584755693,0.00428734034755658,0.198986272361321,0.188895070880139,0.0567782842512354,0.0557410846207623,0.116017906755695,0.116099145199537,176543,33933,"Simulation_17","S2_epigenome_v1"
"mcmc_Fixed",0.328648203798889,0.293561479748755,0.0690378780676322,1,0.0555555555555556,0.770055096632811,0.758785290330685,0.116215817163106,0.122632917752724,0.324532521952466,0.340299436594951,0.00255599769618059,0.00566676852953059,0.0135564608242777,0.033154937303057,0.0444261047608268,0.0466577154035539,0.0924195630119248,0.096662877541205,128683,31843,"Simulation_18","S2_epigenome_v1"
"mcmc_Fixed",0.362228748173859,0.345634168738618,0.0882034233770586,1,0.0444444444444444,0.79192651174674,0.79446144947097,0.107857482957647,0.108866983201176,0.294189703302632,0.292234874999738,0.0051682213399121,0.00604146913729072,0.199009784288472,0.0124475222722987,0.0437765103880303,0.0453486247737218,0.0970317066599539,0.0990670833587259,172218,41491,"Simulation_19","S2_epigenome_v1"
"mcmc_Fixed",0.394784095370166,0.472600897594902,0.0941267767204523,1,0.0333333333333333,0.817901898017162,0.804274937133277,0.104864431495349,0.113579212070411,0.260393819602502,0.278277723657603,0.0022198974791997,0.00351580279696037,0.00846357532401298,0.193000145642494,0.0528656162566094,0.0577636516859083,0.109986377104204,0.119759312067921,172127,47720,"Simulation_20","S2_epigenome_v1"
"mcmc_Fixed",0.315492906237357,0.303996961353064,0.151032123673116,1,0.0444444444444444,0.761489524257295,0.76029260058145,0.152383121271782,0.151677139016537,0.335234098662991,0.336224241315008,0.00303092440364516,0.00574554125361259,0.305485767490891,0.305387393483297,0.0785937691637421,0.0777867059315564,0.164292335789193,0.163882918219794,136124,31989,"Simulation_01","S3_epigenome_v4"
"mcmc_Fixed",0.348856730726199,0.346572779173609,0.158547624107951,1,0.0333333333333333,0.768567711504323,0.772970470212985,0.144850259874261,0.143327502829509,0.327761058382376,0.320297574580184,0.00206213873096007,0.00473342938687966,0.0591109029251195,0.0185714361190927,0.076267750840883,0.0749160848605902,0.1616515861937,0.158273782571474,156037,38876,"Simulation_02","S3_epigenome_v4"
"mcmc_Fixed",0.332936459231478,0.330143589283047,0.147453539920799,1,0.0444444444444444,0.771067037602082,0.771430120057454,0.140260529204261,0.143364318816228,0.322879578286086,0.320760192277091,0.00430299694718308,0.00608728444691496,0.0111041624276259,0.0169387396090763,0.0714260845756849,0.0722662994327811,0.149625362566065,0.150815481547826,144859,36899,"Simulation_03","S3_epigenome_v4"
"mcmc_Fixed",0.296992508637976,0.284378570305701,0.134129710795439,1,0.0111111111111111,0.748629105857209,0.744512789486068,0.141691562468311,0.145944674128601,0.350018651517901,0.357214810407287,0.0024741715928017,0.00784124812181821,0.304857755511916,0.0205468390982419,0.0605327039495557,0.0613734551950384,0.1347310574582,0.137026954366782,128201,29751,"Simulation_04","S3_epigenome_v4"
"mcmc_Fixed",0.330235775898337,0.346546334765283,0.13690998266575,1,0.0888888888888889,0.776019529632294,0.779033270558694,0.125540370685208,0.122619794936179,0.315712652821551,0.308466543974349,0.00664509011697933,0.00639881346846467,0.188172082832296,0.0663188649265768,0.0537513466807819,0.0514145762132329,0.11717807109546,0.113133780776815,137637,38232,"Simulation_05","S3_epigenome_v4"
"mcmc_Fixed",0.335881706613965,0.336741461220624,0.15030472488959,1,0.0555555555555556,0.780980617522596,0.786106222176209,0.130413771485293,0.126824723056217,0.310917839819795,0.301385420175116,0.00643131833235441,0.00630093875812026,0.471813490464455,0.189673477540654,0.0637122696013655,0.0612368515147208,0.138942757756807,0.134611848912733,153128,38636,"Simulation_06","S3_epigenome_v4"
"mcmc_Fixed",0.354103462970393,0.317550770618456,0.150448784163112,1,0.0222222222222222,0.782207223193718,0.780574369288102,0.135436495389519,0.133151932802934,0.309362584591239,0.310377672968265,0.00319579163209198,0.00323885794690028,0.198065792584986,0.00653098243822192,0.0712485012344095,0.0705405469448396,0.15061750001755,0.15009176471144,154973,33811,"Simulation_07","S3_epigenome_v4"
"mcmc_Fixed",0.311956757538773,0.305094676271102,0.124430922589113,1,0.0222222222222222,0.721641307249361,0.716231485723011,0.171925408992106,0.173095129027332,0.387288872313481,0.393413256182228,0.00403118458758929,0.00554625787450627,0.193703627079639,0.1851159169582,0.0829214790638722,0.0858459586520607,0.165199057938692,0.170986885395583,131115,32745,"Simulation_08","S3_epigenome_v4"
"mcmc_Fixed",0.442665377920721,0.491288836088546,0.183065669882444,1,0.0666666666666667,0.768393681141122,0.779757649086143,0.165752305942593,0.155016590588278,0.325809700601819,0.30942269714262,0.00226733813865151,0.00368031005794769,0.198841239242081,0.0119797627887565,0.103154398911014,0.0966087408601193,0.213420134423274,0.202408997354738,199593,54549,"Simulation_09","S3_epigenome_v4"
"mcmc_Fixed",0.572749212049073,0.455929779132855,0.155270982538516,1,0.0777777777777778,0.818671584653645,0.822317455084885,0.107502724453014,0.104617485695448,0.257791902167109,0.253453613580688,0.00254523421035504,0.0037707854482554,0.198376998002129,0.193656828885724,0.0545703868896265,0.0529903954176709,0.122386108263774,0.120748531450696,178935,42469,"Simulation_10","S3_epigenome_v4"
"mcmc_Fixed",0.399305152023029,0.39598339846456,0.166484498329822,1,0.0666666666666667,0.744970316182089,0.744930968137514,0.181586948738638,0.181343425587247,0.358335455079326,0.357660054040244,0.00633666832844508,0.00829947435725358,0.170109251591671,0.183904126000981,0.108619704634626,0.107826267604857,0.219684552538102,0.218191160596764,187139,47297,"Simulation_11","S3_epigenome_v4"
"mcmc_Fixed",0.310729449586633,0.309331157302191,0.136252330026731,1,0.0777777777777778,0.735775606867969,0.736231968697074,0.15446269982238,0.156573030426911,0.369424514845657,0.373150536473003,0.00364671408171262,0.0119791844893031,0.0099160712969516,0.026864703890034,0.0695723132365993,0.0692991781464829,0.149735043785828,0.148788868499904,135120,34246,"Simulation_12","S3_epigenome_v4"
"mcmc_Fixed",0.371461592702591,0.365512932440581,0.152553920416562,1,0.0444444444444444,0.796174762120815,0.797465371422586,0.118393221162141,0.117985912911419,0.287350480056151,0.286223933462131,0.00223068461042752,0.00325297828457924,0.0495942287714914,0.813146716128224,0.054846300176505,0.0555550127020941,0.123592030297902,0.123236070936121,156487,38191,"Simulation_13","S3_epigenome_v4"
"mcmc_Fixed",0.966978123998003,0.776682170682438,0.182584882912167,1,0.0777777777777778,0.768202009541646,0.766472751126379,0.163068724940202,0.166324293531737,0.328804352759201,0.329013402460252,0.0023561400755769,0.00533561650107824,0.0111669530353161,0.0170694385560827,0.103424089451654,0.10703190582401,0.208529156942903,0.214956691591529,231197,57929,"Simulation_14","S3_epigenome_v4"
"mcmc_Fixed",0.498916176652708,0.490923716182917,0.150194202591127,1,0.0555555555555556,0.829823707220092,0.816107193796581,0.0974174832126265,0.105004118202455,0.242944041270887,0.258867109253202,0.00636242255098929,0.00514621994336949,0.182589134816417,0.0383552985254619,0.0465038028968782,0.0482226667154288,0.106422186371781,0.109042071245137,197172,49779,"Simulation_15","S3_epigenome_v4"
"mcmc_Fixed",0.416512854005045,0.429499135502978,0.174562767962679,1,0.0555555555555556,0.762239937142951,0.761245039796316,0.172213037381393,0.168360208271211,0.334385610755349,0.337867631658072,0.00248750801221769,0.00385233843803059,0.175289864402778,0.0192467540504025,0.111843581448039,0.10976602961975,0.223761853726661,0.222353979491199,183273,43597,"Simulation_16","S3_epigenome_v4"
"mcmc_Fixed",0.383970537533787,0.382745493187999,0.159655885363002,1,0.0777777777777778,0.75899762556167,0.76996939178515,0.146236733371142,0.140921208530806,0.336433123242579,0.321336357331654,0.00381654298807091,0.00350916195898867,0.190648111887312,0.192278461693073,0.0729046171376945,0.0717188342918029,0.161603903921265,0.158619463703454,160459,40512,"Simulation_17","S3_epigenome_v4"
"mcmc_Fixed",0.446507827977074,0.396906544941833,0.16339083490446,1,0.0777777777777778,0.757957055651885,0.756318102737844,0.17120139664141,0.172580349784818,0.337448379129007,0.341564795478774,0.00352902476665722,0.00437463821779156,0.187522125222367,0.0308123850498494,0.0986435982413491,0.102231146363458,0.197505713454404,0.202279106440416,168404,43684,"Simulation_18","S3_epigenome_v4"
"mcmc_Fixed",0.318577060392958,0.308558970183273,0.13770270288579,1,0.0222222222222222,0.733412544556313,0.735322481662234,0.164933052619876,0.161752242905988,0.372721276208168,0.37097843835485,0.00361541511340723,0.0062329010260595,0.199762763914092,0.0322035742771682,0.0805364738447284,0.0790239631105236,0.169711464472558,0.167092648310681,143919,34219,"Simulation_19","S3_epigenome_v4"
"mcmc_Fixed",0.372692840268544,0.392366420379282,0.135225474707855,1,0.0222222222222222,0.777712431689475,0.793048072938251,0.130435931831548,0.118343348528802,0.315613420060334,0.293246663327294,0.00585114202560614,0.00425321372146508,0.188271393960846,0.0120471342934526,0.0616541490157031,0.0566292469762289,0.132089596658258,0.12305906402666,151331,38608,"Simulation_20","S3_epigenome_v4"
"mcmc_Fixed",0.488038191655449,0.453244729912889,0.163427573418403,1,0.122222222222222,0.750245029009182,0.738478463635711,0.169650199966203,0.176260971468204,0.35085456491643,0.365691397758265,0.0019867518836909,0.00470937427462502,0.149466628572257,0.305868443843644,0.097308969205315,0.100246940501459,0.203960078981326,0.210377166336125,177530,41813,"Simulation_01","S4_hotspots"
"mcmc_Fixed",0.453876019292539,0.436018742016043,0.150370011579345,1,0.0666666666666667,0.772264728385616,0.775550836209185,0.136954858454476,0.1349880541545,0.321437390746583,0.318561545233785,0.00262073683911354,0.00419451381456289,0.193145937174042,0.189905889976027,0.0705539340722539,0.0697459651320528,0.15198661414337,0.151817643400879,156840,37670,"Simulation_02","S4_hotspots"
"mcmc_Fixed",0.477535002654168,0.533350822623846,0.163170135100789,0.973684210526316,0.111111111111111,0.775928632189674,0.793790161264626,0.142321198769821,0.129117912587846,0.317860310811881,0.295295285345304,0.00507888004069477,0.0068282266843994,0.173205919898194,0.181987727663119,0.0741756254876646,0.069413140521148,0.162381210093887,0.149781431967255,183388,56491,"Simulation_03","S4_hotspots"
"mcmc_Fixed",0.48444658887081,0.430073910468678,0.16282432592037,1,0.0777777777777778,0.794007490636704,0.793538641457948,0.129786261626216,0.125718740863464,0.293733608730859,0.295285585977453,0.0042297811744106,0.00609638694527549,0.193423701543424,0.1889057988732,0.0707340947372547,0.0698282879892631,0.159744526317422,0.156544734225899,168477,41044,"Simulation_04","S4_hotspots"
"mcmc_Fixed",0.531860997148776,0.575000511289404,0.18281337860318,1,0.0666666666666667,0.75653540789684,0.748553092641443,0.177194010763574,0.185243513524154,0.342796810948505,0.355053426316798,0.0024477599796578,0.00345434598780764,0.815022678666127,0.0102756317764202,0.11260423150845,0.118641612772578,0.231525602102009,0.243003625019935,187670,50798,"Simulation_05","S4_hotspots"
"mcmc_Fixed",0.426681914910728,0.389472698243207,0.136768845068419,1,0.1,0.752948291502873,0.746800610039122,0.143710311460538,0.150056362310192,0.349041744452795,0.358054592270667,0.00379754576932915,0.00793703556361135,0.304224376127368,0.015652340317645,0.0733171955633893,0.0763882584628359,0.158498246835971,0.163844568951451,132280,30162,"Simulation_06","S4_hotspots"
"mcmc_Fixed",0.633890171001957,0.635790968330591,0.161957596891964,1,0.144444444444444,0.801224040357481,0.803189697128524,0.11986888940104,0.119988019916888,0.279579988497325,0.278536810494484,0.00255489755596021,0.00671324973169835,0.182508657539072,0.0411513349123583,0.0576908289463417,0.057841969137176,0.129415041506933,0.129539852352041,195255,53422,"Simulation_07","S4_hotspots"
"mcmc_Fixed",0.434683891173806,0.448068520151907,0.153824167720516,0.972222222222222,0.0555555555555556,0.762755137631318,0.758923842813261,0.145416242309248,0.149719309395191,0.331836905609899,0.337893527308571,0.00278260094855922,0.00912006078871722,0.3146367718814,0.188183812996564,0.0715437222139564,0.0741902337229167,0.158282444682289,0.164574304548644,143354,37764,"Simulation_08","S4_hotspots"
"mcmc_Fixed",0.918238636377476,0.95671406518298,0.190145615664285,1,0.155555555555556,0.818805727726793,0.810412016863287,0.124013784919904,0.129184823041769,0.258794018583087,0.270641796184734,0.0027806240687815,0.00365975906321871,0.026185065286997,0.1968557499796,0.0759119029094841,0.07819484006894,0.167014876766647,0.172529510908842,237651,56454,"Simulation_09","S4_hotspots"
"mcmc_Fixed",0.512234583668075,0.505628226783123,0.168160263130589,1,0.0777777777777778,0.780668685827211,0.770177869145513,0.149041972762813,0.160126921701823,0.309614372770372,0.325845856769494,0.00409234751051535,0.00323859369603794,0.194632743385923,0.800333778391401,0.0879067936318297,0.0980272796932435,0.183775440636486,0.200493548701403,186216,44752,"Simulation_10","S4_hotspots"
"mcmc_Fixed",0.507092124383074,0.514128007433242,0.18233419220759,1,0.0888888888888889,0.764549291312834,0.771511440541412,0.160070306671981,0.153218659361908,0.331970012895347,0.322590911623279,0.00288754393045379,0.0055754959319256,0.145883830747611,0.197558578135297,0.0942147191798442,0.0899349814260738,0.20211587993289,0.194006519779382,195714,49648,"Simulation_11","S4_hotspots"
"mcmc_Fixed",0.464467012018788,0.45440334792246,0.160987616849339,1,0.0444444444444444,0.759313528081534,0.752786517402015,0.165038257798705,0.172507987610058,0.337934173301274,0.345942305380456,0.00307546888728903,0.00235668335478854,0.144265413807,0.185294422012032,0.0988488322396668,0.103791269434729,0.205207302592217,0.212386015624196,161405,41001,"Simulation_12","S4_hotspots"
"mcmc_Fixed",3.88643612900016,2.85972434536388,0.170805903406327,1,0.111111111111111,0.836388028488567,0.851853403726361,0.112439086945371,0.103438643537529,0.23256672614723,0.212416350771715,0.00270310325918858,0.00584719756527961,0.19255562061674,0.197560933085428,0.0737558812664747,0.0688915149652698,0.152712848869817,0.144640135282815,253435,71598,"Simulation_13","S4_hotspots"
"mcmc_Fixed",0.808599785213872,0.578071880102504,0.172766245897076,1,0.1,0.782486601069729,0.767800374515525,0.145003469243923,0.155336846230893,0.308849983061403,0.328599205790968,0.00294441459437724,0.004548988110984,0.302881899285516,0.800201570598196,0.0885620228574345,0.0982613664199654,0.188933344991837,0.207500923845217,183037,45926,"Simulation_14","S4_hotspots"
"mcmc_Fixed",0.49211894630693,0.471903422526115,0.156678907197892,1,0.0777777777777778,0.810404773940597,0.802425052020449,0.113146830729777,0.115472551185552,0.269623106213946,0.282228145739788,0.00364117309095879,0.00448966602270093,0.186917624718964,0.180584754661463,0.0572619832495505,0.0587150732808628,0.130255552204889,0.133382453526809,162214,38927,"Simulation_15","S4_hotspots"
"mcmc_Fixed",0.710573903483264,0.579937862265669,0.179423045883851,1,0.1,0.766458404178108,0.754154928039485,0.165429103625391,0.173447771298784,0.330843097810285,0.349123122794528,0.00341600819412015,0.00838149388877952,0.142123382744643,0.022466284111632,0.109189422345756,0.109017540264915,0.225491533030716,0.224659594383057,197027,45789,"Simulation_16","S4_hotspots"
"mcmc_Fixed",0.455496455088503,0.474957177601219,0.157639915193966,1,0.0666666666666667,0.755010163742252,0.768613068699362,0.154569942758801,0.14339134186682,0.347441667313359,0.327157445607192,0.00356277152689836,0.0046608500721161,0.0115413151914685,0.0343879971678017,0.082262734879765,0.0769664998940383,0.17600863665189,0.1658481849493,160374,41718,"Simulation_17","S4_hotspots"
"mcmc_Fixed",0.457733224609983,0.467428538801704,0.148326734207904,1,0.1,0.753925999109599,0.73850805499126,0.151996389605479,0.167643029243634,0.344296241118164,0.364079535534117,0.0052627003783752,0.00502280857652755,0.0531822073482156,0.193799313982612,0.0772462292852426,0.0851592423114916,0.163585650049953,0.178283287724592,163971,42334,"Simulation_18","S4_hotspots"
"mcmc_Fixed",0.64407179427922,0.782030282911501,0.145729858062424,1,0.133333333333333,0.782107885297809,0.795462069878827,0.136025687582424,0.126889884565299,0.310528924593227,0.292315978585004,0.00219303966556703,0.00504082616362552,0.19694456828279,0.0184737930620602,0.0768978975822078,0.0735374185707349,0.167294529891071,0.159566004640156,156963,45307,"Simulation_19","S4_hotspots"
"mcmc_Fixed",0.415352748159619,0.412086519569164,0.125679065744309,0.972972972972973,0.0666666666666667,0.734545189315353,0.737892330076907,0.152246498962656,0.147058823529412,0.369768502121838,0.365145266014781,0.00554982734020956,0.00605666801383666,0.189715495547656,0.0200349898401116,0.0699215250001377,0.0694370349132815,0.148086824523164,0.147792787828023,123392,28866,"Simulation_20","S4_hotspots"
"mcmc_Fixed",0.431340526580815,0.457072534168377,0.14375481984951,0.972222222222222,0.0777777777777778,0.75799257535461,0.752259894158459,0.141366079343972,0.14394956068164,0.342452245647931,0.351058827910957,0.0052166794647596,0.00601314714157715,0.0245630075618017,0.186114733101084,0.0696418174254983,0.0722819403863042,0.150740931470158,0.156258538662072,144384,39493,"Simulation_01","S5_cn_noise"
"mcmc_Fixed",0.454010236159049,0.436105767969857,0.156522850051249,1,0.0888888888888889,0.743553756551336,0.750671652125744,0.174318084738523,0.1685362138208,0.358675739742246,0.346383550786911,0.00211312354225118,0.00404033841016062,0.304297490922367,0.194932974378011,0.0994279479849423,0.0954984941467619,0.205205850977973,0.198354687840652,147489,36105,"Simulation_02","S5_cn_noise"
"mcmc_Fixed",0.465548321281337,0.532027372675813,0.146440054532357,1,0.0888888888888889,0.748745708147542,0.761398689030268,0.14837315263742,0.143989782147677,0.353497563815184,0.3365247375848,0.00559998887615638,0.00789090025704243,0.135816348976789,0.0236896808972943,0.07353721172085,0.076669140036875,0.158956710908081,0.162768340891392,154071,41496,"Simulation_03","S5_cn_noise"
"mcmc_Fixed",0.403232910968692,0.406629967919353,0.112092980076966,1,0.0333333333333333,0.745664636331064,0.745125649913345,0.134781440343963,0.135470826112074,0.356770047676703,0.360121082440321,0.00276179064243044,0.00931660891001458,0.305158530859215,0.198322578760285,0.0552862330334804,0.0564562598672417,0.124002428187661,0.127017589742311,111640,27696,"Simulation_04","S5_cn_noise"
"mcmc_Fixed",0.528161369534037,0.534553359191405,0.158224353910445,1,0.0222222222222222,0.784538776108618,0.79017589017589,0.138359313230112,0.133676533676534,0.304954768324707,0.296596393781048,0.00297554257613695,0.00254548128584367,0.192344560539001,0.0480673783494542,0.0787603359371209,0.0772466051887059,0.171956026201215,0.169915367398657,190981,46620,"Simulation_05","S5_cn_noise"
"mcmc_Fixed",0.473618405136176,0.42264610252687,0.164029047055819,0.972972972972973,0.0888888888888889,0.792030613093753,0.7832325351765,0.121479718185483,0.125092569735868,0.294048998912881,0.309723055424716,0.00312452398401515,0.00650232407328547,0.00978088325888726,0.19596203866481,0.0583918661929133,0.0626687919084947,0.132657183489847,0.142184433507572,156273,32408,"Simulation_06","S5_cn_noise"
"mcmc_Fixed",0.444387495169032,0.445249629661918,0.144115287999432,1,0.0666666666666667,0.77176653651649,0.785027594801495,0.133336695146023,0.127707554447807,0.320223346186573,0.303785911113568,0.0026767622585189,0.00604107542323932,0.168885978771376,0.188623822396023,0.0679227119133634,0.0659544167870223,0.151766113604706,0.146398252276368,138814,33702,"Simulation_07","S5_cn_noise"
"mcmc_Fixed",0.428732219086951,0.484661908950576,0.149572059434226,0.972972972972973,0.1,0.744639034405161,0.751518557169998,0.148331616363092,0.142971823071365,0.356952438502605,0.350867273089944,0.00276518662779479,0.00503650412210007,0.195006154662705,0.803014500753721,0.0683675329644624,0.0691491893431917,0.1530676532766,0.154999113145642,136869,37371,"Simulation_08","S5_cn_noise"
"mcmc_Fixed",0.472180994663317,0.453088063811009,0.153494167794085,1,0.111111111111111,0.767478287446196,0.757874449339207,0.133032371443853,0.138711453744493,0.327333866997561,0.340800797677663,0.00323315388292687,0.00499172240163989,0.196694987972257,0.0207731304849555,0.0662565273273769,0.0683878003976365,0.145043321993437,0.150015278667984,157052,36320,"Simulation_09","S5_cn_noise"
"mcmc_Fixed",0.422716666639545,0.45258689486096,0.137644879654773,1,0.0555555555555556,0.770243345004908,0.769140342416204,0.135011793662188,0.137539184952978,0.322133316291367,0.323001166665128,0.00326262013516032,0.0059832951299003,0.0117139266436145,0.0153288891951889,0.062040749454219,0.0646702665574487,0.139470839600263,0.14561638703768,136514,33176,"Simulation_10","S5_cn_noise"
"mcmc_Fixed",0.550419084064669,0.456153555632264,0.159068096557456,1,0.0888888888888889,0.797501631624854,0.770421350003005,0.126571391974236,0.14663100318567,0.286170644251049,0.323796824766398,0.00244127835895037,0.00613059677297059,0.146899826551668,0.0199657532532329,0.0658090302618339,0.0768301205034105,0.144125617156916,0.16662476458983,163947,33274,"Simulation_11","S5_cn_noise"
"mcmc_Fixed",0.493514727262745,0.517704473216207,0.165503452120963,1,0.1,0.767807890148919,0.774024099284239,0.151358295235576,0.146019207249835,0.328343648779289,0.318764562160911,0.0052405532607106,0.00605513963362379,0.196497257437678,0.0346906408008167,0.0818422857192304,0.0788817312879341,0.173160705825818,0.168013126656465,185269,49877,"Simulation_12","S5_cn_noise"
"mcmc_Fixed",0.466019922205264,0.484871592401996,0.171977757668175,1,0.1,0.771362326106028,0.765427117656289,0.147255295149768,0.152399524802188,0.319983861914718,0.328983440506181,0.00260476746781099,0.00388875546977144,0.192347027608381,0.0198978284068101,0.0778124317671894,0.0800086518739977,0.167667727796918,0.172707364596644,159580,44613,"Simulation_13","S5_cn_noise"
"mcmc_Fixed",0.449074243230241,0.411680219043409,0.140913263434538,1,0.0888888888888889,0.728749041323361,0.737121614445035,0.164399850833433,0.15793355756181,0.379237096609789,0.370206195048019,0.00531914906808911,0.00583920499879578,0.0104508376036768,0.0317469874501379,0.0783154072767435,0.0762712288545288,0.166623874967627,0.16265030568579,142123,33894,"Simulation_14","S5_cn_noise"
"mcmc_Fixed",0.473492154302141,0.466040284506618,0.160681551731108,1,0.111111111111111,0.773602588285858,0.782866089339009,0.155291182158974,0.150129654092666,0.32031605441167,0.310038225417442,0.00449072519898321,0.00763168890286849,0.181363016418653,0.0387791909444414,0.0917949496111473,0.0887018639680844,0.192624712733943,0.188398725957987,167524,40878,"Simulation_15","S5_cn_noise"
"mcmc_Fixed",0.442811193016115,0.422722112947982,0.148489626891234,1,0.0555555555555556,0.763935810810811,0.747802685447622,0.145657376126126,0.159494975521773,0.332086752539064,0.349962786111627,0.0044210389356519,0.00513174812773881,0.0229079098327102,0.0148575645365451,0.0749865757547489,0.0796235140175169,0.164118962596549,0.17261598016697,142080,34929,"Simulation_16","S5_cn_noise"
"mcmc_Fixed",0.496359023979492,0.500051713029252,0.160536162461765,1,0.0666666666666667,0.776943465281864,0.77854497930734,0.143347602416207,0.14173382705293,0.315020269149009,0.313314306757942,0.000904998343797449,0.00249816659765622,0.310675762840996,0.0307717765081818,0.0772289277643761,0.0774394254576449,0.163543561299335,0.163893189192744,185249,45910,"Simulation_17","S5_cn_noise"
"mcmc_Fixed",0.437019910561053,0.43393875246013,0.133072708583215,1,0.0666666666666667,0.74403275741536,0.743303995441018,0.145596438915125,0.151079592224403,0.358968190604947,0.359833041072216,0.00468393831656568,0.00879263625812434,0.188117594782461,0.198780753116585,0.0652969920121909,0.0686196859604118,0.14402079983566,0.150776000304534,140182,31586,"Simulation_18","S5_cn_noise"
"mcmc_Fixed",0.595209794775351,0.565238479195574,0.188311010693698,0.973684210526316,0.122222222222222,0.813708515615707,0.823120953363986,0.128287140446641,0.122379656563761,0.265217721690071,0.252273759964979,0.00292713869423215,0.00509451899089503,0.142482292918135,0.0315020529475482,0.0785228600671786,0.0755107903194877,0.168548088010102,0.162595405083019,226983,53285,"Simulation_19","S5_cn_noise"
"mcmc_Fixed",0.525645012937193,0.5518602404284,0.167314597509019,1,0.0888888888888889,0.790581109178088,0.783063111349323,0.137973649594772,0.143418643083657,0.296741967385683,0.305986088083386,0.00229684460373849,0.00577124131082075,0.310672987146503,0.0184228208508989,0.0795351446962678,0.0829377830300924,0.17179048006691,0.177873320952427,188536,44778,"Simulation_20","S5_cn_noise"
"mcmc_Fixed",0.410812550492482,0.42630453773111,0.130761773281133,1,0.122222222222222,0.735222102868697,0.725710824939436,0.169088841147479,0.17799311487951,0.371304768794029,0.384102358020644,0.0096136076232442,0.00725254153527615,0.190781391060207,0.191507782555041,0.0893805396266739,0.0949461671530568,0.224803017331242,0.235180504918491,126608,31372,"Simulation_01","S6_opportunity"
"mcmc_Fixed",0.487203672525949,0.441653017775358,0.155578285349267,0.945945945945946,0.1,0.745928190673198,0.737506383599621,0.167708534603276,0.174825514943703,0.358488939152368,0.370183701160948,0.00613936053202922,0.0060263622051309,0.193176380031714,0.188890771098824,0.098793973652725,0.102515963261501,0.233617815085527,0.242376126006788,175966,41121,"Simulation_02","S6_opportunity"
"mcmc_Fixed",0.459198726242545,0.426240373417754,0.141920855575135,1,0.0666666666666667,0.741311484492956,0.733106493068249,0.171914174504453,0.179100700205281,0.365633637106872,0.376015430085797,0.0234717424540635,0.0205313440919207,0.304403276416719,0.0322134040219278,0.0995240136890966,0.102571762838971,0.237723314307508,0.244574547747859,144386,35561,"Simulation_03","S6_opportunity"
"mcmc_Fixed",0.482001702844328,0.569903825756557,0.140536562153313,1,0.0666666666666667,0.723006250278746,0.737857467090331,0.178480181965302,0.171697684975034,0.388021998436153,0.3681531591612,0.0131715113147178,0.0127234840937078,0.195140137034561,0.194241451585513,0.0950625770095447,0.0928274121874021,0.227604467201473,0.224579966370644,156953,44060,"Simulation_04","S6_opportunity"
"mcmc_Fixed",0.502932674415194,0.512531558711931,0.158580020439545,0.970588235294118,0.0777777777777778,0.735540901837703,0.731872375151769,0.184441344619514,0.188471567046834,0.372044468596227,0.375194722736591,0.00742476888305393,0.012246727598765,0.0375872865550518,0.0295199828000626,0.112923792953667,0.115047258968695,0.401652970351841,0.393112694995627,189258,50241,"Simulation_05","S6_opportunity"
"mcmc_Fixed",0.47429850764346,0.434871140670398,0.16403138565044,1,0.0666666666666667,0.74208347727011,0.729674914527438,0.169784791791664,0.178999826157501,0.360012881938141,0.381435079458014,0.0128584559012158,0.0132731277245274,0.0378696881181308,0.0263258446355477,0.0926632052320304,0.101570117721537,0.401446396745294,0.479238042015882,165003,34514,"Simulation_06","S6_opportunity"
"mcmc_Fixed",0.418281067999051,0.435916835113806,0.1259401054675,0.972222222222222,0.0333333333333333,0.750609610695302,0.743487349078089,0.15163729509773,0.152715814432346,0.350157197842405,0.360052011728121,0.0121660176679088,0.0112467553531871,0.0248605131899095,0.0256689345950418,0.07781408130392,0.077057995791555,0.197122161924714,0.195864678065126,130001,32053,"Simulation_07","S6_opportunity"
"mcmc_Fixed",0.476672997127009,0.556535993664217,0.158112480100455,1,0.0777777777777778,0.770181418923232,0.788677680539491,0.151531400411097,0.137687959669147,0.323004505670899,0.296381911921858,0.0154766317334791,0.0131116589531646,0.800444390145723,0.0285117281746019,0.0805949464344842,0.0724741162797482,0.3265849645262,0.298632622315467,156654,45821,"Simulation_08","S6_opportunity"
"mcmc_Fixed",0.493753799955116,0.469066121560624,0.154502747447627,1,0.0777777777777778,0.783061131103365,0.7713399885659,0.138357069819731,0.145366990632833,0.306805185982736,0.319356301039773,0.00839820480445152,0.0113071251703645,0.19894372041371,0.0359410003763444,0.0741309003473448,0.0757928039440843,0.188643560200339,0.19344827192078,177013,45478,"Simulation_09","S6_opportunity"
"mcmc_Fixed",0.461440052207116,0.434918832076194,0.155858120083612,0.96551724137931,0.0444444444444444,0.739259996559267,0.731588340273647,0.1649032908157,0.176383105294468,0.367883960641625,0.381747326744399,0.0138742419925262,0.00952700610326879,0.0263998945451054,0.194095622832435,0.0948606226103487,0.105582771147561,0.379683032816869,0.456041502472611,162756,33620,"Simulation_10","S6_opportunity"
"mcmc_Fixed",0.401546883179911,0.446189814196623,0.10299510965053,1,0.0555555555555556,0.716538133469341,0.724378465390807,0.171651175265347,0.168306206403148,0.396844613093624,0.389837887021801,0.00421987591335331,0.00751270287184067,0.183993136369501,0.0999252106852848,0.0843846365794884,0.0856879837633023,0.203260612542502,0.204332220454307,113719,27955,"Simulation_11","S6_opportunity"
"mcmc_Fixed",0.630712399365512,0.834716603457303,0.183722405381589,1,0.111111111111111,0.746043317531047,0.745216642136626,0.191961108259319,0.19485228129375,0.358035451280419,0.361374004194002,0.00434095972325956,0.00425616123253752,0.196074903422692,0.804494847127887,0.13696136507716,0.144770031369673,0.3109991399088,0.326719618108302,231823,55714,"Simulation_12","S6_opportunity"
"mcmc_Fixed",0.500733474303,0.513874234492905,0.17446961630112,1,0.0666666666666667,0.736639345561774,0.731833561137377,0.184753026723951,0.191176141074189,0.370487015454893,0.379062109161364,0.0124372900679142,0.00974302005676335,0.034636166017002,0.0350735387881582,0.117102561075726,0.125905183456904,0.397550613564823,0.459038841604261,189231,44629,"Simulation_13","S6_opportunity"
"mcmc_Fixed",0.403073941482955,0.412907586093579,0.121183981249519,1,0.0444444444444444,0.729774895970855,0.742486098402196,0.156753956449807,0.150841134651932,0.377857351896194,0.359449250592362,0.00890826467819631,0.00730072786174981,0.197121607937428,0.198892869867076,0.0747510490020135,0.0744278438771324,0.192792254701668,0.191044689399129,119678,28414,"Simulation_14","S6_opportunity"
"mcmc_Fixed",0.464010507271741,0.418222964275153,0.150105437656178,1,0.0444444444444444,0.723153541187411,0.722945140082385,0.197108560520777,0.195160542324795,0.386333675799513,0.38692509652901,0.0134336043552073,0.0168897638007685,0.14151429111643,0.191441161228451,0.114530697633249,0.113765542084785,0.267603320739266,0.265663296025912,163448,36657,"Simulation_15","S6_opportunity"
"mcmc_Fixed",0.475406126397769,0.457142223848362,0.152216197320647,1,0.0888888888888889,0.760429555113239,0.768446442276066,0.153988918177417,0.150559149216095,0.33662278388128,0.324574478331034,0.0108112044035766,0.00857155030402905,0.186031700455018,0.198505768724419,0.0832672511640397,0.0809360961340077,0.315943487521265,0.312272790435639,148712,36484,"Simulation_16","S6_opportunity"
"mcmc_Fixed",0.427971064322841,0.432719556564562,0.130964094635696,1,0.0888888888888889,0.759607305532216,0.755882262479624,0.147791093618715,0.151047273398333,0.335455321654241,0.340328318305821,0.00849673432205899,0.0110956900275995,0.0236348292516997,0.0546654852595314,0.0750160962710526,0.077826704294382,0.189151497220005,0.194759118591343,135678,32513,"Simulation_17","S6_opportunity"
"mcmc_Fixed",0.504653605563824,0.459017179038613,0.148308541305095,0.96969696969697,0.1,0.754595153996715,0.75323540525222,0.147247407140768,0.147553372378613,0.344493698226986,0.346814774273657,0.00460657554387015,0.00480489555429196,0.209747750685191,0.190020473472666,0.0770536277521838,0.0767092378267624,0.349535135571434,0.35305710055384,177796,42344,"Simulation_18","S6_opportunity"
"mcmc_Fixed",0.476362221179004,0.451354675140587,0.170425731501886,0.973684210526316,0.111111111111111,0.73411370191255,0.742312547336531,0.203191961911674,0.197576369603635,0.372766923497965,0.361904252090609,0.0175724889541552,0.0129780384422569,0.193452973715697,0.831156419725825,0.13769077552969,0.134190229560544,0.325232690956046,0.31701628079785,159839,39610,"Simulation_19","S6_opportunity"
"mcmc_Fixed",0.471045797263031,0.458127109872748,0.163445749424236,1,0.0777777777777778,0.767348654005369,0.749527361913035,0.156426403070825,0.1687190230443,0.331590402864499,0.353118506680995,0.0144500087256318,0.0149263193225389,0.305446020281093,0.117466687625404,0.0974929251168265,0.102650110818229,0.376967727906665,0.398322195908239,159436,39142,"Simulation_20","S6_opportunity"
