"model","Kest","Sensitivity","Precision","F1","cosine_R","rmse_sig","rmse_theta","rmse_Betas","sign_Betas","fp_Betas","rmse_lambda_in","rmse_lambda_out","rmse_counts_in","rmse_counts_out","time","iter","effectiveBetas","effectiveSigs","effectiveTheta","effectiveMu","effectiveSigma2","effectiveLogPost","effectiveLogLik","effectiveLogPrior","Simulation","Scenario","n","J"
"CompNMF",7,0.875,1,0.933333333333333,0.970594879031433,0.00610332224253337,177.726370890926,0.337976806130465,0,0,0.0517703880160852,0.06116529973927,0.310723763135833,0.333140400566967,0.0211143374443054,9899,NA,NA,NA,NA,NA,NA,NA,NA,"Simulation_01","S0_baseline",174779,100
"SignatureAnalyzer",8,0.875,0.875,0.875,0.970207838147074,0.00463085450955734,97.8995404036683,0.337976806130465,0,0,0.0517636089621333,0.0611300407264389,0.31072242989634,0.333140554945149,0.92398822704951,NA,NA,NA,NA,NA,NA,NA,NA,NA,"Simulation_01","S0_baseline",174779,100
"PPF_map",8,1,1,1,0.998377363953575,0.00118816583624024,18.3012773204143,0.011992055319741,1,0,0.00237591509882812,0.00325364437543415,0.293238573973137,0.306098341639482,4.5929240266482,240,NA,NA,NA,NA,NA,NA,NA,NA,"Simulation_01","S0_baseline",174779,100
"PPF_mcmc",8,1,1,1,0.998289050107552,0.0016089424891963,20.6046465615864,0.0120739266425938,0.975,0,0.00187081131126862,0.00247020109415209,0.29323174068307,0.306071818581175,25.6830837607384,NA,163.297108393197,317.460696871324,442.646003230245,954.343958187421,1778.88270616409,150,150,150,"Simulation_01","S0_baseline",174779,100
"CompNMF",7,1,1,1,0.96911540112757,0.00597945167204046,136.035147793637,0.363268534169348,0,0,0.181890856821182,0.0690683573101407,0.477970670927678,0.350358487324064,0.0254347642262777,11704,NA,NA,NA,NA,NA,NA,NA,NA,"Simulation_02","S0_baseline",232385,100
"SignatureAnalyzer",8,0.875,0.875,0.875,0.954213506018679,0.00533066200080148,91.0429680861995,0.363268534169348,0,0,0.181891253642932,0.0691500503110375,0.477970391523912,0.350378047537886,2.18223692973455,NA,NA,NA,NA,NA,NA,NA,NA,NA,"Simulation_02","S0_baseline",232385,100
"PPF_map",8,1,1,1,0.997457937669722,0.00118656922774597,30.2749302313116,0.0150483018959234,0.95,0,0.00270049041429082,0.00163047510431168,0.344253909245699,0.32875675458203,11.0742018818855,420,NA,NA,NA,NA,NA,NA,NA,NA,"Simulation_02","S0_baseline",232385,100
"PPF_mcmc",8,1,1,1,0.997905720679706,0.0011935095075264,24.9725866601195,0.0141240036157147,0.95,0,0.00250378818878126,0.00133080531387226,0.344249310335902,0.328755637548063,35.6252371072769,NA,177.888032715769,314.564363825247,482.181058562257,1019.44253572761,1511.11173544022,150,116.226758716294,150,"Simulation_02","S0_baseline",232385,100
"CompNMF",8,0.875,0.875,0.875,0.972897365219941,0.00451531601410943,147.526348338492,0.316623125053858,0,0,0.057006572092412,0.0481823845663992,0.313056043727993,0.30568866399633,0.0144372264544169,7349,NA,NA,NA,NA,NA,NA,NA,NA,"Simulation_03","S0_baseline",171823,100
"SignatureAnalyzer",8,1,1,1,0.982339002917186,0.00412500043710754,73.6773299554794,0.316623125053858,0,0,0.0570003626838988,0.0482262015546293,0.313054233247752,0.305702228778086,1.88988697528839,NA,NA,NA,NA,NA,NA,NA,NA,NA,"Simulation_03","S0_baseline",171823,100
"PPF_map",8,1,1,1,0.998365221701315,0.00120289013790914,18.694440993141,0.0109906086005725,1,0,0.00207771898333691,0.00195236299247928,0.294191524240516,0.288842210655579,5.26924101511637,260,NA,NA,NA,NA,NA,NA,NA,NA,"Simulation_03","S0_baseline",171823,100
"PPF_mcmc",8,1,1,1,0.99834490861887,0.00181257455297243,19.1013290382742,0.0112567333166273,1,0,0.00178496729414528,0.00191734317036351,0.294189632018911,0.288846236115545,25.1999588370323,NA,144.962304626698,320.948186352298,448.143672750611,1156.34588151346,1453.28726104844,150,150,150,"Simulation_03","S0_baseline",171823,100
"CompNMF",7,0.875,1,0.933333333333333,0.968414892533675,0.00530398309698611,88.7704981525613,0.347083590147513,0,0,0.0731824376134584,0.0558020635351572,0.333411924540103,0.338239011233982,0.0136537273724874,5911,NA,NA,NA,NA,NA,NA,NA,NA,"Simulation_04","S0_baseline",194526,100
"SignatureAnalyzer",7,0.875,1,0.933333333333333,0.960562583048566,0.00541157847513773,87.358673793299,0.347083590147513,0,0,0.073175931723353,0.05574870122193,0.333412108987389,0.338226028990095,1.63131254911423,NA,NA,NA,NA,NA,NA,NA,NA,NA,"Simulation_04","S0_baseline",194526,100
"PPF_map",8,1,1,1,0.997720287360648,0.00129131686015396,20.6111829359884,0.0111235695990818,1,0,0.00228189958756488,0.00233056664328394,0.308168651053598,0.323113047212772,5.78404068946838,270,NA,NA,NA,NA,NA,NA,NA,NA,"Simulation_04","S0_baseline",194526,100
"PPF_mcmc",8,1,1,1,0.997673681507872,0.00198041442578108,23.5414109892125,0.0118981924134999,1,0,0.00186365255170608,0.00219750238331625,0.308166266544939,0.323111611396602,27.0389758467674,NA,145.635966990882,311.609058322532,450.510464035221,1217.65790617672,1500,150,150,150,"Simulation_04","S0_baseline",194526,100
"CompNMF",7,0.875,1,0.933333333333333,0.963920504920975,0.00608791299803532,116.922051149983,0.43408221514894,0,0,0.17138675938057,0.0737456832887372,0.455946783136864,0.317964025811181,0.0103012124697367,4006,NA,NA,NA,NA,NA,NA,NA,NA,"Simulation_05","S0_baseline",230373,100
"SignatureAnalyzer",8,0.875,0.875,0.875,0.966835950004573,0.00548714427687398,82.1763224058289,0.43408221514894,0,0,0.171385920291086,0.0739462940611876,0.455946888322449,0.318025909452263,0.95320125023524,NA,NA,NA,NA,NA,NA,NA,NA,NA,"Simulation_05","S0_baseline",230373,100
"PPF_map",8,1,1,1,0.998338551844492,0.00117312238804144,21.2454623943208,0.00947203183163881,1,0,0.00211633610918059,0.00254134453200382,0.348871558605254,0.292291167717745,10.2160414775213,380,NA,NA,NA,NA,NA,NA,NA,NA,"Simulation_05","S0_baseline",230373,100
"PPF_mcmc",8,1,1,1,0.998145889873613,0.00153550825505575,23.8288120386533,0.00968468078131604,1,0,0.00185722915029512,0.00220128698315354,0.348850194340714,0.292296530202822,36.6024247209231,NA,172.029462370859,368.017175862423,496.786440848269,1162.82060135225,1516.40301844905,150,150,150,"Simulation_05","S0_baseline",230373,100
"CompNMF",7,0.875,1,0.933333333333333,0.958427047253496,0.00644842396412408,116.166470046833,0.344292687420987,0,0,0.185896028334988,0.105496275079537,0.454892895440963,0.372356552633976,0.00844964186350505,3635,NA,NA,NA,NA,NA,NA,NA,NA,"Simulation_06","S0_baseline",209425,100
"SignatureAnalyzer",7,0.75,0.857142857142857,0.8,0.959260925913102,0.00586012504766464,107.218922435013,0.344292687420987,0,0,0.185892914984644,0.105503997604393,0.454892776950399,0.372360668743303,0.913858377933502,NA,NA,NA,NA,NA,NA,NA,NA,NA,"Simulation_06","S0_baseline",209425,100
"PPF_map",8,1,1,1,0.996985444832201,0.00151173168426331,21.3843928725276,0.0150955605804265,0.975,0,0.00373501912449362,0.00484849162183985,0.322956826063441,0.327013494087253,4.32252994378408,190,NA,NA,NA,NA,NA,NA,NA,NA,"Simulation_06","S0_baseline",209425,100
"PPF_mcmc",8,1,1,1,0.996269268065247,0.00203919759156525,25.368021898377,0.014990797868028,0.975,0,0.00317212526768431,0.00449499792273033,0.32293032888862,0.327008799212592,30.8506836771965,NA,168.491284951878,316.840695282849,460.019994817821,815.584597222278,1485.53376499248,150,99.2200889301454,150,"Simulation_06","S0_baseline",209425,100
"CompNMF",7,0.875,1,0.933333333333333,0.959954909984161,0.00539429833800548,93.0377529181587,0.396040507826046,0,0,0.216366919814365,0.12731355648691,0.549180332950936,0.439457395322771,0.0095093568166097,3700,NA,NA,NA,NA,NA,NA,NA,NA,"Simulation_07","S0_baseline",274532,100
"SignatureAnalyzer",7,0.875,1,0.933333333333333,0.960799593129444,0.00497833726265126,82.8847029553298,0.396040507826046,0,0,0.216363383182314,0.127345703727892,0.549178758154804,0.439473245250147,1.66660969654719,NA,NA,NA,NA,NA,NA,NA,NA,NA,"Simulation_07","S0_baseline",274532,100
"PPF_map",8,1,1,1,0.996741834806657,0.00127549476473389,24.9943309836416,0.0164887211128104,0.975,0.025,0.00431490598318542,0.00251355227695758,0.371430791255762,0.369083670443451,15.1332935214043,550,NA,NA,NA,NA,NA,NA,NA,NA,"Simulation_07","S0_baseline",274532,100
"PPF_mcmc",8,1,1,1,0.996894545927184,0.00132977232947251,24.8639925368365,0.0159474496695543,1,0.025,0.00372587360073408,0.00212507903731923,0.371425179358049,0.369094867793398,40.1728201985359,NA,186.438454144774,329.023225296165,523.39073315041,1026.23600017097,1493.70692287711,150,103.24412065462,150,"Simulation_07","S0_baseline",274532,100
"CompNMF",7,0.75,0.857142857142857,0.8,0.963901688708233,0.00609419329286949,145.060914835836,0.32387272095289,0,0,0.0966286476561551,0.0594494680270524,0.36800694265434,0.311649191272835,0.00477208296457926,3068,NA,NA,NA,NA,NA,NA,NA,NA,"Simulation_08","S0_baseline",190145,100
"SignatureAnalyzer",8,0.75,0.75,0.75,0.963146276985273,0.00565330159483468,82.0361077212385,0.32387272095289,0,0,0.0966275943582704,0.0594925710818113,0.36800530923268,0.311662884181342,1.04719409942627,NA,NA,NA,NA,NA,NA,NA,NA,NA,"Simulation_08","S0_baseline",190145,100
"PPF_map",8,1,1,1,0.995899812180595,0.00172092522672937,29.4907906497906,0.0182479922303145,1,0,0.00241685810354499,0.0025429711678741,0.312436088793828,0.290114587484658,7.52310307820638,360,NA,NA,NA,NA,NA,NA,NA,NA,"Simulation_08","S0_baseline",190145,100
"PPF_mcmc",8,1,1,1,0.996437302396572,0.00211365251682932,27.6501950915793,0.0153157416197101,1,0,0.00201835159818671,0.00200620137954439,0.312436343408295,0.290106742542868,27.7088843385379,NA,167.352076840526,301.023047676628,458.489756156385,1033.57078947665,1472.15548165573,150,150,150,"Simulation_08","S0_baseline",190145,100
"CompNMF",7,0.875,1,0.933333333333333,0.963941649367908,0.00583819805343666,114.024166231154,0.324748911339868,0,0,0.0974283385923739,0.0765974839054619,0.348179009855779,0.360877652906588,0.0105140606562297,3988,NA,NA,NA,NA,NA,NA,NA,NA,"Simulation_09","S0_baseline",183283,100
"SignatureAnalyzer",8,0.875,0.875,0.875,0.961084521909747,0.00464185334591614,73.3476064078119,0.324748911339868,0,0,0.0974262482147034,0.0765633493411773,0.348179196533558,0.360881699393999,1.38741372823715,NA,NA,NA,NA,NA,NA,NA,NA,NA,"Simulation_09","S0_baseline",183283,100
"PPF_map",8,1,1,1,0.99704389147862,0.0014940925296024,21.0215039692041,0.012811838051921,1,0,0.00278415957838062,0.00249718882522585,0.296402743525616,0.324824807112646,3.54575540622075,170,NA,NA,NA,NA,NA,NA,NA,NA,"Simulation_09","S0_baseline",183283,100
"PPF_mcmc",8,1,1,1,0.997065941206338,0.00185226448490343,21.5749696519141,0.0123328804137712,1,0,0.00252785397217584,0.00166212147126148,0.296401462044034,0.324896198203456,24.8053284962972,NA,163.939306155587,327.881718917811,442.890404360022,993.380048208149,1483.01445963254,150,109.274975567147,150,"Simulation_09","S0_baseline",183283,100
"CompNMF",7,0.875,1,0.933333333333333,0.958635996663086,0.00549402180559392,118.774043746763,0.343905647334347,0,0,0.0963658496475214,0.124047717044389,0.367684144900676,0.41517036806347,0.0168437719345093,8783,NA,NA,NA,NA,NA,NA,NA,NA,"Simulation_10","S0_baseline",210216,100
"SignatureAnalyzer",8,0.875,0.875,0.875,0.953931513022316,0.00525413045833421,89.5767454491783,0.343905647334347,0,0,0.0963627926769578,0.124004268674518,0.367683437052449,0.415155241697143,1.28631956179937,NA,NA,NA,NA,NA,NA,NA,NA,NA,"Simulation_10","S0_baseline",210216,100
"PPF_map",8,1,1,1,0.997833452327351,0.00126750058705851,19.5344659878283,0.0114904924109366,0.975,0,0.00221478551052286,0.00377554961007333,0.318155039294457,0.346380245382411,8.20979793866475,360,NA,NA,NA,NA,NA,NA,NA,NA,"Simulation_10","S0_baseline",210216,100
"PPF_mcmc",8,1,1,1,0.997775548730231,0.00191728960702185,21.0120597104585,0.0120785727144832,0.975,0,0.00197181564986088,0.00332551906983903,0.318154953492129,0.346382470802982,29.8447688579559,NA,157.91137119446,350.639547238426,457.361685704874,1073.53650565059,1392.97149404133,206.707284395899,150,201.915439214482,"Simulation_10","S0_baseline",210216,100
"CompNMF",7,0.625,0.714285714285714,0.666666666666667,0.953934892353849,0.00647451584511318,205.539789743328,0.511086289999832,0,0,0.478853735122669,0.792086515686191,0.990535008401989,1.53382392308698,0.00977794726689657,4859,NA,NA,NA,NA,NA,NA,NA,NA,"Simulation_11","S0_baseline",497085,100
"SignatureAnalyzer",8,0.875,0.875,0.875,0.963331734690927,0.00490124651309504,117.496726456363,0.511086289999832,0,0,0.478853120935505,0.792081614787716,0.990534319054165,1.53382583343218,2.01868948539098,NA,NA,NA,NA,NA,NA,NA,NA,NA,"Simulation_11","S0_baseline",497085,100
"PPF_map",9,1,0.888888888888889,0.941176470588235,0.987658926697937,0.00895328355691117,378.919451936999,0.261756052404269,1,0,0.00481924168690665,0.0151880761883129,0.496540713139771,0.509281036282952,15.3474838932355,290,NA,NA,NA,NA,NA,NA,NA,NA,"Simulation_11","S0_baseline",497085,100
"PPF_mcmc",8,1,1,1,0.997889959911548,0.0013793963945202,29.3245561117419,0.0106330907615473,1,0,0.00441481824786194,0.0063494683080912,0.496525177555775,0.508802100369605,66.50077359279,NA,201.758942833787,403.274372442752,582.307252418985,1185.46904488703,1464.17540390174,195.804660151739,150,150,"Simulation_11","S0_baseline",497085,100
"CompNMF",7,0.875,1,0.933333333333333,0.975504270964012,0.0059080850955357,131.03196550777,0.337385792538591,0,0,0.104275680183308,0.062590636647317,0.367556942319402,0.307945932984166,0.0103272040685018,3969,NA,NA,NA,NA,NA,NA,NA,NA,"Simulation_12","S0_baseline",202712,100
"SignatureAnalyzer",8,0.875,0.875,0.875,0.968935483269341,0.00993041621051677,113.931829257276,0.337385792538591,0,0,0.10426415018119,0.0627585503371817,0.367555627815051,0.307994811657364,2.04592867294947,NA,NA,NA,NA,NA,NA,NA,NA,NA,"Simulation_12","S0_baseline",202712,100
"PPF_map",8,1,1,1,0.998076632250355,0.00135708625768011,26.0894951373244,0.0128050585181365,0.975,0,0.00257917250070541,0.00197140188620155,0.325117632402809,0.288975669895916,3.94002915620804,180,NA,NA,NA,NA,NA,NA,NA,NA,"Simulation_12","S0_baseline",202712,100
"PPF_mcmc",8,1,1,1,0.998097041655846,0.00149169238944626,24.97022246053,0.0126941515951307,0.975,0,0.00202344599992667,0.00166024446639442,0.325124860468264,0.288972496478286,32.1122930606206,NA,155.392278742037,280.661612017338,426.631288104152,916.823956132857,1476.2457980071,150,150,252.112433990757,"Simulation_12","S0_baseline",202712,100
"CompNMF",7,1,1,1,0.973633060415092,0.00559170607592847,179.904636996526,0.316764041979779,0,0,0.0939765822971269,0.0865406623822817,0.355676667286935,0.346225718115087,0.00957364638646444,6045,NA,NA,NA,NA,NA,NA,NA,NA,"Simulation_13","S0_baseline",192104,100
"SignatureAnalyzer",8,0.875,0.875,0.875,0.971834783821511,0.00409221837936126,92.8377514769748,0.316764041979779,0,0,0.0939733917712214,0.0865518434999158,0.355675713549649,0.346228299660624,1.26820955673854,NA,NA,NA,NA,NA,NA,NA,NA,NA,"Simulation_13","S0_baseline",192104,100
"PPF_map",8,1,1,1,0.998197337939065,0.00126333906652977,21.2067881908839,0.0128104096631412,1,0,0.00211936049766606,0.00349278581251052,0.309520089816183,0.311155740825515,5.95606091419856,300,NA,NA,NA,NA,NA,NA,NA,NA,"Simulation_13","S0_baseline",192104,100
"PPF_mcmc",8,1,1,1,0.998041509925951,0.00165958814421916,22.6079260034155,0.0131113136389644,1,0,0.00181111432613974,0.00250132890768588,0.309520295435327,0.311166531997251,26.0691940466563,NA,178.588797656502,330.875364952781,450.745789723963,910.657136874785,1424.34533894216,97.2719999063384,150,107.085568104356,"Simulation_13","S0_baseline",192104,100
"CompNMF",7,0.875,1,0.933333333333333,0.963311623296438,0.00557290326729661,104.086237033105,0.290795912183121,0,0,0.0458553083303822,0.0434176469657242,0.302997383975426,0.312002524422802,0.0135539809862773,8595,NA,NA,NA,NA,NA,NA,NA,NA,"Simulation_14","S0_baseline",165928,100
"SignatureAnalyzer",8,0.75,0.75,0.75,0.951362687013604,0.00561316065006036,73.5967667878762,0.290795912183121,0,0,0.0458512793063512,0.0433867484096727,0.302996368002886,0.311998310190624,1.1228798588117,NA,NA,NA,NA,NA,NA,NA,NA,NA,"Simulation_14","S0_baseline",165928,100
"PPF_map",8,1,1,1,0.995549617253913,0.00149067559089417,23.3925084100446,0.0133152745113161,1,0,0.00164192271169615,0.00199466593159741,0.285919849624838,0.296282607653132,2.49488943417867,150,NA,NA,NA,NA,NA,NA,NA,NA,"Simulation_14","S0_baseline",165928,100
"PPF_mcmc",8,1,1,1,0.995826678353462,0.0018730112425899,24.7018700154636,0.0138467019665637,1,0,0.00130673326855051,0.00162596876662886,0.28592021284433,0.296277590344153,25.7148448149363,NA,152.991898508045,258.948315050507,424.514069867045,929.11093803261,1500,238.697903183491,113.70646136027,258.353953565097,"Simulation_14","S0_baseline",165928,100
"CompNMF",7,0.875,1,0.933333333333333,0.95819718572016,0.00543679520042332,124.260551022765,0.390798154307972,0,0,0.249399842087018,0.071733347451603,0.479919889283252,0.326315517342714,0.00795392195383708,3063,NA,NA,NA,NA,NA,NA,NA,NA,"Simulation_15","S0_baseline",213781,100
"SignatureAnalyzer",8,0.875,0.875,0.875,0.949494423605595,0.00542229758657177,91.9720100090354,0.390798154307972,0,0,0.249398190889564,0.0717732736531635,0.479919376968368,0.326330411212735,1.23460049629211,NA,NA,NA,NA,NA,NA,NA,NA,NA,"Simulation_15","S0_baseline",213781,100
"PPF_map",8,1,1,1,0.998301233203936,0.00127575036035209,20.424525741645,0.00936644075826864,1,0,0.0042270131614591,0.00252728764201857,0.330902724924522,0.305441274167846,9.806236632665,380,NA,NA,NA,NA,NA,NA,NA,NA,"Simulation_15","S0_baseline",213781,100
"PPF_mcmc",8,1,1,1,0.998242815528516,0.0021978292026443,22.8640429317694,0.0104824857180934,1,0,0.00352321290665995,0.00187685642995982,0.330893988841339,0.305450897267441,33.3333994825681,NA,155.028423847286,323.763083914936,466.865906027444,1090.38139584218,1514.05252461768,146.090174398995,150,222.409739364451,"Simulation_15","S0_baseline",213781,100
"CompNMF",7,0.875,1,0.933333333333333,0.971498769295751,0.00586510869112577,119.045382915398,0.343534374391347,0,0,0.0864238544639182,0.085472263717353,0.344969861262597,0.356934323471981,0.0209731062253316,9758,NA,NA,NA,NA,NA,NA,NA,NA,"Simulation_16","S0_baseline",194182,100
"SignatureAnalyzer",8,0.875,0.875,0.875,0.96071739288394,0.00510069896712147,81.6322401082114,0.343534374391347,0,0,0.0864250812481622,0.0854417390023802,0.344970266986235,0.356922082314743,1.16397952636083,NA,NA,NA,NA,NA,NA,NA,NA,NA,"Simulation_16","S0_baseline",194182,100
"PPF_map",8,1,1,1,0.997865096018678,0.00113237803355592,19.5677117440496,0.0103718084205699,1,0,0.00206507808436083,0.00228385216133359,0.308817695668547,0.320886029203471,5.67063966592153,270,NA,NA,NA,NA,NA,NA,NA,NA,"Simulation_16","S0_baseline",194182,100
"PPF_mcmc",8,1,1,1,0.997896941815974,0.00153200982903578,21.5930050426541,0.0115791521498514,1,0,0.00171311254764563,0.00236550491488808,0.308820310473282,0.320896186653075,27.1904517928759,NA,169.550693202707,328.886378184094,473.677301851392,1153.28325408571,1517.47224121841,150,150,150,"Simulation_16","S0_baseline",194182,100
"CompNMF",7,0.875,1,0.933333333333333,0.966100827631024,0.00522565483452691,140.542822507691,0.33743666198335,0,0,0.0884288418339082,0.0505344814357366,0.352179441953511,0.313767943873398,0.00930401881535848,4254,NA,NA,NA,NA,NA,NA,NA,NA,"Simulation_17","S0_baseline",192388,100
"SignatureAnalyzer",8,0.875,0.875,0.875,0.964521868222547,0.0049458119838567,96.5478431889011,0.33743666198335,0,0,0.0884273485789922,0.050600096019593,0.352178840671516,0.313779131266827,1.6615517338117,NA,NA,NA,NA,NA,NA,NA,NA,NA,"Simulation_17","S0_baseline",192388,100
"PPF_map",8,1,1,1,0.998582087666956,0.00125849683728364,18.7334928159512,0.0118457572163955,1,0,0.00206219771915623,0.00193134041795652,0.31275217683233,0.299311765132627,5.23761197725932,260,NA,NA,NA,NA,NA,NA,NA,NA,"Simulation_17","S0_baseline",192388,100
"PPF_mcmc",8,1,1,1,0.998458027382396,0.00258420365629139,21.0973314160529,0.0130718922986077,1,0,0.0018925511365081,0.00188853091204657,0.312747952578969,0.299317754531581,27.5212619622548,NA,142.000265051738,352.242229570724,444.223346664785,1187.67196762132,1524.50795032161,150,160.048231864531,150,"Simulation_17","S0_baseline",192388,100
"CompNMF",7,0.75,0.857142857142857,0.8,0.955472633135047,0.00605015820938415,118.218858795499,0.378334458555174,0,0,0.129665607565124,0.0754593728708441,0.390726102653833,0.360505811574961,0.00530791680018107,3179,NA,NA,NA,NA,NA,NA,NA,NA,"Simulation_18","S0_baseline",203615,100
"SignatureAnalyzer",8,0.875,0.875,0.875,0.960158271493707,0.00606859385858305,91.7960222867507,0.378334458555174,0,0,0.129661367771114,0.0754603370858575,0.390725835591485,0.360497024068691,0.847144651412964,NA,NA,NA,NA,NA,NA,NA,NA,NA,"Simulation_18","S0_baseline",203615,100
"PPF_map",8,1,1,1,0.998198014977408,0.00118850432201601,19.0116877796267,0.0127747704276806,0.975,0.025,0.00282022091889479,0.00373605263853824,0.31710641075174,0.326319439596712,10.2856894731522,470,NA,NA,NA,NA,NA,NA,NA,NA,"Simulation_18","S0_baseline",203615,100
"PPF_mcmc",8,1,1,1,0.99809304751803,0.00256037756397596,21.4042181454665,0.0132964186835264,0.975,0,0.00225493314445282,0.00355379504644313,0.317102677652461,0.326325955120719,31.4283120671908,NA,147.458740180178,355.576253070149,469.291517718793,1231.00599104125,1566.11252588593,150,150,121.703896615629,"Simulation_18","S0_baseline",203615,100
"CompNMF",7,0.875,1,0.933333333333333,0.971410382284794,0.00674986032424059,112.413070319564,0.277131898517249,0,0,0.0439368466329095,0.0275561421489765,0.288294681416642,0.260247597189369,0.00917754968007406,3562,NA,NA,NA,NA,NA,NA,NA,NA,"Simulation_19","S0_baseline",147254,100
"SignatureAnalyzer",7,0.875,1,0.933333333333333,0.96497663063816,0.00660867614844021,99.1175930827465,0.277131898517249,0,0,0.0439285362668402,0.027695737046376,0.288293891232396,0.260267347923491,1.73107904195786,NA,NA,NA,NA,NA,NA,NA,NA,NA,"Simulation_19","S0_baseline",147254,100
"PPF_map",8,1,1,1,0.997034481792652,0.00253017639696572,22.439295306387,0.0146539262046281,1,0,0.00158430696560511,0.00148524662380101,0.275144967257517,0.255163712822335,3.66473686297735,210,NA,NA,NA,NA,NA,NA,NA,NA,"Simulation_19","S0_baseline",147254,100
"PPF_mcmc",8,1,1,1,0.996498586823884,0.00382125219183018,26.5416108445925,0.0156149682017535,1,0,0.00133371072467637,0.00113349850800738,0.275141725012015,0.255168212620767,23.7084206183751,NA,131.353653864501,245.426641712259,376.358036883965,600.617610339665,1559.81716331096,150,150,195.84742747721,"Simulation_19","S0_baseline",147254,100
"CompNMF",7,0.75,0.857142857142857,0.8,0.964910808300988,0.00607738964787405,240.167786733391,0.462447512032197,0,0,0.224544745783411,0.555965084491713,0.623828798939188,1.21181122490008,0.00898219744364421,4209,NA,NA,NA,NA,NA,NA,NA,NA,"Simulation_20","S0_baseline",332361,100
"SignatureAnalyzer",8,1,1,1,0.975777568973386,0.00438214256215382,103.761195932412,0.462447512032197,0,0,0.224543618702987,0.555936600945278,0.623825791035912,1.21179268354294,1.36635193824768,NA,NA,NA,NA,NA,NA,NA,NA,NA,"Simulation_20","S0_baseline",332361,100
"PPF_map",8,1,1,1,0.998766974541188,0.000921034502318223,21.5875678027162,0.00874572342743609,0.975,0,0.00357741227720092,0.0105762990144403,0.399047601595531,0.449349720143036,19.4871570150057,580,NA,NA,NA,NA,NA,NA,NA,NA,"Simulation_20","S0_baseline",332361,100
"PPF_mcmc",8,1,1,1,0.998775290834178,0.00110971749309181,22.7175317122117,0.00859872938469911,0.975,0,0.00323525738571683,0.00626453037643245,0.399040069043914,0.449411588988711,43.1211488604546,NA,205.610884606337,451.425954322069,548.163491671104,1317.33351989269,1407.80442473821,150,150,150,"Simulation_20","S0_baseline",332361,100
"CompNMF",7,0.875,1,0.933333333333333,0.974522514205641,0.00497104938060049,138.190099974743,0.397463398929414,0,0,0.116669700520649,0.196047509927916,0.454537356713968,0.530079741002502,0.0249106844266256,3305,NA,NA,NA,NA,NA,NA,NA,NA,"Simulation_01","S1_epigenome_v025",240198,100
"SignatureAnalyzer",8,0.875,0.875,0.875,0.959455041484945,0.00510502662730622,117.983667561238,0.397463398929414,0,0,0.11667386203975,0.196034232890002,0.454537890784266,0.530069870603941,1.68334397872289,NA,NA,NA,NA,NA,NA,NA,NA,NA,"Simulation_01","S1_epigenome_v025",240198,100
"PPF_map",8,1,1,1,0.9983146276595,0.00108518337584315,27.998634537466,0.0454256272818582,1,0,0.0228294089882427,0.0378160626607026,0.403483526453299,0.441197456836319,7.77820320924123,300,NA,NA,NA,NA,NA,NA,NA,NA,"Simulation_01","S1_epigenome_v025",240198,100
"PPF_mcmc",8,1,1,1,0.99822065400049,0.00146727413731997,29.8034297300229,0.0446184403733305,1,0,0.022273554490859,0.036900862446969,0.403448777381601,0.441198087589279,34.5374853690465,NA,166.083290665462,331.871681576291,445.062398403657,943.357586640944,1491.64770133771,150,85.4523702338754,150,"Simulation_01","S1_epigenome_v025",240198,100
"CompNMF",7,1,1,1,0.980738606040734,0.00628285439029529,270.586633690413,0.368702601531329,0,0,0.0729201698852156,0.0997410724193413,0.357120396601289,0.371672891765492,0.00613938172658285,3986,NA,NA,NA,NA,NA,NA,NA,NA,"Simulation_02","S1_epigenome_v025",203943,100
"SignatureAnalyzer",8,1,1,1,0.978490669237368,0.0046641517236453,114.040704884752,0.368702601531329,0,0,0.0729265895948236,0.0997510036746808,0.357119363145007,0.371672878879993,1.88206609487534,NA,NA,NA,NA,NA,NA,NA,NA,NA,"Simulation_02","S1_epigenome_v025",203943,100
"PPF_map",8,1,1,1,0.998602823808132,0.00145307924310593,27.8546629035185,0.0440051070927448,1,0,0.010997554671086,0.0176483804905301,0.337802091340784,0.339703175080555,5.39241435527802,260,NA,NA,NA,NA,NA,NA,NA,NA,"Simulation_02","S1_epigenome_v025",203943,100
"PPF_mcmc",8,1,1,1,0.99868126237106,0.00191209293280105,28.772652758721,0.0417417332252412,1,0,0.0105079846081436,0.0160373466897153,0.337807630500248,0.339785438722872,30.9675834019979,NA,160.388011235686,319.595489088689,403.377192695121,1081.85307126202,1478.89529906822,150,150,150,"Simulation_02","S1_epigenome_v025",203943,100
"CompNMF",7,0.875,1,0.933333333333333,0.967720055736566,0.00498173502359451,113.301107962639,0.339428994338906,0,0,0.111301167749589,0.0828805089648386,0.404559926621906,0.357029899089324,0.0220810135205587,3978,NA,NA,NA,NA,NA,NA,NA,NA,"Simulation_03","S1_epigenome_v025",213209,100
"SignatureAnalyzer",8,0.875,0.875,0.875,0.964655168569894,0.0048075891609787,86.6336067248367,0.339428994338906,0,0,0.111299510955101,0.0829252259680136,0.404559074710203,0.357044421346524,2.38491976658503,NA,NA,NA,NA,NA,NA,NA,NA,NA,"Simulation_03","S1_epigenome_v025",213209,100
"PPF_map",8,1,1,1,0.997983249592848,0.00147805608197985,24.7919342840053,0.0371136525471491,0.95,0,0.0253861090862424,0.0144706335700426,0.36489863473901,0.333621015088835,8.23122357924779,330,NA,NA,NA,NA,NA,NA,NA,NA,"Simulation_03","S1_epigenome_v025",213209,100
"PPF_mcmc",8,1,1,1,0.99767331688458,0.00224796744217674,28.683146581436,0.0364255255225742,0.975,0,0.0249878364412999,0.014324279671368,0.36489480178609,0.333626509247284,32.2584851861,NA,156.623053877136,311.093597096034,414.806175605072,923.60652972627,1463.28574377506,150,150,150,"Simulation_03","S1_epigenome_v025",213209,100
"CompNMF",7,0.875,1,0.933333333333333,0.97465203909387,0.00529213502771965,117.505641461125,0.369067598784815,0,0,0.166751412667272,0.06426123693223,0.427856887792622,0.330232933945159,0.0325593988100688,7622,NA,NA,NA,NA,NA,NA,NA,NA,"Simulation_04","S1_epigenome_v025",208469,100
"SignatureAnalyzer",8,0.875,0.875,0.875,0.959072580041884,0.00618526847361322,87.7399875730889,0.369067598784815,0,0,0.166748613311544,0.0643550628807406,0.427853349463587,0.330259185621563,1.72006657123566,NA,NA,NA,NA,NA,NA,NA,NA,NA,"Simulation_04","S1_epigenome_v025",208469,100
"PPF_map",8,1,1,1,0.998086655881149,0.00119259742980145,31.6776927539539,0.0430559544920767,1,0,0.0416694392246013,0.00875297752580578,0.370555550442779,0.314247680266635,5.84007857640584,250,NA,NA,NA,NA,NA,NA,NA,NA,"Simulation_04","S1_epigenome_v025",208469,100
"PPF_mcmc",8,1,1,1,0.998121079906174,0.00240832741096791,30.1818632877971,0.0419676133390083,1,0,0.0413122256305271,0.0086403770178724,0.370558896629267,0.314254198234006,33.0599913160006,NA,142.585031034084,289.074859481054,423.124767861426,1127.78156188864,1500,150,150,187.861883186229,"Simulation_04","S1_epigenome_v025",208469,100
"CompNMF",7,0.875,1,0.933333333333333,0.957099458188007,0.00587169209273113,86.6462082237047,0.280453007632363,0,0,0.0461594289836623,0.0498524137301098,0.294616179811009,0.311043374609906,0.0154590566953023,3377,NA,NA,NA,NA,NA,NA,NA,NA,"Simulation_05","S1_epigenome_v025",163554,100
"SignatureAnalyzer",7,0.875,1,0.933333333333333,0.959993213348732,0.00574380106953948,80.1164117388697,0.280453007632363,0,0,0.0461577881535147,0.0497870382771881,0.294615099233663,0.311030682524315,1.61333793401718,NA,NA,NA,NA,NA,NA,NA,NA,NA,"Simulation_05","S1_epigenome_v025",163554,100
"PPF_map",9,1,0.888888888888889,0.941176470588235,0.986925511071357,0.0185769671401645,95.1708294180197,0.107745784804883,1,0,0.0100748184756017,0.0113738636104527,0.287106996933099,0.301011784006444,5.62729984521866,290,NA,NA,NA,NA,NA,NA,NA,NA,"Simulation_05","S1_epigenome_v025",163554,100
"PPF_mcmc",8,1,1,1,0.99631596044335,0.0027984603458464,25.6664300856723,0.0351106023492271,1,0,0.00973928908810174,0.010483485572542,0.287105811860961,0.301020002710485,22.2325132211049,NA,139.358358560944,244.13326664567,377.487236497202,739.255741540061,1471.1587621548,150,150,150,"Simulation_05","S1_epigenome_v025",163554,100
"CompNMF",7,1,1,1,0.980133610035202,0.00617033027574055,221.041269762455,0.361199463169717,0,0,0.0774616075557748,0.0555324028673732,0.364119173157723,0.340094047928217,0.07687695423762,11115,NA,NA,NA,NA,NA,NA,NA,NA,"Simulation_06","S1_epigenome_v025",214678,100
"SignatureAnalyzer",8,0.875,0.875,0.875,0.972014544321227,0.00472676577918435,105.007195718952,0.361199463169717,0,0,0.0774591765621345,0.0556485963429449,0.364118148003311,0.340110554127249,2.00226883888245,NA,NA,NA,NA,NA,NA,NA,NA,NA,"Simulation_06","S1_epigenome_v025",214678,100
"PPF_map",8,1,1,1,0.9980600673433,0.00128143387935084,20.9769007513741,0.0424778487782471,0.975,0,0.0154550133541127,0.00863464625784184,0.343511336779736,0.327281712660844,3.42170488834381,150,NA,NA,NA,NA,NA,NA,NA,NA,"Simulation_06","S1_epigenome_v025",214678,100
"PPF_mcmc",8,1,1,1,0.998030236332881,0.00159070872109785,23.6781942628319,0.0407791466555162,0.975,0,0.0150072210515099,0.00850019623302806,0.343511148775464,0.32729244164652,32.2695442994436,NA,151.062678075744,292.859664775062,458.976516260256,1086.27504674879,1624.40903965468,150,150,150,"Simulation_06","S1_epigenome_v025",214678,100
"CompNMF",8,0.875,0.875,0.875,0.967272019154762,0.00651027795278,194.574690881522,0.400678632705399,0,0,0.198628580442861,0.133712446852922,0.692711985932325,0.524318582354152,0.026956832408905,3764,NA,NA,NA,NA,NA,NA,NA,NA,"Simulation_07","S1_epigenome_v025",280629,100
"SignatureAnalyzer",8,1,1,1,0.981295932760302,0.00515507813743696,141.867524387957,0.400678632705399,0,0,0.198635507734316,0.133737891023816,0.692713902451571,0.524317879904665,3.29381817181905,NA,NA,NA,NA,NA,NA,NA,NA,NA,"Simulation_07","S1_epigenome_v025",280629,100
"PPF_map",8,1,1,1,0.998771611519131,0.00120853777539215,45.163562840327,0.0467873367354646,0.975,0,0.0405516020626381,0.0214498831727952,0.569135399456143,0.463531562929663,12.4713750839233,400,NA,NA,NA,NA,NA,NA,NA,NA,"Simulation_07","S1_epigenome_v025",280629,100
"PPF_mcmc",8,1,1,1,0.998813621199087,0.00200434756621883,44.930786218964,0.0459417979374694,0.975,0,0.0397122101273606,0.0212868872419585,0.569202971851938,0.463593605943739,40.2566640853882,NA,145.077475393391,352.176286471039,449.804561111723,1119.92979149881,1451.99956523489,150,150,118.025319773172,"Simulation_07","S1_epigenome_v025",280629,100
"CompNMF",7,0.875,1,0.933333333333333,0.970385787747211,0.00554179560767614,127.36607758607,0.339596574561612,0,0,0.129469644072184,0.226722981739396,0.411936836617895,0.626532351562717,0.025553297996521,4772,NA,NA,NA,NA,NA,NA,NA,NA,"Simulation_08","S1_epigenome_v025",192499,100
"SignatureAnalyzer",8,0.875,0.875,0.875,0.961391642978758,0.00517498149747707,88.1149828329912,0.339596574561612,0,0,0.129471078817319,0.226709246722489,0.411935737586687,0.626529983214939,1.67969893217087,NA,NA,NA,NA,NA,NA,NA,NA,NA,"Simulation_08","S1_epigenome_v025",192499,100
"PPF_map",8,1,1,1,0.997284214190102,0.00167602720566018,27.7927767454474,0.04056756886228,1,0,0.0280151832141351,0.0514121227191232,0.363873636673565,0.512361645762411,9.61455570459366,430,NA,NA,NA,NA,NA,NA,NA,NA,"Simulation_08","S1_epigenome_v025",192499,100
"PPF_mcmc",8,1,1,1,0.997312049088663,0.00319827291150237,27.9099641286044,0.0379156533543624,0.975,0,0.0275060558283066,0.0496784105125365,0.363907328658067,0.512192980591458,26.0950240691503,NA,145.360293541438,299.213748508871,395.638341945059,835.601811818275,1441.52707691515,150,111.87248402571,150,"Simulation_08","S1_epigenome_v025",192499,100
"CompNMF",7,0.875,1,0.933333333333333,0.971080320396181,0.00579899090728774,154.829822128354,0.408691060956585,0,0,0.27720349851046,0.158030065944521,0.742235687878651,0.558958916840483,0.00760283470153809,3001,NA,NA,NA,NA,NA,NA,NA,NA,"Simulation_09","S1_epigenome_v025",287619,100
"SignatureAnalyzer",8,0.875,0.875,0.875,0.966282763187847,0.00532649023599137,93.07656545529,0.408691060956585,0,0,0.277205553777166,0.158113107840992,0.742234990382083,0.558983385818002,1.66856123209,NA,NA,NA,NA,NA,NA,NA,NA,NA,"Simulation_09","S1_epigenome_v025",287619,100
"PPF_map",8,1,1,1,0.997670942688301,0.0012296213815904,51.8421895149417,0.0462224659735534,1,0,0.0484842938863696,0.0175672679647178,0.626520741921271,0.486263463665578,11.3758856495221,370,NA,NA,NA,NA,NA,NA,NA,NA,"Simulation_09","S1_epigenome_v025",287619,100
"PPF_mcmc",8,1,1,1,0.997686781410111,0.00181869800629106,51.5201517618458,0.0459996704290875,1,0,0.0477157184444797,0.0173130150599657,0.626597816234072,0.486307404151528,42.6495464205742,NA,160.460498941034,347.136461125768,484.478306356341,1352.38755303903,1442.61828339118,225.072137321057,150,229.432744790314,"Simulation_09","S1_epigenome_v025",287619,100
"CompNMF",8,0.875,0.875,0.875,0.971642705955723,0.00507024036745133,157.265524253592,0.413920515469787,0,0,0.15566015019126,0.12129792039839,0.447954750585912,0.423901124750123,0.0288327217102051,5249,NA,NA,NA,NA,NA,NA,NA,NA,"Simulation_10","S1_epigenome_v025",239028,100
"SignatureAnalyzer",8,1,1,1,0.978560486094736,0.00463825558475256,120.147337332457,0.413920515469787,0,0,0.155652055901463,0.12129959595053,0.447953673656032,0.423897930508318,2.74107657670975,NA,NA,NA,NA,NA,NA,NA,NA,NA,"Simulation_10","S1_epigenome_v025",239028,100
"PPF_map",8,1,1,1,0.998769094083649,0.00128939101641152,39.9573829026708,0.0464495159013487,0.975,0,0.0421485008220021,0.0251362713696309,0.387464065984837,0.378655162437155,12.6034535368284,470,NA,NA,NA,NA,NA,NA,NA,NA,"Simulation_10","S1_epigenome_v025",239028,100
"PPF_mcmc",8,1,1,1,0.998734582356165,0.0018813583684162,40.1487614966422,0.0453869825248441,1,0,0.0415822323851541,0.0246296838629708,0.38746867563349,0.378659617229916,35.4492231567701,NA,175.253480420834,363.188808188661,502.306005848188,1315.88381777048,1471.04830835324,150,150,150,"Simulation_10","S1_epigenome_v025",239028,100
"CompNMF",7,0.875,1,0.933333333333333,0.969724080693093,0.00555248702457371,107.999057712728,0.333200018106237,0,0,0.0738193434407753,0.10700444124204,0.363782028857646,0.423616356541282,0.00770752827326457,5103,NA,NA,NA,NA,NA,NA,NA,NA,"Simulation_11","S1_epigenome_v025",205201,100
"SignatureAnalyzer",8,0.875,0.875,0.875,0.957233275489096,0.00617490435392967,87.443192716263,0.333200018106237,0,0,0.0738261533428805,0.106931010025896,0.363782720134066,0.423592127833805,2.31055961449941,NA,NA,NA,NA,NA,NA,NA,NA,NA,"Simulation_11","S1_epigenome_v025",205201,100
"PPF_map",8,1,1,1,0.990125689500956,0.00240048235271633,37.7422178432481,0.0423615877452084,0.975,0,0.0147854917544559,0.0204521245210297,0.340581343584076,0.382262330309179,7.859781285127,350,NA,NA,NA,NA,NA,NA,NA,NA,"Simulation_11","S1_epigenome_v025",205201,100
"PPF_mcmc",8,1,1,1,0.992795533743806,0.00283775126531541,36.0758634886817,0.0400648466235464,0.975,0,0.0144247507135543,0.0195656670332983,0.34057693038029,0.382287878475232,27.5823783238729,NA,153.087346536542,296.080097554393,411.685093439823,1001.5277368834,1450.84900547014,239.809650041646,150,328.950548414534,"Simulation_11","S1_epigenome_v025",205201,100
"CompNMF",7,0.875,0.857142857142857,0.865979381443299,0.967757044301046,0.00638100318220573,148.198390862931,0.31164644819286,0,0,0.0470093954097204,0.0366906722732929,0.28686353663505,0.269695064698284,0.0274068593978882,4265,NA,NA,NA,NA,NA,NA,NA,NA,"Simulation_12","S1_epigenome_v025",149603,100
"SignatureAnalyzer",8,0.875,0.875,0.875,0.962491552273884,0.00466378242245068,75.3987134776714,0.31164644819286,0,0,0.047006396766614,0.0368160470032837,0.286862557539664,0.269713471162633,1.87208700577418,NA,NA,NA,NA,NA,NA,NA,NA,NA,"Simulation_12","S1_epigenome_v025",149603,100
"PPF_map",8,1,1,1,0.996447207918223,0.00188200065874227,21.6390593686094,0.038460720514563,1,0,0.00782980092483889,0.00517686975923397,0.279748166154676,0.264308211601117,2.49894956350327,140,NA,NA,NA,NA,NA,NA,NA,NA,"Simulation_12","S1_epigenome_v025",149603,100
"PPF_mcmc",8,1,1,1,0.996042415220803,0.00259829807704455,27.6599386542959,0.0373537093389587,1,0,0.00743998130106109,0.0051154678508896,0.279747240976242,0.264310900263065,24.0487734278043,NA,136.690178332502,231.897138188287,364.015034340553,808.77993336074,1396.6241102831,150,150,150,"Simulation_12","S1_epigenome_v025",149603,100
"CompNMF",7,0.875,1,0.933333333333333,0.977301561514968,0.00519901297455248,136.529153571922,0.35200661646053,0,0,0.0583157507344903,0.0838950313585451,0.330804968910351,0.368072579759199,0.0206146478652954,13692,NA,NA,NA,NA,NA,NA,NA,NA,"Simulation_13","S1_epigenome_v025",194084,100
"SignatureAnalyzer",8,0.875,0.875,0.875,0.96720007839367,0.00445307359742031,83.7453768941333,0.35200661646053,0,0,0.0583145676450037,0.0838385422978951,0.330804221366217,0.368057391993271,1.54182484149933,NA,NA,NA,NA,NA,NA,NA,NA,NA,"Simulation_13","S1_epigenome_v025",194084,100
"PPF_map",8,1,1,1,0.99821097222087,0.00121134595204119,25.3413601322028,0.0404686711927714,1,0,0.0123206934854429,0.0173999101131229,0.316896529282643,0.34248905533643,2.9971403559049,170,NA,NA,NA,NA,NA,NA,NA,NA,"Simulation_13","S1_epigenome_v025",194084,100
"PPF_mcmc",8,1,1,1,0.998185575446719,0.00171875870905866,27.5577243185538,0.0392069972228701,1,0,0.0118153317056334,0.0165962748827112,0.316892514741067,0.342513169298621,26.5358209967613,NA,155.843746304683,310.629800938818,443.504063911306,970.375718468442,1446.72010549489,216.898761844424,119.280592267761,115.965478099599,"Simulation_13","S1_epigenome_v025",194084,100
"CompNMF",7,0.75,0.857142857142857,0.8,0.939224318723249,0.00670422410373898,122.206218232205,0.375531836095482,0,0,0.100103961766299,0.119424556199502,0.383758556914766,0.427813529428,0.00733059644699097,4896,NA,NA,NA,NA,NA,NA,NA,NA,"Simulation_14","S1_epigenome_v025",220191,100
"SignatureAnalyzer",8,0.75,0.75,0.75,0.950121682406121,0.00591091917337547,87.8791340164414,0.375531836095482,0,0,0.100107538506114,0.119368330916551,0.383758486716764,0.427796880749379,2.96608039538066,NA,NA,NA,NA,NA,NA,NA,NA,NA,"Simulation_14","S1_epigenome_v025",220191,100
"PPF_map",8,1,1,1,0.996477277038935,0.00148631277456574,28.0805361796752,0.0446454258890026,1,0,0.0177687616684159,0.0209687016920225,0.353570772063122,0.38539757997896,4.45125528176626,190,NA,NA,NA,NA,NA,NA,NA,NA,"Simulation_14","S1_epigenome_v025",220191,100
"PPF_mcmc",8,1,1,1,0.996812606370743,0.00187897362860913,29.877031491408,0.0443597126680831,1,0,0.0173507634233598,0.0202068901414747,0.35357088432571,0.385415092297207,32.8752440373103,NA,167.410017519798,273.824795313546,439.940198625637,860.00209266096,1473.82743316092,225.221542752222,150,150,"Simulation_14","S1_epigenome_v025",220191,100
"CompNMF",7,0.875,1,0.933333333333333,0.969489068882846,0.00607531808513406,102.983184701475,0.355817749995412,0,0,0.0922205944414415,0.0553029305001311,0.346217046808825,0.305868693443538,0.00861562887827555,5172,NA,NA,NA,NA,NA,NA,NA,NA,"Simulation_15","S1_epigenome_v025",186792,100
"SignatureAnalyzer",8,0.875,0.875,0.875,0.959540411860387,0.00706905882559945,83.174026909219,0.355817749995412,0,0,0.092213718347588,0.05545475377024,0.346216423159824,0.305901805415221,3.00771426757177,NA,NA,NA,NA,NA,NA,NA,NA,NA,"Simulation_15","S1_epigenome_v025",186792,100
"PPF_map",8,1,1,1,0.997981168928408,0.00113786198285579,24.1413871783057,0.0410086908430499,1,0,0.0206761250937787,0.00666976085663053,0.321210381923587,0.294491622061273,3.71646504402161,180,NA,NA,NA,NA,NA,NA,NA,NA,"Simulation_15","S1_epigenome_v025",186792,100
"PPF_mcmc",8,1,1,1,0.997822996595478,0.00153982296011444,25.3307564371167,0.0398750649372902,1,0,0.0202103893897205,0.0066036284829789,0.321209604693573,0.294492251646653,26.317674823602,NA,151.25244190976,301.293035870554,440.005148269967,1052.0133583258,1501.80504662321,150,83.7660577589978,155.979905030603,"Simulation_15","S1_epigenome_v025",186792,100
"CompNMF",7,0.875,1,0.933333333333333,0.966842411353186,0.00507305612981012,138.991412036428,0.351061608501677,0,0,0.0635043654072331,0.0425598882757502,0.327685224859426,0.303250139757721,0.0214548707008362,12968,NA,NA,NA,NA,NA,NA,NA,NA,"Simulation_16","S1_epigenome_v025",181730,100
"SignatureAnalyzer",8,0.875,0.875,0.875,0.960193940357296,0.00492946424967995,95.2181257629424,0.351061608501677,0,0,0.0635020835395264,0.0426584629118516,0.327683374393862,0.303261211491994,1.85854612986247,NA,NA,NA,NA,NA,NA,NA,NA,NA,"Simulation_16","S1_epigenome_v025",181730,100
"PPF_map",8,1,1,1,0.997999742062544,0.00133736304449872,23.7775900363204,0.0412183448403268,1,0,0.0125584184925924,0.00703315118248221,0.313448302304501,0.295177394027255,5.71105097134908,280,NA,NA,NA,NA,NA,NA,NA,NA,"Simulation_16","S1_epigenome_v025",181730,100
"PPF_mcmc",8,1,1,1,0.997948606433868,0.00238107594413576,26.9944396178502,0.0400207266249664,0.975,0,0.0121450805123724,0.00688754320951899,0.313446292322096,0.29517524819089,27.4515526374181,NA,141.928815536469,279.850392024541,427.302473558147,986.284609854665,1498.77093191561,150,150,150,"Simulation_16","S1_epigenome_v025",181730,100
"CompNMF",7,0.75,0.857142857142857,0.8,0.96308932676116,0.00621881910788195,191.899204294964,0.370341639971536,0,0,0.103006624805634,0.110216207597953,0.372935084798077,0.406741019581107,0.027996031443278,5087,NA,NA,NA,NA,NA,NA,NA,NA,"Simulation_17","S1_epigenome_v025",213273,100
"SignatureAnalyzer",7,0.75,0.857142857142857,0.8,0.965822485651441,0.00573470991846851,186.956678232921,0.370341639971536,0,0,0.103005174548629,0.110203437859715,0.3729338059947,0.406737329429617,2.1332451581955,NA,NA,NA,NA,NA,NA,NA,NA,NA,"Simulation_17","S1_epigenome_v025",213273,100
"PPF_map",9,1,1,1,0.987686309621529,0.00644628014130396,144.323306215927,0.165240624898554,1,0,0.0223776135418868,0.0256765739603406,0.346476690219357,0.366494358206152,5.0833652416865,210,NA,NA,NA,NA,NA,NA,NA,NA,"Simulation_17","S1_epigenome_v025",213273,100
"PPF_mcmc",8,1,1,1,0.997996420192981,0.00161251482317461,31.8476973952957,0.0422205266087605,1,0,0.0217711546672247,0.0240800113469261,0.346473268648709,0.366245485863144,32.6765971620878,NA,163.174868990344,287.447785753808,460.545645882939,1128.09617469136,1454.04923361124,150,150,291.093735101123,"Simulation_17","S1_epigenome_v025",213273,100
"CompNMF",7,0.875,1,0.933333333333333,0.969979503046885,0.00550367050712926,158.825808192604,0.328160609454236,0,0,0.0732060076471795,0.0515088114651686,0.362903938568375,0.333708958571011,0.0103853543599447,4119,NA,NA,NA,NA,NA,NA,NA,NA,"Simulation_18","S1_epigenome_v025",195710,100
"SignatureAnalyzer",8,0.75,0.75,0.75,0.968483293217993,0.00480850254953765,91.9896032500998,0.328160609454236,0,0,0.0732120030319705,0.0515864525404876,0.362902953935074,0.333721512949278,1.68465917905172,NA,NA,NA,NA,NA,NA,NA,NA,NA,"Simulation_18","S1_epigenome_v025",195710,100
"PPF_map",8,1,1,1,0.998329835366311,0.00140217016869728,29.8304138732722,0.0342584757755306,0.975,0,0.0111939168185265,0.00712167897234196,0.340420037445998,0.319188003559588,10.9886642972628,470,NA,NA,NA,NA,NA,NA,NA,NA,"Simulation_18","S1_epigenome_v025",195710,100
"PPF_mcmc",8,1,1,1,0.998038744641998,0.00219696891366141,32.307192179641,0.0335373375722738,0.95,0,0.0108665218896374,0.00709378307970454,0.340418065600291,0.319194870316424,30.178512263298,NA,144.320681872291,285.420717886918,371.791858972793,982.035061678787,1500,150,110.636668578857,150,"Simulation_18","S1_epigenome_v025",195710,100
"CompNMF",7,0.75,0.857142857142857,0.8,0.962502517990905,0.00579639921212252,138.914898425123,0.342753758971301,0,0,0.085883018673494,0.050706466927195,0.38012407348878,0.32924031478723,0.0359817822774251,5840,NA,NA,NA,NA,NA,NA,NA,NA,"Simulation_19","S1_epigenome_v025",206600,100
"SignatureAnalyzer",8,0.875,0.875,0.875,0.961118642812978,0.00479826633974932,90.2229395455676,0.342753758971301,0,0,0.0858816431639826,0.0508721796938286,0.380123295378598,0.329269612356188,1.90840537945429,NA,NA,NA,NA,NA,NA,NA,NA,NA,"Simulation_19","S1_epigenome_v025",206600,100
"PPF_map",9,0.875,0.777777777777778,0.823529411764706,0.981619177971495,0.00960625002082807,174.953225743467,0.174366316022886,0.975,0,0.0175837200136241,0.00659109344649557,0.353745346828043,0.314684449471697,6.1797018567721,240,NA,NA,NA,NA,NA,NA,NA,NA,"Simulation_19","S1_epigenome_v025",206600,100
"PPF_mcmc",8,1,1,1,0.996752827773362,0.00184161143668606,33.4094987359404,0.0388319510867031,0.975,0,0.0169253574586146,0.00669700899187756,0.353750240538173,0.314684611024359,31.9601146697998,NA,153.764248212572,288.066545021432,445.791678592503,933.161908338675,1492.91629798861,150,150,150,"Simulation_19","S1_epigenome_v025",206600,100
"CompNMF",7,0.875,1,0.933333333333333,0.972959390823473,0.00536166259308021,133.052228638615,0.363794962096805,0,0,0.0739531969745137,0.111916082588317,0.349206866733083,0.382291252260618,0.00830212434132894,5655,NA,NA,NA,NA,NA,NA,NA,NA,"Simulation_20","S1_epigenome_v025",196592,100
"SignatureAnalyzer",8,0.875,0.875,0.875,0.965033791275472,0.00461246928813147,92.5574498523021,0.363794962096805,0,0,0.073957319523772,0.111872146950945,0.349206056686614,0.382275479916995,1.85039678414663,NA,NA,NA,NA,NA,NA,NA,NA,NA,"Simulation_20","S1_epigenome_v025",196592,100
"PPF_map",8,1,1,1,0.997428816957075,0.00141895366696317,22.1289719084274,0.0428216543464514,0.95,0,0.0123032317014556,0.0238602561200874,0.328884362024306,0.346440204301287,8.52992821534475,390,NA,NA,NA,NA,NA,NA,NA,NA,"Simulation_20","S1_epigenome_v025",196592,100
"PPF_mcmc",8,1,1,1,0.997314597751853,0.00167412735645779,23.0094626053023,0.0411607695270912,1,0,0.0118855570730298,0.0218315898776514,0.328880639841112,0.346443470622985,28.831925201416,NA,161.180142812889,296.081515787111,458.412208479587,1159.96725638344,1530.41665259064,150,150,203.89429332875,"Simulation_20","S1_epigenome_v025",196592,100
"CompNMF",7,1,1,1,0.974616663176555,0.00570065586174836,188.377190243506,0.319485328183113,0,0,0.0432335067259965,0.0429269839387094,0.300265894375689,0.306154456051343,0.0343987584114075,6163,NA,NA,NA,NA,NA,NA,NA,NA,"Simulation_01","S2_epigenome_v1",167248,100
"SignatureAnalyzer",8,0.875,0.875,0.875,0.964569384513152,0.00496620375343999,87.0320383065172,0.319485328183113,0,0,0.0432349457944772,0.0428993782974488,0.300264932745719,0.306148105846084,1.78959491252899,NA,NA,NA,NA,NA,NA,NA,NA,NA,"Simulation_01","S2_epigenome_v1",167248,100
"PPF_map",8,1,1,1,0.997118981025361,0.00148541500397828,25.5065120844825,0.0962126254533349,0.975,0,0.0221996155321067,0.0187042764744557,0.296577787663919,0.301965137401051,5.44044274886449,260,NA,NA,NA,NA,NA,NA,NA,NA,"Simulation_01","S2_epigenome_v1",167248,100
"PPF_mcmc",8,1,1,1,0.997165275510634,0.00202712144726969,27.0993527284305,0.094229991081024,0.975,0,0.0218871566834354,0.0185419045650047,0.296577541995865,0.301967854108885,26.5925373037656,NA,138.128101545034,221.427598293403,375.938913043359,739.250683273673,1463.44044017499,150,150,150,"Simulation_01","S2_epigenome_v1",167248,100
"CompNMF",7,1,1,1,0.975600961834779,0.00583930724675912,128.845995537128,0.324914006681445,0,0,0.0514017641702461,0.0457360149620034,0.309906967861127,0.310023473116883,0.0168332934379578,7050,NA,NA,NA,NA,NA,NA,NA,NA,"Simulation_02","S2_epigenome_v1",169703,100
"SignatureAnalyzer",8,0.875,0.875,0.875,0.962241921629771,0.00544327997865473,82.4436189496995,0.324914006681445,0,0,0.0514052669400645,0.0457647657275244,0.309906181092249,0.310024058901,1.77838016351064,NA,NA,NA,NA,NA,NA,NA,NA,NA,"Simulation_02","S2_epigenome_v1",169703,100
"PPF_map",8,1,1,1,0.997310730073381,0.00165948030344418,26.2550694121669,0.0940410659394691,1,0,0.0230766337463031,0.0183553957609753,0.304265839462123,0.305035467353379,4.32309359312057,210,NA,NA,NA,NA,NA,NA,NA,NA,"Simulation_02","S2_epigenome_v1",169703,100
"PPF_mcmc",8,1,1,1,0.996815396244594,0.00321124274624955,33.2226197295576,0.0928152539622431,1,0,0.0228301608608358,0.0182524798060091,0.304265216571799,0.305036666621698,26.9334193428357,NA,132.486994958161,236.847113917887,340.685248663612,936.672911438527,1502.97204241833,93.4017347570042,111.70184952002,150,"Simulation_02","S2_epigenome_v1",169703,100
"CompNMF",7,0.875,1,0.933333333333333,0.96187519267102,0.00552217994350369,127.50931832934,0.392991188745459,0,0,0.109032754490734,0.119273962760424,0.496610060248501,0.540821315436755,0.00516614119211833,3227,NA,NA,NA,NA,NA,NA,NA,NA,"Simulation_03","S2_epigenome_v1",240610,100
"SignatureAnalyzer",7,0.875,1,0.933333333333333,0.96421549226425,0.00522095811551555,119.562104235019,0.392991188745459,0,0,0.109058153274626,0.119333535383153,0.496609714042357,0.540828881888655,1.00910510222117,NA,NA,NA,NA,NA,NA,NA,NA,NA,"Simulation_03","S2_epigenome_v1",240610,100
"PPF_map",8,1,1,1,0.992188793823318,0.00189868672130852,76.2449107027084,0.115453689140445,0.975,0,0.0450837794555879,0.0447700931597445,0.480549191517259,0.517515906630513,4.52702099084854,170,NA,NA,NA,NA,NA,NA,NA,NA,"Simulation_03","S2_epigenome_v1",240610,100
"PPF_mcmc",8,1,1,1,0.992243060532671,0.00205350608984627,79.2141300908909,0.115359442987173,0.975,0,0.0448900518639443,0.0445307963852278,0.480554532939519,0.517506744957887,36.1504038294156,NA,155.209526351639,223.972389314154,431.446255523666,980.542196499274,1474.03636304051,150,81.4042990510534,150,"Simulation_03","S2_epigenome_v1",240610,100
"CompNMF",7,0.75,0.857142857142857,0.8,0.955062806596341,0.0053526573392398,186.542395594521,0.375861572022614,0,0,0.453564859094111,0.118168555407771,1.08389728309589,0.474025283444614,0.0190335988998413,3106,NA,NA,NA,NA,NA,NA,NA,NA,"Simulation_04","S2_epigenome_v1",262472,100
"SignatureAnalyzer",8,0.875,0.875,0.875,0.953409999984966,0.00558784706012457,200.803808079266,0.375861572022614,0,0,0.453551636481692,0.118336463242749,1.08389693337071,0.474062686197824,1.98005312681198,NA,NA,NA,NA,NA,NA,NA,NA,NA,"Simulation_04","S2_epigenome_v1",262472,100
"PPF_map",9,1,0.888888888888889,0.941176470588235,0.986483853382254,0.00669558925955245,548.807486809713,0.182303871371192,1,0,0.2834695192667,0.0394366857955297,1.01187514260283,0.448477423925222,17.2028327743212,550,NA,NA,NA,NA,NA,NA,NA,NA,"Simulation_04","S2_epigenome_v1",262472,100
"PPF_mcmc",8,1,1,1,0.996337876458196,0.0032143507210862,199.557000782272,0.111815540356159,1,0,0.282586022592256,0.0396441441220287,1.01189292946743,0.448480839806791,41.0170282244682,NA,130.358664648398,260.576462660163,370.374396319561,831.183040095476,1454.86366207646,150,150,150,"Simulation_04","S2_epigenome_v1",262472,100
"CompNMF",7,0.875,1,0.933333333333333,0.967732759260369,0.00522420442678379,100.833584119651,0.337721222121262,0,0,0.0922260836640729,0.0688642058899259,0.363174866569454,0.359845718447973,0.00954047044118245,6191,NA,NA,NA,NA,NA,NA,NA,NA,"Simulation_05","S2_epigenome_v1",207255,100
"SignatureAnalyzer",8,0.875,0.875,0.875,0.956083031094925,0.00666681395172994,90.2674439910738,0.337721222121262,0,0,0.0922212753636529,0.0688282559063912,0.363173482921783,0.359836177384559,1.08251455227534,NA,NA,NA,NA,NA,NA,NA,NA,NA,"Simulation_05","S2_epigenome_v1",207255,100
"PPF_map",8,1,1,1,0.997301388738726,0.00163051496897803,27.2858060659648,0.100192908699462,1,0,0.0428148020293119,0.0280617613839577,0.351651301372548,0.351530871326981,5.1778519153595,230,NA,NA,NA,NA,NA,NA,NA,NA,"Simulation_05","S2_epigenome_v1",207255,100
"PPF_mcmc",8,1,1,1,0.997010975767333,0.00314838451237732,34.569806500843,0.0975743435212419,1,0,0.0425507877614451,0.0273750439987624,0.351648566331214,0.351556041907651,32.643069990476,NA,128.670553533567,237.313072926266,350.294716998328,808.864631065364,1514.96905366819,229.422600296287,166.837741784102,150,"Simulation_05","S2_epigenome_v1",207255,100
"CompNMF",7,0.875,1,0.933333333333333,0.96426975010812,0.00544523019958761,104.944207172643,0.36757391554921,0,0,0.105289251549569,0.133362985241873,0.455413702597365,0.40056487883218,0.0125487526257833,2206,NA,NA,NA,NA,NA,NA,NA,NA,"Simulation_06","S2_epigenome_v1",216312,100
"SignatureAnalyzer",7,0.875,1,0.933333333333333,0.965101654903607,0.00562137238691448,102.988340955515,0.36757391554921,0,0,0.105300739829868,0.133369972407783,0.455413183929464,0.400571862472501,1.43703721364339,NA,NA,NA,NA,NA,NA,NA,NA,NA,"Simulation_06","S2_epigenome_v1",216312,100
"PPF_map",8,1,1,1,0.997163185143688,0.00138610410733262,36.4198079860385,0.109754042067863,0.95,0,0.0519542136359199,0.0679052626379089,0.441469105673249,0.384300009020473,7.63842473824819,300,NA,NA,NA,NA,NA,NA,NA,NA,"Simulation_06","S2_epigenome_v1",216312,100
"PPF_mcmc",8,1,1,1,0.996451179240803,0.00231692647002013,41.9204462060762,0.108279872664844,0.95,0,0.051448410672529,0.0667512998095513,0.441455915641347,0.384308363428196,34.748996424675,NA,148.76267917384,233.117747555774,356.43523849274,861.917899950564,1479.50266931157,210.722226130816,150,150,"Simulation_06","S2_epigenome_v1",216312,100
"CompNMF",7,0.875,1,0.933333333333333,0.965140328258975,0.00538925054363226,144.969938669897,0.373131137846434,0,0,0.0646207519880671,0.0709595106662231,0.35823190373648,0.368457551374084,0.0141668756802877,3576,NA,NA,NA,NA,NA,NA,NA,NA,"Simulation_07","S2_epigenome_v1",200950,100
"SignatureAnalyzer",8,0.875,0.875,0.875,0.958349887087628,0.00560556783971447,104.793361329501,0.373131137846434,0,0,0.0646455824974081,0.070906835702603,0.358230889677869,0.368443129896337,1.79150569836299,NA,NA,NA,NA,NA,NA,NA,NA,NA,"Simulation_07","S2_epigenome_v1",200950,100
"PPF_map",8,1,1,1,0.997569209053146,0.0014964516756264,42.55516084037,0.110473669202002,1,0,0.0288746448663863,0.0297638265133448,0.350037979066116,0.359712857099743,11.3422028700511,510,NA,NA,NA,NA,NA,NA,NA,NA,"Simulation_07","S2_epigenome_v1",200950,100
"PPF_mcmc",8,1,1,1,0.997114880117138,0.00240439642792907,44.219815254778,0.109624094901027,1,0,0.0286753943632975,0.0294610130734654,0.350039718579019,0.35972554577745,28.1612153132757,NA,145.285145838605,266.294812801824,404.436643208809,1017.10800799032,1428.29570825413,91.1386211692587,117.418848246852,150,"Simulation_07","S2_epigenome_v1",200950,100
"CompNMF",7,0.875,1,0.933333333333333,0.965707964437962,0.0055949541275703,187.147559521757,0.419738748421425,0,0,0.420192892875064,0.117246225006543,1.00621631960898,0.644919564161736,0.0240118344624837,4278,NA,NA,NA,NA,NA,NA,NA,NA,"Simulation_08","S2_epigenome_v1",297997,100
"SignatureAnalyzer",7,0.75,0.857142857142857,0.8,0.959399690065481,0.00579237900712973,203.042562950754,0.419738748421425,0,0,0.420179159247627,0.117382108477528,1.00621599317873,0.644939186446276,1.81220257282257,NA,NA,NA,NA,NA,NA,NA,NA,NA,"Simulation_08","S2_epigenome_v1",297997,100
"PPF_map",10,1,1,1,0.994322132098747,0.0105448066407045,814.194865896598,0.718996792377382,0.95,0.125,0.247014934679106,0.043837391224987,0.948555488922345,0.640433833302036,17.4282393495242,550,NA,NA,NA,NA,NA,NA,NA,NA,"Simulation_08","S2_epigenome_v1",297997,100
"PPF_mcmc",10,1,1,1,0.994942891484643,0.00977243310287298,126.072356837978,0.762885726623947,0.95,0,0.245101224611414,0.0469168590835298,0.948125448624917,0.645875062665699,46.3794012467066,NA,131.876073304546,276.020249849219,369.438783471135,756.732608752819,1211.58525216182,79.834464960312,25.3291459568685,76.1126156702779,"Simulation_08","S2_epigenome_v1",297997,100
"CompNMF",7,1,1,1,0.977208824530167,0.00681092512267977,157.651413517589,0.342333093464667,0,0,0.0646407863194369,0.0459795961688075,0.32188002448271,0.302386043421779,0.0214646061261495,3142,NA,NA,NA,NA,NA,NA,NA,NA,"Simulation_09","S2_epigenome_v1",168127,100
"SignatureAnalyzer",8,0.875,0.875,0.875,0.967439714504899,0.00517597479297891,83.3170289411992,0.342333093464667,0,0,0.0646401601833809,0.0460821062445253,0.321879314927839,0.302396119729476,1.7073872367541,NA,NA,NA,NA,NA,NA,NA,NA,NA,"Simulation_09","S2_epigenome_v1",168127,100
"PPF_map",8,1,1,1,0.996562354225658,0.00203475886133559,34.6706154632788,0.103228887379959,1,0,0.0268393986527602,0.0164394773080801,0.314570313006686,0.297962727503185,5.34665259917577,270,NA,NA,NA,NA,NA,NA,NA,NA,"Simulation_09","S2_epigenome_v1",168127,100
"PPF_mcmc",8,1,1,1,0.996447945418716,0.0021690763540458,34.4221125905953,0.100797102655377,1,0,0.0265530478665335,0.0163908319226992,0.314570809671206,0.297963565398468,27.6802946448326,NA,139.372232394657,206.203388327442,367.985481257375,731.271023462793,1403.76215901632,202.623632806957,150,150,"Simulation_09","S2_epigenome_v1",168127,100
"CompNMF",7,0.875,1,0.933333333333333,0.969867611015818,0.00536090073636852,258.008278493214,0.380751168473914,0,0,0.120099048332336,0.0977636621875256,0.417603298359287,0.374057075878037,0.0569386561711629,7772,NA,NA,NA,NA,NA,NA,NA,NA,"Simulation_10","S2_epigenome_v1",228448,100
"SignatureAnalyzer",8,0.875,0.875,0.875,0.960255740033759,0.00609150263565104,113.4384043185,0.380751168473914,0,0,0.120086950821423,0.0978228400380933,0.417602159068109,0.374073832368078,1.91264301141103,NA,NA,NA,NA,NA,NA,NA,NA,NA,"Simulation_10","S2_epigenome_v1",228448,100
"PPF_map",8,1,1,1,0.997338470911863,0.00142665383868941,34.9859394396064,0.115506741391573,1,0,0.0604752399970879,0.0465689672391859,0.399897743089568,0.362033244567588,7.18240305980047,290,NA,NA,NA,NA,NA,NA,NA,NA,"Simulation_10","S2_epigenome_v1",228448,100
"PPF_mcmc",8,1,1,1,0.997031111675118,0.00248102757313191,36.8288734794622,0.11462433607082,1,0,0.0600804900829177,0.046303995048802,0.399890344272223,0.362041633039888,37.6034037391345,NA,155.589759487022,248.903142739477,394.381577588231,1075.32252499928,1446.57589312451,195.604241036445,150,150,"Simulation_10","S2_epigenome_v1",228448,100
"CompNMF",7,0.75,0.857142857142857,0.8,0.954472261621187,0.00742394868378992,121.32091739791,0.346377939165548,0,0,0.0686244986293867,0.179976923578515,0.339502552742901,0.422928007757723,0.039069406191508,9304,NA,NA,NA,NA,NA,NA,NA,NA,"Simulation_11","S2_epigenome_v1",196346,100
"SignatureAnalyzer",7,0.875,1,0.933333333333333,0.96449060399553,0.00621474891902137,101.138672582438,0.346377939165548,0,0,0.0686358295150772,0.179857946732778,0.339501554286,0.422901502635011,2.84657518068949,NA,NA,NA,NA,NA,NA,NA,NA,NA,"Simulation_11","S2_epigenome_v1",196346,100
"PPF_map",8,1,1,1,0.994567333226165,0.00211125472339272,41.9276358114107,0.107780792923561,0.975,0,0.0280230910134414,0.0987440601966379,0.330636110109128,0.396903705777139,6.1806521932284,270,NA,NA,NA,NA,NA,NA,NA,NA,"Simulation_11","S2_epigenome_v1",196346,100
"PPF_mcmc",8,1,1,1,0.994460841073213,0.00277512732254446,43.2696464485933,0.105867123717344,1,0,0.0276776385020195,0.0980011787306644,0.330640485549003,0.39689997439463,28.6584435582161,NA,139.194894777794,212.48926827647,362.547713667661,893.88004583411,1452.3668713642,150,150,150,"Simulation_11","S2_epigenome_v1",196346,100
"CompNMF",7,1,1,1,0.971842093743175,0.00588129521446411,134.198469721724,0.344791799170934,0,0,0.120390768594204,0.0509852512188483,0.379322466947575,0.334050792590682,0.00469916661580404,2932,NA,NA,NA,NA,NA,NA,NA,NA,"Simulation_12","S2_epigenome_v1",180570,100
"SignatureAnalyzer",8,0.875,0.875,0.875,0.954057822508019,0.00671903101067093,82.769327801117,0.344791799170934,0,0,0.12037794459937,0.0509937989180377,0.379321631889277,0.334047129912085,1.10945773919423,NA,NA,NA,NA,NA,NA,NA,NA,NA,"Simulation_12","S2_epigenome_v1",180570,100
"PPF_map",8,1,1,1,0.995289315457178,0.00173301584902594,53.350086886597,0.103032802757152,0.975,0,0.068789274112266,0.0188129287936049,0.363920252844274,0.328105962069133,5.65917036135991,250,NA,NA,NA,NA,NA,NA,NA,NA,"Simulation_12","S2_epigenome_v1",180570,100
"PPF_mcmc",8,1,1,1,0.995428751770445,0.00206486450478381,50.9638684473773,0.102269520437767,0.975,0,0.0684252027531665,0.0186448672063503,0.363918020452912,0.328105766599194,26.1932679573695,NA,163.88356071901,216.690200379632,408.823066847426,664.815548249959,1464.50968470569,150,150,150,"Simulation_12","S2_epigenome_v1",180570,100
"CompNMF",7,0.75,0.857142857142857,0.8,0.968730616466338,0.00542908829599198,183.127428594177,0.341677327566336,0,0,0.0737123037184418,0.083145692594252,0.35563548500584,0.350080127078644,0.430401523907979,74097,NA,NA,NA,NA,NA,NA,NA,NA,"Simulation_13","S2_epigenome_v1",204969,100
"SignatureAnalyzer",8,0.75,0.75,0.75,0.964003440297707,0.00492882976930464,79.7276524080119,0.341677327566336,0,0,0.0737132021129094,0.0832339721006684,0.355634806294804,0.350099417591609,3.00663936932882,NA,NA,NA,NA,NA,NA,NA,NA,NA,"Simulation_13","S2_epigenome_v1",204969,100
"PPF_map",8,1,1,1,0.992625368088888,0.00262300138768176,37.2625940815021,0.105940187806163,1,0.05,0.0324696677232987,0.0402140650426872,0.346625031268948,0.340793064319298,6.62433340152105,250,NA,NA,NA,NA,NA,NA,NA,NA,"Simulation_13","S2_epigenome_v1",204969,100
"PPF_mcmc",8,1,1,1,0.996494484066471,0.00239384675836229,30.2459691038886,0.101868932073267,1,0,0.0322416788155282,0.0399662109731791,0.346619164105678,0.340786778913371,31.1916340112686,NA,134.112640216091,247.14807194363,362.768585852297,859.956994869296,1500,150,114.266902446363,150,"Simulation_13","S2_epigenome_v1",204969,100
"CompNMF",7,0.875,1,0.933333333333333,0.974355483502746,0.00581256782571247,90.6415220737577,0.33240019798552,0,0,0.138194893796494,0.0920506155354705,0.660833248183826,0.463612454392437,0.0165466984113057,2640,NA,NA,NA,NA,NA,NA,NA,NA,"Simulation_14","S2_epigenome_v1",217990,100
"SignatureAnalyzer",7,0.875,1,0.933333333333333,0.968735122023576,0.00599038624514023,166.945682197537,0.33240019798552,0,0,0.138198865876663,0.0920861789575148,0.660832554447554,0.463606077994805,2.50641290346781,NA,NA,NA,NA,NA,NA,NA,NA,NA,"Simulation_14","S2_epigenome_v1",217990,100
"PPF_map",8,1,1,1,0.987624350760014,0.00328997690982576,52.270573346523,0.100793625630635,0.975,0.025,0.0641344560889523,0.0351499542147202,0.632598863434202,0.445007676487008,12.294362950325,530,NA,NA,NA,NA,NA,NA,NA,NA,"Simulation_14","S2_epigenome_v1",217990,100
"PPF_mcmc",8,1,1,1,0.99260515480746,0.00406545530785445,47.7125741857268,0.0971180524228294,0.975,0.05,0.0634116118291242,0.0349046930115948,0.632423198745242,0.445019224101895,33.1278478622437,NA,139.040446785472,263.151026002025,358.204168496962,994.021978100736,1538.77149470581,125.623729903217,220.621971808556,113.074438483781,"Simulation_14","S2_epigenome_v1",217990,100
"CompNMF",8,1,1,1,0.984881520434536,0.00433664265839853,117.27136627863,0.310240831864759,0,0,0.0596504631851816,0.105678187807975,0.328478074324744,0.389751468119637,0.0577315052350362,8212,NA,NA,NA,NA,NA,NA,NA,NA,"Simulation_15","S2_epigenome_v1",191051,100
"SignatureAnalyzer",8,0.875,0.875,0.875,0.972849276984775,0.00437362199522804,87.8026986681882,0.310240831864759,0,0,0.0596518620402081,0.105580160047031,0.328477199014857,0.389722079093296,3.12058129310608,NA,NA,NA,NA,NA,NA,NA,NA,NA,"Simulation_15","S2_epigenome_v1",191051,100
"PPF_map",8,1,1,1,0.998165631839466,0.00180405572004464,30.3408169511501,0.0909583531255032,1,0,0.0279473544773906,0.0590201072742413,0.32086280951418,0.372929376183591,4.79975703557332,230,NA,NA,NA,NA,NA,NA,NA,NA,"Simulation_15","S2_epigenome_v1",191051,100
"PPF_mcmc",8,1,1,1,0.997908582101056,0.00343104070637028,30.102353661685,0.0888547986493749,0.975,0,0.0276924576482056,0.057999449749096,0.32085920103161,0.372841912848485,28.3051884969076,NA,131.469697130104,241.362230147333,337.138813374378,800.470326689144,1490.72392170695,150,69.9953382115377,150,"Simulation_15","S2_epigenome_v1",191051,100
"CompNMF",7,1,1,1,0.974630883508285,0.00595972393968823,174.61611519538,0.300079412705317,0,0,0.0656373428919811,0.0436537392559633,0.293965687331556,0.283245049087366,0.00490494569142659,3006,NA,NA,NA,NA,NA,NA,NA,NA,"Simulation_16","S2_epigenome_v1",154262,100
"SignatureAnalyzer",7,0.875,1,0.933333333333333,0.965311928716998,0.00590081948317537,140.278066054649,0.300079412705317,0,0,0.0656205233416554,0.0437474744056819,0.29396458628205,0.28325839633143,1.04994330008825,NA,NA,NA,NA,NA,NA,NA,NA,NA,"Simulation_16","S2_epigenome_v1",154262,100
"PPF_map",8,1,1,1,0.995504868767829,0.00188801249306315,48.8448377094575,0.0916744370016843,0.975,0.025,0.0333397157862601,0.0209562458166808,0.288542766777039,0.279148486873204,3.25360697110494,210,NA,NA,NA,NA,NA,NA,NA,NA,"Simulation_16","S2_epigenome_v1",154262,100
"PPF_mcmc",8,1,1,1,0.996156416226508,0.00276086287241485,42.8489516326731,0.0899484372740359,0.975,0.025,0.0330414218077199,0.0205811278824551,0.288543880993927,0.279122757483229,25.0332402825356,NA,139.23407546963,219.939991369227,337.700848295537,869.337663373274,1457.4117274295,118.985700607304,150,191.092022406547,"Simulation_16","S2_epigenome_v1",154262,100
"CompNMF",7,0.875,1,0.933333333333333,0.976630825683824,0.00605489254922658,212.731763307568,0.370279041493459,0,0,0.120025745213855,0.0530090780657985,0.421028409560288,0.323447538149718,0.0220511198043823,5001,NA,NA,NA,NA,NA,NA,NA,NA,"Simulation_17","S2_epigenome_v1",210476,100
"SignatureAnalyzer",8,0.875,0.875,0.875,0.969640431171983,0.00504587769461109,127.368842939807,0.370279041493459,0,0,0.120021997056487,0.0532136497607695,0.42102690863069,0.323470229929844,4.00787360668182,NA,NA,NA,NA,NA,NA,NA,NA,NA,"Simulation_17","S2_epigenome_v1",210476,100
"PPF_map",8,1,1,1,0.998010689328708,0.00178464707966947,52.2526635962032,0.110550570683648,1,0,0.056839665003933,0.0150904839908413,0.403391618400649,0.316275366493888,7.95079348882039,290,NA,NA,NA,NA,NA,NA,NA,NA,"Simulation_17","S2_epigenome_v1",210476,100
"PPF_mcmc",8,1,1,1,0.998081073988647,0.00270819521559387,53.8411484277092,0.108924641340487,1,0,0.0563263325385476,0.0152437782834611,0.403383452497124,0.316271556478422,34.9316066344579,NA,123.70959912127,231.77659276205,341.958421948662,972.214749121799,1544.55503876275,150,150,150,"Simulation_17","S2_epigenome_v1",210476,100
"CompNMF",8,0.75,0.75,0.75,0.969239682483538,0.00587293801804373,124.903501885545,0.293549547985492,0,0,0.102843283559771,0.0359812387774426,0.342510468640045,0.297967019684969,0.0178996523221334,4330,NA,NA,NA,NA,NA,NA,NA,NA,"Simulation_18","S2_epigenome_v1",160526,100
"SignatureAnalyzer",8,1,1,1,0.979407857576314,0.00461621530571682,117.242459282394,0.293549547985492,0,0,0.102822050373639,0.0359370924334188,0.342508667334953,0.297950927349712,2.52928960720698,NA,NA,NA,NA,NA,NA,NA,NA,NA,"Simulation_18","S2_epigenome_v1",160526,100
"PPF_map",8,1,1,1,0.998083079757089,0.00188595086298737,67.1657494378765,0.0874845450458713,1,0,0.0660780212472691,0.0161903720514475,0.328638659811423,0.293561621563087,8.16567007303238,390,NA,NA,NA,NA,NA,NA,NA,NA,"Simulation_18","S2_epigenome_v1",160526,100
"PPF_mcmc",8,1,1,1,0.997825689614057,0.00365700943621521,71.6905723763149,0.0864462314673582,0.975,0,0.0656535864458419,0.0161525893789074,0.3286383720325,0.293567059719859,24.1735420862834,NA,129.22324104663,265.27380340583,323.280335329719,690.531597809154,1376.86607962325,150,534.587931011395,150,"Simulation_18","S2_epigenome_v1",160526,100
"CompNMF",7,0.875,1,0.933333333333333,0.972117757130262,0.00582243424210979,163.179774896718,0.379347079932681,0,0,0.114826935705108,0.0669330028835377,0.375959996367053,0.355263019688406,0.0315261960029602,5996,NA,NA,NA,NA,NA,NA,NA,NA,"Simulation_19","S2_epigenome_v1",213709,100
"SignatureAnalyzer",8,0.875,0.875,0.875,0.966259452924387,0.00513631610036885,92.7295877536693,0.379347079932681,0,0,0.114812711972283,0.0669499939964485,0.375959241212089,0.355269782583864,1.37493944565455,NA,NA,NA,NA,NA,NA,NA,NA,NA,"Simulation_19","S2_epigenome_v1",213709,100
"PPF_map",8,1,1,1,0.997697943769412,0.00129621463356881,44.0425502460461,0.111667603409622,1,0,0.0665963914264322,0.0315660170660099,0.362226927452263,0.345642502505651,6.25798109769821,250,NA,NA,NA,NA,NA,NA,NA,NA,"Simulation_19","S2_epigenome_v1",213709,100
"PPF_mcmc",8,1,1,1,0.997540852806177,0.00178753462409356,46.5697193236798,0.11079279063412,1,0,0.0662560899617263,0.0313368233886995,0.362223825529538,0.34564856008319,31.6082841714223,NA,148.663976703812,251.387348248417,389.859314589082,988.671998474019,1484.20567273297,150,150,460.144635875712,"Simulation_19","S2_epigenome_v1",213709,100
"CompNMF",7,0.875,1,0.933333333333333,0.966984517445582,0.00561067941027514,247.843235319181,0.406033659896552,0,0,0.0920896208838043,0.125539003689835,0.410241604381904,0.492688061513094,0.0206949154535929,3906,NA,NA,NA,NA,NA,NA,NA,NA,"Simulation_20","S2_epigenome_v1",219847,100
"SignatureAnalyzer",7,0.875,1,0.933333333333333,0.966817769534921,0.00550876614050317,126.196803379909,0.406033659896552,0,0,0.0921055137865218,0.125507355315682,0.410240778735895,0.492670888494641,1.05866967042287,NA,NA,NA,NA,NA,NA,NA,NA,NA,"Simulation_20","S2_epigenome_v1",219847,100
"PPF_map",8,1,1,1,0.996991411432866,0.00138053806367666,60.4716039528906,0.120405206902334,1,0,0.0442237538801301,0.0515711353624061,0.394785773938886,0.472535749882235,9.03940777778626,380,NA,NA,NA,NA,NA,NA,NA,NA,"Simulation_20","S2_epigenome_v1",219847,100
"PPF_mcmc",8,1,1,1,0.997073349900899,0.00178810081900658,58.7230625262782,0.119172683420087,1,0,0.0438785204201937,0.0510293933402039,0.394776718512496,0.472571940347731,32.5027024825414,NA,154.631115998978,292.444107354428,432.720699511725,1028.73307258296,1468.7953499412,150,150,150,"Simulation_20","S2_epigenome_v1",219847,100
"CompNMF",7,0.75,0.857142857142857,0.8,0.961900175341616,0.00572877103629443,126.934060218731,0.34480530504197,0,0,0.07461782421763,0.0641707495325316,0.317870480095418,0.305835901201418,0.0388368288675944,5786,NA,NA,NA,NA,NA,NA,NA,NA,"Simulation_01","S3_epigenome_v4",168113,100
"SignatureAnalyzer",7,0.75,0.857142857142857,0.8,0.95995062432193,0.00595683800593718,129.299154598316,0.34480530504197,0,0,0.0746000000931951,0.0642401215253927,0.317869568472009,0.305842801786022,1.76433809598287,NA,NA,NA,NA,NA,NA,NA,NA,NA,"Simulation_01","S3_epigenome_v4",168113,100
"PPF_map",8,1,1,1,0.99177213400732,0.00242338400189845,41.210938658053,0.192913801107941,1,0,0.0566785788831574,0.0479940282711212,0.315495223481759,0.303998749977887,6.71860374609629,330,NA,NA,NA,NA,NA,NA,NA,NA,"Simulation_01","S3_epigenome_v4",168113,100
"PPF_mcmc",8,1,1,1,0.991766486428568,0.00338417894447925,47.5959167868259,0.192286496648488,1,0,0.0565513358999186,0.0479603980694681,0.31549713391847,0.303997852820608,26.0295138676961,NA,137.823637606756,184.984479655096,312.723717132119,876.741006581887,1516.84255571619,150,150,150,"Simulation_01","S3_epigenome_v4",168113,100
"CompNMF",7,0.75,0.857142857142857,0.8,0.95668788275345,0.00597166941700105,98.1567519142266,0.361201910451633,0,0,0.0599747447419247,0.0713156025053608,0.351401468323642,0.350015695410884,0.00604135990142822,3562,NA,NA,NA,NA,NA,NA,NA,NA,"Simulation_02","S3_epigenome_v4",194913,100
"SignatureAnalyzer",8,0.75,0.75,0.75,0.955199017938781,0.00638797729159161,82.4661929635976,0.361201910451633,0,0,0.0600000552729486,0.0712333009014873,0.351400213421418,0.350002407452178,1.20455407698949,NA,NA,NA,NA,NA,NA,NA,NA,NA,"Simulation_02","S3_epigenome_v4",194913,100
"PPF_map",8,0.875,0.875,0.875,0.983958379808034,0.00352914584882063,61.5847531523073,0.203827819629275,0.95,0.05,0.0407177540607262,0.0489591288908788,0.348864611801265,0.346590609074754,8.78020065228144,380,NA,NA,NA,NA,NA,NA,NA,NA,"Simulation_02","S3_epigenome_v4",194913,100
"PPF_mcmc",8,1,1,1,0.99138559051182,0.00316843837604643,51.8008996989674,0.20102112957348,0.975,0,0.0406128412876339,0.0486728215937857,0.348860197650276,0.346583890922635,27.3094702442487,NA,130.806687205983,177.985645438986,310.416574659635,674.13487200318,1469.73859965642,200.684873658136,89.8977248295919,150,"Simulation_02","S3_epigenome_v4",194913,100
"CompNMF",7,0.75,0.857142857142857,0.8,0.963502746248933,0.00654832790439949,130.998093474015,0.340792606147497,0,0,0.0674650065593655,0.0853139280828872,0.335650932780383,0.332491848033418,0.0291066447893778,5585,NA,NA,NA,NA,NA,NA,NA,NA,"Simulation_03","S3_epigenome_v4",181758,100
"SignatureAnalyzer",7,0.75,0.857142857142857,0.8,0.966376878689529,0.00556143156666243,123.359504392719,0.340792606147497,0,0,0.0674729753572715,0.0852742016045696,0.335649938647013,0.332485641314085,1.27813277641932,NA,NA,NA,NA,NA,NA,NA,NA,NA,"Simulation_03","S3_epigenome_v4",181758,100
"PPF_map",8,1,1,1,0.992071925447027,0.00268124672833614,55.9971580087952,0.188150809594967,0.975,0,0.0464301382776333,0.0637844564288383,0.332939103955593,0.330136524076124,7.43520476818085,370,NA,NA,NA,NA,NA,NA,NA,NA,"Simulation_03","S3_epigenome_v4",181758,100
"PPF_mcmc",8,1,1,1,0.993216658588209,0.00282393026913339,55.5513774641336,0.187204175408222,0.975,0,0.0462898999920585,0.0636674133370378,0.332937561870146,0.330141145107703,25.6446156581243,NA,139.744506264998,173.628840200488,321.957002669097,715.997743332955,1539.85027190552,91.6705604449587,114.241297373079,69.7085125802229,"Simulation_03","S3_epigenome_v4",181758,100
"CompNMF",7,0.875,1,0.933333333333333,0.976711483880772,0.00566302424100118,97.6942522074624,0.307648546349865,0,0,0.0491236601635779,0.0263960248133445,0.298341663088166,0.285314468428093,0.0424378991127014,7113,NA,NA,NA,NA,NA,NA,NA,NA,"Simulation_04","S3_epigenome_v4",157952,100
"SignatureAnalyzer",8,0.875,0.875,0.875,0.959324273494176,0.0056656944555141,73.2725041392545,0.307648546349865,0,0,0.0491143325754066,0.0265543244654281,0.298340140773166,0.2853202375968,1.68096631765366,NA,NA,NA,NA,NA,NA,NA,NA,NA,"Simulation_04","S3_epigenome_v4",157952,100
"PPF_map",8,1,1,1,0.989886390732857,0.00347986983685033,43.1485647945331,0.171083656615467,1,0,0.0378434755113264,0.0178002763330319,0.29699619254301,0.284380590442325,4.39743631680807,250,NA,NA,NA,NA,NA,NA,NA,NA,"Simulation_04","S3_epigenome_v4",157952,100
"PPF_mcmc",8,1,1,1,0.992916267951464,0.00478439371386474,43.7908818332016,0.170692596414885,1,0,0.0377374798381398,0.0179322262888094,0.296995609971211,0.284381070241372,25.0456192334493,NA,120.599681890838,162.769253594905,283.984868954325,530.059903532742,1495.60717543253,150,117.51361879584,150,"Simulation_04","S3_epigenome_v4",157952,100
"CompNMF",7,0.875,1,0.933333333333333,0.9616794529712,0.00585778275683822,105.430619910924,0.314752957665676,0,0,0.0628753477927982,0.0773043854226557,0.332481036398599,0.349124938082508,0.0142259279886882,2714,NA,NA,NA,NA,NA,NA,NA,NA,"Simulation_05","S3_epigenome_v4",175869,100
"SignatureAnalyzer",8,0.75,0.75,0.75,0.957768272930564,0.00757357250276212,80.4223228189027,0.314752957665676,0,0,0.0628865384678405,0.0772713965862693,0.332479944340517,0.349117481858567,1.25491822560628,NA,NA,NA,NA,NA,NA,NA,NA,NA,"Simulation_05","S3_epigenome_v4",175869,100
"PPF_map",8,1,1,1,0.990451588804099,0.00287995724407701,44.5925807657865,0.175482338539617,0.95,0,0.0438855042629214,0.0550401308787424,0.330238615879901,0.346546731041752,5.15439587434133,270,NA,NA,NA,NA,NA,NA,NA,NA,"Simulation_05","S3_epigenome_v4",175869,100
"PPF_mcmc",8,1,1,1,0.991361745438059,0.00352121615214851,48.2914556235198,0.174747663835005,0.95,0,0.0437936645260644,0.0548927462011942,0.330238324107009,0.346547982366651,25.7359121958415,NA,136.092919765433,172.743729327387,295.768757090269,628.500997744199,1460.75469234435,150,150,150,"Simulation_05","S3_epigenome_v4",175869,100
"CompNMF",7,0.875,1,0.933333333333333,0.963137719707728,0.00570432276549194,121.584762523443,0.345663992551402,0,0,0.0597840007432794,0.0623321207722457,0.33812751315041,0.339423177483935,0.0070600430170695,4032,NA,NA,NA,NA,NA,NA,NA,NA,"Simulation_06","S3_epigenome_v4",191764,100
"SignatureAnalyzer",8,0.875,0.875,0.875,0.951061446228395,0.0057045762839466,97.7759120758158,0.345663992551402,0,0,0.0598013487736339,0.0623213304558325,0.338126715521699,0.339421183966397,1.8206134557724,NA,NA,NA,NA,NA,NA,NA,NA,NA,"Simulation_06","S3_epigenome_v4",191764,100
"PPF_map",8,1,1,1,0.988243976193989,0.00351034916314164,58.3754861535359,0.192856367894588,0.95,0,0.0434153860147517,0.0465484438792401,0.33588385830425,0.336744115062493,6.44740117390951,290,NA,NA,NA,NA,NA,NA,NA,NA,"Simulation_06","S3_epigenome_v4",191764,100
"PPF_mcmc",8,1,1,1,0.989621874916479,0.00330900344214694,62.7547332180357,0.191683351284262,1,0,0.0433232707883405,0.0463197624787353,0.335884761463099,0.33674490302105,27.3006161292394,NA,141.272573841389,182.693199457007,301.027184301377,728.007126185409,1472.73613540868,103.656394751184,96.7662321237286,106.944298969588,"Simulation_06","S3_epigenome_v4",191764,100
"CompNMF",8,0.875,0.875,0.875,0.971995597470778,0.00524702464910799,133.299000059554,0.342740215758096,0,0,0.0687671833134055,0.0400313300326793,0.356897178821233,0.31943333676451,0.0582439700762431,32351,NA,NA,NA,NA,NA,NA,NA,NA,"Simulation_07","S3_epigenome_v4",188784,100
"SignatureAnalyzer",8,1,1,1,0.977585255703661,0.00412213906799524,90.3943830019361,0.342740215758096,0,0,0.0687533784958675,0.0401274090325816,0.356895114543342,0.319438936849897,2.26431345144908,NA,NA,NA,NA,NA,NA,NA,NA,NA,"Simulation_07","S3_epigenome_v4",188784,100
"PPF_map",8,1,1,1,0.986873605889389,0.00328143392470115,60.3742795718315,0.193095907877526,1,0,0.0528104894776548,0.0297199308957674,0.35410759623223,0.317556130932072,7.69365999301275,340,NA,NA,NA,NA,NA,NA,NA,NA,"Simulation_07","S3_epigenome_v4",188784,100
"PPF_mcmc",8,1,1,1,0.993680127496422,0.00319391835678652,56.8940908760294,0.190674345401539,1,0,0.0525515036483972,0.0295525312337259,0.354108216158676,0.317550824592411,27.8811415632566,NA,145.193689323328,205.40546850432,303.169727339435,696.771774235407,1500,150,150,150,"Simulation_07","S3_epigenome_v4",188784,100
"CompNMF",7,0.875,1,0.933333333333333,0.950384132498802,0.00723233661745705,135.453128119195,0.286324726091741,0,0,0.0772798858550685,0.0304237816757788,0.314290418942611,0.306592510195167,0.00965644121170044,5432,NA,NA,NA,NA,NA,NA,NA,NA,"Simulation_08","S3_epigenome_v4",163860,100
"SignatureAnalyzer",8,1,1,1,0.978180948385705,0.0050443991003757,90.7955679574115,0.286324726091741,0,0,0.0772575831080564,0.0306012570257099,0.314289567809286,0.306595982459204,1.23444522221883,NA,NA,NA,NA,NA,NA,NA,NA,NA,"Simulation_08","S3_epigenome_v4",163860,100
"PPF_map",8,1,1,1,0.995573166649313,0.00274531175953186,43.681838738022,0.158344196334912,0.975,0,0.0613136160442633,0.0180461982001327,0.311956428998487,0.30509559669449,7.1879122932752,370,NA,NA,NA,NA,NA,NA,NA,NA,"Simulation_08","S3_epigenome_v4",163860,100
"PPF_mcmc",8,1,1,1,0.991886385495491,0.00476657170585212,55.2587141788138,0.155603768024884,0.975,0,0.0611239435376565,0.0182221544703669,0.311956336778008,0.305097141353196,25.1693745175997,NA,104.247242295912,167.288497476816,245.891126928844,509.043501155176,1483.78830794128,820.942941515993,106.008082548958,150,"Simulation_08","S3_epigenome_v4",163860,100
"CompNMF",7,0.875,1,0.933333333333333,0.977066260866411,0.00536557781942522,155.085336604598,0.419881600796462,0,0,0.133527095478092,0.127675316299691,0.448150276196496,0.497034363372286,0.0119194189707438,8037,NA,NA,NA,NA,NA,NA,NA,NA,"Simulation_09","S3_epigenome_v4",254142,100
"SignatureAnalyzer",8,0.875,0.875,0.875,0.960130134219359,0.00533748406603902,122.24022661643,0.419881600796462,0,0,0.133545350376543,0.127675834287379,0.448149624040119,0.49703198953555,1.4938171505928,NA,NA,NA,NA,NA,NA,NA,NA,NA,"Simulation_09","S3_epigenome_v4",254142,100
"PPF_map",8,1,1,1,0.99541285529906,0.00184606682408856,95.7030156464232,0.234738236066838,1,0,0.104913539921082,0.0902350084886695,0.442666310492568,0.49129502065116,12.2737971822421,440,NA,NA,NA,NA,NA,NA,NA,NA,"Simulation_09","S3_epigenome_v4",254142,100
"PPF_mcmc",8,1,1,1,0.995917757313505,0.00214669161383926,90.4048045870303,0.233187223853066,1,0,0.104849794131263,0.0902414411300449,0.442668517623511,0.491298650882377,36.8334180871646,NA,142.078409350951,202.748534574026,309.812225098231,949.815800337923,1520.73055765104,150,150,132.639720819329,"Simulation_09","S3_epigenome_v4",254142,100
"CompNMF",7,0.875,1,0.933333333333333,0.97087998541203,0.00603924263089675,192.621227375586,0.359039879087687,0,0,0.164609404315777,0.130414330526851,0.579009230241035,0.462063224850363,0.0313321272532145,6518,NA,NA,NA,NA,NA,NA,NA,NA,"Simulation_10","S3_epigenome_v4",221404,100
"SignatureAnalyzer",7,0.75,0.857142857142857,0.8,0.964523378926395,0.00588434587041002,172.792533306565,0.359039879087687,0,0,0.164594678149762,0.130425175923341,0.579008112401878,0.462062902091403,1.38490322828293,NA,NA,NA,NA,NA,NA,NA,NA,NA,"Simulation_10","S3_epigenome_v4",221404,100
"PPF_map",8,1,1,1,0.993510858417758,0.00229375590989413,77.6472795005682,0.198177316790288,0.95,0,0.131163253649664,0.0950662144780821,0.572748726360806,0.45594317688975,12.530551524957,490,NA,NA,NA,NA,NA,NA,NA,NA,"Simulation_10","S3_epigenome_v4",221404,100
"PPF_mcmc",8,1,1,1,0.994569383511188,0.00280452899232499,74.4399707894692,0.196990021927009,0.975,0,0.130993641923739,0.0949798560487034,0.57274441624133,0.455946084391106,34.2178450743357,NA,150.509430274809,187.428543698852,338.198394069305,570.893615066649,1523.43821182904,150,150,150,"Simulation_10","S3_epigenome_v4",221404,100
"CompNMF",8,0.875,0.875,0.875,0.965848059959305,0.00491885197600703,155.546311834804,0.386121418511903,0,0,0.0763679934991702,0.104628452526826,0.402491095085491,0.400127212497494,0.046113117535909,11077,NA,NA,NA,NA,NA,NA,NA,NA,"Simulation_11","S3_epigenome_v4",234436,100
"SignatureAnalyzer",8,0.875,0.875,0.875,0.963965267859872,0.00479852554199775,131.458195413539,0.386121418511903,0,0,0.0764062530654341,0.104560407356325,0.402490359328283,0.400121998232329,2.12365836699804,NA,NA,NA,NA,NA,NA,NA,NA,NA,"Simulation_11","S3_epigenome_v4",234436,100
"PPF_map",8,1,1,1,0.9982370818211,0.00140743606476305,51.9908610635517,0.212413099182188,1,0,0.057324004792802,0.0826486844276553,0.39930604727562,0.395986839053179,8.00566926002502,320,NA,NA,NA,NA,NA,NA,NA,NA,"Simulation_11","S3_epigenome_v4",234436,100
"PPF_mcmc",8,1,1,1,0.997888398237298,0.00260847025618968,55.8493269851459,0.210259685071558,1,0,0.0571310335679773,0.0822758692820075,0.399308788280377,0.395996763308931,34.1060877521833,NA,124.485892013953,191.053803476734,279.003705618282,791.120609001134,1484.98704145373,150,150,150,"Simulation_11","S3_epigenome_v4",234436,100
"CompNMF",7,0.625,0.714285714285714,0.666666666666667,0.9566863521283,0.0067377711635186,110.195356044183,0.30908242379633,0,0,0.0668225101553001,0.062695237149213,0.312553734786383,0.311346416785253,0.0498067816098531,9127,NA,NA,NA,NA,NA,NA,NA,NA,"Simulation_12","S3_epigenome_v4",169366,100
"SignatureAnalyzer",8,0.875,0.875,0.875,0.948870757863751,0.0063171242943559,87.358928380862,0.30908242379633,0,0,0.0668150730492593,0.0627016390139549,0.312553019159741,0.311349475803342,4.0520937760671,NA,NA,NA,NA,NA,NA,NA,NA,NA,"Simulation_12","S3_epigenome_v4",169366,100
"PPF_map",8,1,1,1,0.990088590576827,0.00323906652836276,58.5287289775158,0.171491262385681,0.975,0,0.0494530059844955,0.044280302875405,0.310732574816733,0.309328973979471,7.1014079451561,340,NA,NA,NA,NA,NA,NA,NA,NA,"Simulation_12","S3_epigenome_v4",169366,100
"PPF_mcmc",8,1,1,1,0.992823592753288,0.00472969300098219,56.625965276995,0.171064787701242,0.975,0,0.0493775112416403,0.0442208907563555,0.310732665831501,0.309333252259232,25.2765080769857,NA,109.012535945827,154.710756821754,256.880430570779,446.531744202927,1499.39537262506,150,36.3066478882667,274.455810094285,"Simulation_12","S3_epigenome_v4",169366,100
"CompNMF",7,0.875,1,0.933333333333333,0.958765638371001,0.00602711933861037,114.200725733665,0.348716105570531,0,0,0.123236712324689,0.118092699588922,0.376085622698752,0.369471193165567,0.0439111471176147,9687,NA,NA,NA,NA,NA,NA,NA,NA,"Simulation_13","S3_epigenome_v4",194678,100
"SignatureAnalyzer",7,0.75,0.857142857142857,0.8,0.957601817984805,0.00571654992418517,107.292358835599,0.348716105570531,0,0,0.123229851292909,0.118113822118861,0.376084696753865,0.369477010046424,1.78304449717204,NA,NA,NA,NA,NA,NA,NA,NA,NA,"Simulation_13","S3_epigenome_v4",194678,100
"PPF_map",7,1,1,1,0.982209707333699,0.00487565908875289,120.103480344018,0.217600197931485,1,0,0.0977997452803321,0.0917970120774904,0.371477092650249,0.365513041447214,10.381479493777,500,NA,NA,NA,NA,NA,NA,NA,NA,"Simulation_13","S3_epigenome_v4",194678,100
"PPF_mcmc",7,1,1,1,0.981933204741895,0.00511008834904815,115.947151328639,0.21780833753176,1,0,0.0976618946592583,0.0916740451663625,0.371476000951014,0.365512724016284,28.3230048378309,NA,175.60041324968,191.366637080585,369.844412365752,810.755892533791,1526.42096976657,150,76.3464334720843,150,"Simulation_13","S3_epigenome_v4",194678,100
"CompNMF",8,1,1,1,0.99000580712181,0.00439601767925558,187.776256267676,0.420812367133014,0,0,0.262122190039144,0.221025161289073,0.977477135436173,0.790170842939285,0.0189712802569071,12977,NA,NA,NA,NA,NA,NA,NA,NA,"Simulation_14","S3_epigenome_v4",289126,100
"SignatureAnalyzer",8,1,1,1,0.988376782974224,0.00416767303139029,176.684543192563,0.420812367133014,0,0,0.262118359943266,0.221045518959541,0.977476547476224,0.790170839067541,1.48122742176056,NA,NA,NA,NA,NA,NA,NA,NA,NA,"Simulation_14","S3_epigenome_v4",289126,100
"PPF_map",8,1,1,1,0.997751841490547,0.00242690750151735,88.1007804283893,0.233066306385329,0.975,0,0.205831484500435,0.165788653350975,0.966968085119698,0.776686879420206,19.2305564800898,640,NA,NA,NA,NA,NA,NA,NA,NA,"Simulation_14","S3_epigenome_v4",289126,100
"PPF_mcmc",8,1,1,1,0.997817036685029,0.00299109087547459,94.1551765196734,0.231650338814812,0.975,0,0.205409161811235,0.16538906593885,0.966973797022937,0.776693860293752,40.10243105491,NA,120.598971978659,220.255436847774,266.046056793981,755.877795073904,1501.57022282393,150,150,218.114423886989,"Simulation_14","S3_epigenome_v4",289126,100
"CompNMF",7,0.875,1,0.933333333333333,0.96755754647071,0.00546861249172124,138.421303799083,0.346767608521879,0,0,0.122447368571187,0.318076065899993,0.505592807240419,0.505232992769768,0.0555421948432922,9957,NA,NA,NA,NA,NA,NA,NA,NA,"Simulation_15","S3_epigenome_v4",246951,100
"SignatureAnalyzer",8,0.875,0.875,0.875,0.957077442286296,0.00516683257857113,116.597334277837,0.346767608521879,0,0,0.122462548296512,0.318043828787308,0.505592375576412,0.505232086086201,3.05070931911469,NA,NA,NA,NA,NA,NA,NA,NA,NA,"Simulation_15","S3_epigenome_v4",246951,100
"PPF_map",7,1,1,1,0.982408742876688,0.00468782331703502,133.217447071928,0.207926761691591,0.942857142857143,0,0.0909303522147082,0.271175050939211,0.498930116623347,0.49094215340628,8.35300795237223,300,NA,NA,NA,NA,NA,NA,NA,NA,"Simulation_15","S3_epigenome_v4",246951,100
"PPF_mcmc",7,0.875,1,0.933333333333333,0.981890725194059,0.00490752332393575,132.573744884946,0.207470526905452,0.971428571428571,0,0.0908347421196505,0.270999675674426,0.498928580379302,0.490943996875933,35.2997167905172,NA,180.826727067979,201.759269248839,380.867243252071,854.351273293567,1533.38311043139,109.264772618202,150,117.775812675609,"Simulation_15","S3_epigenome_v4",246951,100
"CompNMF",7,1,1,1,0.9798645349783,0.00597481372200857,187.861507832416,0.403705541379456,0,0,0.102080321131059,0.0803429766965095,0.420476869819826,0.432336744840533,0.023248823483785,3108,NA,NA,NA,NA,NA,NA,NA,NA,"Simulation_16","S3_epigenome_v4",226870,100
"SignatureAnalyzer",8,0.875,0.875,0.875,0.97546675453553,0.00438714715362206,128.552346619569,0.403705541379456,0,0,0.102084167181036,0.0803669403264128,0.420475464604108,0.432337497793136,1.86939546664556,NA,NA,NA,NA,NA,NA,NA,NA,NA,"Simulation_16","S3_epigenome_v4",226870,100
"PPF_map",8,1,1,1,0.998071388018589,0.00202785782509783,71.1900812432952,0.222974916543594,1,0,0.0832825717917876,0.0628594437784791,0.416507876538987,0.429503425607319,10.830565448602,430,NA,NA,NA,NA,NA,NA,NA,NA,"Simulation_16","S3_epigenome_v4",226870,100
"PPF_mcmc",8,1,1,1,0.998178151887837,0.00259219444692213,68.4224036944722,0.221052444744964,1,0,0.0830918546475938,0.0627059451529821,0.416505075537672,0.429513058801431,33.281779619058,NA,137.990554034878,206.723972787463,316.131448878291,1083.41554774408,1500,150,150,150,"Simulation_16","S3_epigenome_v4",226870,100
"CompNMF",7,0.875,1,0.933333333333333,0.957463179464828,0.00584448373298989,136.626332169179,0.365927734394793,0,0,0.0619917160325466,0.086664263356494,0.386494209290797,0.385945759223013,0.00644587675730387,3358,NA,NA,NA,NA,NA,NA,NA,NA,"Simulation_17","S3_epigenome_v4",200971,100
"SignatureAnalyzer",8,0.875,0.875,0.875,0.949245313890277,0.00639682570915379,116.278847622984,0.365927734394793,0,0,0.0620435891119136,0.0866278039903375,0.386493266205297,0.385941081688531,3.02330853144328,NA,NA,NA,NA,NA,NA,NA,NA,NA,"Simulation_17","S3_epigenome_v4",200971,100
"PPF_map",7,0.875,1,0.933333333333333,0.972525100328154,0.00532238102630705,134.482046143312,0.22682257903716,1,0,0.0484206770756705,0.0714187219126205,0.38398419617142,0.382771241516244,7.95231809616089,370,NA,NA,NA,NA,NA,NA,NA,NA,"Simulation_17","S3_epigenome_v4",200971,100
"PPF_mcmc",7,0.875,1,0.933333333333333,0.967448603356009,0.00615917776007108,123.775720794359,0.227341095509555,0.971428571428571,0,0.0484170530669728,0.0713128527044772,0.383984628351026,0.38277625342355,30.2198867400487,NA,132.215511694247,159.193519977601,319.807162623484,581.462184739586,1525.36880115036,106.751226056879,172.977546496792,166.783551072134,"Simulation_17","S3_epigenome_v4",200971,100
"CompNMF",8,1,1,1,0.973120705802544,0.00502213339644659,150.308006199467,0.379395418739293,0,0,0.0963390171169542,0.118107327017142,0.450765830981761,0.401119806786463,0.0202906290690104,4125,NA,NA,NA,NA,NA,NA,NA,NA,"Simulation_18","S3_epigenome_v4",212088,100
"SignatureAnalyzer",8,1,1,1,0.982670907788151,0.00413678823932302,128.672108235928,0.379395418739293,0,0,0.0963441515027884,0.118068264373585,0.450764329363213,0.401111720539922,2.68182471195857,NA,NA,NA,NA,NA,NA,NA,NA,NA,"Simulation_18","S3_epigenome_v4",212088,100
"PPF_map",8,1,1,1,0.996970389045299,0.00222172000488163,50.8238608208749,0.208213329840046,0.975,0,0.0720877775207756,0.0924969333475489,0.446508972837484,0.396908085682128,5.9072669506073,240,NA,NA,NA,NA,NA,NA,NA,NA,"Simulation_18","S3_epigenome_v4",212088,100
"PPF_mcmc",8,1,1,1,0.997330139834796,0.00256337261690881,49.2498709071054,0.207050698160298,0.975,0,0.0718245522051635,0.0922142079188488,0.446498834537371,0.396918193308537,31.2202922304471,NA,139.952489745979,207.064155710007,314.050522835324,792.198674312482,1511.64236714451,115.111721083104,73.1008834559859,101.626161931265,"Simulation_18","S3_epigenome_v4",212088,100
"CompNMF",7,0.875,1,0.933333333333333,0.965206718105479,0.00521860319911852,124.499467696288,0.31769098578856,0,0,0.045760810169315,0.0326540886689246,0.320118672065754,0.309624677286913,0.0223260243733724,12276,NA,NA,NA,NA,NA,NA,NA,NA,"Simulation_19","S3_epigenome_v4",178138,100
"SignatureAnalyzer",8,0.875,0.875,0.875,0.96667297300042,0.0044148710415177,76.6032368648997,0.31769098578856,0,0,0.04577484977672,0.0327484247350335,0.320117687416829,0.309628369501647,2.93350849548976,NA,NA,NA,NA,NA,NA,NA,NA,NA,"Simulation_19","S3_epigenome_v4",178138,100
"PPF_map",8,1,1,1,0.993504610881803,0.00209602855657931,48.7407701119083,0.175404058840757,1,0,0.0334202639546616,0.0216839230053934,0.318578827596405,0.308564460375376,4.40523387591044,230,NA,NA,NA,NA,NA,NA,NA,NA,"Simulation_19","S3_epigenome_v4",178138,100
"PPF_mcmc",8,1,1,1,0.994992508113535,0.00334654047797474,44.9566423710517,0.173707551279246,1,0,0.0333268492145044,0.0217315774746092,0.318579271679293,0.308565132124585,27.5044829845428,NA,123.541078064531,176.845391565015,259.321966069649,433.236777828652,1550.43063969072,150,113.457247749848,150,"Simulation_19","S3_epigenome_v4",178138,100
"CompNMF",7,0.875,1,0.933333333333333,0.965018832772529,0.00564853293224536,125.043798052884,0.31366526288698,0,0,0.120283073075074,0.172882877625816,0.376840467815038,0.397584954313229,0.0144877552986145,2822,NA,NA,NA,NA,NA,NA,NA,NA,"Simulation_20","S3_epigenome_v4",189939,100
"SignatureAnalyzer",8,0.875,0.875,0.875,0.969304864536575,0.00456107150083417,77.8741277594047,0.31366526288698,0,0,0.12026554609318,0.172837558444643,0.376839138813175,0.397580670470495,2.41347156763077,NA,NA,NA,NA,NA,NA,NA,NA,NA,"Simulation_20","S3_epigenome_v4",189939,100
"PPF_map",8,1,1,1,0.993853618444463,0.00299810082732834,54.0487373166693,0.171961630083824,1,0,0.0964236154944431,0.147064642975658,0.372700931818128,0.392374153203371,7.7485230644544,350,NA,NA,NA,NA,NA,NA,NA,NA,"Simulation_20","S3_epigenome_v4",189939,100
"PPF_mcmc",8,1,1,1,0.994493871087903,0.00367577055238046,51.7483859158539,0.170884398230768,1,0,0.0961826009533605,0.146741752948994,0.372700187489193,0.392372317765884,26.2403691132863,NA,138.825277446414,171.220136352368,292.496128790643,640.864395910041,1443.33034101442,150,150,150,"Simulation_20","S3_epigenome_v4",189939,100
"CompNMF",7,0.875,1,0.933333333333333,0.976132730299823,0.00626679035798031,120.997318184902,0.366947146872217,0,0,0.099979728214074,0.0492247844892532,0.490858512754631,0.454997935842211,0.0966372013092041,24045,NA,NA,NA,NA,NA,NA,NA,NA,"Simulation_01","S4_hotspots",219343,100
"SignatureAnalyzer",7,0.875,1,0.933333333333333,0.968770015063478,0.00579956546497257,336.016025864249,0.366947146872217,0,0,0.0999708481566617,0.049368760430353,0.490859301032048,0.455005556140136,1.69432749350866,NA,NA,NA,NA,NA,NA,NA,NA,NA,"Simulation_01","S4_hotspots",219343,100
"PPF_map",7,0.875,1,0.933333333333333,0.979444792243022,0.00532286024897544,106.460197625782,0.230713456110281,1,0,0.0819961581102483,0.0361835271777343,0.488055002580206,0.453250017980803,16.1860079606374,690,NA,NA,NA,NA,NA,NA,NA,NA,"Simulation_01","S4_hotspots",219343,100
"PPF_mcmc",7,0.875,1,0.933333333333333,0.979186053383396,0.00587771926596708,107.86972405417,0.230480264973442,1,0,0.0817993085233713,0.0362508849522303,0.488054473609611,0.453254701911443,33.2217909495036,NA,144.849921413392,190.098857188916,337.503265043241,905.066899313061,1524.6895374403,150,203.119208577463,150,"Simulation_01","S4_hotspots",219343,100
"CompNMF",7,0.875,1,0.933333333333333,0.973201636999849,0.00592803767255212,224.010841233931,0.337941058541867,0,0,0.0552696349813315,0.0482279948208716,0.455399243639485,0.437573337105712,0.0127289334932963,8220,NA,NA,NA,NA,NA,NA,NA,NA,"Simulation_02","S4_hotspots",194510,100
"SignatureAnalyzer",8,0.875,0.875,0.875,0.968982255199043,0.00513654216040441,103.058618519448,0.337941058541867,0,0,0.0552986568621502,0.0482679770052261,0.455399495179214,0.437576994372619,1.88121726910273,NA,NA,NA,NA,NA,NA,NA,NA,NA,"Simulation_02","S4_hotspots",194510,100
"PPF_map",8,1,1,1,0.992240589649742,0.00260188134921982,48.1559376604791,0.189378972540838,1,0,0.04139793120547,0.0344740487797001,0.453871851021285,0.436009251475142,6.11370435158412,280,NA,NA,NA,NA,NA,NA,NA,NA,"Simulation_02","S4_hotspots",194510,100
"PPF_mcmc",8,1,1,1,0.993319357859749,0.0029071808879916,51.4931363615233,0.18828874345278,1,0,0.0412721064746881,0.0344275565989284,0.453870647523618,0.436012206879903,27.7999193271001,NA,133.170380117249,186.927793006983,284.494916248723,605.867186912829,1484.77724988205,87.241465746225,150,89.0695105103312,"Simulation_02","S4_hotspots",194510,100
"CompNMF",7,0.875,1,0.933333333333333,0.962785801155431,0.00509458680469978,136.210698677622,0.366923614148229,0,0,0.0777102796585384,0.175977654752946,0.479900204169718,0.541895428607112,0.0414626240730286,11033,NA,NA,NA,NA,NA,NA,NA,NA,"Simulation_03","S4_hotspots",239879,100
"SignatureAnalyzer",8,0.875,0.875,0.875,0.962984304074169,0.00454871624926131,103.755819914539,0.366923614148229,0,0,0.0777609071906437,0.175808452441512,0.479900228641915,0.541868401630615,2.11712495883306,NA,NA,NA,NA,NA,NA,NA,NA,NA,"Simulation_03","S4_hotspots",239879,100
"PPF_map",8,1,1,1,0.996268620928616,0.00152047839718841,73.3004526257396,0.206632602675257,0.975,0,0.0565532882986904,0.131463389778062,0.477532370990817,0.533344591746592,5.79906237920125,230,NA,NA,NA,NA,NA,NA,NA,NA,"Simulation_03","S4_hotspots",239879,100
"PPF_mcmc",8,1,1,1,0.996108854626671,0.00232788632159934,75.6004228579702,0.20598781423413,0.975,0,0.0564875442895637,0.131039886057131,0.477533883006505,0.533351715448233,33.7164348443349,NA,132.517921049854,185.531433835673,295.212159846472,785.119800335505,1524.45255173302,150,150,137.200600484409,"Simulation_03","S4_hotspots",239879,100
"CompNMF",7,0.875,1,0.933333333333333,0.954351410886451,0.00663841131901843,141.847659936749,0.361720316201259,0,0,0.0554317126337211,0.062533516068339,0.486272094035372,0.432105037704081,0.014568837483724,3496,NA,NA,NA,NA,NA,NA,NA,NA,"Simulation_04","S4_hotspots",209521,100
"SignatureAnalyzer",8,0.875,0.875,0.875,0.959479719547235,0.00559035856638449,111.588084786194,0.361720316201259,0,0,0.0555012197971474,0.0625712228704142,0.486272421875659,0.43210687296301,1.83811322848002,NA,NA,NA,NA,NA,NA,NA,NA,NA,"Simulation_04","S4_hotspots",209521,100
"PPF_map",7,1,1,1,0.98192054481721,0.0051730730705871,122.648108089421,0.213229158558443,1,0,0.0424860087611102,0.0468024649223913,0.484440797107064,0.430065587006163,13.7120639443398,570,NA,NA,NA,NA,NA,NA,NA,NA,"Simulation_04","S4_hotspots",209521,100
"PPF_mcmc",7,1,1,1,0.981144770535193,0.0051908924482813,118.126980017067,0.213650532088651,1,0,0.0424810355948903,0.0467402959013037,0.484441563323182,0.430069153472443,30.4439107298851,NA,144.307112403266,179.583093867277,346.090176754855,728.682827682826,1485.33327280461,150,115.565289817615,150,"Simulation_04","S4_hotspots",209521,100
"CompNMF",7,0.875,1,0.933333333333333,0.977499608224426,0.00548252251636327,173.313422918148,0.413433464889494,0,0,0.0901868551000372,0.435510222329742,0.535171511969412,0.581721803221623,0.0814432263374329,18913,NA,NA,NA,NA,NA,NA,NA,NA,"Simulation_05","S4_hotspots",238468,100
"SignatureAnalyzer",8,0.875,0.875,0.875,0.970845059232871,0.00481042963118081,107.697700039444,0.413433464889494,0,0,0.0902459634613831,0.435466808272753,0.535172377756588,0.581717246671793,2.31903949181239,NA,NA,NA,NA,NA,NA,NA,NA,NA,"Simulation_05","S4_hotspots",238468,100
"PPF_map",8,1,1,1,0.997019696042411,0.00236418558985545,83.1857413617668,0.232944754163571,1,0.025,0.0633940868329327,0.394653931792939,0.531856937684186,0.575005451903395,11.3662064592044,430,NA,NA,NA,NA,NA,NA,NA,NA,"Simulation_05","S4_hotspots",238468,100
"PPF_mcmc",8,1,1,1,0.996725192957385,0.00398277743026602,77.2195686752747,0.230236877731209,1,0.025,0.0632398870962914,0.392945335434606,0.531860121755879,0.575003877366278,35.718489086628,NA,116.001597926144,184.097225633863,277.594318402827,750.258785369965,1434.54843405316,86.2443234951359,69.7800122964971,203.415224310243,"Simulation_05","S4_hotspots",238468,100
"CompNMF",7,0.875,1,0.933333333333333,0.975251653747764,0.00529749068629821,102.347784891355,0.304288441968996,0,0,0.0418145499689525,0.0303425699939455,0.427384336470197,0.390056226881451,0.031511922677358,4741,NA,NA,NA,NA,NA,NA,NA,NA,"Simulation_06","S4_hotspots",162442,100
"SignatureAnalyzer",8,0.875,0.875,0.875,0.955666548805711,0.00577144254995367,81.6065658993648,0.304288441968996,0,0,0.0418177107685145,0.0304950056868319,0.427385154534961,0.390063189464435,2.61496312220891,NA,NA,NA,NA,NA,NA,NA,NA,NA,"Simulation_06","S4_hotspots",162442,100
"PPF_map",8,1,1,1,0.992944722800073,0.0026735129672291,46.7228916178778,0.173523579999211,0.95,0,0.0318418187330114,0.0236508305245511,0.426682096665105,0.389473990305278,6.6775922815005,330,NA,NA,NA,NA,NA,NA,NA,NA,"Simulation_06","S4_hotspots",162442,100
"PPF_mcmc",8,1,1,1,0.992502608369361,0.00415559604722906,56.1038005751125,0.171932967246783,0.95,0,0.0317273672787189,0.0237271993698129,0.426684218638737,0.389477039729252,25.1684113740921,NA,118.757189322372,165.314647693471,256.231518033228,518.68944574896,1529.35607295179,96.7217920127511,76.486117725652,150,"Simulation_06","S4_hotspots",162442,100
"CompNMF",7,0.75,0.857142857142857,0.8,0.964026097631129,0.00609993881384335,180.036693283113,0.369451732326225,0,0,0.144351705768624,0.104981134165945,0.640338776464616,0.641129119943528,0.0161231557528178,10685,NA,NA,NA,NA,NA,NA,NA,NA,"Simulation_07","S4_hotspots",248677,100
"SignatureAnalyzer",8,0.875,0.875,0.875,0.959859511890254,0.0050418178210152,138.861551356245,0.369451732326225,0,0,0.144376289013258,0.10491851067279,0.640338846502747,0.64111653330318,2.56392992734909,NA,NA,NA,NA,NA,NA,NA,NA,NA,"Simulation_07","S4_hotspots",248677,100
"PPF_map",8,1,1,1,0.992526395221133,0.00256755758726998,105.958441411365,0.205599586530494,0.975,0,0.112490982681927,0.0624136854850436,0.633882304378342,0.635815579012912,10.3610791563988,380,NA,NA,NA,NA,NA,NA,NA,NA,"Simulation_07","S4_hotspots",248677,100
"PPF_mcmc",8,1,1,1,0.99437240948568,0.00240472543346216,103.015289692123,0.205673384982465,0.975,0,0.112358321109728,0.0621972955395401,0.633878593145647,0.635824411756007,38.2073827068011,NA,147.842822030036,172.272729750135,315.411528017571,648.211597578321,1490.6347835411,150,150,150,"Simulation_07","S4_hotspots",248677,100
"CompNMF",7,0.875,1,0.933333333333333,0.968886906862024,0.00622202177240035,142.006146377424,0.343838614389058,0,0,0.0511986846841194,0.0656085710076709,0.436106602521977,0.449275395400906,0.0150440653165181,8979,NA,NA,NA,NA,NA,NA,NA,NA,"Simulation_08","S4_hotspots",181118,100
"SignatureAnalyzer",8,0.75,0.75,0.75,0.953900758720574,0.00545170140970877,84.1727052729347,0.343838614389058,0,0,0.0512234984540861,0.0656287503760343,0.436106744892333,0.44927682888588,2.27027361392975,NA,NA,NA,NA,NA,NA,NA,NA,NA,"Simulation_08","S4_hotspots",181118,100
"PPF_map",8,1,0.875,0.933333333333333,0.982832411807804,0.0147014020749763,132.315355639047,0.250517559187627,0.95,0.1,0.0371530887031385,0.0501412190058363,0.434685720923594,0.448124141168885,13.4856447140376,660,NA,NA,NA,NA,NA,NA,NA,NA,"Simulation_08","S4_hotspots",181118,100
"PPF_mcmc",8,1,0.875,0.933333333333333,0.979404735876027,0.0104838621908924,117.699462267433,0.255742057215038,0.9,0.125,0.0370075588756205,0.0502572431461226,0.434694390835737,0.448198838796606,28.0324562152227,NA,123.862224185525,165.283561315804,314.914171925367,573.210760872984,1394.1076115274,150,157.663859742298,150,"Simulation_08","S4_hotspots",181118,100
"CompNMF",7,0.75,0.857142857142857,0.8,0.939460069154924,0.00628451401917789,227.194137015809,0.42790343473858,0,0,0.133559587963345,0.179405442357259,0.926356297716637,0.970568796337063,0.0269096652666728,4349,NA,NA,NA,NA,NA,NA,NA,NA,"Simulation_09","S4_hotspots",294105,100
"SignatureAnalyzer",7,0.875,1,0.933333333333333,0.951697030093842,0.00597772913668373,203.225844146912,0.42790343473858,0,0,0.133638448801058,0.179495123765722,0.926355805799125,0.970580890057915,1.94629331827164,NA,NA,NA,NA,NA,NA,NA,NA,NA,"Simulation_09","S4_hotspots",294105,100
"PPF_map",7,0.875,1,0.933333333333333,0.976679703471764,0.0050718304969602,193.801812496508,0.247690748159531,1,0,0.0846244264508344,0.130731481724438,0.918245872285829,0.956728350163095,13.9521363377571,410,NA,NA,NA,NA,NA,NA,NA,NA,"Simulation_09","S4_hotspots",294105,100
"PPF_mcmc",7,0.875,1,0.933333333333333,0.976432984697428,0.00529499981905726,195.411280171283,0.247582029392463,0.971428571428571,0,0.0846207551734954,0.130615375846401,0.918242834107782,0.956712571484856,39.9632261236509,NA,174.424783714444,176.107204811687,387.354619134921,796.175400202167,1510.48097117089,150,150,150,"Simulation_09","S4_hotspots",294105,100
"CompNMF",7,0.875,1,0.933333333333333,0.971583354183538,0.00615174519055698,222.770094309262,0.384467650600436,0,0,0.202085342737554,0.0936290931363876,0.516934608339345,0.509074038360463,0.0330933888753255,6967,NA,NA,NA,NA,NA,NA,NA,NA,"Simulation_10","S4_hotspots",230968,100
"SignatureAnalyzer",8,1,1,1,0.975386336945013,0.00433207841658419,161.371086414888,0.384467650600436,0,0,0.2020699155451,0.0936540944377021,0.516934816940029,0.509073366505683,1.65039079984029,NA,NA,NA,NA,NA,NA,NA,NA,NA,"Simulation_10","S4_hotspots",230968,100
"PPF_map",8,1,1,1,0.996232969858603,0.00189600068069772,155.000740299841,0.214088063531114,0.925,0,0.172162924919992,0.064135593011611,0.512229965769106,0.505628983787063,9.10736467043559,410,NA,NA,NA,NA,NA,NA,NA,NA,"Simulation_10","S4_hotspots",230968,100
"PPF_mcmc",8,1,1,1,0.996954671624217,0.00204016019987051,145.650032549807,0.212448973309211,0.925,0,0.171931747875136,0.0637715895726514,0.512227470021686,0.505629398558162,34.6600956281026,NA,132.677664264311,198.581560192349,310.652016169183,848.926926715788,1393.04291262267,150,150,150,"Simulation_10","S4_hotspots",230968,100
"CompNMF",7,0.875,1,0.933333333333333,0.964333835455864,0.00566583504089548,168.211875023172,0.40923468374741,0,0,0.0825042102525356,0.122530043566102,0.510076448222643,0.519093197667017,0.0077140212059021,3956,NA,NA,NA,NA,NA,NA,NA,NA,"Simulation_11","S4_hotspots",245362,100
"SignatureAnalyzer",8,0.875,0.875,0.875,0.964982805772807,0.00480140305109768,117.89919486953,0.40923468374741,0,0,0.0825613871896523,0.122477159882989,0.510076457689584,0.519089196100591,2.3293664932251,NA,NA,NA,NA,NA,NA,NA,NA,NA,"Simulation_11","S4_hotspots",245362,100
"PPF_map",9,1,1,1,0.996758754074612,0.0178894692636884,72.3697856469271,0.253574708603398,1,0,0.0619355656698747,0.093559436014402,0.507073423816615,0.514116340548341,7.48464777469635,240,NA,NA,NA,NA,NA,NA,NA,NA,"Simulation_11","S4_hotspots",245362,100
"PPF_mcmc",9,1,1,1,0.995867414247971,0.0128079459900949,78.2112434975325,0.231854565056087,1,0,0.061798978366779,0.0929509526290068,0.507072051270088,0.514131070186179,36.6353510578473,NA,113.661369137371,181.990749819789,255.063395446335,695.992946012756,1394.21596980547,150,88.4325716512323,150,"Simulation_11","S4_hotspots",245362,100
"CompNMF",7,0.875,1,0.933333333333333,0.964201934512192,0.00552201025124607,151.574959670731,0.358589275113296,0,0,0.0582000783929543,0.0720203125199675,0.466034997453929,0.456371260534848,0.0105492830276489,6725,NA,NA,NA,NA,NA,NA,NA,NA,"Simulation_12","S4_hotspots",202406,100
"SignatureAnalyzer",8,0.875,0.875,0.875,0.963948062470555,0.00508420810390429,107.550060286744,0.358589275113296,0,0,0.0582453417742157,0.0720563878863673,0.466035363484296,0.456372971952036,1.41692214806875,NA,NA,NA,NA,NA,NA,NA,NA,NA,"Simulation_12","S4_hotspots",202406,100
"PPF_map",8,1,1,1,0.995214739236905,0.00238320969524243,67.7703877226851,0.203684126406388,0.975,0,0.045790699829748,0.0559778084726634,0.464464304374003,0.454407045794982,5.58572283585866,240,NA,NA,NA,NA,NA,NA,NA,NA,"Simulation_12","S4_hotspots",202406,100
"PPF_mcmc",8,1,1,1,0.99506666367841,0.00394197021110917,68.1470605376803,0.202109293050178,0.975,0,0.0456969818681229,0.055864166509079,0.464467358118787,0.454404267019476,30.6515569488208,NA,125.226193155252,177.259471219857,286.864100600955,686.694605313584,1504.22175021897,150,92.0014058391854,150,"Simulation_12","S4_hotspots",202406,100
"CompNMF",8,0.875,0.875,0.875,0.972477524766246,0.00501097311267207,339.419600693427,0.398096767166037,0,0,0.246464723417017,0.238163631417659,3.89030441027709,2.89440830408417,0.0419927597045898,6644,NA,NA,NA,NA,NA,NA,NA,NA,"Simulation_13","S4_hotspots",325033,100
"SignatureAnalyzer",8,0.875,0.875,0.875,0.973442757700281,0.00395086323315278,300.605963660716,0.398096767166037,0,0,0.246492840495839,0.238123266084441,3.89030412790424,2.89440666213362,3.51447039047877,NA,NA,NA,NA,NA,NA,NA,NA,NA,"Simulation_13","S4_hotspots",325033,100
"PPF_map",10,1,0.9,0.947368421052632,0.995248099271536,0.0332426378776837,581.44959034755,0.29455693168069,0.975,0.125,0.191281647794258,0.158256256308569,3.88585171864677,2.94304615237092,10.7257461706797,330,NA,NA,NA,NA,NA,NA,NA,NA,"Simulation_13","S4_hotspots",325033,100
"PPF_mcmc",9,1,1,1,0.996029014023399,0.0209537439154823,229.224720948626,0.447566231764386,1,0,0.190480145581439,0.158942362061977,3.88566272672673,2.93470356809464,44.3892270406087,NA,140.550536612816,298.036113958737,303.282841760904,755.781746963479,1385.53231956942,150,150,150,"Simulation_13","S4_hotspots",325033,100
"CompNMF",7,0.75,0.857142857142857,0.8,0.961187076768823,0.00612849160841665,161.41853686028,0.386824416973682,0,0,0.161282697949201,0.0907132621752173,0.812454041292821,0.582969305581936,0.0272185524304708,5127,NA,NA,NA,NA,NA,NA,NA,NA,"Simulation_14","S4_hotspots",228963,100
"SignatureAnalyzer",8,0.75,0.75,0.75,0.960782067150658,0.00554731005145943,111.500331392124,0.386824416973682,0,0,0.161285197572413,0.0907962707339647,0.812454163589343,0.58297332908528,2.03388846715291,NA,NA,NA,NA,NA,NA,NA,NA,NA,"Simulation_14","S4_hotspots",228963,100
"PPF_map",8,1,1,1,0.986557044818683,0.00317044147253868,80.9711835705613,0.22149131208524,1,0,0.133232785084965,0.0666253712614863,0.808593463736611,0.578067693673116,10.3190157810847,390,NA,NA,NA,NA,NA,NA,NA,NA,"Simulation_14","S4_hotspots",228963,100
"PPF_mcmc",8,1,1,1,0.989859431041761,0.00333538580075924,81.6311046669946,0.220512694532671,1,0,0.13300518253466,0.0665330422350714,0.808597026954501,0.578069682492536,34.82185972929,NA,133.397813935655,180.596311104887,299.940852977653,732.794734016239,1480.768913907,150,53.6411577367974,150,"Simulation_14","S4_hotspots",228963,100
"CompNMF",7,0.875,1,0.933333333333333,0.966702976161203,0.0066712519479659,126.187446763015,0.351355841024443,0,0,0.0602417673776247,0.0869482295572581,0.494850597001674,0.475221018628055,0.0185800234476725,4519,NA,NA,NA,NA,NA,NA,NA,NA,"Simulation_15","S4_hotspots",201141,100
"SignatureAnalyzer",8,0.875,0.875,0.875,0.958529121318297,0.00599395697507737,108.464263631469,0.351355841024443,0,0,0.0603073888025639,0.0869833436949023,0.494850684291666,0.475223640151253,1.67516208489736,NA,NA,NA,NA,NA,NA,NA,NA,NA,"Simulation_15","S4_hotspots",201141,100
"PPF_map",8,1,1,1,0.984682093647699,0.0040391339274861,85.9593893206487,0.200800661412908,0.975,0,0.038615243462894,0.0624223701885829,0.492115708422542,0.471895494212846,6.81121829748154,300,NA,NA,NA,NA,NA,NA,NA,NA,"Simulation_15","S4_hotspots",201141,100
"PPF_mcmc",8,0.875,0.875,0.875,0.981618926755216,0.00337927625529719,85.6930387654389,0.199796478614259,0.95,0,0.0386057578286807,0.0622441414565656,0.492116862930625,0.471896333319406,31.4433283487956,NA,141.871176991237,177.092565260331,314.713896369278,667.85872888815,1518.17021321995,150,96.3130918321968,150,"Simulation_15","S4_hotspots",201141,100
"CompNMF",7,0.75,0.857142857142857,0.8,0.953817805323724,0.00556377827551533,122.33244886461,0.402498088052924,0,0,0.152131719338283,0.112939201381922,0.71606630225668,0.584082031950655,0.0318427324295044,5138,NA,NA,NA,NA,NA,NA,NA,NA,"Simulation_16","S4_hotspots",242816,100
"SignatureAnalyzer",8,0.875,0.875,0.875,0.955249731312236,0.00611885732447323,104.764082676377,0.402498088052924,0,0,0.152142145843024,0.11300116419534,0.716066167169037,0.584088609341385,2.93655812342962,NA,NA,NA,NA,NA,NA,NA,NA,NA,"Simulation_16","S4_hotspots",242816,100
"PPF_map",8,1,1,1,0.992363783614493,0.00266462908576654,79.9922254103265,0.228694249662747,1,0,0.117180862455849,0.0866098831655888,0.710578388487338,0.579932047294071,17.1891738533974,610,NA,NA,NA,NA,NA,NA,NA,NA,"Simulation_16","S4_hotspots",242816,100
"PPF_mcmc",8,1,1,1,0.99177893257755,0.00406811908822544,83.3576815331087,0.227799948536899,1,0,0.116945426964291,0.0864468379506497,0.710576745756283,0.57993972006139,36.2415102958679,NA,117.415175019856,176.623167096293,270.214433858242,625.149181373381,1437.67979345564,52.4684242431437,76.0726045237373,65.747661316562,"Simulation_16","S4_hotspots",242816,100
"CompNMF",7,0.875,1,0.933333333333333,0.978888205333726,0.00555762089211625,187.066344021774,0.351478439867752,0,0,0.0545515006921459,0.100106920691262,0.457236286533676,0.477492138931393,0.0129876613616943,2508,NA,NA,NA,NA,NA,NA,NA,NA,"Simulation_17","S4_hotspots",202092,100
"SignatureAnalyzer",8,0.875,0.875,0.875,0.970908687523337,0.00446228970949867,103.297889564041,0.351478439867752,0,0,0.0546090017001674,0.100012188320432,0.457236986403477,0.47748160061245,2.06717555125554,NA,NA,NA,NA,NA,NA,NA,NA,NA,"Simulation_17","S4_hotspots",202092,100
"PPF_map",8,1,1,1,0.997098309235415,0.00181605015382336,60.7564104518813,0.200881375408573,0.975,0,0.0370801057861802,0.0781718715257343,0.455494647342715,0.474956771597978,7.57893463770549,320,NA,NA,NA,NA,NA,NA,NA,NA,"Simulation_17","S4_hotspots",202092,100
"PPF_mcmc",8,1,1,1,0.996672275277059,0.00279229180904737,59.9705066284731,0.199263428663855,0.95,0,0.0370348823338621,0.0777718991038422,0.455496751814345,0.474961128116103,30.7419638792674,NA,124.336473338656,182.693926999384,278.070538684696,614.120027117385,1500,91.5896415933292,93.2032643329199,117.664480551219,"Simulation_17","S4_hotspots",202092,100
"CompNMF",7,0.875,1,0.933333333333333,0.978007734592333,0.00537937580578995,172.91042728302,0.33170548310845,0,0,0.0555384144111745,0.0504911314660565,0.459202986519547,0.469273263073929,0.0254399259885152,5292,NA,NA,NA,NA,NA,NA,NA,NA,"Simulation_18","S4_hotspots",206305,100
"SignatureAnalyzer",8,0.875,0.875,0.875,0.972844497770244,0.0044623700727717,98.4231818465007,0.33170548310845,0,0,0.0555532634375451,0.0505040446749083,0.45920301424305,0.469273022845784,2.22120968103409,NA,NA,NA,NA,NA,NA,NA,NA,NA,"Simulation_18","S4_hotspots",206305,100
"PPF_map",8,1,1,1,0.997658770971921,0.00218059611190333,45.4956699570878,0.187846883481015,0.975,0,0.0428444138462653,0.0389389144606041,0.45773196200892,0.467422284529943,5.52995453278224,220,NA,NA,NA,NA,NA,NA,NA,NA,"Simulation_18","S4_hotspots",206305,100
"PPF_mcmc",8,1,1,1,0.99731378575675,0.00331123759627639,47.8590966131283,0.186172725852026,1,0,0.0427500590330184,0.0388199036174521,0.457734630180698,0.467424719174722,30.8521506071091,NA,130.290876423491,182.485544079124,275.3877875418,580.904138934304,1417.75381089135,150,90.4121470796102,150,"Simulation_18","S4_hotspots",206305,100
"CompNMF",7,0.75,0.857142857142857,0.8,0.947762353852779,0.00661638810790531,131.215181803997,0.324395280867459,0,0,0.212905465855954,0.378410898710858,0.649343351196776,0.791550082334444,0.022134526570638,3296,NA,NA,NA,NA,NA,NA,NA,NA,"Simulation_19","S4_hotspots",202270,100
"SignatureAnalyzer",7,0.75,0.857142857142857,0.8,0.94983006056995,0.00603148179630189,120.57918279406,0.324395280867459,0,0,0.212921459806801,0.378371318477115,0.649343484230454,0.791542083508763,1.38921139240265,NA,NA,NA,NA,NA,NA,NA,NA,NA,"Simulation_19","S4_hotspots",202270,100
"PPF_map",8,0.875,0.875,0.875,0.975785917659438,0.00395731752549085,84.7048865989573,0.182780836953423,0.975,0.075,0.184453819778422,0.328046518463333,0.644073034338709,0.782036274556001,7.35985204378764,380,NA,NA,NA,NA,NA,NA,NA,NA,"Simulation_19","S4_hotspots",202270,100
"PPF_mcmc",8,0.875,0.875,0.875,0.974293101563008,0.0105885328851304,111.98791198065,0.208936500882744,0.9,0.125,0.184225686319659,0.327810096698419,0.644066950806153,0.782183967043223,28.0314338763555,NA,107.398144106638,172.756659482823,283.005732810853,681.738493417462,1358.96906291731,3.80478242771067,6.58637231550405,1.94144644007451,"Simulation_19","S4_hotspots",202270,100
"CompNMF",7,1,1,1,0.979890396437277,0.00571312580756804,157.483119104514,0.278645444062605,0,0,0.0407957414703714,0.0282890956792046,0.416050378529889,0.41270863016516,0.0231889645258586,4436,NA,NA,NA,NA,NA,NA,NA,NA,"Simulation_20","S4_hotspots",152258,100
"SignatureAnalyzer",8,0.875,0.875,0.875,0.972059748896424,0.00448831097196509,90.4956344462723,0.278645444062605,0,0,0.0408302031370519,0.0282906088562231,0.416050718912624,0.412708256394164,2.36865070263545,NA,NA,NA,NA,NA,NA,NA,NA,NA,"Simulation_20","S4_hotspots",152258,100
"PPF_map",8,1,1,1,0.995861938727954,0.00248877073969922,49.3769205998846,0.158714128212316,0.95,0,0.0284775710222523,0.0186703402185953,0.415352800907955,0.412084722202915,3.61085916360219,190,NA,NA,NA,NA,NA,NA,NA,NA,"Simulation_20","S4_hotspots",152258,100
"PPF_mcmc",8,1,1,1,0.995813440087207,0.00383638876681706,50.4015470464632,0.156910705003597,0.95,0,0.0284044776816521,0.0185917575319256,0.415353833762812,0.412086110031509,24.3700038830439,NA,122.249390740259,179.381306914421,249.55590174904,535.295844359332,1503.70011451096,295.040719802873,150,278.454545573329,"Simulation_20","S4_hotspots",152258,100
"CompNMF",7,0.75,0.857142857142857,0.8,0.958882739572064,0.00582535950301614,151.648071434384,0.325143469217714,0,0,0.0606521812195023,0.0452912943704163,0.432758717222332,0.458185060221357,0.0072348674138387,3419,NA,NA,NA,NA,NA,NA,NA,NA,"Simulation_01","S5_cn_noise",183877,100
"SignatureAnalyzer",8,0.75,0.75,0.75,0.965290378425317,0.00498083383163386,92.9934705072314,0.325143469217714,0,0,0.0606693366936935,0.0453741801721828,0.432761415691124,0.458186460800701,1.8475278655688,NA,NA,NA,NA,NA,NA,NA,NA,NA,"Simulation_01","S5_cn_noise",183877,100
"PPF_map",8,1,1,1,0.99243901844525,0.00285698622287986,61.4007906985564,0.182824106852425,0.975,0,0.0450740107316624,0.0298437940884573,0.431337412482387,0.457072366337455,8.88990034659704,430,NA,NA,NA,NA,NA,NA,NA,NA,"Simulation_01","S5_cn_noise",183877,100
"PPF_mcmc",8,1,1,1,0.9927009693505,0.00371345110087436,62.7859708772145,0.180331732372145,0.975,0,0.0449341385365947,0.0298385661008324,0.431342515050876,0.45707611871998,27.452281443278,NA,121.710749549268,168.828222927903,265.604820810987,435.522437839819,1476.14183373158,109.135974942304,150,150,"Simulation_01","S5_cn_noise",183877,100
"CompNMF",7,0.875,1,0.933333333333333,0.971607849658486,0.00610037803131065,138.757444494492,0.351078009277914,0,0,0.0572118084616039,0.0597694306677885,0.455318329131568,0.437485792343754,0.0228931506474813,5679,NA,NA,NA,NA,NA,NA,NA,NA,"Simulation_02","S5_cn_noise",183594,100
"SignatureAnalyzer",8,0.875,0.875,0.875,0.966200958187271,0.0052265884181681,90.6030502425222,0.351078009277914,0,0,0.0572400053967817,0.0597631614251062,0.455320388545612,0.437486397386287,3.55118173360825,NA,NA,NA,NA,NA,NA,NA,NA,NA,"Simulation_02","S5_cn_noise",183594,100
"PPF_map",8,1,1,1,0.995464728568556,0.00221199902642431,53.9676728850253,0.200079290934291,0.95,0,0.0417267358213767,0.0459219274088722,0.454007014413783,0.436104309681136,5.01644879579544,220,NA,NA,NA,NA,NA,NA,NA,NA,"Simulation_02","S5_cn_noise",183594,100
"PPF_mcmc",8,1,1,1,0.994972960281939,0.00314346594147387,55.018764237064,0.198057522616265,0.95,0,0.0416210792091225,0.0457513951335072,0.45401084412623,0.436107662211973,27.2519145011902,NA,116.976332380992,159.543653517856,265.993981937824,473.228233277658,1530.30308745937,198.311124891905,150,207.548516824887,"Simulation_02","S5_cn_noise",183594,100
"CompNMF",7,0.875,1,0.933333333333333,0.962758139399982,0.00535028612085803,125.684922542463,0.324986648525657,0,0,0.072690345280583,0.133505431813856,0.467646759841931,0.536078561368706,0.0232343951861064,4732,NA,NA,NA,NA,NA,NA,NA,NA,"Simulation_03","S5_cn_noise",195567,100
"SignatureAnalyzer",8,0.875,0.875,0.875,0.951787704697728,0.00535834764706793,91.5769154543459,0.324986648525657,0,0,0.072714508211369,0.133430315419722,0.467649448875083,0.536071792497233,1.37157981395721,NA,NA,NA,NA,NA,NA,NA,NA,NA,"Simulation_03","S5_cn_noise",195567,100
"PPF_map",7,1,1,1,0.979548787916577,0.00486300290440161,119.324736994528,0.200720963677676,0.971428571428571,0.0285714285714286,0.0525955487185256,0.107969219869234,0.465562657140575,0.532022191961395,9.83424138228099,470,NA,NA,NA,NA,NA,NA,NA,NA,"Simulation_03","S5_cn_noise",195567,100
"PPF_mcmc",7,0.875,1,0.933333333333333,0.97618440489794,0.005486244680562,115.735812835446,0.201046916243183,0.971428571428571,0.0285714285714286,0.0525118017231435,0.107539303876,0.465564441201475,0.532020655501573,27.3693303863208,NA,145.296550200403,154.140246444852,293.2351510845,658.634237834525,1547.33887093727,150,150,150,"Simulation_03","S5_cn_noise",195567,100
"CompNMF",7,0.875,1,0.933333333333333,0.96463114727015,0.00620338494023642,97.7016448949089,0.24438466456763,0,0,0.0223083210208478,0.0195334225645307,0.403518635267394,0.406875654488899,0.00784000555674235,5207,NA,NA,NA,NA,NA,NA,NA,NA,"Simulation_04","S5_cn_noise",139336,100
"SignatureAnalyzer",8,0.875,0.875,0.875,0.959097411411903,0.00550868517638629,71.3378378665997,0.24438466456763,0,0,0.0223335395790967,0.0196139353130126,0.403520520408007,0.406876788109429,2.67797597646713,NA,NA,NA,NA,NA,NA,NA,NA,NA,"Simulation_04","S5_cn_noise",139336,100
"PPF_map",8,1,1,1,0.981631230256384,0.00436903367232988,57.5831326472194,0.143104483535174,0.95,0,0.0171083984857743,0.0146842431613502,0.40323219538206,0.406629385837865,3.53960205713908,210,NA,NA,NA,NA,NA,NA,NA,NA,"Simulation_04","S5_cn_noise",139336,100
"PPF_mcmc",8,1,1,1,0.987254381636534,0.00484607951366695,58.541238238104,0.142256007147176,0.95,0,0.0170666683736197,0.0147315726645051,0.403234762975533,0.406635036595235,22.874328203996,NA,121.525343032911,156.782160274935,255.330303551347,313.186203297605,1487.24964493492,109.265071002189,93.1204199900736,150,"Simulation_04","S5_cn_noise",139336,100
"CompNMF",7,0.875,1,0.933333333333333,0.961060734193032,0.00593348954411583,148.296628083423,0.361765169082172,0,0,0.102136179339715,0.128959788471191,0.53146673914661,0.538070752080854,0.0135681907335917,3221,NA,NA,NA,NA,NA,NA,NA,NA,"Simulation_05","S5_cn_noise",237601,100
"SignatureAnalyzer",8,0.875,0.875,0.875,0.966292422347946,0.00463825458810955,110.56158256901,0.361765169082172,0,0,0.102137834582316,0.128970224318431,0.531469395116446,0.538078043104635,2.15284058650335,NA,NA,NA,NA,NA,NA,NA,NA,NA,"Simulation_05","S5_cn_noise",237601,100
"PPF_map",8,1,1,1,0.993678110010082,0.00300427512268653,63.6601742494472,0.200787886316934,1,0,0.0794919977399199,0.100300788456848,0.528150790936634,0.534567844464479,5.56537383794785,220,NA,NA,NA,NA,NA,NA,NA,NA,"Simulation_05","S5_cn_noise",237601,100
"PPF_mcmc",8,1,1,1,0.994471069016864,0.00362796438994565,68.7339664331834,0.199740464468489,1,0,0.0793592337631352,0.100197572656552,0.528156280945739,0.534575398641895,35.0526706059774,NA,128.743401285174,171.038715297741,294.841010000566,628.847775277708,1503.44383067163,150,110.630873796328,150,"Simulation_05","S5_cn_noise",237601,100
"CompNMF",7,0.875,1,0.933333333333333,0.961027539564111,0.00596523357125874,104.604272015647,0.364934504437481,0,0,0.134105194958082,0.0534176583759749,0.476555051033567,0.424390684287304,0.00339860916137695,2018,NA,NA,NA,NA,NA,NA,NA,NA,"Simulation_06","S5_cn_noise",188681,100
"SignatureAnalyzer",8,0.875,0.875,0.875,0.956523458848291,0.00592502222643685,83.9800551667204,0.364934504437481,0,0,0.134098225965479,0.0536393096235627,0.476557521438758,0.424409520506117,0.883010892073313,NA,NA,NA,NA,NA,NA,NA,NA,NA,"Simulation_06","S5_cn_noise",188681,100
"PPF_map",7,1,1,1,0.980375640828887,0.00485364737346971,105.932153147982,0.22682086513208,0.971428571428571,0,0.105114287658017,0.0306109918427826,0.473613409361946,0.422648241179613,9.18990052143733,410,NA,NA,NA,NA,NA,NA,NA,NA,"Simulation_06","S5_cn_noise",188681,100
"PPF_mcmc",7,0.875,1,0.933333333333333,0.975885951889826,0.00516917896297537,99.4467871092176,0.227232463494835,0.971428571428571,0,0.104874731133379,0.0307163347496335,0.473613643169231,0.422647208195731,28.4045372684797,NA,154.54807154613,165.694685274422,366.930628149804,856.848413947,1500,279.805707351115,117.209574414206,150,"Simulation_06","S5_cn_noise",188681,100
"CompNMF",7,0.875,1,0.933333333333333,0.967762857263678,0.00563511067186874,106.149329485394,0.320890930327434,0,0,0.0505449257458123,0.0602081242579102,0.445848115653961,0.446376584729677,0.00813881556193034,5429,NA,NA,NA,NA,NA,NA,NA,NA,"Simulation_07","S5_cn_noise",172516,100
"SignatureAnalyzer",8,0.875,0.875,0.875,0.953733327169243,0.0054257177386142,80.7002257790673,0.320890930327434,0,0,0.0505794254728002,0.0601905341907694,0.44585049355573,0.44637351548862,1.68206506172816,NA,NA,NA,NA,NA,NA,NA,NA,NA,"Simulation_07","S5_cn_noise",172516,100
"PPF_map",8,1,1,1,0.989691849789284,0.0033358371611588,55.5099115944788,0.182517381089693,1,0,0.0382649140216296,0.0473940832080552,0.444378706269576,0.44525180250193,4.79836720625559,240,NA,NA,NA,NA,NA,NA,NA,NA,"Simulation_07","S5_cn_noise",172516,100
"PPF_mcmc",8,1,1,1,0.987433947494616,0.00409082658663006,61.7660714927308,0.181931976508685,1,0,0.03824959913649,0.0473067792541355,0.444384096721269,0.44526091761644,27.0757969339689,NA,116.160820912903,166.06660646194,285.779531249528,582.549653661354,1482.46382368647,110.089155458442,42.6084456894841,150,"Simulation_07","S5_cn_noise",172516,100
"CompNMF",7,0.875,1,0.933333333333333,0.970551844763565,0.00596001087750284,131.616674237066,0.337816380343611,0,0,0.0570695630430863,0.114057213975204,0.430463409961031,0.487068225627778,0.00916534662246704,5102,NA,NA,NA,NA,NA,NA,NA,NA,"Simulation_08","S5_cn_noise",174240,100
"SignatureAnalyzer",7,0.875,1,0.933333333333333,0.967597786044664,0.00580053522284964,114.919355800191,0.337816380343611,0,0,0.0571383155301515,0.114028309308004,0.430465927106966,0.487063529540013,1.63210186958313,NA,NA,NA,NA,NA,NA,NA,NA,NA,"Simulation_08","S5_cn_noise",174240,100
"PPF_map",8,0.875,0.875,0.875,0.981397435033015,0.00335679577195857,84.9837231033758,0.187660063966086,1,0.05,0.0371771237342639,0.0862458804450723,0.428729198706074,0.484660812656512,6.33949362834295,300,NA,NA,NA,NA,NA,NA,NA,NA,"Simulation_08","S5_cn_noise",174240,100
"PPF_mcmc",8,1,1,1,0.991587319782949,0.00382596594105971,64.5069509125241,0.187526094691364,0.95,0,0.0371876322227357,0.0860326679011715,0.428731942745127,0.484662893996783,25.85310211579,NA,112.103075252252,154.402769590045,256.527112300517,558.366434605891,1573.67959391262,150,84.5848131632121,150,"Simulation_08","S5_cn_noise",174240,100
"CompNMF",7,0.75,0.857142857142857,0.8,0.943130003157787,0.00755434446754727,121.923567668488,0.344413458880764,0,0,0.0976666298991608,0.0811196060756601,0.474741760480197,0.455011097596717,0.0185301144917806,4853,NA,NA,NA,NA,NA,NA,NA,NA,"Simulation_09","S5_cn_noise",193372,100
"SignatureAnalyzer",8,0.875,0.875,0.875,0.962288329004234,0.00530489397136586,84.0595881250506,0.344413458880764,0,0,0.0976808900283472,0.0811702842721625,0.474743922753349,0.4550191637788,2.52935446500778,NA,NA,NA,NA,NA,NA,NA,NA,NA,"Simulation_09","S5_cn_noise",193372,100
"PPF_map",7,1,1,1,0.981390352583517,0.00511896606204533,142.476787078378,0.204623403719085,0.971428571428571,0,0.076850238412953,0.0570872764031815,0.472187243361009,0.45309135528359,9.49721944332123,430,NA,NA,NA,NA,NA,NA,NA,NA,"Simulation_09","S5_cn_noise",193372,100
"PPF_mcmc",7,1,1,1,0.981270138692665,0.00544416561314536,131.548192764503,0.204907251721937,0.971428571428571,0,0.0767651905254799,0.0570600454754714,0.47219113596472,0.453096566365326,26.6151015082995,NA,150.064456735901,175.943172699423,337.040128706992,705.384853994708,1503.82518394277,150,112.285362871112,150,"Simulation_09","S5_cn_noise",193372,100
"CompNMF",7,0.75,0.857142857142857,0.8,0.968800853262353,0.00585046219968667,125.758432633887,0.311726441709286,0,0,0.0493270581461776,0.0904582249843977,0.423798246235847,0.453903684763919,0.0233827988306681,6748,NA,NA,NA,NA,NA,NA,NA,NA,"Simulation_10","S5_cn_noise",169690,100
"SignatureAnalyzer",7,0.75,0.857142857142857,0.8,0.963974327594273,0.00573206408421405,122.774620171998,0.311726441709286,0,0,0.0493580803622937,0.0904696830052713,0.423801122603625,0.453911391198962,1.16912734508514,NA,NA,NA,NA,NA,NA,NA,NA,NA,"Simulation_10","S5_cn_noise",169690,100
"PPF_map",8,1,1,1,0.986442221976018,0.00339648608692581,50.6149256586778,0.17291791843806,0.925,0,0.0357080277213382,0.073172060315171,0.42271358524949,0.452585204674634,5.06730397939682,290,NA,NA,NA,NA,NA,NA,NA,NA,"Simulation_10","S5_cn_noise",169690,100
"PPF_mcmc",8,1,1,1,0.988129566069193,0.00394630397137914,55.57663541135,0.171935398435366,0.95,0,0.0355971021042086,0.0730358160466022,0.422719073588432,0.452591820697685,24.8730268200239,NA,122.208189323098,158.250965922995,286.824468642641,583.669737474955,1454.75486985088,150,150,150,"Simulation_10","S5_cn_noise",169690,100
"CompNMF",8,1,1,1,0.974836089114093,0.00486038072645146,116.377711417012,0.35650471833787,0,0,0.185490828986581,0.0565451125223532,0.554670733926181,0.458588760215493,0.0350680192311605,5963,NA,NA,NA,NA,NA,NA,NA,NA,"Simulation_11","S5_cn_noise",197221,100
"SignatureAnalyzer",8,0.875,0.875,0.875,0.961473929138002,0.00496168999015166,107.879537379509,0.35650471833787,0,0,0.185476962017666,0.0568756584682341,0.554673326304563,0.458622827171055,1.56386178334554,NA,NA,NA,NA,NA,NA,NA,NA,NA,"Simulation_11","S5_cn_noise",197221,100
"PPF_map",8,1,1,1,0.994746837943153,0.00231738271265024,71.1681232805615,0.204505090261992,0.975,0,0.148793522172944,0.0348281433748729,0.550417292703383,0.456152442480968,4.84142379760742,210,NA,NA,NA,NA,NA,NA,NA,NA,"Simulation_11","S5_cn_noise",197221,100
"PPF_mcmc",8,1,1,1,0.995120780672843,0.0031738579536022,74.9620480775397,0.20193223359885,0.975,0,0.148580530790179,0.0350412782187762,0.550423351473749,0.456158595381762,30.6661761879921,NA,139.742011092119,183.852632466724,295.650028207239,583.94176271145,1501.32307500183,150,113.713581413976,150,"Simulation_11","S5_cn_noise",197221,100
"CompNMF",7,0.875,1,0.933333333333333,0.972430733245994,0.00570835085695558,191.707827925877,0.375560171112869,0,0,0.0842248270512051,0.108244135688068,0.496137224853232,0.521277372749803,0.00685603618621826,4141,NA,NA,NA,NA,NA,NA,NA,NA,"Simulation_12","S5_cn_noise",235146,100
"SignatureAnalyzer",8,0.875,0.875,0.875,0.964486727857396,0.00476768553254355,124.358332247544,0.375560171112869,0,0,0.0842532726752135,0.108191112960032,0.496139597776719,0.521268273799886,2.31361796061198,NA,NA,NA,NA,NA,NA,NA,NA,NA,"Simulation_12","S5_cn_noise",235146,100
"PPF_map",8,1,1,1,0.997237249702017,0.00177745850679094,64.5206886321284,0.209854803279229,1,0,0.0583354461438862,0.0822575689305865,0.493505574181209,0.517681386199015,13.4275496482849,510,NA,NA,NA,NA,NA,NA,NA,NA,"Simulation_12","S5_cn_noise",235146,100
"PPF_mcmc",8,1,1,1,0.997071749732619,0.00280393722311287,69.8644843824838,0.208701354273761,1,0,0.058242806515923,0.0820704307864753,0.493511808874298,0.517682277125412,34.2178044597308,NA,122.484776085293,192.844147593955,268.99802902809,626.432294988139,1534.33709788783,150,109.429416873986,125.752886192827,"Simulation_12","S5_cn_noise",235146,100
"CompNMF",7,0.75,0.857142857142857,0.8,0.967615639251243,0.00618344042970492,202.613628791643,0.385366507320315,0,0,0.164272009785785,0.137573344235141,0.469504040009102,0.488115667077581,0.00669289827346802,4073,NA,NA,NA,NA,NA,NA,NA,NA,"Simulation_13","S5_cn_noise",204193,100
"SignatureAnalyzer",8,0.875,0.875,0.875,0.972913561411166,0.00452590326669763,123.649415874415,0.385366507320315,0,0,0.164252368727861,0.13752212089966,0.469506917595661,0.488112292491478,1.08813051780065,NA,NA,NA,NA,NA,NA,NA,NA,NA,"Simulation_13","S5_cn_noise",204193,100
"PPF_map",8,1,1,1,0.994622621224598,0.00213934159868895,96.924984909649,0.218974215720828,0.95,0.05,0.132078076257267,0.103971338288309,0.466016086310719,0.484874388981572,10.6197109858195,460,NA,NA,NA,NA,NA,NA,NA,NA,"Simulation_13","S5_cn_noise",204193,100
"PPF_mcmc",8,1,1,1,0.994489187268425,0.00252678403906624,98.1975530080354,0.219087367663613,0.95,0.025,0.13180561460666,0.103857217534112,0.466021527390825,0.484879019567401,30.7598027269045,NA,138.759059610416,164.518097129005,309.184308869442,712.305151446115,1483.76656953972,150,150,150,"Simulation_13","S5_cn_noise",204193,100
"CompNMF",7,0.875,1,0.933333333333333,0.969417696732883,0.00562434184584703,120.561316688579,0.319297597389323,0,0,0.0643506227216011,0.07083392267652,0.450620249923693,0.413380832601242,0.0278249541918437,6751,NA,NA,NA,NA,NA,NA,NA,NA,"Simulation_14","S5_cn_noise",176017,100
"SignatureAnalyzer",8,0.875,0.875,0.875,0.959771404724489,0.00536777792542652,89.2443377094734,0.319297597389323,0,0,0.0643676243353034,0.0708371281342367,0.450622275654728,0.413384630295322,1.45433433055878,NA,NA,NA,NA,NA,NA,NA,NA,NA,"Simulation_14","S5_cn_noise",176017,100
"PPF_map",8,1,1,1,0.994396867129387,0.00303088335525071,50.9074100184856,0.179824680705007,0.9,0.025,0.0444675499967679,0.0536296424634888,0.449072940473652,0.411672650707576,6.37914076646169,320,NA,NA,NA,NA,NA,NA,NA,NA,"Simulation_14","S5_cn_noise",176017,100
"PPF_mcmc",8,1,1,1,0.990888261783915,0.00434568494969582,65.3691808687016,0.178900769889292,0.9,0.05,0.0444227182068365,0.0535827243407692,0.449080537419987,0.411671761085802,26.3477234323819,NA,108.286893652062,155.475539328077,235.859888984468,429.447366825396,1500,150,52.7513609452508,150,"Simulation_14","S5_cn_noise",176017,100
"CompNMF",7,0.875,1,0.933333333333333,0.966185253894927,0.00529121309604246,151.627463836387,0.365709189609876,0,0,0.067204118158304,0.0564646017326577,0.475966648254908,0.468122941401629,0.00684430201848348,3916,NA,NA,NA,NA,NA,NA,NA,NA,"Simulation_15","S5_cn_noise",208402,100
"SignatureAnalyzer",8,0.875,0.875,0.875,0.969792044582602,0.00461436966220316,108.185742696315,0.365709189609876,0,0,0.0672336858560631,0.0565440450377181,0.475968962216435,0.468125927583692,1.65061664581299,NA,NA,NA,NA,NA,NA,NA,NA,NA,"Simulation_15","S5_cn_noise",208402,100
"PPF_map",8,1,1,1,0.995828516099644,0.00322357442282747,61.7928710470088,0.20360790356655,1,0.025,0.0481440211323286,0.0429319418552025,0.473483367044756,0.466038949212971,6.42224586009979,260,NA,NA,NA,NA,NA,NA,NA,NA,"Simulation_15","S5_cn_noise",208402,100
"PPF_mcmc",8,1,1,1,0.996336875875014,0.00430417333825416,65.110497219052,0.20180732337967,1,0.025,0.0480285391424339,0.0429561602580367,0.473490765026827,0.466038126448912,31.1162146011988,NA,131.999922373716,198.897572811246,297.343550160171,649.108972910502,1427.96214260397,109.161670373507,111.482898797279,150,"Simulation_15","S5_cn_noise",208402,100
"CompNMF",7,1,1,1,0.96997991425337,0.00572389424600452,132.983668838708,0.334304125962872,0,0,0.0582870327797038,0.0422968992566563,0.444129454581192,0.423944759915697,0.0306250890096029,5696,NA,NA,NA,NA,NA,NA,NA,NA,"Simulation_16","S5_cn_noise",177009,100
"SignatureAnalyzer",8,0.875,0.875,0.875,0.959397002802411,0.00498404453810054,93.9254340454081,0.334304125962872,0,0,0.0583089702944536,0.0423485396883954,0.444131479844627,0.423946411268219,2.15024355252584,NA,NA,NA,NA,NA,NA,NA,NA,NA,"Simulation_16","S5_cn_noise",177009,100
"PPF_map",7,1,1,1,0.984328944514529,0.00497230988304591,138.175807372868,0.21010690052677,0.971428571428571,0,0.0434834487258619,0.0294692051037764,0.442830877265656,0.4227345988965,6.25407294034958,310,NA,NA,NA,NA,NA,NA,NA,NA,"Simulation_16","S5_cn_noise",177009,100
"PPF_mcmc",7,1,1,1,0.983691780977648,0.00555763373131939,132.760232852608,0.211023982902732,0.942857142857143,0,0.0434382912489286,0.0295006121851058,0.442834759397147,0.422738692801956,26.0833086530368,NA,147.904587191854,179.609229698335,341.367271111944,784.180871064081,1541.62918493385,139.559996544666,150,150,"Simulation_16","S5_cn_noise",177009,100
"CompNMF",7,0.875,1,0.933333333333333,0.967203205056475,0.00605369327236571,114.049194153024,0.362439713013879,0,0,0.085627189950016,0.096491102228448,0.499425475324526,0.503054625155361,0.0329950332641602,4569,NA,NA,NA,NA,NA,NA,NA,NA,"Simulation_17","S5_cn_noise",231159,100
"SignatureAnalyzer",7,0.875,1,0.933333333333333,0.95838081982492,0.00581110842858019,103.646338948844,0.362439713013879,0,0,0.0856651802868657,0.0965170956406642,0.499428771856689,0.503055756453351,2.33133684794108,NA,NA,NA,NA,NA,NA,NA,NA,NA,"Simulation_17","S5_cn_noise",231159,100
"PPF_map",8,0.875,0.875,0.875,0.980444557113955,0.00395258388265097,82.4433811868652,0.207372709074107,0.975,0.075,0.0590868050584258,0.0685864673298415,0.496361315810858,0.500047638584639,5.91398908297221,230,NA,NA,NA,NA,NA,NA,NA,NA,"Simulation_17","S5_cn_noise",231159,100
"PPF_mcmc",8,1,1,1,0.991114560251245,0.00305431524300634,67.0415042259464,0.203414692552561,1,0.025,0.0589249979446758,0.0683953403396596,0.496358858762028,0.50004874513827,34.1781985441844,NA,134.226514548892,182.520066584801,290.948008152423,658.860384233588,1441.00101369836,109.285542617441,49.8769587975581,79.6735470762828,"Simulation_17","S5_cn_noise",231159,100
"CompNMF",7,0.75,0.857142857142857,0.8,0.954752554452022,0.00766440847922132,146.848839267566,0.294582875932078,0,0,0.0488522104576906,0.0332451915426796,0.438273414934197,0.434853936933292,0.0411187648773193,25829,NA,NA,NA,NA,NA,NA,NA,NA,"Simulation_18","S5_cn_noise",171768,100
"SignatureAnalyzer",7,0.75,0.857142857142857,0.8,0.95848618431385,0.00628298467165841,129.705053481262,0.294582875932078,0,0,0.0488787495106699,0.0335176281920956,0.438275796522145,0.434865540397271,1.49111803372701,NA,NA,NA,NA,NA,NA,NA,NA,NA,"Simulation_18","S5_cn_noise",171768,100
"PPF_map",8,1,1,1,0.983694275912565,0.00429860174362131,64.6648862623899,0.171941759908479,0.975,0,0.0324944770530983,0.0205620615614769,0.437015940485183,0.433937167991687,8.06996025641759,420,NA,NA,NA,NA,NA,NA,NA,NA,"Simulation_18","S5_cn_noise",171768,100
"PPF_mcmc",8,1,1,1,0.986812298100026,0.00468800569426379,61.9869396614764,0.169981899089995,1,0,0.0324262650136411,0.0207929136345963,0.437019857266436,0.433937797827463,25.7236654003461,NA,113.358255509798,144.300733835407,258.395999197115,592.675690134912,1578.7646132651,80.9800109113409,111.02674236806,97.5085202100986,"Simulation_18","S5_cn_noise",171768,100
"CompNMF",7,0.875,1,0.933333333333333,0.964924377415637,0.00566139308885518,152.943595106857,0.424229315070515,0,0,0.150981931913196,0.195965134808303,0.600702069499786,0.571112920093194,0.0546158115069071,9272,NA,NA,NA,NA,NA,NA,NA,NA,"Simulation_19","S5_cn_noise",280268,100
"SignatureAnalyzer",8,0.875,0.875,0.875,0.965726147766083,0.00456032082047974,116.208042138218,0.424229315070515,0,0,0.150973177237688,0.195986736699839,0.600704217903638,0.57112944081297,1.77430252234141,NA,NA,NA,NA,NA,NA,NA,NA,NA,"Simulation_19","S5_cn_noise",280268,100
"PPF_map",9,1,0.888888888888889,0.941176470588235,0.98532058035272,0.0197588735279379,110.138425046374,0.231365884959892,0.95,0,0.113239937680409,0.16940413366301,0.595201376930854,0.565250729599053,8.07026711702347,270,NA,NA,NA,NA,NA,NA,NA,NA,"Simulation_19","S5_cn_noise",280268,100
"PPF_mcmc",8,1,1,1,0.996124233614904,0.00185087739106184,77.9884189846943,0.238160751753763,0.925,0,0.112945045939251,0.169100627661568,0.595209021155357,0.565262517420642,39.5202860951424,NA,149.148593829775,195.058903056112,339.188114220875,898.288043412816,1489.78019252991,150,150,117.062757652839,"Simulation_19","S5_cn_noise",280268,100
"CompNMF",7,0.875,1,0.933333333333333,0.963483893512509,0.00559672960761227,158.325945182819,0.372896137233316,0,0,0.157157000698445,0.0623703070234952,0.529637256603998,0.554901120617756,0.00993466774622599,6515,NA,NA,NA,NA,NA,NA,NA,NA,"Simulation_20","S5_cn_noise",233314,100
"SignatureAnalyzer",8,0.875,0.875,0.875,0.964318480143364,0.00478890807726446,117.194449071418,0.372896137233316,0,0,0.157157597997759,0.0624801105114004,0.529640284706015,0.554906578595532,2.20704437494278,NA,NA,NA,NA,NA,NA,NA,NA,NA,"Simulation_20","S5_cn_noise",233314,100
"PPF_map",8,1,1,1,0.995541057937743,0.00262021989832002,68.4489972611397,0.212038457146068,1,0,0.13372603463683,0.0421947425471686,0.525649693957546,0.551849540196861,10.9832350611687,430,NA,NA,NA,NA,NA,NA,NA,NA,"Simulation_20","S5_cn_noise",233314,100
"PPF_mcmc",8,1,1,1,0.995100678653178,0.00332798222893523,74.8558691045911,0.212043186652807,1,0,0.133620730497042,0.0422926691862487,0.525654019547884,0.551854769059442,35.6084978143374,NA,135.030882415513,198.114802592594,292.292194234502,678.380016909884,1556.04117065756,99.851217487659,229.457312004989,150,"Simulation_20","S5_cn_noise",233314,100
"CompNMF",7,0.625,0.714285714285714,0.666666666666667,0.929681288990833,0.00928206157459232,134.672281868027,0.297763595024756,0,0,0.0343461384086297,0.0253358391344671,0.411463170192897,0.426662333401342,0.0189211487770081,13030,NA,NA,NA,NA,NA,NA,NA,NA,"Simulation_01","S6_opportunity",157980,100
"SignatureAnalyzer",8,0.625,0.625,0.625,0.914099372343425,0.0108781582822312,111.023237605704,0.297763595024756,0,0,0.034396109578383,0.0254604857116992,0.411465697512561,0.426664444307371,1.89690210024516,NA,NA,NA,NA,NA,NA,NA,NA,NA,"Simulation_01","S6_opportunity",157980,100
"PPF_map",8,1,1,1,0.955260929842863,0.00771328326759035,99.7213151719874,0.164343478835708,0.975,0,0.025431138746805,0.0180293024058331,0.410807779682685,0.426301135331551,6.13301300207774,340,NA,NA,NA,NA,NA,NA,NA,NA,"Simulation_01","S6_opportunity",157980,100
"PPF_mcmc",8,1,1,1,0.953438344278285,0.00991134990653637,95.0253550615672,0.164117827574165,0.975,0.025,0.0254136989666468,0.0181278663932718,0.410812137380664,0.426303362650073,24.6735588987668,NA,116.178274306763,182.808810378725,279.909397778602,452.74701081916,1481.85043297197,150,82.9851630709775,150,"Simulation_01","S6_opportunity",157980,100
"CompNMF",7,0.75,0.857142857142857,0.8,0.933414100101376,0.0104504305395829,300.471923184808,0.360294790113276,0,0,0.101991315196194,0.0569328466016453,0.490693526184954,0.443958367773023,0.0304535865783691,7677,NA,NA,NA,NA,NA,NA,NA,NA,"Simulation_02","S6_opportunity",217087,100
"SignatureAnalyzer",7,0.75,0.857142857142857,0.8,0.92877220056215,0.0111573807448289,294.758823759995,0.360294790113276,0,0,0.101988286039673,0.0570303283124527,0.490696291615703,0.443961959136596,2.13338324626287,NA,NA,NA,NA,NA,NA,NA,NA,NA,"Simulation_02","S6_opportunity",217087,100
"PPF_map",8,0.875,0.875,0.875,0.945468366800006,0.0102609320891937,151.439975617662,0.204521586694295,0.925,0.025,0.0778023405143652,0.0372454824687326,0.487187018541313,0.441659481708209,10.3424717585246,410,NA,NA,NA,NA,NA,NA,NA,NA,"Simulation_02","S6_opportunity",217087,100
"PPF_mcmc",8,0.875,0.875,0.875,0.940754009198755,0.0110629378071743,149.836285693565,0.203490020256881,0.9,0.05,0.0775804574340774,0.0372331032929173,0.487195698747027,0.44165739616208,32.7953190843264,NA,125.42663974833,230.444470973141,245.359563356604,641.069476566805,1485.99439832436,150,104.518101543317,150,"Simulation_02","S6_opportunity",217087,100
"CompNMF",7,0.75,0.857142857142857,0.8,0.925842200263167,0.00987501101002425,154.563393361683,0.325276475838752,0,0,0.0622097581729735,0.0503576845267804,0.460721221860496,0.427570873487354,0.0179497559865316,2671,NA,NA,NA,NA,NA,NA,NA,NA,"Simulation_03","S6_opportunity",179947,100
"SignatureAnalyzer",7,0.875,1,0.933333333333333,0.925205560894655,0.0107920705370308,135.072193003757,0.325276475838752,0,0,0.0622363840477006,0.0505896167086493,0.460724183295678,0.427582800154873,2.70554833809535,NA,NA,NA,NA,NA,NA,NA,NA,NA,"Simulation_03","S6_opportunity",179947,100
"PPF_map",8,0.875,0.875,0.875,0.944218204326595,0.00939612565395182,117.550176674203,0.183551760662127,0.925,0,0.0489861959349169,0.0367503601358129,0.459202915931971,0.426243413590623,5.423657198747,250,NA,NA,NA,NA,NA,NA,NA,NA,"Simulation_03","S6_opportunity",179947,100
"PPF_mcmc",8,0.875,0.875,0.875,0.948880945130028,0.0107154242298849,109.755651000467,0.181039962897693,0.925,0,0.048891246523859,0.0369044791002697,0.459202841129251,0.426242351998721,26.4921952287356,NA,120.347404261578,198.063775699185,286.906744993001,561.429068497319,1482.16881465029,150,150,115.409430034489,"Simulation_03","S6_opportunity",179947,100
"CompNMF",7,0.75,0.857142857142857,0.8,0.939499805011387,0.00819323466536284,165.784933145495,0.324233284944363,0,0,0.180601945074678,0.100569136341808,0.485583949509487,0.577311101353003,0.00712556441624959,4220,NA,NA,NA,NA,NA,NA,NA,NA,"Simulation_04","S6_opportunity",201013,100
"SignatureAnalyzer",8,0.75,0.75,0.75,0.928357277909016,0.00890746688873084,130.095575164384,0.324233284944363,0,0,0.180614682903166,0.100586525186264,0.485585708645307,0.577313076219913,2.20772234201431,NA,NA,NA,NA,NA,NA,NA,NA,NA,"Simulation_04","S6_opportunity",201013,100
"PPF_map",8,1,1,1,0.962579096614206,0.00673413118722469,100.913420334078,0.180726763104464,1,0,0.158234281771155,0.0680319449346768,0.481993192663786,0.569911087285223,5.55638201236725,260,NA,NA,NA,NA,NA,NA,NA,NA,"Simulation_04","S6_opportunity",201013,100
"PPF_mcmc",8,1,1,1,0.957241437034207,0.00982600913877029,97.2435262635681,0.18068247639168,0.975,0,0.15798539463907,0.0677476837287699,0.481996469277724,0.569908520967297,28.2114829262098,NA,105.071262505379,191.716065440659,235.540376693907,584.029881541519,1500,114.858687582008,150,150,"Simulation_04","S6_opportunity",201013,100
"CompNMF",7,0.75,0.857142857142857,0.8,0.930190605130951,0.00827645601547805,172.625003439474,0.340609179612187,0,0,0.085244913704856,0.247999957938432,0.506500844036909,0.517700105365076,0.0420392592748006,8292,NA,NA,NA,NA,NA,NA,NA,NA,"Simulation_05","S6_opportunity",239499,100
"SignatureAnalyzer",8,0.625,0.625,0.625,0.917792757030089,0.0107910380499867,149.330626110705,0.340609179612187,0,0,0.0852771057449666,0.247983896264955,0.506503302742077,0.517699255353034,3.1321521282196,NA,NA,NA,NA,NA,NA,NA,NA,NA,"Simulation_05","S6_opportunity",239499,100
"PPF_map",8,0.875,0.875,0.875,0.958370823108119,0.00645062051994673,107.955779578022,0.194163821781889,0.9,0.025,0.062644645819931,0.226645364381895,0.502924407892282,0.512500566835554,12.8174126466115,510,NA,NA,NA,NA,NA,NA,NA,NA,"Simulation_05","S6_opportunity",239499,100
"PPF_mcmc",8,1,1,1,0.959492736098386,0.0097578589971857,97.7251029647042,0.192585330325181,0.9,0.05,0.062514847400929,0.225686507379703,0.502930351813208,0.51251858373038,35.621926065286,NA,115.770361189224,190.862439864894,257.041453428201,704.093374198921,1502.33358405268,150,150,99.762444005372,"Simulation_05","S6_opportunity",239499,100
"CompNMF",7,0.875,1,0.933333333333333,0.944975416608996,0.0081624676815498,194.652066912535,0.33914294181814,0,0,0.0741258036053678,0.0497450269231622,0.47689811033331,0.437057356893407,0.0277091781298319,5300,NA,NA,NA,NA,NA,NA,NA,NA,"Simulation_06","S6_opportunity",199517,100
"SignatureAnalyzer",8,0.875,0.875,0.875,0.937138680353009,0.00987127979127161,131.246250489263,0.33914294181814,0,0,0.0741566372708731,0.0500833646459768,0.476900756821523,0.437083654966402,2.46879264911016,NA,NA,NA,NA,NA,NA,NA,NA,NA,"Simulation_06","S6_opportunity",199517,100
"PPF_map",8,1,1,1,0.963559472481172,0.007559780792813,91.0457045345993,0.187703804068762,1,0,0.0514119826038084,0.0267336842272243,0.474291569612544,0.4348643188862,5.52713003555934,240,NA,NA,NA,NA,NA,NA,NA,NA,"Simulation_06","S6_opportunity",199517,100
"PPF_mcmc",8,1,1,1,0.959650160822255,0.00991784082743766,92.2992929872446,0.186181139878534,1,0,0.0511965363160388,0.0269708578476038,0.474297456688351,0.434866952269563,30.9720761934916,NA,122.840942080929,179.517373762848,278.264034495363,517.069936882427,1508.2528743836,150,150,202.970873868319,"Simulation_06","S6_opportunity",199517,100
"CompNMF",7,0.875,1,0.933333333333333,0.9306634032757,0.0112557137068865,212.642436276083,0.292486272821677,0,0,0.0748482630191836,0.0432113438070919,0.419454950803316,0.437153868037937,0.0262516975402832,6786,NA,NA,NA,NA,NA,NA,NA,NA,"Simulation_07","S6_opportunity",162054,100
"SignatureAnalyzer",8,0.875,0.875,0.875,0.919210202746766,0.0116464597556915,196.340090231431,0.292486272821677,0,0,0.0748138267812011,0.0432542093420213,0.419457581991645,0.437157419769516,2.4088265021642,NA,NA,NA,NA,NA,NA,NA,NA,NA,"Simulation_07","S6_opportunity",162054,100
"PPF_map",7,0.875,1,0.933333333333333,0.941959980296831,0.0107867365775274,209.890125925868,0.174992631729984,0.942857142857143,0,0.0638467900647196,0.0311865192209262,0.418277653700541,0.435916628419169,6.11422775586446,340,NA,NA,NA,NA,NA,NA,NA,NA,"Simulation_07","S6_opportunity",162054,100
"PPF_mcmc",7,0.875,1,0.933333333333333,0.937737341609576,0.0109399343015505,203.877413419595,0.176121200057958,0.942857142857143,0,0.0636678894260562,0.0311578664788298,0.418280954874839,0.43592039022838,23.9190302848816,NA,143.540485205641,176.597298136897,306.475312335656,450.929751782217,1500,150,150,150,"Simulation_07","S6_opportunity",162054,100
"CompNMF",7,0.75,0.857142857142857,0.8,0.935087748476679,0.00754850346366314,154.586230096105,0.332406417874529,0,0,0.0809441507210339,0.058429049587479,0.479346758937703,0.560250045307174,0.0113019824028015,2937,NA,NA,NA,NA,NA,NA,NA,NA,"Simulation_08","S6_opportunity",202475,100
"SignatureAnalyzer",8,0.75,0.75,0.75,0.926353136412759,0.00943173179202792,132.250720248682,0.332406417874529,0,0,0.081021715048009,0.0584128303283951,0.479348905437361,0.560241467083631,1.53464113076528,NA,NA,NA,NA,NA,NA,NA,NA,NA,"Simulation_08","S6_opportunity",202475,100
"PPF_map",7,0.875,1,0.933333333333333,0.942375881637606,0.0072331151890822,142.789158080971,0.204018627271827,1,0,0.0620175246477504,0.0368974004975605,0.476696694503224,0.55652149297284,9.16051617860794,420,NA,NA,NA,NA,NA,NA,NA,NA,"Simulation_08","S6_opportunity",202475,100
"PPF_mcmc",7,0.875,1,0.933333333333333,0.936639778544781,0.010589504872354,140.134813634248,0.204327517173519,1,0,0.062025432172884,0.0369789984522927,0.476698858576079,0.556521718873446,27.325638572375,NA,140.757671294513,185.697708163963,324.071506573203,569.979508317845,1517.30869019604,46.3192770282354,80.8322012585462,89.85375224397,"Simulation_08","S6_opportunity",202475,100
"CompNMF",7,0.75,0.857142857142857,0.8,0.935103419147518,0.0100806346465753,218.791840760799,0.350435054796523,0,0,0.0940825917739901,0.0720080099734856,0.497199238534094,0.471610923289695,0.0279108842213949,6703,NA,NA,NA,NA,NA,NA,NA,NA,"Simulation_09","S6_opportunity",222491,100
"SignatureAnalyzer",8,0.625,0.625,0.625,0.930661829548758,0.0108235304255176,159.359830972421,0.350435054796523,0,0,0.0941059814702479,0.072063009201438,0.497201096502033,0.471613321135025,4.04188190698624,NA,NA,NA,NA,NA,NA,NA,NA,NA,"Simulation_09","S6_opportunity",222491,100
"PPF_map",8,1,1,1,0.954887976825586,0.00943505582749066,144.651867642834,0.197265139108536,0.975,0.025,0.065408293328906,0.0497637706313691,0.493740365340095,0.469070464960937,6.64170487324397,270,NA,NA,NA,NA,NA,NA,NA,NA,"Simulation_09","S6_opportunity",222491,100
"PPF_mcmc",8,0.875,0.875,0.875,0.944615846293328,0.0112828052120383,138.381273379321,0.198885504036263,0.975,0.025,0.06523162338753,0.0495892548023802,0.493743802726239,0.469077019003942,33.4418835759163,NA,133.808724193055,195.279263999436,273.841629478434,532.283595181543,1485.33783363749,114.94704442784,150,150,"Simulation_09","S6_opportunity",222491,100
"CompNMF",7,0.875,1,0.933333333333333,0.934798197824567,0.00763452529516105,122.73376847965,0.317607420423822,0,0,0.0648471030255872,0.0459667956569923,0.463290644284258,0.436328993720006,0.0229538003603617,14109,NA,NA,NA,NA,NA,NA,NA,NA,"Simulation_10","S6_opportunity",196376,100
"SignatureAnalyzer",8,0.625,0.625,0.625,0.917960416163809,0.0103447211190916,107.120504001534,0.317607420423822,0,0,0.0648914508659602,0.0461486307777132,0.463293435695319,0.43634185820964,3.09503529469172,NA,NA,NA,NA,NA,NA,NA,NA,NA,"Simulation_10","S6_opportunity",196376,100
"PPF_map",8,0.875,0.875,0.875,0.946300961128767,0.00733018344511664,94.6402871641116,0.180464423981779,0.9,0.025,0.0467466506257438,0.03108104673185,0.461433404393181,0.434919701057184,5.29993313153585,250,NA,NA,NA,NA,NA,NA,NA,NA,"Simulation_10","S6_opportunity",196376,100
"PPF_mcmc",8,0.875,0.875,0.875,0.951257931815931,0.00998738148583818,85.9062828813554,0.179094686306059,0.9,0.05,0.0467118482291846,0.0311499291021298,0.461434293113336,0.434920777397067,30.1649214903514,NA,119.340549628499,183.766726778028,240.459534708494,477.843774823538,1573.04853887997,150,84.3056428735096,150,"Simulation_10","S6_opportunity",196376,100
"CompNMF",7,0.875,1,0.933333333333333,0.944096548030495,0.00938763938069874,168.513757922288,0.240963312356203,0,0,0.0199285735421014,0.0208433193482107,0.401966158494534,0.446662142581087,0.015291166305542,4066,NA,NA,NA,NA,NA,NA,NA,NA,"Simulation_11","S6_opportunity",141674,100
"SignatureAnalyzer",8,0.625,0.625,0.625,0.92470026310179,0.0109334456441376,110.712333073144,0.240963312356203,0,0,0.0200142641971242,0.020894969743737,0.40196796981513,0.44666191483224,2.12375485102336,NA,NA,NA,NA,NA,NA,NA,NA,NA,"Simulation_11","S6_opportunity",141674,100
"PPF_map",8,1,1,1,0.956802405501177,0.0085178091042812,101.244057001452,0.132402766178029,0.975,0.05,0.0144892334606798,0.015271044862455,0.401542961719568,0.446187392255548,3.85548728704453,210,NA,NA,NA,NA,NA,NA,NA,NA,"Simulation_11","S6_opportunity",141674,100
"PPF_mcmc",8,1,1,1,0.952671861513694,0.0105353484414082,94.576504097133,0.131200631197042,0.975,0.025,0.0145880175745925,0.0153372820364178,0.401546952437064,0.446188331806577,23.8076310753822,NA,107.140904576168,174.830722889636,210.526937568712,251.784917131067,1538.48637188417,204.98872762496,150,150,"Simulation_11","S6_opportunity",141674,100
"CompNMF",7,0.625,0.714285714285714,0.666666666666667,0.92774090522498,0.00970545447883221,270.186532248156,0.426339824223868,0,0,0.179355558147867,0.0845422310237953,0.636564823612406,0.837462496154119,0.00874298810958862,5048,NA,NA,NA,NA,NA,NA,NA,NA,"Simulation_12","S6_opportunity",287537,100
"SignatureAnalyzer",8,0.75,0.75,0.75,0.926533159031093,0.0112721845153081,160.069939771368,0.426339824223868,0,0,0.1793801150589,0.0847494688028408,0.636567748384246,0.837470757349721,3.46431010961533,NA,NA,NA,NA,NA,NA,NA,NA,NA,"Simulation_12","S6_opportunity",287537,100
"PPF_map",9,0.75,0.666666666666667,0.705882352941177,0.943903844442302,0.0123796390692829,199.656835601412,0.240493649551428,0.95,0.05,0.146515992731698,0.0573614719043258,0.630693270024393,0.834705425735239,7.33711085319519,230,NA,NA,NA,NA,NA,NA,NA,NA,"Simulation_12","S6_opportunity",287537,100
"PPF_mcmc",8,1,1,1,0.950476349403275,0.0110467969299968,137.732077321436,0.237495653703306,0.95,0.025,0.146335915425916,0.0575402991931028,0.630696436277214,0.834708593364923,34.2559980869293,NA,108.062459414354,203.208212611029,266.125092539217,812.894897202183,1445.73265684282,150,82.9905831498369,150,"Simulation_12","S6_opportunity",287537,100
"CompNMF",7,0.875,1,0.933333333333333,0.950914905383316,0.00875357691449626,327.946395826076,0.357069987134622,0,0,0.0849512669824289,0.0764418206249611,0.503507276364315,0.516535786860101,0.0115029811859131,7541,NA,NA,NA,NA,NA,NA,NA,NA,"Simulation_13","S6_opportunity",233860,100
"SignatureAnalyzer",8,0.75,0.75,0.75,0.932305671944324,0.0101713686197758,135.930947699344,0.357069987134622,0,0,0.0849878917257352,0.0765427636220972,0.503510402931984,0.516545761030454,2.39400866031647,NA,NA,NA,NA,NA,NA,NA,NA,NA,"Simulation_13","S6_opportunity",233860,100
"PPF_map",8,0.875,0.875,0.875,0.958648055510677,0.00695780402603025,117.184061096898,0.200561917052159,1,0.025,0.0619792245173522,0.0570705975684839,0.500722731116181,0.513876457094249,14.9151421546936,580,NA,NA,NA,NA,NA,NA,NA,NA,"Simulation_13","S6_opportunity",233860,100
"PPF_mcmc",8,1,1,1,0.955222387670353,0.0102651376739174,104.069780160741,0.200559737357334,1,0.025,0.061935376374357,0.0569494734783379,0.500725724276894,0.513872182964281,25.9705664038658,NA,122.594749928155,195.574630644129,271.119438300443,595.525272600396,1510.74396509873,150,66.6216170335607,150,"Simulation_13","S6_opportunity",233860,100
"CompNMF",7,0.75,0.857142857142857,0.8,0.918766480607559,0.0104384391423178,156.194002193469,0.282675740793734,0,0,0.0354195445230173,0.0235778776533745,0.403613908186326,0.413340702351479,0.0238486170768738,9657,NA,NA,NA,NA,NA,NA,NA,NA,"Simulation_14","S6_opportunity",148092,100
"SignatureAnalyzer",7,0.625,0.714285714285714,0.666666666666667,0.920057438262096,0.0109569031875847,144.000855804727,0.282675740793734,0,0,0.0354122368895087,0.0237379381987953,0.403616180148932,0.413344314980785,2.99638944069544,NA,NA,NA,NA,NA,NA,NA,NA,NA,"Simulation_14","S6_opportunity",148092,100
"PPF_map",7,0.875,1,0.933333333333333,0.929410378924177,0.0102096577096945,140.491700334768,0.170444434974153,0.971428571428571,0,0.0281677088916379,0.0167838172611417,0.403080153717289,0.41292893634054,7.69518448511759,460,NA,NA,NA,NA,NA,NA,NA,NA,"Simulation_14","S6_opportunity",148092,100
"PPF_mcmc",7,0.875,1,0.933333333333333,0.929637120284112,0.0110081756739485,138.626403039425,0.170868230490237,0.971428571428571,0,0.0280418926192529,0.0168195807131456,0.40308274781866,0.412930866707888,20.291641330719,NA,124.644976712557,171.007880936502,270.8702500192,422.962017809704,1513.80633650427,116.334192580974,71.749019134594,150,"Simulation_14","S6_opportunity",148092,100
"CompNMF",8,0.875,0.875,0.875,0.932672333985163,0.0099199344707837,201.840761557292,0.341432749269925,0,0,0.0450219189036325,0.0510574090337541,0.465436035872271,0.419918788273085,0.0181181033452352,8606,NA,NA,NA,NA,NA,NA,NA,NA,"Simulation_15","S6_opportunity",200105,100
"SignatureAnalyzer",8,0.75,0.75,0.75,0.935979751249649,0.0107457074194459,152.854877962563,0.341432749269925,0,0,0.0451353481052218,0.0511191647341622,0.465438543167574,0.419923127156344,3.00977348883947,NA,NA,NA,NA,NA,NA,NA,NA,NA,"Simulation_15","S6_opportunity",200105,100
"PPF_map",8,1,1,1,0.958905441728506,0.00903511135212111,113.264228439359,0.193141005184401,0.975,0,0.0356165853474814,0.0383881589473589,0.464002991115184,0.418204484071004,6.85177150964737,280,NA,NA,NA,NA,NA,NA,NA,NA,"Simulation_15","S6_opportunity",200105,100
"PPF_mcmc",8,1,1,1,0.954425230578935,0.0109154677162891,111.09846670295,0.191882471556479,0.975,0,0.0356145196400039,0.0381807550711027,0.464006472682679,0.418217060788914,25.2699389338493,NA,119.121852410979,196.710304715753,247.1401943539,588.819750549443,1500,218.688706031635,189.944234302293,370.215932515859,"Simulation_15","S6_opportunity",200105,100
"CompNMF",7,0.625,0.714285714285714,0.666666666666667,0.931675241771533,0.0088040502333302,169.756329201183,0.3200289220923,0,0,0.0565433563501517,0.0364934034369182,0.478013595832741,0.458308718946621,0.0131003777186076,8234,NA,NA,NA,NA,NA,NA,NA,NA,"Simulation_16","S6_opportunity",185196,100
"SignatureAnalyzer",8,0.625,0.625,0.625,0.917500951283833,0.00923860735195671,148.552557754946,0.3200289220923,0,0,0.0566485537618495,0.0366392940013732,0.478015406680133,0.458308815352719,1.5691163221995,NA,NA,NA,NA,NA,NA,NA,NA,NA,"Simulation_16","S6_opportunity",185196,100
"PPF_map",7,0.875,1,0.933333333333333,0.946523429635809,0.00802008508627822,161.531838757401,0.198624530603335,0.942857142857143,0.0285714285714286,0.0393313069798353,0.029624520992184,0.475417659684034,0.45715359914822,11.2587506612142,520,NA,NA,NA,NA,NA,NA,NA,NA,"Simulation_16","S6_opportunity",185196,100
"PPF_mcmc",7,0.875,1,0.933333333333333,0.938235419194457,0.011064565070232,152.167272638691,0.19788309869548,0.942857142857143,0.0285714285714286,0.0393819117575373,0.0298257809998134,0.475417970589931,0.457157406669608,20.0642496705055,NA,130.418154382296,177.725618739318,298.187194231387,617.409668919648,1500,267.924404643269,108.881363583259,115.531942380576,"Simulation_16","S6_opportunity",185196,100
"CompNMF",7,0.75,0.857142857142857,0.8,0.926693272628647,0.00966923840515512,136.69030880997,0.304158885270038,0,0,0.0596942561695045,0.0587539958465592,0.429019815297013,0.433935893054604,0.00441159009933472,2579,NA,NA,NA,NA,NA,NA,NA,NA,"Simulation_17","S6_opportunity",168191,100
"SignatureAnalyzer",8,0.75,0.75,0.75,0.921389364755533,0.010511914815794,113.509032019361,0.304158885270038,0,0,0.0597157763149919,0.0587479342546463,0.429021848913359,0.433937396600032,1.02348455985387,NA,NA,NA,NA,NA,NA,NA,NA,NA,"Simulation_17","S6_opportunity",168191,100
"PPF_map",8,0.875,0.875,0.875,0.949054581242069,0.00914611606055236,101.625083560365,0.172146048523612,0.95,0,0.0503180919548605,0.0479782380581927,0.427961334228106,0.432717162514221,4.83294501304627,240,NA,NA,NA,NA,NA,NA,NA,NA,"Simulation_17","S6_opportunity",168191,100
"PPF_mcmc",7,0.875,1,0.933333333333333,0.940537087998146,0.0112543706152634,128.880057708715,0.189623698084455,0.942857142857143,0,0.0503091363848073,0.0478692654402233,0.427971510329813,0.43272796506778,22.191836643219,NA,144.812886322208,186.552850134831,342.581635180701,685.507519575261,1483.73080301186,150,150,150,"Simulation_17","S6_opportunity",168191,100
"CompNMF",7,0.875,1,0.933333333333333,0.949228782062228,0.00905467023732524,172.84279306535,0.325292690421397,0,0,0.078011802869828,0.0787628822954409,0.508177218589774,0.462246891690961,0.0613748510678609,10120,NA,NA,NA,NA,NA,NA,NA,NA,"Simulation_18","S6_opportunity",220140,100
"SignatureAnalyzer",8,0.75,0.75,0.75,0.940720680742567,0.00888673998383201,132.706596657981,0.325292690421397,0,0,0.0780843779061429,0.0788211388164223,0.508180300386577,0.462252444691413,2.09705961545308,NA,NA,NA,NA,NA,NA,NA,NA,NA,"Simulation_18","S6_opportunity",220140,100
"PPF_map",8,0.875,0.875,0.875,0.94742320647198,0.00773177362897755,123.478202863591,0.186250810772906,0.95,0.025,0.0468165440794092,0.0467240143606324,0.5046217654596,0.459002038246456,17.5646051208178,750,NA,NA,NA,NA,NA,NA,NA,NA,"Simulation_18","S6_opportunity",220140,100
"PPF_mcmc",8,0.875,0.875,0.875,0.942157642102916,0.0105398743344483,121.2256220168,0.186116292483237,0.925,0.05,0.0468350365390939,0.0466845356093072,0.504626637504618,0.459009000606088,16.8837285995483,NA,123.612840955874,182.058629544916,217.850341533817,565.552496528769,1500,71.8279185089833,81.0570273063906,150,"Simulation_18","S6_opportunity",220140,100
"CompNMF",7,0.75,0.857142857142857,0.8,0.912573571377995,0.0114040382269945,208.595522675332,0.396705193889832,0,0,0.0889274709039489,0.0648273526762579,0.478329610576895,0.453028773239626,0.0412511507670085,7622,NA,NA,NA,NA,NA,NA,NA,NA,"Simulation_19","S6_opportunity",199449,100
"SignatureAnalyzer",8,0.625,0.625,0.625,0.905287693225034,0.0120491959315429,190.415427631246,0.396705193889832,0,0,0.0889137982757215,0.0649038426993614,0.478332071286126,0.453035549741977,2.64612312316895,NA,NA,NA,NA,NA,NA,NA,NA,NA,"Simulation_19","S6_opportunity",199449,100
"PPF_map",7,0.875,1,0.933333333333333,0.939095157421184,0.0111357255474644,205.378745662329,0.239184907065522,1,0,0.073238169861962,0.0509253059848664,0.476368574549396,0.451348499230276,10.2099957664808,470,NA,NA,NA,NA,NA,NA,NA,NA,"Simulation_19","S6_opportunity",199449,100
"PPF_mcmc",7,0.875,1,0.933333333333333,0.937754772006628,0.0113815235459575,202.117971648022,0.239143908085266,1,0,0.0730314818109641,0.0508728629608961,0.476374102060186,0.451350315325228,18.0362358013789,NA,141.089646422749,221.557636448571,332.395625526262,770.025448565665,1500,150,150,150,"Simulation_19","S6_opportunity",199449,100
"CompNMF",7,0.875,1,0.933333333333333,0.941191347847585,0.00849158722948717,143.78762518119,0.35601710982283,0,0,0.0834457310870602,0.0625920576265232,0.474124641315537,0.460739699955477,0.0168752392133077,11516,NA,NA,NA,NA,NA,NA,NA,NA,"Simulation_20","S6_opportunity",198578,100
"SignatureAnalyzer",8,0.75,0.75,0.75,0.926237013016284,0.0092667739466001,113.73143421787,0.35601710982283,0,0,0.0834846044882352,0.0626988791086699,0.474126563319234,0.460750789596732,1.33728572527568,NA,NA,NA,NA,NA,NA,NA,NA,NA,"Simulation_20","S6_opportunity",198578,100
"PPF_map",8,1,1,1,0.962756167626651,0.00704640826012906,95.6237532970246,0.200496355009591,1,0,0.0574279719104671,0.0409206991173459,0.471033222477912,0.458121267929013,8.61623560984929,400,NA,NA,NA,NA,NA,NA,NA,NA,"Simulation_20","S6_opportunity",198578,100
"PPF_mcmc",8,1,1,1,0.957583066496545,0.00941084301472454,91.9087190880914,0.19968673848323,1,0,0.0573570172116258,0.0408400093161726,0.471038628018042,0.458121829114795,18.2478774189949,NA,128.765222464631,205.267968890194,276.866848939523,555.661560790193,1479.37176694389,107.887497660816,196.326579744018,71.3278251718723,"Simulation_20","S6_opportunity",198578,100
