"Scenario","Simulation","Set","substitution","bin","n","sum_conf","sum_correct"
"S0_baseline","Simulation_01","in","C>A",10,6562,6229.08165316602,6261
"S0_baseline","Simulation_01","in","C>A",3,85,23.6348504580537,23
"S0_baseline","Simulation_01","in","C>A",4,1184,426.92170267059,442
"S0_baseline","Simulation_01","in","C>A",5,3110,1419.42803398157,1402
"S0_baseline","Simulation_01","in","C>A",6,4079,2237.58500274369,2251
"S0_baseline","Simulation_01","in","C>A",7,4066,2646.45963521375,2671
"S0_baseline","Simulation_01","in","C>A",8,4495,3373.59162009445,3455
"S0_baseline","Simulation_01","in","C>A",9,5215,4442.41282387571,4486
"S0_baseline","Simulation_01","in","C>G",10,14047,13747.9182383991,13762
"S0_baseline","Simulation_01","in","C>G",3,38,10.3111725316724,10
"S0_baseline","Simulation_01","in","C>G",4,386,139.449343098157,138
"S0_baseline","Simulation_01","in","C>G",5,853,389.27658336832,392
"S0_baseline","Simulation_01","in","C>G",6,1231,675.2684669362,651
"S0_baseline","Simulation_01","in","C>G",7,1255,817.760716909226,813
"S0_baseline","Simulation_01","in","C>G",8,1484,1115.93506643953,1144
"S0_baseline","Simulation_01","in","C>G",9,2149,1836.67660166639,1872
"S0_baseline","Simulation_01","in","C>T",10,30738,29889.0988841161,29819
"S0_baseline","Simulation_01","in","C>T",3,181,49.5580379428401,50
"S0_baseline","Simulation_01","in","C>T",4,1304,469.489563459708,485
"S0_baseline","Simulation_01","in","C>T",5,2807,1277.68089719888,1324
"S0_baseline","Simulation_01","in","C>T",6,3724,2047.47256777775,2127
"S0_baseline","Simulation_01","in","C>T",7,3921,2552.82155429166,2574
"S0_baseline","Simulation_01","in","C>T",8,4576,3441.64562477684,3487
"S0_baseline","Simulation_01","in","C>T",9,7218,6169.43448627247,6160
"S0_baseline","Simulation_01","in","T>A",10,4909,4714.72313057766,4740
"S0_baseline","Simulation_01","in","T>A",3,69,19.2023400716144,24
"S0_baseline","Simulation_01","in","T>A",4,545,195.659843925046,200
"S0_baseline","Simulation_01","in","T>A",5,1158,529.24521610355,501
"S0_baseline","Simulation_01","in","T>A",6,1522,838.038400369894,863
"S0_baseline","Simulation_01","in","T>A",7,1505,979.872498879614,973
"S0_baseline","Simulation_01","in","T>A",8,1712,1285.66268384447,1287
"S0_baseline","Simulation_01","in","T>A",9,2224,1897.13045026937,1886
"S0_baseline","Simulation_01","in","T>C",10,2799,2640.83340026375,2644
"S0_baseline","Simulation_01","in","T>C",3,90,24.6857685874689,34
"S0_baseline","Simulation_01","in","T>C",4,702,253.297578251683,229
"S0_baseline","Simulation_01","in","T>C",5,1581,720.694953781944,719
"S0_baseline","Simulation_01","in","T>C",6,2096,1154.21101611522,1178
"S0_baseline","Simulation_01","in","T>C",7,2109,1372.20271317738,1385
"S0_baseline","Simulation_01","in","T>C",8,2187,1643.13604457356,1681
"S0_baseline","Simulation_01","in","T>C",9,2798,2384.35454840767,2386
"S0_baseline","Simulation_01","in","T>G",10,1310,1248.82831450434,1259
"S0_baseline","Simulation_01","in","T>G",3,19,5.24134074529501,5
"S0_baseline","Simulation_01","in","T>G",4,174,62.2846802533994,65
"S0_baseline","Simulation_01","in","T>G",5,461,209.0460468119,224
"S0_baseline","Simulation_01","in","T>G",6,599,328.663294354259,343
"S0_baseline","Simulation_01","in","T>G",7,636,413.79120470036,415
"S0_baseline","Simulation_01","in","T>G",8,690,519.380616244512,517
"S0_baseline","Simulation_01","in","T>G",9,863,735.58468255402,747
"S0_baseline","Simulation_01","out","C>A",10,1716,1629.32877080723,1640
"S0_baseline","Simulation_01","out","C>A",3,25,7.05171388553765,5
"S0_baseline","Simulation_01","out","C>A",4,301,109.073107748397,108
"S0_baseline","Simulation_01","out","C>A",5,748,339.416943783627,346
"S0_baseline","Simulation_01","out","C>A",6,924,506.903237081954,493
"S0_baseline","Simulation_01","out","C>A",7,961,625.895107161844,644
"S0_baseline","Simulation_01","out","C>A",8,1066,799.824839882365,808
"S0_baseline","Simulation_01","out","C>A",9,1303,1111.0689687917,1138
"S0_baseline","Simulation_01","out","C>G",10,4258,4166.06546438077,4170
"S0_baseline","Simulation_01","out","C>G",3,17,4.79995350181478,6
"S0_baseline","Simulation_01","out","C>G",4,80,29.3295370065246,37
"S0_baseline","Simulation_01","out","C>G",5,178,81.5171508215946,85
"S0_baseline","Simulation_01","out","C>G",6,355,194.827326205163,212
"S0_baseline","Simulation_01","out","C>G",7,332,215.426671242898,210
"S0_baseline","Simulation_01","out","C>G",8,401,302.615622746936,311
"S0_baseline","Simulation_01","out","C>G",9,656,563.281394094825,566
"S0_baseline","Simulation_01","out","C>T",10,8290,8031.74905505336,8034
"S0_baseline","Simulation_01","out","C>T",3,46,12.4719034925751,11
"S0_baseline","Simulation_01","out","C>T",4,271,96.9340275588828,101
"S0_baseline","Simulation_01","out","C>T",5,719,327.63163736578,323
"S0_baseline","Simulation_01","out","C>T",6,926,508.775391600087,512
"S0_baseline","Simulation_01","out","C>T",7,1028,668.377263153938,685
"S0_baseline","Simulation_01","out","C>T",8,1313,986.766329834178,999
"S0_baseline","Simulation_01","out","C>T",9,2044,1748.11569212187,1765
"S0_baseline","Simulation_01","out","T>A",10,1297,1243.73987568099,1240
"S0_baseline","Simulation_01","out","T>A",3,10,2.75149745573218,1
"S0_baseline","Simulation_01","out","T>A",4,129,47.0066451914291,45
"S0_baseline","Simulation_01","out","T>A",5,342,155.83565355499,160
"S0_baseline","Simulation_01","out","T>A",6,383,210.614001148813,219
"S0_baseline","Simulation_01","out","T>A",7,370,241.271456445992,248
"S0_baseline","Simulation_01","out","T>A",8,431,324.008358325286,330
"S0_baseline","Simulation_01","out","T>A",9,551,469.895642176498,474
"S0_baseline","Simulation_01","out","T>C",10,1069,1012.44533125385,1023
"S0_baseline","Simulation_01","out","T>C",3,12,3.2833077320029,3
"S0_baseline","Simulation_01","out","T>C",4,164,59.1193536259792,64
"S0_baseline","Simulation_01","out","T>C",5,399,182.809567055585,190
"S0_baseline","Simulation_01","out","T>C",6,535,293.861549942449,299
"S0_baseline","Simulation_01","out","T>C",7,596,386.331846907838,381
"S0_baseline","Simulation_01","out","T>C",8,694,520.248149860799,517
"S0_baseline","Simulation_01","out","T>C",9,900,768.211047628961,777
"S0_baseline","Simulation_01","out","T>G",10,540,517.191628881424,519
"S0_baseline","Simulation_01","out","T>G",3,4,1.08639513150325,1
"S0_baseline","Simulation_01","out","T>G",4,34,12.2984558122964,13
"S0_baseline","Simulation_01","out","T>G",5,101,46.2664912104645,49
"S0_baseline","Simulation_01","out","T>G",6,150,81.9417464774602,77
"S0_baseline","Simulation_01","out","T>G",7,176,114.309726626219,112
"S0_baseline","Simulation_01","out","T>G",8,212,158.96091275256,157
"S0_baseline","Simulation_01","out","T>G",9,256,218.657756077893,226
"S0_baseline","Simulation_02","in","C>A",10,6465,6172.90654198709,6182
"S0_baseline","Simulation_02","in","C>A",2,1,0.195619335226536,0
"S0_baseline","Simulation_02","in","C>A",3,196,54.2010788651413,52
"S0_baseline","Simulation_02","in","C>A",4,1562,563.340670919475,542
"S0_baseline","Simulation_02","in","C>A",5,3311,1504.69347285776,1527
"S0_baseline","Simulation_02","in","C>A",6,4150,2279.46916274817,2310
"S0_baseline","Simulation_02","in","C>A",7,3987,2589.87517208574,2588
"S0_baseline","Simulation_02","in","C>A",8,3880,2912.86528571459,2930
"S0_baseline","Simulation_02","in","C>A",9,4415,3763.03981949771,3783
"S0_baseline","Simulation_02","in","C>G",10,18035,17668.109885804,17654
"S0_baseline","Simulation_02","in","C>G",3,58,15.9709636576941,14
"S0_baseline","Simulation_02","in","C>G",4,413,149.285574333972,155
"S0_baseline","Simulation_02","in","C>G",5,998,455.503657360291,447
"S0_baseline","Simulation_02","in","C>G",6,1392,764.449034505784,721
"S0_baseline","Simulation_02","in","C>G",7,1394,907.505657625894,894
"S0_baseline","Simulation_02","in","C>G",8,1545,1159.9968322248,1157
"S0_baseline","Simulation_02","in","C>G",9,2421,2071.56595399394,2070
"S0_baseline","Simulation_02","in","C>T",10,76136,74789.7190741549,74789
"S0_baseline","Simulation_02","in","C>T",3,185,50.7985111641679,45
"S0_baseline","Simulation_02","in","C>T",4,1252,450.563849982553,432
"S0_baseline","Simulation_02","in","C>T",5,2813,1281.20283281457,1291
"S0_baseline","Simulation_02","in","C>T",6,4050,2228.47374783092,2209
"S0_baseline","Simulation_02","in","C>T",7,4126,2683.7757683271,2682
"S0_baseline","Simulation_02","in","C>T",8,5052,3800.90894392251,3746
"S0_baseline","Simulation_02","in","C>T",9,8146,6975.55256442967,6968
"S0_baseline","Simulation_02","in","T>A",10,1800,1701.5489411094,1726
"S0_baseline","Simulation_02","in","T>A",3,100,27.3519002489453,24
"S0_baseline","Simulation_02","in","T>A",4,740,267.481662405346,270
"S0_baseline","Simulation_02","in","T>A",5,1679,763.252001703138,777
"S0_baseline","Simulation_02","in","T>A",6,1812,997.037358717572,980
"S0_baseline","Simulation_02","in","T>A",7,1782,1157.77965978646,1158
"S0_baseline","Simulation_02","in","T>A",8,1614,1211.09748029524,1231
"S0_baseline","Simulation_02","in","T>A",9,1822,1549.89212758549,1561
"S0_baseline","Simulation_02","in","T>C",10,4791,4580.01401961282,4589
"S0_baseline","Simulation_02","in","T>C",2,2,0.39410734985053,0
"S0_baseline","Simulation_02","in","T>C",3,82,22.3322948454833,19
"S0_baseline","Simulation_02","in","T>C",4,767,277.435285774211,286
"S0_baseline","Simulation_02","in","T>C",5,1724,784.950638583635,773
"S0_baseline","Simulation_02","in","T>C",6,2200,1207.06640695746,1161
"S0_baseline","Simulation_02","in","T>C",7,2234,1451.57658916129,1426
"S0_baseline","Simulation_02","in","T>C",8,2530,1899.37157637722,1887
"S0_baseline","Simulation_02","in","T>C",9,2973,2534.5138636154,2549
"S0_baseline","Simulation_02","in","T>G",10,869,821.187971963856,805
"S0_baseline","Simulation_02","in","T>G",3,22,5.99699055553147,6
"S0_baseline","Simulation_02","in","T>G",4,232,82.8892409971452,79
"S0_baseline","Simulation_02","in","T>G",5,525,239.62019606612,222
"S0_baseline","Simulation_02","in","T>G",6,760,417.628921429733,390
"S0_baseline","Simulation_02","in","T>G",7,655,426.958634531973,420
"S0_baseline","Simulation_02","in","T>G",8,733,550.88570290431,584
"S0_baseline","Simulation_02","in","T>G",9,869,739.476804175319,742
"S0_baseline","Simulation_02","out","C>A",10,1726,1646.71931381757,1666
"S0_baseline","Simulation_02","out","C>A",2,2,0.389379641339407,1
"S0_baseline","Simulation_02","out","C>A",3,41,11.0579017450339,12
"S0_baseline","Simulation_02","out","C>A",4,427,153.654355534204,149
"S0_baseline","Simulation_02","out","C>A",5,939,426.88335634583,427
"S0_baseline","Simulation_02","out","C>A",6,1102,604.94332331534,586
"S0_baseline","Simulation_02","out","C>A",7,1021,663.437319083999,677
"S0_baseline","Simulation_02","out","C>A",8,1023,769.214963310558,781
"S0_baseline","Simulation_02","out","C>A",9,1113,947.637051324592,950
"S0_baseline","Simulation_02","out","C>G",10,4171,4084.14519161741,4086
"S0_baseline","Simulation_02","out","C>G",3,21,5.4653113727007,4
"S0_baseline","Simulation_02","out","C>G",4,115,41.5863924241881,35
"S0_baseline","Simulation_02","out","C>G",5,242,110.639619435691,123
"S0_baseline","Simulation_02","out","C>G",6,338,184.785040849354,160
"S0_baseline","Simulation_02","out","C>G",7,349,226.345017567924,213
"S0_baseline","Simulation_02","out","C>G",8,414,310.315465278255,312
"S0_baseline","Simulation_02","out","C>G",9,607,518.495939409933,523
"S0_baseline","Simulation_02","out","C>T",10,14438,14099.3771979725,14083
"S0_baseline","Simulation_02","out","C>T",3,57,15.6042614090995,19
"S0_baseline","Simulation_02","out","C>T",4,366,131.21186267053,134
"S0_baseline","Simulation_02","out","C>T",5,759,344.85615188747,303
"S0_baseline","Simulation_02","out","C>T",6,1018,558.853114650352,565
"S0_baseline","Simulation_02","out","C>T",7,1116,727.688490035135,733
"S0_baseline","Simulation_02","out","C>T",8,1293,973.923702379466,967
"S0_baseline","Simulation_02","out","C>T",9,2173,1859.93686297471,1867
"S0_baseline","Simulation_02","out","T>A",10,342,321.962687668527,322
"S0_baseline","Simulation_02","out","T>A",3,19,5.12184587182383,6
"S0_baseline","Simulation_02","out","T>A",4,186,67.8136022271025,70
"S0_baseline","Simulation_02","out","T>A",5,411,186.653323710559,209
"S0_baseline","Simulation_02","out","T>A",6,463,253.213791251481,253
"S0_baseline","Simulation_02","out","T>A",7,436,283.701681932439,279
"S0_baseline","Simulation_02","out","T>A",8,430,323.400288667494,318
"S0_baseline","Simulation_02","out","T>A",9,431,366.341108285029,370
"S0_baseline","Simulation_02","out","T>C",10,1049,997.91731494648,998
"S0_baseline","Simulation_02","out","T>C",3,29,8.01340514090352,9
"S0_baseline","Simulation_02","out","T>C",4,187,66.8690054599627,64
"S0_baseline","Simulation_02","out","T>C",5,446,203.150820049309,200
"S0_baseline","Simulation_02","out","T>C",6,607,334.031464013735,345
"S0_baseline","Simulation_02","out","T>C",7,615,401.03217196153,404
"S0_baseline","Simulation_02","out","T>C",8,633,474.766942920605,495
"S0_baseline","Simulation_02","out","T>C",9,719,613.197037201992,609
"S0_baseline","Simulation_02","out","T>G",10,166,156.077790392601,156
"S0_baseline","Simulation_02","out","T>G",3,6,1.63547124040342,2
"S0_baseline","Simulation_02","out","T>G",4,60,21.587413758068,25
"S0_baseline","Simulation_02","out","T>G",5,149,67.9546651111284,66
"S0_baseline","Simulation_02","out","T>G",6,204,111.606800128642,117
"S0_baseline","Simulation_02","out","T>G",7,177,114.910662414981,111
"S0_baseline","Simulation_02","out","T>G",8,220,165.211783270659,165
"S0_baseline","Simulation_02","out","T>G",9,229,195.61441234238,195
"S0_baseline","Simulation_03","in","C>A",10,9263,8869.01592810068,8867
"S0_baseline","Simulation_03","in","C>A",3,102,28.7573287800518,22
"S0_baseline","Simulation_03","in","C>A",4,1139,412.393654290244,413
"S0_baseline","Simulation_03","in","C>A",5,3019,1372.79553274968,1386
"S0_baseline","Simulation_03","in","C>A",6,3861,2124.18384205608,2176
"S0_baseline","Simulation_03","in","C>A",7,3873,2515.17545628173,2505
"S0_baseline","Simulation_03","in","C>A",8,4123,3097.92811974747,3105
"S0_baseline","Simulation_03","in","C>A",9,5166,4402.16566933968,4427
"S0_baseline","Simulation_03","in","C>G",10,10227,9869.72241603921,9906
"S0_baseline","Simulation_03","in","C>G",3,37,10.2071406913436,10
"S0_baseline","Simulation_03","in","C>G",4,294,106.398066905697,94
"S0_baseline","Simulation_03","in","C>G",5,814,373.132340372389,363
"S0_baseline","Simulation_03","in","C>G",6,1370,752.405574784913,753
"S0_baseline","Simulation_03","in","C>G",7,1494,971.895585622244,996
"S0_baseline","Simulation_03","in","C>G",8,1799,1351.75591459621,1371
"S0_baseline","Simulation_03","in","C>G",9,3085,2641.21780188416,2646
"S0_baseline","Simulation_03","in","C>T",10,26536,25729.9806993779,25797
"S0_baseline","Simulation_03","in","C>T",3,120,33.1889988893246,26
"S0_baseline","Simulation_03","in","C>T",4,1103,398.049978618987,369
"S0_baseline","Simulation_03","in","C>T",5,2858,1306.34522432547,1308
"S0_baseline","Simulation_03","in","C>T",6,4047,2226.98007440853,2250
"S0_baseline","Simulation_03","in","C>T",7,4368,2839.30935242444,2850
"S0_baseline","Simulation_03","in","C>T",8,4879,3669.87404094814,3656
"S0_baseline","Simulation_03","in","C>T",9,7238,6184.01177142138,6134
"S0_baseline","Simulation_03","in","T>A",10,3259,3097.98403472819,3088
"S0_baseline","Simulation_03","in","T>A",3,55,15.1823832627439,16
"S0_baseline","Simulation_03","in","T>A",4,461,165.994360653317,181
"S0_baseline","Simulation_03","in","T>A",5,1251,570.869643580773,592
"S0_baseline","Simulation_03","in","T>A",6,1799,989.474546754652,1026
"S0_baseline","Simulation_03","in","T>A",7,1767,1147.73699129986,1152
"S0_baseline","Simulation_03","in","T>A",8,1925,1446.72675663361,1466
"S0_baseline","Simulation_03","in","T>A",9,2457,2093.62889446984,2092
"S0_baseline","Simulation_03","in","T>C",10,6175,5893.88923814924,5907
"S0_baseline","Simulation_03","in","T>C",3,44,12.3000663804791,13
"S0_baseline","Simulation_03","in","T>C",4,603,217.295652155517,203
"S0_baseline","Simulation_03","in","T>C",5,1529,697.987518525271,682
"S0_baseline","Simulation_03","in","T>C",6,2124,1166.5951388802,1150
"S0_baseline","Simulation_03","in","T>C",7,2053,1335.7312924461,1324
"S0_baseline","Simulation_03","in","T>C",8,2426,1824.0547100451,1831
"S0_baseline","Simulation_03","in","T>C",9,3383,2886.59276392607,2926
"S0_baseline","Simulation_03","in","T>G",10,2656,2549.3308999502,2537
"S0_baseline","Simulation_03","in","T>G",3,8,2.23831769776253,1
"S0_baseline","Simulation_03","in","T>G",4,148,54.1749482205198,60
"S0_baseline","Simulation_03","in","T>G",5,382,174.934286131591,184
"S0_baseline","Simulation_03","in","T>G",6,575,316.908841635258,314
"S0_baseline","Simulation_03","in","T>G",7,625,405.077532496874,409
"S0_baseline","Simulation_03","in","T>G",8,795,600.453816837075,587
"S0_baseline","Simulation_03","in","T>G",9,1086,925.5112838272,918
"S0_baseline","Simulation_03","out","C>A",10,2572,2473.73085648067,2491
"S0_baseline","Simulation_03","out","C>A",3,24,6.64925360662806,6
"S0_baseline","Simulation_03","out","C>A",4,308,111.440400984332,113
"S0_baseline","Simulation_03","out","C>A",5,763,347.541775446332,346
"S0_baseline","Simulation_03","out","C>A",6,903,496.087565392759,517
"S0_baseline","Simulation_03","out","C>A",7,966,627.550095909677,629
"S0_baseline","Simulation_03","out","C>A",8,1060,796.358200204026,800
"S0_baseline","Simulation_03","out","C>A",9,1249,1064.97877316336,1078
"S0_baseline","Simulation_03","out","C>G",10,1978,1899.52980784719,1910
"S0_baseline","Simulation_03","out","C>G",3,4,1.13173263864011,3
"S0_baseline","Simulation_03","out","C>G",4,94,34.0041545706742,27
"S0_baseline","Simulation_03","out","C>G",5,220,100.801807914499,83
"S0_baseline","Simulation_03","out","C>G",6,358,196.967146302904,196
"S0_baseline","Simulation_03","out","C>G",7,404,263.440334050445,258
"S0_baseline","Simulation_03","out","C>G",8,476,358.00565849143,358
"S0_baseline","Simulation_03","out","C>G",9,731,624.145072280688,620
"S0_baseline","Simulation_03","out","C>T",10,4996,4813.49445664145,4810
"S0_baseline","Simulation_03","out","C>T",3,36,9.69255584443434,12
"S0_baseline","Simulation_03","out","C>T",4,282,102.021029000789,110
"S0_baseline","Simulation_03","out","C>T",5,813,371.662866304347,369
"S0_baseline","Simulation_03","out","C>T",6,1130,622.115072885002,617
"S0_baseline","Simulation_03","out","C>T",7,1179,767.28605975912,795
"S0_baseline","Simulation_03","out","C>T",8,1339,1008.04183145366,1007
"S0_baseline","Simulation_03","out","C>T",9,1902,1624.29647541981,1656
"S0_baseline","Simulation_03","out","T>A",10,704,668.442686381648,670
"S0_baseline","Simulation_03","out","T>A",3,14,3.89041372397898,4
"S0_baseline","Simulation_03","out","T>A",4,124,44.697806489794,48
"S0_baseline","Simulation_03","out","T>A",5,289,132.285966527935,142
"S0_baseline","Simulation_03","out","T>A",6,411,225.875599169156,227
"S0_baseline","Simulation_03","out","T>A",7,459,297.99389782774,299
"S0_baseline","Simulation_03","out","T>A",8,511,383.609728399697,391
"S0_baseline","Simulation_03","out","T>A",9,582,495.228458492362,494
"S0_baseline","Simulation_03","out","T>C",10,1774,1698.22319723646,1686
"S0_baseline","Simulation_03","out","T>C",3,10,2.83725895960534,3
"S0_baseline","Simulation_03","out","T>C",4,132,48.2738741151711,53
"S0_baseline","Simulation_03","out","T>C",5,374,170.84776080498,159
"S0_baseline","Simulation_03","out","T>C",6,560,306.780285861729,309
"S0_baseline","Simulation_03","out","T>C",7,590,383.532226461595,385
"S0_baseline","Simulation_03","out","T>C",8,624,468.545866333455,476
"S0_baseline","Simulation_03","out","T>C",9,890,759.184717768545,764
"S0_baseline","Simulation_03","out","T>G",10,608,581.240814620855,569
"S0_baseline","Simulation_03","out","T>G",3,4,1.08369253629224,2
"S0_baseline","Simulation_03","out","T>G",4,35,12.5990776991758,12
"S0_baseline","Simulation_03","out","T>G",5,90,41.6117004776981,51
"S0_baseline","Simulation_03","out","T>G",6,168,92.4462107762203,82
"S0_baseline","Simulation_03","out","T>G",7,174,113.215895310414,121
"S0_baseline","Simulation_03","out","T>G",8,179,133.809721657647,134
"S0_baseline","Simulation_03","out","T>G",9,329,281.946849303412,286
"S0_baseline","Simulation_04","in","C>A",10,11300,10840.4348063927,10815
"S0_baseline","Simulation_04","in","C>A",3,92,25.4640669030764,31
"S0_baseline","Simulation_04","in","C>A",4,1002,361.530614047984,360
"S0_baseline","Simulation_04","in","C>A",5,2705,1236.31001069632,1248
"S0_baseline","Simulation_04","in","C>A",6,3830,2107.99193831047,2100
"S0_baseline","Simulation_04","in","C>A",7,3805,2473.94859553449,2497
"S0_baseline","Simulation_04","in","C>A",8,4198,3151.24238902017,3141
"S0_baseline","Simulation_04","in","C>A",9,5604,4783.69037998115,4811
"S0_baseline","Simulation_04","in","C>G",10,12215,11883.2714946871,11860
"S0_baseline","Simulation_04","in","C>G",3,51,14.1469258448428,14
"S0_baseline","Simulation_04","in","C>G",4,438,157.181663116186,164
"S0_baseline","Simulation_04","in","C>G",5,981,446.884046745476,474
"S0_baseline","Simulation_04","in","C>G",6,1324,729.154710254143,697
"S0_baseline","Simulation_04","in","C>G",7,1251,813.685832861778,791
"S0_baseline","Simulation_04","in","C>G",8,1491,1121.77702809169,1108
"S0_baseline","Simulation_04","in","C>G",9,2259,1930.14295919604,1892
"S0_baseline","Simulation_04","in","C>T",10,35928,34757.7821929434,34683
"S0_baseline","Simulation_04","in","C>T",2,1,0.194682543692229,1
"S0_baseline","Simulation_04","in","C>T",3,161,44.0506103297518,45
"S0_baseline","Simulation_04","in","C>T",4,1135,407.505285649343,380
"S0_baseline","Simulation_04","in","C>T",5,2843,1296.01407001607,1274
"S0_baseline","Simulation_04","in","C>T",6,4576,2516.8315852481,2546
"S0_baseline","Simulation_04","in","C>T",7,4613,3004.74191919516,3066
"S0_baseline","Simulation_04","in","C>T",8,5822,4378.80305527547,4359
"S0_baseline","Simulation_04","in","C>T",9,9124,7804.45851186998,7795
"S0_baseline","Simulation_04","in","T>A",10,4254,4067.55784363127,4090
"S0_baseline","Simulation_04","in","T>A",3,42,11.5662270081091,15
"S0_baseline","Simulation_04","in","T>A",4,476,172.04097942897,174
"S0_baseline","Simulation_04","in","T>A",5,1214,553.630928276049,577
"S0_baseline","Simulation_04","in","T>A",6,1608,884.724232906522,858
"S0_baseline","Simulation_04","in","T>A",7,1664,1082.79221047225,1091
"S0_baseline","Simulation_04","in","T>A",8,1757,1318.8581747291,1322
"S0_baseline","Simulation_04","in","T>A",9,2268,1936.99760371246,1980
"S0_baseline","Simulation_04","in","T>C",10,6822,6537.93201891625,6542
"S0_baseline","Simulation_04","in","T>C",3,56,15.5375252403072,17
"S0_baseline","Simulation_04","in","T>C",4,573,207.477117170708,191
"S0_baseline","Simulation_04","in","T>C",5,1525,694.688271772229,719
"S0_baseline","Simulation_04","in","T>C",6,1891,1039.3600395484,1057
"S0_baseline","Simulation_04","in","T>C",7,1963,1276.46619903078,1275
"S0_baseline","Simulation_04","in","T>C",8,2255,1695.71265125554,1672
"S0_baseline","Simulation_04","in","T>C",9,3092,2641.38127739787,2683
"S0_baseline","Simulation_04","in","T>G",10,1111,1055.21243100837,1053
"S0_baseline","Simulation_04","in","T>G",3,16,4.42039284611642,5
"S0_baseline","Simulation_04","in","T>G",4,173,62.8005831787345,65
"S0_baseline","Simulation_04","in","T>G",5,496,227.012558740072,231
"S0_baseline","Simulation_04","in","T>G",6,681,374.155257534039,352
"S0_baseline","Simulation_04","in","T>G",7,645,420.452157950944,426
"S0_baseline","Simulation_04","in","T>G",8,692,520.574254072982,507
"S0_baseline","Simulation_04","in","T>G",9,800,681.889323481086,692
"S0_baseline","Simulation_04","out","C>A",10,2567,2458.0505511111,2464
"S0_baseline","Simulation_04","out","C>A",3,31,8.79811018155616,6
"S0_baseline","Simulation_04","out","C>A",4,289,103.876550229721,98
"S0_baseline","Simulation_04","out","C>A",5,739,337.957979820206,363
"S0_baseline","Simulation_04","out","C>A",6,949,522.656304259762,504
"S0_baseline","Simulation_04","out","C>A",7,978,635.878584930241,633
"S0_baseline","Simulation_04","out","C>A",8,1114,835.002797951179,838
"S0_baseline","Simulation_04","out","C>A",9,1384,1181.58301320655,1202
"S0_baseline","Simulation_04","out","C>G",10,2806,2723.79353473315,2719
"S0_baseline","Simulation_04","out","C>G",3,7,1.89869095771742,3
"S0_baseline","Simulation_04","out","C>G",4,118,42.8511779278276,49
"S0_baseline","Simulation_04","out","C>G",5,296,135.12932179749,135
"S0_baseline","Simulation_04","out","C>G",6,346,190.927448098691,176
"S0_baseline","Simulation_04","out","C>G",7,383,249.605301447752,259
"S0_baseline","Simulation_04","out","C>G",8,400,300.311179562378,307
"S0_baseline","Simulation_04","out","C>G",9,651,557.472486682918,541
"S0_baseline","Simulation_04","out","C>T",10,9582,9264.06496712734,9254
"S0_baseline","Simulation_04","out","C>T",3,28,7.74539353437193,5
"S0_baseline","Simulation_04","out","C>T",4,271,97.2344109861413,87
"S0_baseline","Simulation_04","out","C>T",5,776,355.112583247524,368
"S0_baseline","Simulation_04","out","C>T",6,1338,735.892788737192,729
"S0_baseline","Simulation_04","out","C>T",7,1419,924.923226962913,947
"S0_baseline","Simulation_04","out","C>T",8,1746,1315.19464615568,1314
"S0_baseline","Simulation_04","out","C>T",9,2538,2170.00499159933,2165
"S0_baseline","Simulation_04","out","T>A",10,1658,1590.79970510542,1589
"S0_baseline","Simulation_04","out","T>A",3,9,2.54894062686377,1
"S0_baseline","Simulation_04","out","T>A",4,107,38.9438353554723,49
"S0_baseline","Simulation_04","out","T>A",5,325,148.139434950732,144
"S0_baseline","Simulation_04","out","T>A",6,396,217.553786603066,213
"S0_baseline","Simulation_04","out","T>A",7,430,280.218037879655,291
"S0_baseline","Simulation_04","out","T>A",8,547,411.242378031398,404
"S0_baseline","Simulation_04","out","T>A",9,693,592.229784906418,588
"S0_baseline","Simulation_04","out","T>C",10,1756,1670.07236106158,1657
"S0_baseline","Simulation_04","out","T>C",3,16,4.3558989995711,6
"S0_baseline","Simulation_04","out","T>C",4,135,48.699789081213,50
"S0_baseline","Simulation_04","out","T>C",5,411,188.142596462859,194
"S0_baseline","Simulation_04","out","T>C",6,651,357.693413608971,366
"S0_baseline","Simulation_04","out","T>C",7,656,427.44209909412,414
"S0_baseline","Simulation_04","out","T>C",8,811,609.547178182583,606
"S0_baseline","Simulation_04","out","T>C",9,1076,918.979241371724,916
"S0_baseline","Simulation_04","out","T>G",10,363,344.835610114658,343
"S0_baseline","Simulation_04","out","T>G",3,4,1.07956079057888,0
"S0_baseline","Simulation_04","out","T>G",4,47,16.8479237934058,19
"S0_baseline","Simulation_04","out","T>G",5,127,58.5704322723614,56
"S0_baseline","Simulation_04","out","T>G",6,169,92.6727099816524,91
"S0_baseline","Simulation_04","out","T>G",7,156,101.222544120929,92
"S0_baseline","Simulation_04","out","T>G",8,197,147.89940475188,141
"S0_baseline","Simulation_04","out","T>G",9,207,176.765805695183,171
"S0_baseline","Simulation_05","in","C>A",10,15632,15036.5205192906,15088
"S0_baseline","Simulation_05","in","C>A",3,76,21.1845853725189,20
"S0_baseline","Simulation_05","in","C>A",4,907,327.510524642213,337
"S0_baseline","Simulation_05","in","C>A",5,2510,1148.59732272961,1160
"S0_baseline","Simulation_05","in","C>A",6,3798,2086.80478855152,2113
"S0_baseline","Simulation_05","in","C>A",7,3890,2532.27256488057,2604
"S0_baseline","Simulation_05","in","C>A",8,4477,3362.91687100946,3372
"S0_baseline","Simulation_05","in","C>A",9,6299,5377.74861488076,5429
"S0_baseline","Simulation_05","in","C>G",10,33468,32801.4627940203,32785
"S0_baseline","Simulation_05","in","C>G",3,21,5.85840747289926,8
"S0_baseline","Simulation_05","in","C>G",4,256,92.3151360209197,97
"S0_baseline","Simulation_05","in","C>G",5,799,367.229286273195,378
"S0_baseline","Simulation_05","in","C>G",6,1527,838.15481773593,828
"S0_baseline","Simulation_05","in","C>G",7,1728,1124.59373214003,1151
"S0_baseline","Simulation_05","in","C>G",8,2242,1686.66809259558,1671
"S0_baseline","Simulation_05","in","C>G",9,3887,3328.27034922529,3355
"S0_baseline","Simulation_05","in","C>T",10,41926,40771.0902850996,40795
"S0_baseline","Simulation_05","in","C>T",3,119,32.8727562268879,31
"S0_baseline","Simulation_05","in","C>T",4,1103,397.756895179041,409
"S0_baseline","Simulation_05","in","C>T",5,2914,1329.64799996108,1362
"S0_baseline","Simulation_05","in","C>T",6,4187,2300.36952757802,2334
"S0_baseline","Simulation_05","in","C>T",7,4189,2725.15156708648,2807
"S0_baseline","Simulation_05","in","C>T",8,5087,3824.61647002384,3825
"S0_baseline","Simulation_05","in","C>T",9,8113,6940.43525039338,6941
"S0_baseline","Simulation_05","in","T>A",10,8434,8164.02809206713,8186
"S0_baseline","Simulation_05","in","T>A",2,1,0.180871472988322,1
"S0_baseline","Simulation_05","in","T>A",3,39,10.833495336069,12
"S0_baseline","Simulation_05","in","T>A",4,380,136.761340236714,123
"S0_baseline","Simulation_05","in","T>A",5,1067,488.918307958971,464
"S0_baseline","Simulation_05","in","T>A",6,1387,761.508687867979,748
"S0_baseline","Simulation_05","in","T>A",7,1453,943.752488757745,953
"S0_baseline","Simulation_05","in","T>A",8,1720,1290.78719216102,1300
"S0_baseline","Simulation_05","in","T>A",9,2466,2108.73177317247,2100
"S0_baseline","Simulation_05","in","T>C",10,9719,9386.19330195152,9393
"S0_baseline","Simulation_05","in","T>C",3,41,11.4387192733469,12
"S0_baseline","Simulation_05","in","T>C",4,499,180.853767773107,176
"S0_baseline","Simulation_05","in","T>C",5,1396,637.761464384241,677
"S0_baseline","Simulation_05","in","T>C",6,1951,1075.15958014354,1100
"S0_baseline","Simulation_05","in","T>C",7,2044,1330.68141689573,1356
"S0_baseline","Simulation_05","in","T>C",8,2439,1834.5116261748,1856
"S0_baseline","Simulation_05","in","T>C",9,3386,2891.57808229111,2917
"S0_baseline","Simulation_05","in","T>G",10,4860,4730.82241401419,4747
"S0_baseline","Simulation_05","in","T>G",3,7,1.95530543384896,1
"S0_baseline","Simulation_05","in","T>G",4,123,44.6031195840911,41
"S0_baseline","Simulation_05","in","T>G",5,374,170.049922005833,172
"S0_baseline","Simulation_05","in","T>G",6,574,316.9526352642,312
"S0_baseline","Simulation_05","in","T>G",7,535,347.741759735341,339
"S0_baseline","Simulation_05","in","T>G",8,687,517.393286201102,511
"S0_baseline","Simulation_05","in","T>G",9,1038,887.507709420178,915
"S0_baseline","Simulation_05","out","C>A",10,2804,2694.89724909193,2696
"S0_baseline","Simulation_05","out","C>A",3,22,6.13789941024971,6
"S0_baseline","Simulation_05","out","C>A",4,183,66.9411668983121,61
"S0_baseline","Simulation_05","out","C>A",5,519,237.778787176376,247
"S0_baseline","Simulation_05","out","C>A",6,854,469.035979907584,488
"S0_baseline","Simulation_05","out","C>A",7,846,550.066375881403,545
"S0_baseline","Simulation_05","out","C>A",8,896,671.949615153407,652
"S0_baseline","Simulation_05","out","C>A",9,1315,1122.13477371644,1122
"S0_baseline","Simulation_05","out","C>G",10,4218,4129.51387293108,4140
"S0_baseline","Simulation_05","out","C>G",3,10,2.85752585924864,1
"S0_baseline","Simulation_05","out","C>G",4,54,19.2799022583705,19
"S0_baseline","Simulation_05","out","C>G",5,173,79.3207529415289,77
"S0_baseline","Simulation_05","out","C>G",6,269,148.118866383014,154
"S0_baseline","Simulation_05","out","C>G",7,293,190.68974534447,182
"S0_baseline","Simulation_05","out","C>G",8,360,270.516325160904,268
"S0_baseline","Simulation_05","out","C>G",9,620,530.809780869163,550
"S0_baseline","Simulation_05","out","C>T",10,7084,6860.7369857811,6870
"S0_baseline","Simulation_05","out","C>T",3,27,7.22660955485007,11
"S0_baseline","Simulation_05","out","C>T",4,249,89.9634215993056,91
"S0_baseline","Simulation_05","out","C>T",5,617,280.19056650313,294
"S0_baseline","Simulation_05","out","C>T",6,879,482.183497853102,501
"S0_baseline","Simulation_05","out","C>T",7,935,607.836843440576,609
"S0_baseline","Simulation_05","out","C>T",8,1133,851.632367560015,828
"S0_baseline","Simulation_05","out","C>T",9,1765,1508.9615205528,1524
"S0_baseline","Simulation_05","out","T>A",10,1149,1101.58535143357,1101
"S0_baseline","Simulation_05","out","T>A",3,14,3.95410113978926,4
"S0_baseline","Simulation_05","out","T>A",4,102,36.8524957941022,40
"S0_baseline","Simulation_05","out","T>A",5,248,112.332615614737,104
"S0_baseline","Simulation_05","out","T>A",6,365,200.013108476692,213
"S0_baseline","Simulation_05","out","T>A",7,372,240.785992863592,249
"S0_baseline","Simulation_05","out","T>A",8,437,328.24264247195,322
"S0_baseline","Simulation_05","out","T>A",9,558,476.175822366035,470
"S0_baseline","Simulation_05","out","T>C",10,1427,1363.11842351462,1359
"S0_baseline","Simulation_05","out","T>C",3,15,4.18577805885709,5
"S0_baseline","Simulation_05","out","T>C",4,123,44.543831016648,40
"S0_baseline","Simulation_05","out","T>C",5,310,143.223021216525,131
"S0_baseline","Simulation_05","out","T>C",6,443,244.191575731872,256
"S0_baseline","Simulation_05","out","T>C",7,489,317.904916421245,326
"S0_baseline","Simulation_05","out","T>C",8,512,385.101940136413,376
"S0_baseline","Simulation_05","out","T>C",9,728,621.637398771169,634
"S0_baseline","Simulation_05","out","T>G",10,444,425.41993221035,426
"S0_baseline","Simulation_05","out","T>G",3,4,1.04631532190639,1
"S0_baseline","Simulation_05","out","T>G",4,31,11.0816842290418,17
"S0_baseline","Simulation_05","out","T>G",5,82,37.2366251724279,39
"S0_baseline","Simulation_05","out","T>G",6,112,61.6062023163598,60
"S0_baseline","Simulation_05","out","T>G",7,126,81.9913274696595,89
"S0_baseline","Simulation_05","out","T>G",8,177,134.187216878929,140
"S0_baseline","Simulation_05","out","T>G",9,205,175.019227676051,174
"S0_baseline","Simulation_06","in","C>A",10,24465,23851.692042985,23845
"S0_baseline","Simulation_06","in","C>A",2,2,0.382671468393353,0
"S0_baseline","Simulation_06","in","C>A",3,151,41.8160987011957,41
"S0_baseline","Simulation_06","in","C>A",4,1007,362.415790721209,364
"S0_baseline","Simulation_06","in","C>A",5,2137,972.313155449043,945
"S0_baseline","Simulation_06","in","C>A",6,2836,1558.43684564293,1604
"S0_baseline","Simulation_06","in","C>A",7,2764,1797.46194869197,1782
"S0_baseline","Simulation_06","in","C>A",8,3291,2477.54731333043,2516
"S0_baseline","Simulation_06","in","C>A",9,4866,4159.37718204492,4149
"S0_baseline","Simulation_06","in","C>G",10,10745,10405.6060261154,10417
"S0_baseline","Simulation_06","in","C>G",2,1,0.177826881558608,0
"S0_baseline","Simulation_06","in","C>G",3,47,12.972966140402,17
"S0_baseline","Simulation_06","in","C>G",4,423,151.623505641439,148
"S0_baseline","Simulation_06","in","C>G",5,1001,455.098026195639,443
"S0_baseline","Simulation_06","in","C>G",6,1162,639.285985352054,627
"S0_baseline","Simulation_06","in","C>G",7,1210,787.473683318772,792
"S0_baseline","Simulation_06","in","C>G",8,1427,1074.94310057233,1060
"S0_baseline","Simulation_06","in","C>G",9,2362,2023.39165150493,2034
"S0_baseline","Simulation_06","in","C>T",10,35508,34588.1542846073,34578
"S0_baseline","Simulation_06","in","C>T",3,142,38.7785387018697,34
"S0_baseline","Simulation_06","in","C>T",4,1260,453.102123685301,449
"S0_baseline","Simulation_06","in","C>T",5,2732,1242.0832813458,1253
"S0_baseline","Simulation_06","in","C>T",6,3564,1960.54226926191,1947
"S0_baseline","Simulation_06","in","C>T",7,3557,2311.60436299373,2324
"S0_baseline","Simulation_06","in","C>T",8,4248,3194.865280392,3202
"S0_baseline","Simulation_06","in","C>T",9,6795,5813.1616797716,5833
"S0_baseline","Simulation_06","in","T>A",10,20649,20265.9425234172,20233
"S0_baseline","Simulation_06","in","T>A",2,1,0.183610244489382,0
"S0_baseline","Simulation_06","in","T>A",3,60,16.504886218736,17
"S0_baseline","Simulation_06","in","T>A",4,430,154.742912282592,173
"S0_baseline","Simulation_06","in","T>A",5,920,417.797147607313,412
"S0_baseline","Simulation_06","in","T>A",6,1154,635.794797521357,636
"S0_baseline","Simulation_06","in","T>A",7,1160,754.673342611789,718
"S0_baseline","Simulation_06","in","T>A",8,1424,1071.78992887416,1085
"S0_baseline","Simulation_06","in","T>A",9,2213,1891.25002220339,1896
"S0_baseline","Simulation_06","in","T>C",10,4132,3954.46398567545,3954
"S0_baseline","Simulation_06","in","T>C",3,72,20.1013838012338,20
"S0_baseline","Simulation_06","in","T>C",4,682,247.150265805813,243
"S0_baseline","Simulation_06","in","T>C",5,1825,832.168882785801,815
"S0_baseline","Simulation_06","in","T>C",6,2153,1180.68519053028,1201
"S0_baseline","Simulation_06","in","T>C",7,2209,1436.95354134162,1443
"S0_baseline","Simulation_06","in","T>C",8,2348,1762.21276539467,1776
"S0_baseline","Simulation_06","in","T>C",9,2632,2243.40642898876,2239
"S0_baseline","Simulation_06","in","T>G",10,1493,1435.4613199071,1438
"S0_baseline","Simulation_06","in","T>G",2,1,0.186769223575382,0
"S0_baseline","Simulation_06","in","T>G",3,28,7.92343372492241,8
"S0_baseline","Simulation_06","in","T>G",4,183,65.798605537092,65
"S0_baseline","Simulation_06","in","T>G",5,521,238.02172743005,225
"S0_baseline","Simulation_06","in","T>G",6,680,374.091610916362,385
"S0_baseline","Simulation_06","in","T>G",7,631,410.499416398396,401
"S0_baseline","Simulation_06","in","T>G",8,642,482.43344773089,448
"S0_baseline","Simulation_06","in","T>G",9,802,683.380530478549,696
"S0_baseline","Simulation_06","out","C>A",10,5239,5083.88042106841,5089
"S0_baseline","Simulation_06","out","C>A",3,35,9.65758448002147,10
"S0_baseline","Simulation_06","out","C>A",4,314,113.177143678289,101
"S0_baseline","Simulation_06","out","C>A",5,640,291.367536847095,295
"S0_baseline","Simulation_06","out","C>A",6,830,457.597180891652,466
"S0_baseline","Simulation_06","out","C>A",7,845,548.287059579809,549
"S0_baseline","Simulation_06","out","C>A",8,895,672.726713249848,681
"S0_baseline","Simulation_06","out","C>A",9,1289,1100.10212795946,1100
"S0_baseline","Simulation_06","out","C>G",10,2487,2408.94868987697,2399
"S0_baseline","Simulation_06","out","C>G",3,16,4.37730182003954,3
"S0_baseline","Simulation_06","out","C>G",4,120,43.4632381522661,45
"S0_baseline","Simulation_06","out","C>G",5,268,122.320655295431,118
"S0_baseline","Simulation_06","out","C>G",6,336,184.776798781879,174
"S0_baseline","Simulation_06","out","C>G",7,316,205.786204829866,194
"S0_baseline","Simulation_06","out","C>G",8,363,273.306499836612,262
"S0_baseline","Simulation_06","out","C>G",9,585,501.761413305847,502
"S0_baseline","Simulation_06","out","C>T",10,9647,9383.34630325512,9401
"S0_baseline","Simulation_06","out","C>T",3,65,18.1167385549002,17
"S0_baseline","Simulation_06","out","C>T",4,355,127.444667386596,121
"S0_baseline","Simulation_06","out","C>T",5,744,339.642958373514,366
"S0_baseline","Simulation_06","out","C>T",6,968,531.047323681174,545
"S0_baseline","Simulation_06","out","C>T",7,1050,683.244221710142,672
"S0_baseline","Simulation_06","out","C>T",8,1223,920.527178297366,926
"S0_baseline","Simulation_06","out","C>T",9,1939,1659.42162171207,1654
"S0_baseline","Simulation_06","out","T>A",10,4504,4403.544248502,4413
"S0_baseline","Simulation_06","out","T>A",3,14,3.90462276035491,4
"S0_baseline","Simulation_06","out","T>A",4,120,43.5719079736394,38
"S0_baseline","Simulation_06","out","T>A",5,271,123.621654242982,125
"S0_baseline","Simulation_06","out","T>A",6,320,175.68413356586,167
"S0_baseline","Simulation_06","out","T>A",7,364,236.635448275504,253
"S0_baseline","Simulation_06","out","T>A",8,427,321.794086625316,345
"S0_baseline","Simulation_06","out","T>A",9,666,568.871901426496,559
"S0_baseline","Simulation_06","out","T>C",10,881,839.725225773264,844
"S0_baseline","Simulation_06","out","T>C",3,24,6.68528344038072,12
"S0_baseline","Simulation_06","out","T>C",4,224,81.215023195187,63
"S0_baseline","Simulation_06","out","T>C",5,572,260.044628182992,242
"S0_baseline","Simulation_06","out","T>C",6,609,333.175180826343,327
"S0_baseline","Simulation_06","out","T>C",7,597,387.266530969118,381
"S0_baseline","Simulation_06","out","T>C",8,579,434.669119194835,413
"S0_baseline","Simulation_06","out","T>C",9,692,589.078625265222,583
"S0_baseline","Simulation_06","out","T>G",10,289,276.990586684559,277
"S0_baseline","Simulation_06","out","T>G",3,7,2.03721070760229,2
"S0_baseline","Simulation_06","out","T>G",4,58,21.0219554853613,21
"S0_baseline","Simulation_06","out","T>G",5,143,65.0505438705487,67
"S0_baseline","Simulation_06","out","T>G",6,218,120.171898800887,125
"S0_baseline","Simulation_06","out","T>G",7,170,110.671151385177,113
"S0_baseline","Simulation_06","out","T>G",8,167,124.9916167851,125
"S0_baseline","Simulation_06","out","T>G",9,192,163.517606828718,168
"S0_baseline","Simulation_07","in","C>A",10,12922,12365.1552256783,12365
"S0_baseline","Simulation_07","in","C>A",3,130,36.1256282309533,47
"S0_baseline","Simulation_07","in","C>A",4,1237,446.536149354533,446
"S0_baseline","Simulation_07","in","C>A",5,3077,1405.54728708268,1401
"S0_baseline","Simulation_07","in","C>A",6,4278,2352.97237676786,2395
"S0_baseline","Simulation_07","in","C>A",7,4387,2853.55689132401,2843
"S0_baseline","Simulation_07","in","C>A",8,5130,3858.69726523678,3821
"S0_baseline","Simulation_07","in","C>A",9,6682,5699.77744844027,5701
"S0_baseline","Simulation_07","in","C>G",10,19379,19090.7233284445,19090
"S0_baseline","Simulation_07","in","C>G",3,55,15.2065794360089,19
"S0_baseline","Simulation_07","in","C>G",4,496,179.294243816303,163
"S0_baseline","Simulation_07","in","C>G",5,1093,496.55499637156,513
"S0_baseline","Simulation_07","in","C>G",6,1325,727.75675386622,730
"S0_baseline","Simulation_07","in","C>G",7,1409,916.974581543708,936
"S0_baseline","Simulation_07","in","C>G",8,1429,1074.16031866037,1084
"S0_baseline","Simulation_07","in","C>G",9,2048,1749.21494371199,1766
"S0_baseline","Simulation_07","in","C>T",10,89220,87860.8361826138,87888
"S0_baseline","Simulation_07","in","C>T",2,2,0.396298605644695,0
"S0_baseline","Simulation_07","in","C>T",3,193,53.2333791148364,48
"S0_baseline","Simulation_07","in","C>T",4,1518,543.337497096823,559
"S0_baseline","Simulation_07","in","C>T",5,3294,1499.97159436363,1549
"S0_baseline","Simulation_07","in","C>T",6,4233,2328.46037052029,2372
"S0_baseline","Simulation_07","in","C>T",7,4350,2828.4203044799,2826
"S0_baseline","Simulation_07","in","C>T",8,5101,3837.92135946636,3812
"S0_baseline","Simulation_07","in","C>T",9,7713,6594.46720244367,6623
"S0_baseline","Simulation_07","in","T>A",10,9315,9008.75159724073,9010
"S0_baseline","Simulation_07","in","T>A",3,76,20.9537509625282,19
"S0_baseline","Simulation_07","in","T>A",4,598,214.883514772829,220
"S0_baseline","Simulation_07","in","T>A",5,1326,601.465235058559,620
"S0_baseline","Simulation_07","in","T>A",6,1549,851.069512676149,802
"S0_baseline","Simulation_07","in","T>A",7,1480,962.721698220853,925
"S0_baseline","Simulation_07","in","T>A",8,1690,1270.32323883702,1211
"S0_baseline","Simulation_07","in","T>A",9,2635,2251.4689275173,2234
"S0_baseline","Simulation_07","in","T>C",10,3616,3440.7209297102,3439
"S0_baseline","Simulation_07","in","T>C",2,1,0.170670295456471,0
"S0_baseline","Simulation_07","in","T>C",3,120,33.6924802892712,26
"S0_baseline","Simulation_07","in","T>C",4,986,353.762304978807,356
"S0_baseline","Simulation_07","in","T>C",5,1987,903.111626210567,879
"S0_baseline","Simulation_07","in","T>C",6,2272,1248.86822476816,1294
"S0_baseline","Simulation_07","in","T>C",7,2088,1354.41474998939,1325
"S0_baseline","Simulation_07","in","T>C",8,2165,1625.07152160391,1640
"S0_baseline","Simulation_07","in","T>C",9,2445,2083.75703607946,2093
"S0_baseline","Simulation_07","in","T>G",10,1148,1094.71697872856,1107
"S0_baseline","Simulation_07","in","T>G",3,26,7.25436757645546,7
"S0_baseline","Simulation_07","in","T>G",4,285,103.379832163457,94
"S0_baseline","Simulation_07","in","T>G",5,621,282.172084333954,270
"S0_baseline","Simulation_07","in","T>G",6,750,411.580274719152,424
"S0_baseline","Simulation_07","in","T>G",7,648,421.361000462066,430
"S0_baseline","Simulation_07","in","T>G",8,664,497.440271985598,474
"S0_baseline","Simulation_07","in","T>G",9,775,660.711445684931,645
"S0_baseline","Simulation_07","out","C>A",10,4057,3899.72067546626,3902
"S0_baseline","Simulation_07","out","C>A",3,30,8.51252960740133,5
"S0_baseline","Simulation_07","out","C>A",4,318,114.799367187577,110
"S0_baseline","Simulation_07","out","C>A",5,797,363.363665329669,348
"S0_baseline","Simulation_07","out","C>A",6,1105,608.0781886103,586
"S0_baseline","Simulation_07","out","C>A",7,973,633.126536818391,647
"S0_baseline","Simulation_07","out","C>A",8,1167,875.887831161573,884
"S0_baseline","Simulation_07","out","C>A",9,1560,1333.38906615525,1315
"S0_baseline","Simulation_07","out","C>G",10,5748,5651.1347238203,5647
"S0_baseline","Simulation_07","out","C>G",3,17,4.73055653382178,8
"S0_baseline","Simulation_07","out","C>G",4,113,40.7137256387138,29
"S0_baseline","Simulation_07","out","C>G",5,283,129.608997449957,141
"S0_baseline","Simulation_07","out","C>G",6,360,197.722978309813,202
"S0_baseline","Simulation_07","out","C>G",7,380,246.716188389221,237
"S0_baseline","Simulation_07","out","C>G",8,412,310.602167853881,310
"S0_baseline","Simulation_07","out","C>G",9,624,532.727237286613,542
"S0_baseline","Simulation_07","out","C>T",10,18986,18658.4734653229,18652
"S0_baseline","Simulation_07","out","C>T",3,50,13.4971888185019,17
"S0_baseline","Simulation_07","out","C>T",4,421,151.592131690801,150
"S0_baseline","Simulation_07","out","C>T",5,879,399.722658731797,415
"S0_baseline","Simulation_07","out","C>T",6,1051,576.42816339104,577
"S0_baseline","Simulation_07","out","C>T",7,1123,729.040910741179,742
"S0_baseline","Simulation_07","out","C>T",8,1262,949.079732560241,962
"S0_baseline","Simulation_07","out","C>T",9,1930,1649.54022744723,1665
"S0_baseline","Simulation_07","out","T>A",10,3091,3003.57069101027,2993
"S0_baseline","Simulation_07","out","T>A",3,23,6.39588735056163,3
"S0_baseline","Simulation_07","out","T>A",4,150,53.5734003532909,59
"S0_baseline","Simulation_07","out","T>A",5,323,146.17919953314,143
"S0_baseline","Simulation_07","out","T>A",6,342,187.527684542285,184
"S0_baseline","Simulation_07","out","T>A",7,353,229.96103028937,235
"S0_baseline","Simulation_07","out","T>A",8,402,303.014327995687,292
"S0_baseline","Simulation_07","out","T>A",9,597,510.318636969744,504
"S0_baseline","Simulation_07","out","T>C",10,1284,1224.51355978683,1226
"S0_baseline","Simulation_07","out","T>C",3,19,5.40598925124942,4
"S0_baseline","Simulation_07","out","T>C",4,211,77.2845778570322,76
"S0_baseline","Simulation_07","out","T>C",5,485,220.229526648388,211
"S0_baseline","Simulation_07","out","T>C",6,502,276.255463412171,274
"S0_baseline","Simulation_07","out","T>C",7,518,336.894297171424,327
"S0_baseline","Simulation_07","out","T>C",8,585,439.426513505441,439
"S0_baseline","Simulation_07","out","T>C",9,732,623.797643852902,601
"S0_baseline","Simulation_07","out","T>G",10,346,330.154145385093,332
"S0_baseline","Simulation_07","out","T>G",3,6,1.66961220104033,1
"S0_baseline","Simulation_07","out","T>G",4,56,20.0138685673754,21
"S0_baseline","Simulation_07","out","T>G",5,171,77.844419098454,79
"S0_baseline","Simulation_07","out","T>G",6,168,91.9668809808107,100
"S0_baseline","Simulation_07","out","T>G",7,170,110.324680987774,108
"S0_baseline","Simulation_07","out","T>G",8,159,119.529141755893,118
"S0_baseline","Simulation_07","out","T>G",9,226,191.791903958406,197
"S0_baseline","Simulation_08","in","C>A",10,12891,12414.8791617994,12399
"S0_baseline","Simulation_08","in","C>A",3,123,34.4592649868967,32
"S0_baseline","Simulation_08","in","C>A",4,1066,384.112768797033,397
"S0_baseline","Simulation_08","in","C>A",5,2871,1306.4415757549,1280
"S0_baseline","Simulation_08","in","C>A",6,3646,2005.04917518437,2021
"S0_baseline","Simulation_08","in","C>A",7,3895,2534.91076555698,2534
"S0_baseline","Simulation_08","in","C>A",8,4295,3224.69846898724,3250
"S0_baseline","Simulation_08","in","C>A",9,5805,4952.16602551892,4990
"S0_baseline","Simulation_08","in","C>G",10,33748,33397.0817798179,33373
"S0_baseline","Simulation_08","in","C>G",3,63,17.2307356228091,23
"S0_baseline","Simulation_08","in","C>G",4,437,157.56144420456,164
"S0_baseline","Simulation_08","in","C>G",5,918,417.341972621382,411
"S0_baseline","Simulation_08","in","C>G",6,1092,600.80602414717,592
"S0_baseline","Simulation_08","in","C>G",7,1198,780.222748758595,781
"S0_baseline","Simulation_08","in","C>G",8,1418,1066.19452857152,1070
"S0_baseline","Simulation_08","in","C>G",9,2193,1873.79531343093,1882
"S0_baseline","Simulation_08","in","C>T",10,24656,23877.620658551,23895
"S0_baseline","Simulation_08","in","C>T",3,216,59.4402694380921,54
"S0_baseline","Simulation_08","in","C>T",4,1507,542.927125617477,540
"S0_baseline","Simulation_08","in","C>T",5,3174,1442.58749743349,1480
"S0_baseline","Simulation_08","in","C>T",6,4100,2253.31885971695,2248
"S0_baseline","Simulation_08","in","C>T",7,3993,2597.8043860115,2579
"S0_baseline","Simulation_08","in","C>T",8,4594,3452.90965242766,3430
"S0_baseline","Simulation_08","in","C>T",9,6885,5887.55456742121,5861
"S0_baseline","Simulation_08","in","T>A",10,4303,4104.80244672647,4129
"S0_baseline","Simulation_08","in","T>A",3,83,22.7616092098073,26
"S0_baseline","Simulation_08","in","T>A",4,528,190.294426359005,197
"S0_baseline","Simulation_08","in","T>A",5,1241,564.386179386723,576
"S0_baseline","Simulation_08","in","T>A",6,1510,829.486401965698,803
"S0_baseline","Simulation_08","in","T>A",7,1591,1034.67819757709,1038
"S0_baseline","Simulation_08","in","T>A",8,1841,1382.28834860408,1401
"S0_baseline","Simulation_08","in","T>A",9,2484,2120.64782187296,2139
"S0_baseline","Simulation_08","in","T>C",10,1683,1584.94785010282,1588
"S0_baseline","Simulation_08","in","T>C",2,1,0.188386857072681,1
"S0_baseline","Simulation_08","in","T>C",3,93,25.870233226257,22
"S0_baseline","Simulation_08","in","T>C",4,917,331.726930454508,331
"S0_baseline","Simulation_08","in","T>C",5,2086,948.50824397835,970
"S0_baseline","Simulation_08","in","T>C",6,2353,1291.49731547472,1281
"S0_baseline","Simulation_08","in","T>C",7,2181,1417.80471073161,1387
"S0_baseline","Simulation_08","in","T>C",8,2142,1607.83572004238,1669
"S0_baseline","Simulation_08","in","T>C",9,2233,1898.71736239492,1916
"S0_baseline","Simulation_08","in","T>G",10,782,738.691210702106,743
"S0_baseline","Simulation_08","in","T>G",3,22,6.16923357234635,9
"S0_baseline","Simulation_08","in","T>G",4,246,89.4256457495173,84
"S0_baseline","Simulation_08","in","T>G",5,547,249.079728414293,245
"S0_baseline","Simulation_08","in","T>G",6,696,382.11147990102,378
"S0_baseline","Simulation_08","in","T>G",7,684,444.392744254529,441
"S0_baseline","Simulation_08","in","T>G",8,672,504.482661694172,531
"S0_baseline","Simulation_08","in","T>G",9,816,694.412020354593,694
"S0_baseline","Simulation_08","out","C>A",10,3683,3546.26014289642,3545
"S0_baseline","Simulation_08","out","C>A",3,17,4.81874411633652,2
"S0_baseline","Simulation_08","out","C>A",4,215,77.7112628882843,74
"S0_baseline","Simulation_08","out","C>A",5,651,296.949886625034,291
"S0_baseline","Simulation_08","out","C>A",6,926,507.535035175984,520
"S0_baseline","Simulation_08","out","C>A",7,885,576.275103255853,602
"S0_baseline","Simulation_08","out","C>A",8,1047,786.253511734136,822
"S0_baseline","Simulation_08","out","C>A",9,1463,1250.07796713062,1286
"S0_baseline","Simulation_08","out","C>G",10,7440,7354.57112584048,7337
"S0_baseline","Simulation_08","out","C>G",3,15,4.07533209828864,6
"S0_baseline","Simulation_08","out","C>G",4,106,37.8668943669385,36
"S0_baseline","Simulation_08","out","C>G",5,193,87.7762051759531,97
"S0_baseline","Simulation_08","out","C>G",6,236,129.638451206977,143
"S0_baseline","Simulation_08","out","C>G",7,250,163.186525558568,159
"S0_baseline","Simulation_08","out","C>G",8,300,225.627562265833,223
"S0_baseline","Simulation_08","out","C>G",9,441,376.652900516285,367
"S0_baseline","Simulation_08","out","C>T",10,2690,2581.00975456678,2584
"S0_baseline","Simulation_08","out","C>T",3,54,14.9069544142781,16
"S0_baseline","Simulation_08","out","C>T",4,381,136.671469180419,139
"S0_baseline","Simulation_08","out","C>T",5,663,302.612988643363,332
"S0_baseline","Simulation_08","out","C>T",6,796,436.014403152692,429
"S0_baseline","Simulation_08","out","C>T",7,788,513.271204418987,494
"S0_baseline","Simulation_08","out","C>T",8,910,683.529897262349,674
"S0_baseline","Simulation_08","out","C>T",9,1217,1039.70208112908,1050
"S0_baseline","Simulation_08","out","T>A",10,2628,2541.79876475787,2543
"S0_baseline","Simulation_08","out","T>A",3,16,4.4357552661768,4
"S0_baseline","Simulation_08","out","T>A",4,100,35.6178650288058,42
"S0_baseline","Simulation_08","out","T>A",5,210,95.4198518338507,99
"S0_baseline","Simulation_08","out","T>A",6,269,147.588989498104,159
"S0_baseline","Simulation_08","out","T>A",7,273,177.819895220241,172
"S0_baseline","Simulation_08","out","T>A",8,356,268.147100437812,273
"S0_baseline","Simulation_08","out","T>A",9,651,558.189680410973,564
"S0_baseline","Simulation_08","out","T>C",10,415,390.848538590259,399
"S0_baseline","Simulation_08","out","T>C",3,23,6.3863488663192,8
"S0_baseline","Simulation_08","out","T>C",4,166,59.9870328340755,67
"S0_baseline","Simulation_08","out","T>C",5,389,176.785502910684,173
"S0_baseline","Simulation_08","out","T>C",6,501,275.576915925702,277
"S0_baseline","Simulation_08","out","T>C",7,461,300.347519164114,300
"S0_baseline","Simulation_08","out","T>C",8,453,339.940557964409,331
"S0_baseline","Simulation_08","out","T>C",9,435,369.8013021543,370
"S0_baseline","Simulation_08","out","T>G",10,132,124.435844615227,126
"S0_baseline","Simulation_08","out","T>G",3,7,1.94575000758294,2
"S0_baseline","Simulation_08","out","T>G",4,58,20.7159151181772,19
"S0_baseline","Simulation_08","out","T>G",5,139,63.2350775491215,66
"S0_baseline","Simulation_08","out","T>G",6,154,84.3480904309513,80
"S0_baseline","Simulation_08","out","T>G",7,141,91.2103308714058,92
"S0_baseline","Simulation_08","out","T>G",8,136,102.371284602986,103
"S0_baseline","Simulation_08","out","T>G",9,146,124.696049732947,127
"S0_baseline","Simulation_09","in","C>A",10,11841,11407.4232330455,11409
"S0_baseline","Simulation_09","in","C>A",3,111,31.0319257404661,34
"S0_baseline","Simulation_09","in","C>A",4,1166,422.064243496346,416
"S0_baseline","Simulation_09","in","C>A",5,2689,1221.40483906453,1191
"S0_baseline","Simulation_09","in","C>A",6,3404,1875.55299780714,1907
"S0_baseline","Simulation_09","in","C>A",7,3254,2115.14894794269,2170
"S0_baseline","Simulation_09","in","C>A",8,3582,2689.30696221034,2702
"S0_baseline","Simulation_09","in","C>A",9,4607,3930.07847720835,3900
"S0_baseline","Simulation_09","in","C>G",10,29298,28949.4459150534,28930
"S0_baseline","Simulation_09","in","C>G",3,33,9.03522902025397,10
"S0_baseline","Simulation_09","in","C>G",4,285,103.55511044699,105
"S0_baseline","Simulation_09","in","C>G",5,811,370.697836025599,372
"S0_baseline","Simulation_09","in","C>G",6,1126,621.09783546264,652
"S0_baseline","Simulation_09","in","C>G",7,1261,821.780358582923,817
"S0_baseline","Simulation_09","in","C>G",8,1402,1054.22788585401,1064
"S0_baseline","Simulation_09","in","C>G",9,2159,1845.19673200136,1850
"S0_baseline","Simulation_09","in","C>T",10,23255,22519.8790175027,22522
"S0_baseline","Simulation_09","in","C>T",2,2,0.364293562318027,0
"S0_baseline","Simulation_09","in","C>T",3,109,29.8145695871624,27
"S0_baseline","Simulation_09","in","C>T",4,1067,386.732407957815,353
"S0_baseline","Simulation_09","in","C>T",5,2761,1258.43051136292,1249
"S0_baseline","Simulation_09","in","C>T",6,3771,2075.41579672167,2080
"S0_baseline","Simulation_09","in","C>T",7,3883,2526.10702491233,2496
"S0_baseline","Simulation_09","in","C>T",8,4605,3463.25940950357,3475
"S0_baseline","Simulation_09","in","C>T",9,6840,5847.00431786942,5899
"S0_baseline","Simulation_09","in","T>A",10,1369,1291.68628424842,1283
"S0_baseline","Simulation_09","in","T>A",3,66,18.0970096406883,22
"S0_baseline","Simulation_09","in","T>A",4,585,210.994397224216,210
"S0_baseline","Simulation_09","in","T>A",5,1286,584.784706607725,607
"S0_baseline","Simulation_09","in","T>A",6,1630,897.546021961982,895
"S0_baseline","Simulation_09","in","T>A",7,1518,985.717842879632,981
"S0_baseline","Simulation_09","in","T>A",8,1589,1190.00059943644,1194
"S0_baseline","Simulation_09","in","T>A",9,1590,1352.20185379541,1345
"S0_baseline","Simulation_09","in","T>C",10,2781,2636.25043941224,2636
"S0_baseline","Simulation_09","in","T>C",2,1,0.193463702865137,0
"S0_baseline","Simulation_09","in","T>C",3,61,16.8041822364483,17
"S0_baseline","Simulation_09","in","T>C",4,592,213.362060400282,211
"S0_baseline","Simulation_09","in","T>C",5,1666,761.234196291648,755
"S0_baseline","Simulation_09","in","T>C",6,2209,1214.66157580499,1226
"S0_baseline","Simulation_09","in","T>C",7,1985,1290.22705744785,1334
"S0_baseline","Simulation_09","in","T>C",8,2169,1628.46110170201,1633
"S0_baseline","Simulation_09","in","T>C",9,2323,1977.3097368148,1975
"S0_baseline","Simulation_09","in","T>G",10,1035,984.889748068679,989
"S0_baseline","Simulation_09","in","T>G",3,12,3.19256228417479,3
"S0_baseline","Simulation_09","in","T>G",4,161,58.7445517723828,59
"S0_baseline","Simulation_09","in","T>G",5,423,192.817594941846,195
"S0_baseline","Simulation_09","in","T>G",6,644,353.951008088617,320
"S0_baseline","Simulation_09","in","T>G",7,609,396.982521931664,399
"S0_baseline","Simulation_09","in","T>G",8,634,475.900016685794,474
"S0_baseline","Simulation_09","in","T>G",9,715,609.678685476392,606
"S0_baseline","Simulation_09","out","C>A",10,3358,3231.16184109616,3233
"S0_baseline","Simulation_09","out","C>A",3,29,7.80774972751966,5
"S0_baseline","Simulation_09","out","C>A",4,344,124.11964141468,124
"S0_baseline","Simulation_09","out","C>A",5,796,362.935051940013,354
"S0_baseline","Simulation_09","out","C>A",6,1097,603.830645322398,588
"S0_baseline","Simulation_09","out","C>A",7,1042,677.881655521613,665
"S0_baseline","Simulation_09","out","C>A",8,1130,847.90084304888,868
"S0_baseline","Simulation_09","out","C>A",9,1371,1167.79048843201,1144
"S0_baseline","Simulation_09","out","C>G",10,4741,4647.64176691296,4670
"S0_baseline","Simulation_09","out","C>G",3,8,2.21283080803482,4
"S0_baseline","Simulation_09","out","C>G",4,85,30.8644369928986,26
"S0_baseline","Simulation_09","out","C>G",5,231,105.487719491274,107
"S0_baseline","Simulation_09","out","C>G",6,427,235.402720365423,216
"S0_baseline","Simulation_09","out","C>G",7,461,300.436065251194,293
"S0_baseline","Simulation_09","out","C>G",8,489,368.336387310165,375
"S0_baseline","Simulation_09","out","C>G",9,740,632.394221894036,638
"S0_baseline","Simulation_09","out","C>T",10,6026,5802.43910672968,5808
"S0_baseline","Simulation_09","out","C>T",3,23,6.39832951449945,4
"S0_baseline","Simulation_09","out","C>T",4,308,112.317094031293,116
"S0_baseline","Simulation_09","out","C>T",5,895,410.312511463526,400
"S0_baseline","Simulation_09","out","C>T",6,1374,756.519572458225,767
"S0_baseline","Simulation_09","out","C>T",7,1485,964.538114984229,975
"S0_baseline","Simulation_09","out","C>T",8,1673,1258.69886672956,1260
"S0_baseline","Simulation_09","out","C>T",9,2371,2022.52760588029,2045
"S0_baseline","Simulation_09","out","T>A",10,665,630.388625522687,639
"S0_baseline","Simulation_09","out","T>A",3,22,6.05966415988878,8
"S0_baseline","Simulation_09","out","T>A",4,179,64.5372308502555,74
"S0_baseline","Simulation_09","out","T>A",5,397,180.518831514249,177
"S0_baseline","Simulation_09","out","T>A",6,552,303.43915005761,296
"S0_baseline","Simulation_09","out","T>A",7,534,347.072809465877,353
"S0_baseline","Simulation_09","out","T>A",8,561,421.189555943964,417
"S0_baseline","Simulation_09","out","T>A",9,592,504.333867005953,489
"S0_baseline","Simulation_09","out","T>C",10,2064,1980.71614926687,1990
"S0_baseline","Simulation_09","out","T>C",3,14,3.94105705549337,5
"S0_baseline","Simulation_09","out","T>C",4,117,42.7611777527021,47
"S0_baseline","Simulation_09","out","T>C",5,548,249.910783878749,248
"S0_baseline","Simulation_09","out","T>C",6,832,456.277029057008,481
"S0_baseline","Simulation_09","out","T>C",7,860,558.048413658273,573
"S0_baseline","Simulation_09","out","T>C",8,846,633.899290510989,633
"S0_baseline","Simulation_09","out","T>C",9,1104,938.876394354062,938
"S0_baseline","Simulation_09","out","T>G",10,648,620.668686892096,621
"S0_baseline","Simulation_09","out","T>G",3,2,0.547329375738117,0
"S0_baseline","Simulation_09","out","T>G",4,46,16.7559592066467,19
"S0_baseline","Simulation_09","out","T>G",5,128,58.946937981826,50
"S0_baseline","Simulation_09","out","T>G",6,228,125.43092681708,128
"S0_baseline","Simulation_09","out","T>G",7,217,142.150204218659,154
"S0_baseline","Simulation_09","out","T>G",8,288,216.424702030493,222
"S0_baseline","Simulation_09","out","T>G",9,360,307.29244585303,308
"S0_baseline","Simulation_10","in","C>A",10,27493,26766.4382426533,26741
"S0_baseline","Simulation_10","in","C>A",3,63,17.3962959506976,14
"S0_baseline","Simulation_10","in","C>A",4,889,322.849002096256,305
"S0_baseline","Simulation_10","in","C>A",5,2555,1166.21760596973,1214
"S0_baseline","Simulation_10","in","C>A",6,3501,1924.59820814831,1925
"S0_baseline","Simulation_10","in","C>A",7,3677,2392.49210570289,2358
"S0_baseline","Simulation_10","in","C>A",8,4372,3287.66839215446,3344
"S0_baseline","Simulation_10","in","C>A",9,6126,5232.78971752066,5224
"S0_baseline","Simulation_10","in","C>G",10,8593,8333.78534844677,8317
"S0_baseline","Simulation_10","in","C>G",3,52,14.219704752995,12
"S0_baseline","Simulation_10","in","C>G",4,398,144.063623070313,170
"S0_baseline","Simulation_10","in","C>G",5,881,403.310849403217,408
"S0_baseline","Simulation_10","in","C>G",6,1257,690.439297123657,680
"S0_baseline","Simulation_10","in","C>G",7,1294,841.490871230493,863
"S0_baseline","Simulation_10","in","C>G",8,1595,1199.96105556308,1251
"S0_baseline","Simulation_10","in","C>G",9,2348,2007.18705907991,2020
"S0_baseline","Simulation_10","in","C>T",10,35160,34038.3950527243,34028
"S0_baseline","Simulation_10","in","C>T",2,1,0.196739181928725,0
"S0_baseline","Simulation_10","in","C>T",3,145,39.9177683761642,36
"S0_baseline","Simulation_10","in","C>T",4,1076,387.298476675251,412
"S0_baseline","Simulation_10","in","C>T",5,2754,1258.64659233845,1208
"S0_baseline","Simulation_10","in","C>T",6,4498,2474.81431793445,2518
"S0_baseline","Simulation_10","in","C>T",7,4830,3145.99616323678,3173
"S0_baseline","Simulation_10","in","C>T",8,5822,4380.17690243443,4379
"S0_baseline","Simulation_10","in","C>T",9,9519,8139.58058320936,8130
"S0_baseline","Simulation_10","in","T>A",10,2729,2594.42546947486,2613
"S0_baseline","Simulation_10","in","T>A",3,45,12.5310582410428,10
"S0_baseline","Simulation_10","in","T>A",4,479,173.374467418406,180
"S0_baseline","Simulation_10","in","T>A",5,1229,561.041915599932,584
"S0_baseline","Simulation_10","in","T>A",6,1769,972.619932701931,944
"S0_baseline","Simulation_10","in","T>A",7,1727,1123.04959450733,1152
"S0_baseline","Simulation_10","in","T>A",8,1896,1424.91646423957,1481
"S0_baseline","Simulation_10","in","T>A",9,2309,1966.51621370001,2006
"S0_baseline","Simulation_10","in","T>C",10,4008,3829.22452475548,3856
"S0_baseline","Simulation_10","in","T>C",3,83,23.201605752904,23
"S0_baseline","Simulation_10","in","T>C",4,743,268.11478837328,256
"S0_baseline","Simulation_10","in","T>C",5,1606,732.058793788025,740
"S0_baseline","Simulation_10","in","T>C",6,2101,1152.23235071609,1164
"S0_baseline","Simulation_10","in","T>C",7,2059,1338.06767296193,1351
"S0_baseline","Simulation_10","in","T>C",8,2237,1681.04971908019,1672
"S0_baseline","Simulation_10","in","T>C",9,2781,2370.10512417388,2400
"S0_baseline","Simulation_10","in","T>G",10,1935,1859.58767693936,1859
"S0_baseline","Simulation_10","in","T>G",3,19,5.17653718035308,4
"S0_baseline","Simulation_10","in","T>G",4,138,49.902635365129,59
"S0_baseline","Simulation_10","in","T>G",5,458,208.734115266662,202
"S0_baseline","Simulation_10","in","T>G",6,643,352.51640799339,345
"S0_baseline","Simulation_10","in","T>G",7,615,399.487136596922,393
"S0_baseline","Simulation_10","in","T>G",8,715,538.117661947558,540
"S0_baseline","Simulation_10","in","T>G",9,896,764.472163222011,761
"S0_baseline","Simulation_10","out","C>A",10,8680,8435.05126131604,8432
"S0_baseline","Simulation_10","out","C>A",3,16,4.48356298654238,7
"S0_baseline","Simulation_10","out","C>A",4,226,82.5621191197804,89
"S0_baseline","Simulation_10","out","C>A",5,665,304.514653935881,325
"S0_baseline","Simulation_10","out","C>A",6,1037,570.366064404744,574
"S0_baseline","Simulation_10","out","C>A",7,1141,742.225085031024,746
"S0_baseline","Simulation_10","out","C>A",8,1325,997.437882015144,990
"S0_baseline","Simulation_10","out","C>A",9,2027,1730.96745339851,1740
"S0_baseline","Simulation_10","out","C>G",10,2964,2866.09815416196,2884
"S0_baseline","Simulation_10","out","C>G",3,7,1.99328872630691,3
"S0_baseline","Simulation_10","out","C>G",4,80,28.9477077656651,33
"S0_baseline","Simulation_10","out","C>G",5,232,106.330730090812,96
"S0_baseline","Simulation_10","out","C>G",6,395,216.51290755899,216
"S0_baseline","Simulation_10","out","C>G",7,423,276.050434581586,289
"S0_baseline","Simulation_10","out","C>G",8,508,382.402096825449,381
"S0_baseline","Simulation_10","out","C>G",9,864,738.558230125501,734
"S0_baseline","Simulation_10","out","C>T",10,8867,8601.89090108704,8609
"S0_baseline","Simulation_10","out","C>T",3,24,6.50074104012008,6
"S0_baseline","Simulation_10","out","C>T",4,267,96.8234017279777,106
"S0_baseline","Simulation_10","out","C>T",5,809,371.636336760494,373
"S0_baseline","Simulation_10","out","C>T",6,1326,729.233282872277,733
"S0_baseline","Simulation_10","out","C>T",7,1406,915.620047953136,895
"S0_baseline","Simulation_10","out","C>T",8,1694,1275.08805932407,1276
"S0_baseline","Simulation_10","out","C>T",9,2510,2149.01688389455,2168
"S0_baseline","Simulation_10","out","T>A",10,1037,988.792983172233,1000
"S0_baseline","Simulation_10","out","T>A",3,14,4.04338227978306,6
"S0_baseline","Simulation_10","out","T>A",4,116,42.305692252503,44
"S0_baseline","Simulation_10","out","T>A",5,323,148.022917005853,148
"S0_baseline","Simulation_10","out","T>A",6,524,287.670904131748,299
"S0_baseline","Simulation_10","out","T>A",7,505,327.644576973008,346
"S0_baseline","Simulation_10","out","T>A",8,612,460.001755446203,453
"S0_baseline","Simulation_10","out","T>A",9,692,589.102548474117,582
"S0_baseline","Simulation_10","out","T>C",10,1593,1525.14542378656,1524
"S0_baseline","Simulation_10","out","T>C",2,1,0.194205013780031,1
"S0_baseline","Simulation_10","out","T>C",3,13,3.63352194495233,5
"S0_baseline","Simulation_10","out","T>C",4,162,58.3516734877626,53
"S0_baseline","Simulation_10","out","T>C",5,387,176.5189207492,169
"S0_baseline","Simulation_10","out","T>C",6,552,303.370464018842,291
"S0_baseline","Simulation_10","out","T>C",7,604,392.798797891226,403
"S0_baseline","Simulation_10","out","T>C",8,699,525.8225635483,536
"S0_baseline","Simulation_10","out","T>C",9,884,754.594697778657,748
"S0_baseline","Simulation_10","out","T>G",10,703,677.047745838418,681
"S0_baseline","Simulation_10","out","T>G",3,3,0.821198825497184,1
"S0_baseline","Simulation_10","out","T>G",4,39,14.110066835685,14
"S0_baseline","Simulation_10","out","T>G",5,112,51.6960633356228,50
"S0_baseline","Simulation_10","out","T>G",6,210,115.557895504787,119
"S0_baseline","Simulation_10","out","T>G",7,220,143.084588297324,138
"S0_baseline","Simulation_10","out","T>G",8,255,191.427584892623,187
"S0_baseline","Simulation_10","out","T>G",9,344,293.46173949024,283
"S0_baseline","Simulation_11","in","C>A",10,39263,37983.7416391712,38098
"S0_baseline","Simulation_11","in","C>A",3,136,37.7417876757763,35
"S0_baseline","Simulation_11","in","C>A",4,1411,510.817137152922,502
"S0_baseline","Simulation_11","in","C>A",5,4055,1856.21185482124,1876
"S0_baseline","Simulation_11","in","C>A",6,6020,3313.06073345691,3306
"S0_baseline","Simulation_11","in","C>A",7,6428,4184.28252055881,4123
"S0_baseline","Simulation_11","in","C>A",8,7846,5896.1542341663,5934
"S0_baseline","Simulation_11","in","C>A",9,11629,9932.04534400148,9915
"S0_baseline","Simulation_11","in","C>G",10,53237,52541.5408299749,52554
"S0_baseline","Simulation_11","in","C>G",3,62,17.2127559665745,20
"S0_baseline","Simulation_11","in","C>G",4,516,185.527278467861,189
"S0_baseline","Simulation_11","in","C>G",5,1363,623.136581687022,649
"S0_baseline","Simulation_11","in","C>G",6,1898,1043.79342767835,1087
"S0_baseline","Simulation_11","in","C>G",7,2010,1307.71936519961,1310
"S0_baseline","Simulation_11","in","C>G",8,2518,1896.61414976679,1923
"S0_baseline","Simulation_11","in","C>G",9,3837,3283.59381668074,3274
"S0_baseline","Simulation_11","in","C>T",10,144277,142491.840759573,142415
"S0_baseline","Simulation_11","in","C>T",3,178,49.2455186609766,52
"S0_baseline","Simulation_11","in","C>T",4,1667,604.041862807764,618
"S0_baseline","Simulation_11","in","C>T",5,4384,2001.03574460025,2025
"S0_baseline","Simulation_11","in","C>T",6,6090,3346.5005060661,3388
"S0_baseline","Simulation_11","in","C>T",7,6519,4245.88899948516,4237
"S0_baseline","Simulation_11","in","C>T",8,7817,5884.20913386202,5864
"S0_baseline","Simulation_11","in","C>T",9,11945,10211.8303447228,10197
"S0_baseline","Simulation_11","in","T>A",10,7245,7015.67543186424,7034
"S0_baseline","Simulation_11","in","T>A",2,1,0.192386769067142,0
"S0_baseline","Simulation_11","in","T>A",3,111,30.7461733323287,32
"S0_baseline","Simulation_11","in","T>A",4,937,337.275924182102,307
"S0_baseline","Simulation_11","in","T>A",5,2090,948.194439155689,958
"S0_baseline","Simulation_11","in","T>A",6,2399,1318.26814676311,1334
"S0_baseline","Simulation_11","in","T>A",7,2310,1501.47735519526,1518
"S0_baseline","Simulation_11","in","T>A",8,2279,1707.50504340907,1729
"S0_baseline","Simulation_11","in","T>A",9,2804,2389.66894758291,2404
"S0_baseline","Simulation_11","in","T>C",10,25398,24845.3045578668,24840
"S0_baseline","Simulation_11","in","T>C",3,88,24.444817370511,13
"S0_baseline","Simulation_11","in","T>C",4,773,278.839313751196,294
"S0_baseline","Simulation_11","in","T>C",5,1959,892.872841355981,901
"S0_baseline","Simulation_11","in","T>C",6,2678,1470.65523231146,1459
"S0_baseline","Simulation_11","in","T>C",7,2789,1813.90776491502,1864
"S0_baseline","Simulation_11","in","T>C",8,3154,2371.60511751063,2373
"S0_baseline","Simulation_11","in","T>C",9,4597,3927.05008947013,3975
"S0_baseline","Simulation_11","in","T>G",10,2974,2858.81497989878,2849
"S0_baseline","Simulation_11","in","T>G",3,24,6.66259825550251,8
"S0_baseline","Simulation_11","in","T>G",4,224,81.3907177886031,83
"S0_baseline","Simulation_11","in","T>G",5,724,329.958895965076,333
"S0_baseline","Simulation_11","in","T>G",6,1083,597.008761181699,608
"S0_baseline","Simulation_11","in","T>G",7,1068,693.336090722329,713
"S0_baseline","Simulation_11","in","T>G",8,1107,830.153579643538,825
"S0_baseline","Simulation_11","in","T>G",9,1456,1242.39544435692,1248
"S0_baseline","Simulation_11","out","C>A",10,11853,11550.3106609554,11548
"S0_baseline","Simulation_11","out","C>A",3,33,9.02973833088622,5
"S0_baseline","Simulation_11","out","C>A",4,315,113.47032941132,112
"S0_baseline","Simulation_11","out","C>A",5,799,364.526043001298,377
"S0_baseline","Simulation_11","out","C>A",6,1266,694.19018033428,706
"S0_baseline","Simulation_11","out","C>A",7,1320,858.735775734951,867
"S0_baseline","Simulation_11","out","C>A",8,1505,1128.96343841885,1138
"S0_baseline","Simulation_11","out","C>A",9,2329,1991.07001238027,1992
"S0_baseline","Simulation_11","out","C>G",10,7309,7187.72013238111,7183
"S0_baseline","Simulation_11","out","C>G",3,10,2.68631054389382,2
"S0_baseline","Simulation_11","out","C>G",4,109,39.611390471924,45
"S0_baseline","Simulation_11","out","C>G",5,276,125.894676122655,129
"S0_baseline","Simulation_11","out","C>G",6,388,213.895466862026,221
"S0_baseline","Simulation_11","out","C>G",7,425,275.66715815763,270
"S0_baseline","Simulation_11","out","C>G",8,526,397.742153754834,390
"S0_baseline","Simulation_11","out","C>G",9,842,720.3302464397,717
"S0_baseline","Simulation_11","out","C>T",10,37914,37438.9602773197,37429
"S0_baseline","Simulation_11","out","C>T",3,33,8.94269262026314,7
"S0_baseline","Simulation_11","out","C>T",4,337,122.05544110366,120
"S0_baseline","Simulation_11","out","C>T",5,841,381.516870077772,381
"S0_baseline","Simulation_11","out","C>T",6,1227,674.617116506174,662
"S0_baseline","Simulation_11","out","C>T",7,1304,850.643294438041,864
"S0_baseline","Simulation_11","out","C>T",8,1602,1202.85611706684,1208
"S0_baseline","Simulation_11","out","C>T",9,2644,2262.2176037601,2281
"S0_baseline","Simulation_11","out","T>A",10,3715,3636.11822995012,3640
"S0_baseline","Simulation_11","out","T>A",3,16,4.54122790667612,6
"S0_baseline","Simulation_11","out","T>A",4,205,73.9833650389025,67
"S0_baseline","Simulation_11","out","T>A",5,429,195.37376375987,186
"S0_baseline","Simulation_11","out","T>A",6,528,290.821143544812,289
"S0_baseline","Simulation_11","out","T>A",7,479,310.998278150659,299
"S0_baseline","Simulation_11","out","T>A",8,509,382.962810367072,380
"S0_baseline","Simulation_11","out","T>A",9,647,550.395155788663,559
"S0_baseline","Simulation_11","out","T>C",10,13934,13752.4940101755,13762
"S0_baseline","Simulation_11","out","T>C",3,18,4.96724911945697,6
"S0_baseline","Simulation_11","out","T>C",4,170,61.5186556885161,55
"S0_baseline","Simulation_11","out","T>C",5,461,209.713354330971,203
"S0_baseline","Simulation_11","out","T>C",6,523,286.98169611466,289
"S0_baseline","Simulation_11","out","T>C",7,559,364.045767198792,359
"S0_baseline","Simulation_11","out","T>C",8,702,527.540142881826,514
"S0_baseline","Simulation_11","out","T>C",9,1048,897.213835673189,891
"S0_baseline","Simulation_11","out","T>G",10,1311,1274.85648396757,1271
"S0_baseline","Simulation_11","out","T>G",3,2,0.546064769248704,1
"S0_baseline","Simulation_11","out","T>G",4,45,16.3743923931493,14
"S0_baseline","Simulation_11","out","T>G",5,148,67.1408334038523,71
"S0_baseline","Simulation_11","out","T>G",6,258,140.969347564888,150
"S0_baseline","Simulation_11","out","T>G",7,202,131.704360746042,129
"S0_baseline","Simulation_11","out","T>G",8,247,184.890293913883,175
"S0_baseline","Simulation_11","out","T>G",9,344,293.606315270805,289
"S0_baseline","Simulation_12","in","C>A",10,5001,4720.41375882333,4737
"S0_baseline","Simulation_12","in","C>A",3,128,35.7551575278498,38
"S0_baseline","Simulation_12","in","C>A",4,1564,568.684486982365,601
"S0_baseline","Simulation_12","in","C>A",5,4368,1996.22392666082,2020
"S0_baseline","Simulation_12","in","C>A",6,5919,3256.80644343714,3264
"S0_baseline","Simulation_12","in","C>A",7,5614,3651.29707025128,3682
"S0_baseline","Simulation_12","in","C>A",8,5778,4333.28148452907,4357
"S0_baseline","Simulation_12","in","C>A",9,5913,5029.22000400942,5040
"S0_baseline","Simulation_12","in","C>G",10,17439,17017.6305725644,17034
"S0_baseline","Simulation_12","in","C>G",3,38,10.5038209726121,10
"S0_baseline","Simulation_12","in","C>G",4,299,107.716175042119,91
"S0_baseline","Simulation_12","in","C>G",5,825,374.814925615429,362
"S0_baseline","Simulation_12","in","C>G",6,1324,729.400899495463,746
"S0_baseline","Simulation_12","in","C>G",7,1445,940.578588492195,927
"S0_baseline","Simulation_12","in","C>G",8,1833,1379.17140946583,1382
"S0_baseline","Simulation_12","in","C>G",9,3067,2626.66626250317,2627
"S0_baseline","Simulation_12","in","C>T",10,40793,39791.900433966,39832
"S0_baseline","Simulation_12","in","C>T",3,204,55.7350738944027,43
"S0_baseline","Simulation_12","in","C>T",4,1457,524.346997520923,534
"S0_baseline","Simulation_12","in","C>T",5,3148,1431.10888287007,1459
"S0_baseline","Simulation_12","in","C>T",6,3812,2095.95114921624,2045
"S0_baseline","Simulation_12","in","C>T",7,4147,2702.49691831313,2730
"S0_baseline","Simulation_12","in","C>T",8,5090,3829.22849311414,3826
"S0_baseline","Simulation_12","in","C>T",9,7585,6487.80766387844,6513
"S0_baseline","Simulation_12","in","T>A",10,4229,4003.99373080697,4023
"S0_baseline","Simulation_12","in","T>A",3,68,19.139435718864,18
"S0_baseline","Simulation_12","in","T>A",4,575,207.471360907286,220
"S0_baseline","Simulation_12","in","T>A",5,1419,649.246881981479,658
"S0_baseline","Simulation_12","in","T>A",6,2584,1420.9173220803,1438
"S0_baseline","Simulation_12","in","T>A",7,2692,1753.36346912817,1730
"S0_baseline","Simulation_12","in","T>A",8,2826,2123.63825676508,2149
"S0_baseline","Simulation_12","in","T>A",9,3617,3085.77356784408,3097
"S0_baseline","Simulation_12","in","T>C",10,4578,4343.37597923676,4345
"S0_baseline","Simulation_12","in","T>C",3,58,16.0299235900215,20
"S0_baseline","Simulation_12","in","T>C",4,758,274.038796885597,250
"S0_baseline","Simulation_12","in","T>C",5,1823,827.611173174926,842
"S0_baseline","Simulation_12","in","T>C",6,2319,1274.6831334702,1280
"S0_baseline","Simulation_12","in","T>C",7,2241,1456.8173368041,1493
"S0_baseline","Simulation_12","in","T>C",8,2541,1909.75423035137,1933
"S0_baseline","Simulation_12","in","T>C",9,3281,2796.13011115451,2802
"S0_baseline","Simulation_12","in","T>G",10,2656,2542.59134302068,2542
"S0_baseline","Simulation_12","in","T>G",3,16,4.41992710995829,6
"S0_baseline","Simulation_12","in","T>G",4,219,79.6785615410762,78
"S0_baseline","Simulation_12","in","T>G",5,552,251.074605601698,243
"S0_baseline","Simulation_12","in","T>G",6,703,387.578057668217,359
"S0_baseline","Simulation_12","in","T>G",7,681,444.189958625395,435
"S0_baseline","Simulation_12","in","T>G",8,794,597.80560516804,597
"S0_baseline","Simulation_12","in","T>G",9,1181,1010.33653127209,1011
"S0_baseline","Simulation_12","out","C>A",10,917,866.239192572113,858
"S0_baseline","Simulation_12","out","C>A",3,35,9.8369639591169,11
"S0_baseline","Simulation_12","out","C>A",4,348,126.199890550039,127
"S0_baseline","Simulation_12","out","C>A",5,830,378.959818481626,373
"S0_baseline","Simulation_12","out","C>A",6,962,527.541347145131,526
"S0_baseline","Simulation_12","out","C>A",7,930,604.325773931876,632
"S0_baseline","Simulation_12","out","C>A",8,1006,755.780178298779,794
"S0_baseline","Simulation_12","out","C>A",9,1061,902.663712288051,897
"S0_baseline","Simulation_12","out","C>G",10,4054,3969.74241458456,3968
"S0_baseline","Simulation_12","out","C>G",3,15,4.10541420748973,4
"S0_baseline","Simulation_12","out","C>G",4,83,30.0406205751472,27
"S0_baseline","Simulation_12","out","C>G",5,183,83.7436067077593,75
"S0_baseline","Simulation_12","out","C>G",6,286,156.620224499982,152
"S0_baseline","Simulation_12","out","C>G",7,274,177.921008593185,170
"S0_baseline","Simulation_12","out","C>G",8,310,232.539427139944,250
"S0_baseline","Simulation_12","out","C>G",9,547,467.904743995986,484
"S0_baseline","Simulation_12","out","C>T",10,8967,8739.2600805399,8757
"S0_baseline","Simulation_12","out","C>T",3,48,13.3062611188074,11
"S0_baseline","Simulation_12","out","C>T",4,305,108.91280529253,111
"S0_baseline","Simulation_12","out","C>T",5,656,298.272403386638,317
"S0_baseline","Simulation_12","out","C>T",6,802,441.200098371764,416
"S0_baseline","Simulation_12","out","C>T",7,827,538.832585354387,529
"S0_baseline","Simulation_12","out","C>T",8,1037,779.759492926427,795
"S0_baseline","Simulation_12","out","C>T",9,1621,1385.86892708714,1394
"S0_baseline","Simulation_12","out","T>A",10,561,527.396669764811,525
"S0_baseline","Simulation_12","out","T>A",3,16,4.42586055098713,4
"S0_baseline","Simulation_12","out","T>A",4,130,46.6572418820212,51
"S0_baseline","Simulation_12","out","T>A",5,312,141.601929970126,138
"S0_baseline","Simulation_12","out","T>A",6,426,234.941400065255,236
"S0_baseline","Simulation_12","out","T>A",7,423,276.423690699464,277
"S0_baseline","Simulation_12","out","T>A",8,460,344.660504698611,353
"S0_baseline","Simulation_12","out","T>A",9,544,463.380721068153,471
"S0_baseline","Simulation_12","out","T>C",10,840,796.30900030261,805
"S0_baseline","Simulation_12","out","T>C",3,9,2.60584135911668,4
"S0_baseline","Simulation_12","out","T>C",4,140,50.4841271139625,51
"S0_baseline","Simulation_12","out","T>C",5,392,178.119490563607,191
"S0_baseline","Simulation_12","out","T>C",6,446,245.314129107711,257
"S0_baseline","Simulation_12","out","T>C",7,459,299.210675562394,313
"S0_baseline","Simulation_12","out","T>C",8,525,394.745429326685,407
"S0_baseline","Simulation_12","out","T>C",9,630,536.667427370652,530
"S0_baseline","Simulation_12","out","T>G",10,326,311.185485999867,318
"S0_baseline","Simulation_12","out","T>G",3,5,1.42973916864075,2
"S0_baseline","Simulation_12","out","T>G",4,49,17.7535020465909,15
"S0_baseline","Simulation_12","out","T>G",5,131,59.3863183803217,58
"S0_baseline","Simulation_12","out","T>G",6,125,68.9858721605143,63
"S0_baseline","Simulation_12","out","T>G",7,123,80.0436292226475,80
"S0_baseline","Simulation_12","out","T>G",8,136,102.12035752486,107
"S0_baseline","Simulation_12","out","T>G",9,198,169.30399781857,173
"S0_baseline","Simulation_13","in","C>A",10,10829,10427.7266309213,10456
"S0_baseline","Simulation_13","in","C>A",3,126,34.6852874852579,43
"S0_baseline","Simulation_13","in","C>A",4,1097,396.340956167102,427
"S0_baseline","Simulation_13","in","C>A",5,2488,1132.71533784486,1158
"S0_baseline","Simulation_13","in","C>A",6,3194,1754.66917921866,1761
"S0_baseline","Simulation_13","in","C>A",7,3331,2166.09346317421,2216
"S0_baseline","Simulation_13","in","C>A",8,3676,2762.78070306628,2758
"S0_baseline","Simulation_13","in","C>A",9,4841,4129.6948975534,4170
"S0_baseline","Simulation_13","in","C>G",10,38962,38518.0547000324,38547
"S0_baseline","Simulation_13","in","C>G",3,41,11.3591945712281,12
"S0_baseline","Simulation_13","in","C>G",4,318,114.50142925818,109
"S0_baseline","Simulation_13","in","C>G",5,838,382.089217904027,408
"S0_baseline","Simulation_13","in","C>G",6,1201,660.225504698598,673
"S0_baseline","Simulation_13","in","C>G",7,1237,804.48216182482,814
"S0_baseline","Simulation_13","in","C>G",8,1545,1163.91057819699,1160
"S0_baseline","Simulation_13","in","C>G",9,2502,2142.12834815135,2133
"S0_baseline","Simulation_13","in","C>T",10,25395,24660.9850564088,24701
"S0_baseline","Simulation_13","in","C>T",3,172,47.4325668957172,51
"S0_baseline","Simulation_13","in","C>T",4,1319,477.512507498191,459
"S0_baseline","Simulation_13","in","C>T",5,2973,1353.18938075271,1342
"S0_baseline","Simulation_13","in","C>T",6,3653,2007.42193156197,2046
"S0_baseline","Simulation_13","in","C>T",7,3781,2458.38368962474,2527
"S0_baseline","Simulation_13","in","C>T",8,4555,3426.41501466183,3436
"S0_baseline","Simulation_13","in","C>T",9,6411,5477.78856838401,5533
"S0_baseline","Simulation_13","in","T>A",10,3204,3059.81793332092,3078
"S0_baseline","Simulation_13","in","T>A",3,71,19.7656537721367,20
"S0_baseline","Simulation_13","in","T>A",4,537,193.699215050405,202
"S0_baseline","Simulation_13","in","T>A",5,1109,503.508572148558,515
"S0_baseline","Simulation_13","in","T>A",6,1334,733.082099107066,730
"S0_baseline","Simulation_13","in","T>A",7,1308,851.04662204644,806
"S0_baseline","Simulation_13","in","T>A",8,1469,1102.45356830631,1092
"S0_baseline","Simulation_13","in","T>A",9,1823,1555.19408054998,1583
"S0_baseline","Simulation_13","in","T>C",10,2860,2715.38772613929,2730
"S0_baseline","Simulation_13","in","T>C",3,50,13.9052945127721,10
"S0_baseline","Simulation_13","in","T>C",4,615,223.638436680629,220
"S0_baseline","Simulation_13","in","T>C",5,1584,721.136561464802,709
"S0_baseline","Simulation_13","in","T>C",6,2089,1147.40022472757,1155
"S0_baseline","Simulation_13","in","T>C",7,2012,1308.55850217501,1344
"S0_baseline","Simulation_13","in","T>C",8,2049,1537.02834811353,1517
"S0_baseline","Simulation_13","in","T>C",9,2330,1983.62790183553,1954
"S0_baseline","Simulation_13","in","T>G",10,1388,1327.79258067457,1327
"S0_baseline","Simulation_13","in","T>G",3,12,3.30874761182856,3
"S0_baseline","Simulation_13","in","T>G",4,187,67.6858207688432,67
"S0_baseline","Simulation_13","in","T>G",5,460,209.602064109503,202
"S0_baseline","Simulation_13","in","T>G",6,580,319.381369164001,334
"S0_baseline","Simulation_13","in","T>G",7,578,376.686382853582,375
"S0_baseline","Simulation_13","in","T>G",8,641,481.828848731,476
"S0_baseline","Simulation_13","in","T>G",9,783,667.719613940999,651
"S0_baseline","Simulation_13","out","C>A",10,2877,2765.7759072783,2783
"S0_baseline","Simulation_13","out","C>A",3,27,7.4629667919645,9
"S0_baseline","Simulation_13","out","C>A",4,278,100.435585124301,93
"S0_baseline","Simulation_13","out","C>A",5,602,275.231807997262,270
"S0_baseline","Simulation_13","out","C>A",6,824,453.753152569336,478
"S0_baseline","Simulation_13","out","C>A",7,867,564.792361622629,582
"S0_baseline","Simulation_13","out","C>A",8,979,735.327588464878,771
"S0_baseline","Simulation_13","out","C>A",9,1341,1143.93380826452,1170
"S0_baseline","Simulation_13","out","C>G",10,5618,5518.03235856216,5519
"S0_baseline","Simulation_13","out","C>G",3,6,1.75294495522703,3
"S0_baseline","Simulation_13","out","C>G",4,68,25.1530236870473,21
"S0_baseline","Simulation_13","out","C>G",5,211,96.5043062060089,101
"S0_baseline","Simulation_13","out","C>G",6,327,180.201557140597,168
"S0_baseline","Simulation_13","out","C>G",7,327,213.326992899095,213
"S0_baseline","Simulation_13","out","C>G",8,402,301.484249929421,302
"S0_baseline","Simulation_13","out","C>G",9,679,580.483737383559,602
"S0_baseline","Simulation_13","out","C>T",10,8562,8346.00996527557,8331
"S0_baseline","Simulation_13","out","C>T",3,40,11.0718475998289,7
"S0_baseline","Simulation_13","out","C>T",4,331,119.370813879828,119
"S0_baseline","Simulation_13","out","C>T",5,686,312.652390298201,323
"S0_baseline","Simulation_13","out","C>T",6,919,505.469597699498,499
"S0_baseline","Simulation_13","out","C>T",7,922,601.233008844527,618
"S0_baseline","Simulation_13","out","C>T",8,1136,852.868671017917,894
"S0_baseline","Simulation_13","out","C>T",9,1691,1445.69159357373,1464
"S0_baseline","Simulation_13","out","T>A",10,1542,1487.56947248975,1492
"S0_baseline","Simulation_13","out","T>A",3,14,3.84350048868616,4
"S0_baseline","Simulation_13","out","T>A",4,125,44.8913516935703,41
"S0_baseline","Simulation_13","out","T>A",5,298,135.315910813431,137
"S0_baseline","Simulation_13","out","T>A",6,366,200.798858102673,199
"S0_baseline","Simulation_13","out","T>A",7,386,251.541476226289,252
"S0_baseline","Simulation_13","out","T>A",8,435,325.336177883435,332
"S0_baseline","Simulation_13","out","T>A",9,594,507.296937131736,516
"S0_baseline","Simulation_13","out","T>C",10,983,940.640421202006,949
"S0_baseline","Simulation_13","out","T>C",3,11,2.98638705195872,4
"S0_baseline","Simulation_13","out","T>C",4,157,56.4568922265447,54
"S0_baseline","Simulation_13","out","T>C",5,412,187.882941268215,188
"S0_baseline","Simulation_13","out","T>C",6,485,266.065249959424,265
"S0_baseline","Simulation_13","out","T>C",7,546,354.409807213317,362
"S0_baseline","Simulation_13","out","T>C",8,492,368.326968135855,345
"S0_baseline","Simulation_13","out","T>C",9,595,506.924990619383,507
"S0_baseline","Simulation_13","out","T>G",10,557,536.536990726776,541
"S0_baseline","Simulation_13","out","T>G",3,3,0.861692999378875,2
"S0_baseline","Simulation_13","out","T>G",4,46,16.8622821936611,16
"S0_baseline","Simulation_13","out","T>G",5,111,50.5637369323078,54
"S0_baseline","Simulation_13","out","T>G",6,162,89.177764758264,92
"S0_baseline","Simulation_13","out","T>G",7,134,87.0425361374777,82
"S0_baseline","Simulation_13","out","T>G",8,156,117.808268021938,118
"S0_baseline","Simulation_13","out","T>G",9,216,185.026503272719,182
"S0_baseline","Simulation_14","in","C>A",10,7729,7388.44146776198,7380
"S0_baseline","Simulation_14","in","C>A",3,156,43.8234066673389,49
"S0_baseline","Simulation_14","in","C>A",4,1453,527.305868433124,533
"S0_baseline","Simulation_14","in","C>A",5,3319,1505.90944272097,1548
"S0_baseline","Simulation_14","in","C>A",6,3894,2140.32898757676,2168
"S0_baseline","Simulation_14","in","C>A",7,3698,2401.34423842404,2426
"S0_baseline","Simulation_14","in","C>A",8,4082,3065.50237361824,3097
"S0_baseline","Simulation_14","in","C>A",9,4614,3931.84942927646,3940
"S0_baseline","Simulation_14","in","C>G",10,12321,12022.7942758514,12059
"S0_baseline","Simulation_14","in","C>G",3,73,20.0348744278773,25
"S0_baseline","Simulation_14","in","C>G",4,444,158.688221024339,160
"S0_baseline","Simulation_14","in","C>G",5,875,399.343221866098,411
"S0_baseline","Simulation_14","in","C>G",6,1050,578.057226293055,570
"S0_baseline","Simulation_14","in","C>G",7,1068,693.69036196163,690
"S0_baseline","Simulation_14","in","C>G",8,1304,980.774660369104,995
"S0_baseline","Simulation_14","in","C>G",9,2058,1758.53471699983,1789
"S0_baseline","Simulation_14","in","C>T",10,34336,33550.1328747693,33573
"S0_baseline","Simulation_14","in","C>T",2,1,0.190961596998597,0
"S0_baseline","Simulation_14","in","C>T",3,188,51.7917617933954,52
"S0_baseline","Simulation_14","in","C>T",4,1485,533.596856528808,547
"S0_baseline","Simulation_14","in","C>T",5,2991,1357.00707864694,1393
"S0_baseline","Simulation_14","in","C>T",6,3574,1963.75460791205,1946
"S0_baseline","Simulation_14","in","C>T",7,3626,2359.09078942612,2371
"S0_baseline","Simulation_14","in","C>T",8,4098,3084.1589861798,3068
"S0_baseline","Simulation_14","in","C>T",9,5947,5081.97206771022,5078
"S0_baseline","Simulation_14","in","T>A",10,1966,1870.65150672641,1878
"S0_baseline","Simulation_14","in","T>A",3,52,14.532980874071,14
"S0_baseline","Simulation_14","in","T>A",4,611,220.575555374195,228
"S0_baseline","Simulation_14","in","T>A",5,1415,644.405505297727,628
"S0_baseline","Simulation_14","in","T>A",6,1791,983.722774785437,1015
"S0_baseline","Simulation_14","in","T>A",7,1664,1085.02024222603,1151
"S0_baseline","Simulation_14","in","T>A",8,1625,1219.16165680679,1226
"S0_baseline","Simulation_14","in","T>A",9,1693,1442.13599841188,1462
"S0_baseline","Simulation_14","in","T>C",10,1514,1431.30807274301,1444
"S0_baseline","Simulation_14","in","T>C",3,107,29.6622692201214,36
"S0_baseline","Simulation_14","in","T>C",4,806,289.148489399351,291
"S0_baseline","Simulation_14","in","T>C",5,1760,799.892623427421,825
"S0_baseline","Simulation_14","in","T>C",6,1998,1095.72961762456,1118
"S0_baseline","Simulation_14","in","T>C",7,1894,1230.67181286218,1244
"S0_baseline","Simulation_14","in","T>C",8,1839,1376.74012825718,1379
"S0_baseline","Simulation_14","in","T>C",9,1746,1483.50125037949,1488
"S0_baseline","Simulation_14","in","T>G",10,468,440.880363755206,443
"S0_baseline","Simulation_14","in","T>G",3,27,7.49550204715194,4
"S0_baseline","Simulation_14","in","T>G",4,246,88.8047148104537,96
"S0_baseline","Simulation_14","in","T>G",5,557,252.96797235801,262
"S0_baseline","Simulation_14","in","T>G",6,649,357.444838344186,368
"S0_baseline","Simulation_14","in","T>G",7,628,408.008483001409,400
"S0_baseline","Simulation_14","in","T>G",8,648,486.998711052244,487
"S0_baseline","Simulation_14","in","T>G",9,669,568.274300255772,580
"S0_baseline","Simulation_14","out","C>A",10,1846,1764.18216792144,1772
"S0_baseline","Simulation_14","out","C>A",3,42,11.6700829465547,7
"S0_baseline","Simulation_14","out","C>A",4,306,110.262463919644,122
"S0_baseline","Simulation_14","out","C>A",5,758,343.998289459141,363
"S0_baseline","Simulation_14","out","C>A",6,838,460.005239229192,481
"S0_baseline","Simulation_14","out","C>A",7,845,549.155922620567,557
"S0_baseline","Simulation_14","out","C>A",8,828,622.197370704401,628
"S0_baseline","Simulation_14","out","C>A",9,997,851.503693726822,861
"S0_baseline","Simulation_14","out","C>G",10,3918,3835.30067957579,3839
"S0_baseline","Simulation_14","out","C>G",3,13,3.54754354536689,6
"S0_baseline","Simulation_14","out","C>G",4,77,27.4852803093975,21
"S0_baseline","Simulation_14","out","C>G",5,198,89.617358304952,83
"S0_baseline","Simulation_14","out","C>G",6,246,134.648429233874,136
"S0_baseline","Simulation_14","out","C>G",7,252,163.857698058779,160
"S0_baseline","Simulation_14","out","C>G",8,290,217.797342295013,220
"S0_baseline","Simulation_14","out","C>G",9,486,415.699874503184,421
"S0_baseline","Simulation_14","out","C>T",10,12381,12130.7843512291,12130
"S0_baseline","Simulation_14","out","C>T",3,51,13.7074597265587,15
"S0_baseline","Simulation_14","out","C>T",4,305,109.137614236906,104
"S0_baseline","Simulation_14","out","C>T",5,675,307.066014310506,315
"S0_baseline","Simulation_14","out","C>T",6,820,449.701932661725,442
"S0_baseline","Simulation_14","out","C>T",7,820,533.28174463652,581
"S0_baseline","Simulation_14","out","C>T",8,984,738.55548769959,723
"S0_baseline","Simulation_14","out","C>T",9,1476,1262.00954050887,1255
"S0_baseline","Simulation_14","out","T>A",10,432,410.881214684974,403
"S0_baseline","Simulation_14","out","T>A",3,20,5.50014889575835,5
"S0_baseline","Simulation_14","out","T>A",4,155,56.2764588493316,62
"S0_baseline","Simulation_14","out","T>A",5,281,127.269173562066,128
"S0_baseline","Simulation_14","out","T>A",6,363,200.291053058751,211
"S0_baseline","Simulation_14","out","T>A",7,334,217.257122906563,221
"S0_baseline","Simulation_14","out","T>A",8,355,266.200794652728,253
"S0_baseline","Simulation_14","out","T>A",9,374,317.642439613944,314
"S0_baseline","Simulation_14","out","T>C",10,325,306.463837269702,304
"S0_baseline","Simulation_14","out","T>C",3,21,6.00998420388816,8
"S0_baseline","Simulation_14","out","T>C",4,185,66.966828408711,68
"S0_baseline","Simulation_14","out","T>C",5,428,194.195670024486,208
"S0_baseline","Simulation_14","out","T>C",6,442,242.960540218003,282
"S0_baseline","Simulation_14","out","T>C",7,421,273.372624690628,277
"S0_baseline","Simulation_14","out","T>C",8,425,319.328407444958,310
"S0_baseline","Simulation_14","out","T>C",9,396,336.602278456553,341
"S0_baseline","Simulation_14","out","T>G",10,96,90.1022038561637,92
"S0_baseline","Simulation_14","out","T>G",3,5,1.39681330948453,2
"S0_baseline","Simulation_14","out","T>G",4,40,14.4640620204972,14
"S0_baseline","Simulation_14","out","T>G",5,129,58.4241399301403,61
"S0_baseline","Simulation_14","out","T>G",6,123,67.5653125565271,58
"S0_baseline","Simulation_14","out","T>G",7,105,68.5093388060037,72
"S0_baseline","Simulation_14","out","T>G",8,130,97.8728345308873,101
"S0_baseline","Simulation_14","out","T>G",9,134,113.972650914739,113
"S0_baseline","Simulation_15","in","C>A",10,22646,21880.2140407685,21876
"S0_baseline","Simulation_15","in","C>A",3,81,22.4628150578819,23
"S0_baseline","Simulation_15","in","C>A",4,998,362.795904158033,364
"S0_baseline","Simulation_15","in","C>A",5,2905,1326.07797208326,1367
"S0_baseline","Simulation_15","in","C>A",6,4540,2495.21061011602,2508
"S0_baseline","Simulation_15","in","C>A",7,4550,2957.3742018333,3023
"S0_baseline","Simulation_15","in","C>A",8,5159,3879.49579573657,3899
"S0_baseline","Simulation_15","in","C>A",9,7200,6150.17400031989,6162
"S0_baseline","Simulation_15","in","C>G",10,7751,7448.12852074482,7432
"S0_baseline","Simulation_15","in","C>G",3,47,13.0375532679218,14
"S0_baseline","Simulation_15","in","C>G",4,323,116.324500822987,120
"S0_baseline","Simulation_15","in","C>G",5,864,393.859089102004,380
"S0_baseline","Simulation_15","in","C>G",6,1352,745.180096029011,768
"S0_baseline","Simulation_15","in","C>G",7,1424,926.734193391787,956
"S0_baseline","Simulation_15","in","C>G",8,1739,1307.11654075221,1294
"S0_baseline","Simulation_15","in","C>G",9,2596,2221.42952287817,2224
"S0_baseline","Simulation_15","in","C>T",10,45360,44129.2063852901,44088
"S0_baseline","Simulation_15","in","C>T",3,138,38.1953551416188,37
"S0_baseline","Simulation_15","in","C>T",4,1167,420.785784493181,418
"S0_baseline","Simulation_15","in","C>T",5,3020,1380.84282483391,1374
"S0_baseline","Simulation_15","in","C>T",6,4694,2581.2318255094,2558
"S0_baseline","Simulation_15","in","C>T",7,4863,3164.89910691483,3172
"S0_baseline","Simulation_15","in","C>T",8,5992,4509.56519047982,4545
"S0_baseline","Simulation_15","in","C>T",9,9275,7936.36805126504,7948
"S0_baseline","Simulation_15","in","T>A",10,4160,3955.74594306504,3935
"S0_baseline","Simulation_15","in","T>A",3,40,11.0822649045894,12
"S0_baseline","Simulation_15","in","T>A",4,441,159.114580569799,147
"S0_baseline","Simulation_15","in","T>A",5,1277,585.051335890598,581
"S0_baseline","Simulation_15","in","T>A",6,1897,1042.73486066638,1014
"S0_baseline","Simulation_15","in","T>A",7,1964,1277.16402228046,1253
"S0_baseline","Simulation_15","in","T>A",8,2217,1665.52509012838,1671
"S0_baseline","Simulation_15","in","T>A",9,2998,2555.34620622324,2541
"S0_baseline","Simulation_15","in","T>C",10,5209,4982.59376420094,4977
"S0_baseline","Simulation_15","in","T>C",3,66,18.5251480566656,21
"S0_baseline","Simulation_15","in","T>C",4,601,217.419409970489,212
"S0_baseline","Simulation_15","in","T>C",5,1621,740.569271054031,771
"S0_baseline","Simulation_15","in","T>C",6,2220,1219.55709993895,1250
"S0_baseline","Simulation_15","in","T>C",7,2312,1504.67800040487,1564
"S0_baseline","Simulation_15","in","T>C",8,2446,1839.20047125271,1821
"S0_baseline","Simulation_15","in","T>C",9,2979,2540.42499633765,2560
"S0_baseline","Simulation_15","in","T>G",10,1595,1519.63328411006,1530
"S0_baseline","Simulation_15","in","T>G",3,12,3.35391048996738,1
"S0_baseline","Simulation_15","in","T>G",4,186,67.0987221605301,72
"S0_baseline","Simulation_15","in","T>G",5,461,211.59709176755,187
"S0_baseline","Simulation_15","in","T>G",6,669,368.228102701142,396
"S0_baseline","Simulation_15","in","T>G",7,732,474.995715670814,471
"S0_baseline","Simulation_15","in","T>G",8,770,579.416818745721,570
"S0_baseline","Simulation_15","in","T>G",9,983,838.493835127793,842
"S0_baseline","Simulation_15","out","C>A",10,2229,2122.90055689915,2122
"S0_baseline","Simulation_15","out","C>A",3,29,8.00148199546269,7
"S0_baseline","Simulation_15","out","C>A",4,310,112.445210010539,117
"S0_baseline","Simulation_15","out","C>A",5,880,400.074890812885,400
"S0_baseline","Simulation_15","out","C>A",6,1227,674.940548936157,689
"S0_baseline","Simulation_15","out","C>A",7,1160,752.864223417683,756
"S0_baseline","Simulation_15","out","C>A",8,1232,925.213946274199,919
"S0_baseline","Simulation_15","out","C>A",9,1677,1430.33456062122,1443
"S0_baseline","Simulation_15","out","C>G",10,2352,2265.29234054936,2261
"S0_baseline","Simulation_15","out","C>G",3,23,6.40159388137652,6
"S0_baseline","Simulation_15","out","C>G",4,112,40.1883285082027,48
"S0_baseline","Simulation_15","out","C>G",5,241,109.408417730719,117
"S0_baseline","Simulation_15","out","C>G",6,343,188.870545389964,187
"S0_baseline","Simulation_15","out","C>G",7,307,200.039909109075,199
"S0_baseline","Simulation_15","out","C>G",8,366,275.99907053669,272
"S0_baseline","Simulation_15","out","C>G",9,631,540.963194916235,534
"S0_baseline","Simulation_15","out","C>T",10,8588,8332.20522469065,8334
"S0_baseline","Simulation_15","out","C>T",3,56,15.1446687877946,21
"S0_baseline","Simulation_15","out","C>T",4,349,125.459118031044,136
"S0_baseline","Simulation_15","out","C>T",5,729,332.325088939441,368
"S0_baseline","Simulation_15","out","C>T",6,1106,606.340574079479,616
"S0_baseline","Simulation_15","out","C>T",7,1151,747.95722912109,725
"S0_baseline","Simulation_15","out","C>T",8,1382,1039.13355828325,1063
"S0_baseline","Simulation_15","out","C>T",9,2167,1854.1886310706,1866
"S0_baseline","Simulation_15","out","T>A",10,818,777.45956656716,768
"S0_baseline","Simulation_15","out","T>A",3,26,7.26514933368779,9
"S0_baseline","Simulation_15","out","T>A",4,150,54.468483210355,59
"S0_baseline","Simulation_15","out","T>A",5,363,166.081378716503,155
"S0_baseline","Simulation_15","out","T>A",6,443,243.151042437796,230
"S0_baseline","Simulation_15","out","T>A",7,407,263.723199887129,259
"S0_baseline","Simulation_15","out","T>A",8,480,360.58623065397,364
"S0_baseline","Simulation_15","out","T>A",9,593,505.506406901086,519
"S0_baseline","Simulation_15","out","T>C",10,1093,1040.75694313126,1053
"S0_baseline","Simulation_15","out","T>C",3,18,5.03654435992402,7
"S0_baseline","Simulation_15","out","T>C",4,172,61.9568627946698,58
"S0_baseline","Simulation_15","out","T>C",5,459,209.58120490908,211
"S0_baseline","Simulation_15","out","T>C",6,557,306.382672905772,308
"S0_baseline","Simulation_15","out","T>C",7,547,355.082223306411,348
"S0_baseline","Simulation_15","out","T>C",8,578,433.049627365077,439
"S0_baseline","Simulation_15","out","T>C",9,759,646.96846542122,645
"S0_baseline","Simulation_15","out","T>G",10,239,227.273783794018,230
"S0_baseline","Simulation_15","out","T>G",3,7,1.96008107155398,2
"S0_baseline","Simulation_15","out","T>G",4,56,20.4800160632517,20
"S0_baseline","Simulation_15","out","T>G",5,117,53.2097942435666,61
"S0_baseline","Simulation_15","out","T>G",6,182,100.11133121312,96
"S0_baseline","Simulation_15","out","T>G",7,176,114.767854746178,111
"S0_baseline","Simulation_15","out","T>G",8,170,127.650739320685,128
"S0_baseline","Simulation_15","out","T>G",9,184,156.56718337252,156
"S0_baseline","Simulation_16","in","C>A",10,10839,10436.4438679007,10445
"S0_baseline","Simulation_16","in","C>A",3,115,31.9008168383081,32
"S0_baseline","Simulation_16","in","C>A",4,985,356.015958626621,347
"S0_baseline","Simulation_16","in","C>A",5,2445,1112.77080366813,1127
"S0_baseline","Simulation_16","in","C>A",6,3125,1716.81711110874,1711
"S0_baseline","Simulation_16","in","C>A",7,3147,2045.35456827296,1976
"S0_baseline","Simulation_16","in","C>A",8,3469,2608.09631186139,2610
"S0_baseline","Simulation_16","in","C>A",9,4640,3964.27832652116,3933
"S0_baseline","Simulation_16","in","C>G",10,10438,10159.6280637919,10171
"S0_baseline","Simulation_16","in","C>G",2,1,0.192523678776571,0
"S0_baseline","Simulation_16","in","C>G",3,30,8.22683097519979,8
"S0_baseline","Simulation_16","in","C>G",4,368,133.312503615762,133
"S0_baseline","Simulation_16","in","C>G",5,927,424.085105845508,424
"S0_baseline","Simulation_16","in","C>G",6,1361,747.967372381686,710
"S0_baseline","Simulation_16","in","C>G",7,1488,967.72748369487,998
"S0_baseline","Simulation_16","in","C>G",8,1568,1180.45970581901,1190
"S0_baseline","Simulation_16","in","C>G",9,2171,1855.54009026933,1863
"S0_baseline","Simulation_16","in","C>T",10,49293,48189.3804725455,48180
"S0_baseline","Simulation_16","in","C>T",3,117,32.7876569276725,38
"S0_baseline","Simulation_16","in","C>T",4,1074,388.777564523854,384
"S0_baseline","Simulation_16","in","C>T",5,2826,1291.50970505023,1300
"S0_baseline","Simulation_16","in","C>T",6,4011,2203.82945581596,2187
"S0_baseline","Simulation_16","in","C>T",7,4261,2774.25463795008,2776
"S0_baseline","Simulation_16","in","C>T",8,4991,3753.47891695476,3759
"S0_baseline","Simulation_16","in","C>T",9,7768,6644.27821271461,6622
"S0_baseline","Simulation_16","in","T>A",10,2840,2703.66692882832,2715
"S0_baseline","Simulation_16","in","T>A",3,40,11.0787035057315,11
"S0_baseline","Simulation_16","in","T>A",4,486,175.314282092259,178
"S0_baseline","Simulation_16","in","T>A",5,1203,549.511664074439,549
"S0_baseline","Simulation_16","in","T>A",6,1567,860.098452577653,868
"S0_baseline","Simulation_16","in","T>A",7,1492,970.288642447519,970
"S0_baseline","Simulation_16","in","T>A",8,1692,1271.27189651543,1276
"S0_baseline","Simulation_16","in","T>A",9,2053,1751.7245502072,1745
"S0_baseline","Simulation_16","in","T>C",10,3887,3695.36317904808,3704
"S0_baseline","Simulation_16","in","T>C",3,59,16.7116089615719,13
"S0_baseline","Simulation_16","in","T>C",4,582,210.870778309724,220
"S0_baseline","Simulation_16","in","T>C",5,1610,734.450970396842,752
"S0_baseline","Simulation_16","in","T>C",6,2113,1159.90917373318,1148
"S0_baseline","Simulation_16","in","T>C",7,2030,1317.4379621827,1326
"S0_baseline","Simulation_16","in","T>C",8,2360,1770.28427845572,1793
"S0_baseline","Simulation_16","in","T>C",9,2728,2324.58381568792,2318
"S0_baseline","Simulation_16","in","T>G",10,1135,1078.82661932541,1076
"S0_baseline","Simulation_16","in","T>G",3,8,2.19329799423323,1
"S0_baseline","Simulation_16","in","T>G",4,137,49.7596398635041,51
"S0_baseline","Simulation_16","in","T>G",5,427,195.730307231838,209
"S0_baseline","Simulation_16","in","T>G",6,678,372.593622993638,353
"S0_baseline","Simulation_16","in","T>G",7,701,456.204640614557,442
"S0_baseline","Simulation_16","in","T>G",8,726,545.168914443208,525
"S0_baseline","Simulation_16","in","T>G",9,873,742.12466494024,723
"S0_baseline","Simulation_16","out","C>A",10,5645,5501.99174463142,5513
"S0_baseline","Simulation_16","out","C>A",3,27,7.58052972123287,9
"S0_baseline","Simulation_16","out","C>A",4,266,95.5207763183793,94
"S0_baseline","Simulation_16","out","C>A",5,590,269.449188861515,270
"S0_baseline","Simulation_16","out","C>A",6,867,476.694371979274,461
"S0_baseline","Simulation_16","out","C>A",7,849,552.348696678368,541
"S0_baseline","Simulation_16","out","C>A",8,959,719.592221921922,726
"S0_baseline","Simulation_16","out","C>A",9,1328,1132.9104567477,1152
"S0_baseline","Simulation_16","out","C>G",10,3245,3169.29879324609,3163
"S0_baseline","Simulation_16","out","C>G",3,7,1.89531423861414,1
"S0_baseline","Simulation_16","out","C>G",4,89,31.9928594932536,27
"S0_baseline","Simulation_16","out","C>G",5,243,110.064056748379,119
"S0_baseline","Simulation_16","out","C>G",6,326,179.789411925884,168
"S0_baseline","Simulation_16","out","C>G",7,338,219.501742030125,215
"S0_baseline","Simulation_16","out","C>G",8,383,288.081766044317,275
"S0_baseline","Simulation_16","out","C>G",9,563,481.019152777592,472
"S0_baseline","Simulation_16","out","C>T",10,10856,10578.8307863769,10568
"S0_baseline","Simulation_16","out","C>T",3,28,7.67414182007259,7
"S0_baseline","Simulation_16","out","C>T",4,256,92.6176005193008,95
"S0_baseline","Simulation_16","out","C>T",5,789,359.363078153252,358
"S0_baseline","Simulation_16","out","C>T",6,1082,595.342863645217,611
"S0_baseline","Simulation_16","out","C>T",7,1088,708.258289470391,730
"S0_baseline","Simulation_16","out","C>T",8,1338,1007.44700798038,1002
"S0_baseline","Simulation_16","out","C>T",9,2081,1780.12640664698,1780
"S0_baseline","Simulation_16","out","T>A",10,570,541.146328730229,549
"S0_baseline","Simulation_16","out","T>A",3,12,3.3424201141425,7
"S0_baseline","Simulation_16","out","T>A",4,117,42.3492363325135,35
"S0_baseline","Simulation_16","out","T>A",5,337,152.675073365263,143
"S0_baseline","Simulation_16","out","T>A",6,454,251.123171183717,257
"S0_baseline","Simulation_16","out","T>A",7,392,255.534295456711,270
"S0_baseline","Simulation_16","out","T>A",8,432,325.022458785542,332
"S0_baseline","Simulation_16","out","T>A",9,494,421.638506094424,429
"S0_baseline","Simulation_16","out","T>C",10,991,942.719619753816,943
"S0_baseline","Simulation_16","out","T>C",3,16,4.50846774708488,2
"S0_baseline","Simulation_16","out","T>C",4,162,58.1047556202047,67
"S0_baseline","Simulation_16","out","T>C",5,447,203.600754052036,203
"S0_baseline","Simulation_16","out","T>C",6,529,289.586571039165,290
"S0_baseline","Simulation_16","out","T>C",7,512,332.588900838082,321
"S0_baseline","Simulation_16","out","T>C",8,572,430.427941145375,442
"S0_baseline","Simulation_16","out","T>C",9,697,594.307170768774,587
"S0_baseline","Simulation_16","out","T>G",10,374,358.562601063526,359
"S0_baseline","Simulation_16","out","T>G",3,1,0.291841445087528,0
"S0_baseline","Simulation_16","out","T>G",4,39,13.9057884406785,17
"S0_baseline","Simulation_16","out","T>G",5,127,57.4884947139365,55
"S0_baseline","Simulation_16","out","T>G",6,166,91.05651300666,81
"S0_baseline","Simulation_16","out","T>G",7,174,113.519496920692,116
"S0_baseline","Simulation_16","out","T>G",8,210,156.875820227763,160
"S0_baseline","Simulation_16","out","T>G",9,229,195.493297093216,197
"S0_baseline","Simulation_17","in","C>A",10,23003,22221.3568162772,22247
"S0_baseline","Simulation_17","in","C>A",3,77,21.2404817492237,21
"S0_baseline","Simulation_17","in","C>A",4,1054,383.739893324026,372
"S0_baseline","Simulation_17","in","C>A",5,3043,1393.34735426411,1391
"S0_baseline","Simulation_17","in","C>A",6,4655,2561.92168729038,2619
"S0_baseline","Simulation_17","in","C>A",7,4774,3103.64191479183,3137
"S0_baseline","Simulation_17","in","C>A",8,5315,3999.73366252555,3946
"S0_baseline","Simulation_17","in","C>A",9,7669,6549.89593682345,6574
"S0_baseline","Simulation_17","in","C>G",10,10353,10009.4851058401,9968
"S0_baseline","Simulation_17","in","C>G",3,37,10.3320507960765,14
"S0_baseline","Simulation_17","in","C>G",4,316,114.815161418429,108
"S0_baseline","Simulation_17","in","C>G",5,895,408.564557929218,394
"S0_baseline","Simulation_17","in","C>G",6,1449,797.027109665376,802
"S0_baseline","Simulation_17","in","C>G",7,1472,958.287029652168,970
"S0_baseline","Simulation_17","in","C>G",8,1838,1384.36762580121,1370
"S0_baseline","Simulation_17","in","C>G",9,3000,2565.49054267882,2540
"S0_baseline","Simulation_17","in","C>T",10,18688,17991.0593860699,18008
"S0_baseline","Simulation_17","in","C>T",3,142,39.5687984474948,41
"S0_baseline","Simulation_17","in","C>T",4,1212,438.623236223435,431
"S0_baseline","Simulation_17","in","C>T",5,3024,1377.30056944519,1395
"S0_baseline","Simulation_17","in","C>T",6,4382,2408.42971145845,2397
"S0_baseline","Simulation_17","in","C>T",7,4572,2976.77256235084,2903
"S0_baseline","Simulation_17","in","C>T",8,5174,3890.99902976219,3844
"S0_baseline","Simulation_17","in","C>T",9,7218,6164.9433389077,6149
"S0_baseline","Simulation_17","in","T>A",10,9712,9402.61849186617,9386
"S0_baseline","Simulation_17","in","T>A",3,41,11.389516802004,7
"S0_baseline","Simulation_17","in","T>A",4,409,147.235483047892,140
"S0_baseline","Simulation_17","in","T>A",5,1208,552.997884191445,545
"S0_baseline","Simulation_17","in","T>A",6,1810,995.625341999615,1004
"S0_baseline","Simulation_17","in","T>A",7,1885,1226.25559945275,1224
"S0_baseline","Simulation_17","in","T>A",8,2150,1618.50657658414,1628
"S0_baseline","Simulation_17","in","T>A",9,2994,2557.74803857146,2540
"S0_baseline","Simulation_17","in","T>C",10,4825,4627.67336109262,4621
"S0_baseline","Simulation_17","in","T>C",3,63,17.4632413002764,17
"S0_baseline","Simulation_17","in","T>C",4,683,246.936118130422,254
"S0_baseline","Simulation_17","in","T>C",5,1694,773.357601543809,780
"S0_baseline","Simulation_17","in","T>C",6,2252,1238.57177966388,1291
"S0_baseline","Simulation_17","in","T>C",7,2246,1458.63719899116,1461
"S0_baseline","Simulation_17","in","T>C",8,2394,1797.34771486415,1802
"S0_baseline","Simulation_17","in","T>C",9,2858,2435.85810808314,2432
"S0_baseline","Simulation_17","in","T>G",10,2183,2094.25864186575,2097
"S0_baseline","Simulation_17","in","T>G",3,10,2.78776697560903,2
"S0_baseline","Simulation_17","in","T>G",4,163,58.697228242182,57
"S0_baseline","Simulation_17","in","T>G",5,462,211.294645258646,213
"S0_baseline","Simulation_17","in","T>G",6,688,377.693233814178,396
"S0_baseline","Simulation_17","in","T>G",7,726,472.291598492852,474
"S0_baseline","Simulation_17","in","T>G",8,792,594.549659083407,597
"S0_baseline","Simulation_17","in","T>G",9,1050,896.809936720217,914
"S0_baseline","Simulation_17","out","C>A",10,4177,4013.54823878527,4035
"S0_baseline","Simulation_17","out","C>A",3,16,4.51366891811442,7
"S0_baseline","Simulation_17","out","C>A",4,237,85.165240387957,84
"S0_baseline","Simulation_17","out","C>A",5,683,312.825883448966,318
"S0_baseline","Simulation_17","out","C>A",6,1000,550.703307759638,592
"S0_baseline","Simulation_17","out","C>A",7,1047,680.401459321145,701
"S0_baseline","Simulation_17","out","C>A",8,1208,908.934759087217,915
"S0_baseline","Simulation_17","out","C>A",9,1707,1457.66348886478,1438
"S0_baseline","Simulation_17","out","C>G",10,2890,2797.44409484751,2786
"S0_baseline","Simulation_17","out","C>G",3,10,2.86511927030039,5
"S0_baseline","Simulation_17","out","C>G",4,79,28.6040843826714,27
"S0_baseline","Simulation_17","out","C>G",5,199,90.577777749327,100
"S0_baseline","Simulation_17","out","C>G",6,330,181.747400016345,183
"S0_baseline","Simulation_17","out","C>G",7,323,210.184429465651,201
"S0_baseline","Simulation_17","out","C>G",8,418,314.886091793567,327
"S0_baseline","Simulation_17","out","C>G",9,653,559.085070386526,574
"S0_baseline","Simulation_17","out","C>T",10,4787,4617.20335623683,4592
"S0_baseline","Simulation_17","out","C>T",3,39,10.7960688147811,5
"S0_baseline","Simulation_17","out","C>T",4,314,113.448487902199,127
"S0_baseline","Simulation_17","out","C>T",5,737,336.554090082997,337
"S0_baseline","Simulation_17","out","C>T",6,1028,564.332294940689,545
"S0_baseline","Simulation_17","out","C>T",7,1098,714.03934867706,728
"S0_baseline","Simulation_17","out","C>T",8,1233,927.59479009746,930
"S0_baseline","Simulation_17","out","C>T",9,1720,1469.48708347744,1473
"S0_baseline","Simulation_17","out","T>A",10,2373,2293.21191859395,2299
"S0_baseline","Simulation_17","out","T>A",3,12,3.28087494222975,4
"S0_baseline","Simulation_17","out","T>A",4,87,31.4119150674852,34
"S0_baseline","Simulation_17","out","T>A",5,271,124.101417670469,116
"S0_baseline","Simulation_17","out","T>A",6,324,177.586451985189,202
"S0_baseline","Simulation_17","out","T>A",7,353,229.815305514492,219
"S0_baseline","Simulation_17","out","T>A",8,468,351.67772363138,344
"S0_baseline","Simulation_17","out","T>A",9,660,564.439537078528,561
"S0_baseline","Simulation_17","out","T>C",10,1091,1042.83695238833,1040
"S0_baseline","Simulation_17","out","T>C",3,19,5.33049823580549,7
"S0_baseline","Simulation_17","out","T>C",4,165,58.9296228468138,66
"S0_baseline","Simulation_17","out","T>C",5,414,188.75056340974,191
"S0_baseline","Simulation_17","out","T>C",6,524,287.382481105421,282
"S0_baseline","Simulation_17","out","T>C",7,482,313.141760936857,316
"S0_baseline","Simulation_17","out","T>C",8,554,417.714980807788,409
"S0_baseline","Simulation_17","out","T>C",9,680,578.999573529435,582
"S0_baseline","Simulation_17","out","T>G",10,465,445.974941009618,444
"S0_baseline","Simulation_17","out","T>G",3,2,0.532066987179187,1
"S0_baseline","Simulation_17","out","T>G",4,44,15.8609249307841,19
"S0_baseline","Simulation_17","out","T>G",5,116,53.2458911416493,51
"S0_baseline","Simulation_17","out","T>G",6,149,82.0659693900733,78
"S0_baseline","Simulation_17","out","T>G",7,134,86.6891364304024,92
"S0_baseline","Simulation_17","out","T>G",8,187,140.358505455826,126
"S0_baseline","Simulation_17","out","T>G",9,221,188.07150674546,189
"S0_baseline","Simulation_18","in","C>A",10,18972,18323.7488119492,18284
"S0_baseline","Simulation_18","in","C>A",3,72,20.1798679971421,23
"S0_baseline","Simulation_18","in","C>A",4,760,277.005892158582,283
"S0_baseline","Simulation_18","in","C>A",5,2501,1144.53699473396,1179
"S0_baseline","Simulation_18","in","C>A",6,3943,2164.9114206999,2204
"S0_baseline","Simulation_18","in","C>A",7,3935,2561.33132727162,2608
"S0_baseline","Simulation_18","in","C>A",8,4520,3397.23759415597,3376
"S0_baseline","Simulation_18","in","C>A",9,6450,5506.37480800907,5496
"S0_baseline","Simulation_18","in","C>G",10,8857,8555.79559768542,8562
"S0_baseline","Simulation_18","in","C>G",3,33,9.01223093761917,8
"S0_baseline","Simulation_18","in","C>G",4,272,99.0306350676458,90
"S0_baseline","Simulation_18","in","C>G",5,845,387.144293976124,368
"S0_baseline","Simulation_18","in","C>G",6,1320,723.867350246443,726
"S0_baseline","Simulation_18","in","C>G",7,1455,946.99062390295,946
"S0_baseline","Simulation_18","in","C>G",8,1696,1275.10211460038,1289
"S0_baseline","Simulation_18","in","C>G",9,2587,2211.4344053174,2216
"S0_baseline","Simulation_18","in","C>T",10,30121,29171.6238343952,29208
"S0_baseline","Simulation_18","in","C>T",3,108,29.5242698410644,32
"S0_baseline","Simulation_18","in","C>T",4,952,342.889737398367,352
"S0_baseline","Simulation_18","in","C>T",5,2503,1145.01866486119,1155
"S0_baseline","Simulation_18","in","C>T",6,3816,2095.55505123528,2086
"S0_baseline","Simulation_18","in","C>T",7,4086,2659.98750945451,2639
"S0_baseline","Simulation_18","in","C>T",8,4886,3674.40155787022,3687
"S0_baseline","Simulation_18","in","C>T",9,7559,6461.9754242117,6496
"S0_baseline","Simulation_18","in","T>A",10,9968,9630.26292091228,9660
"S0_baseline","Simulation_18","in","T>A",3,34,9.55336127185982,11
"S0_baseline","Simulation_18","in","T>A",4,306,110.490026628513,98
"S0_baseline","Simulation_18","in","T>A",5,1002,458.900054109062,453
"S0_baseline","Simulation_18","in","T>A",6,1894,1038.61916652377,1031
"S0_baseline","Simulation_18","in","T>A",7,1948,1267.57532518415,1301
"S0_baseline","Simulation_18","in","T>A",8,2258,1695.59435431346,1705
"S0_baseline","Simulation_18","in","T>A",9,3289,2809.24894988845,2801
"S0_baseline","Simulation_18","in","T>C",10,9578,9245.84955256943,9247
"S0_baseline","Simulation_18","in","T>C",3,39,10.759767271687,11
"S0_baseline","Simulation_18","in","T>C",4,471,170.971389939291,176
"S0_baseline","Simulation_18","in","T>C",5,1464,670.325238324368,695
"S0_baseline","Simulation_18","in","T>C",6,2284,1257.76259267928,1267
"S0_baseline","Simulation_18","in","T>C",7,2303,1499.09530990722,1519
"S0_baseline","Simulation_18","in","T>C",8,2712,2035.49257232738,2049
"S0_baseline","Simulation_18","in","T>C",9,3376,2879.78913482599,2923
"S0_baseline","Simulation_18","in","T>G",10,1832,1748.7638318188,1750
"S0_baseline","Simulation_18","in","T>G",3,9,2.49659760227589,3
"S0_baseline","Simulation_18","in","T>G",4,134,48.8884123912817,48
"S0_baseline","Simulation_18","in","T>G",5,403,184.2440178054,202
"S0_baseline","Simulation_18","in","T>G",6,713,390.742228144452,391
"S0_baseline","Simulation_18","in","T>G",7,698,453.527545190873,458
"S0_baseline","Simulation_18","in","T>G",8,857,645.317308860097,644
"S0_baseline","Simulation_18","in","T>G",9,1084,925.642875286457,943
"S0_baseline","Simulation_18","out","C>A",10,6638,6443.32606392361,6430
"S0_baseline","Simulation_18","out","C>A",3,21,5.8960965369861,10
"S0_baseline","Simulation_18","out","C>A",4,197,71.5119756467567,68
"S0_baseline","Simulation_18","out","C>A",5,583,267.849337245216,275
"S0_baseline","Simulation_18","out","C>A",6,1011,555.774966800025,566
"S0_baseline","Simulation_18","out","C>A",7,980,637.071359090536,650
"S0_baseline","Simulation_18","out","C>A",8,1158,870.905675100913,875
"S0_baseline","Simulation_18","out","C>A",9,1714,1466.29063109453,1465
"S0_baseline","Simulation_18","out","C>G",10,3821,3707.02413686427,3702
"S0_baseline","Simulation_18","out","C>G",3,10,2.73092884223594,3
"S0_baseline","Simulation_18","out","C>G",4,101,36.5053663889296,45
"S0_baseline","Simulation_18","out","C>G",5,236,106.749449558582,113
"S0_baseline","Simulation_18","out","C>G",6,349,191.781563863597,175
"S0_baseline","Simulation_18","out","C>G",7,352,229.605724588326,224
"S0_baseline","Simulation_18","out","C>G",8,423,318.417679589983,331
"S0_baseline","Simulation_18","out","C>G",9,696,595.28582860614,598
"S0_baseline","Simulation_18","out","C>T",10,7386,7137.64130502049,7153
"S0_baseline","Simulation_18","out","C>T",3,26,7.11029386872801,4
"S0_baseline","Simulation_18","out","C>T",4,278,100.150908553508,108
"S0_baseline","Simulation_18","out","C>T",5,699,319.34920771657,334
"S0_baseline","Simulation_18","out","C>T",6,1087,598.337055711367,617
"S0_baseline","Simulation_18","out","C>T",7,1141,742.120450926475,723
"S0_baseline","Simulation_18","out","C>T",8,1365,1027.41828048305,1038
"S0_baseline","Simulation_18","out","C>T",9,2024,1730.62141634849,1731
"S0_baseline","Simulation_18","out","T>A",10,1542,1483.48057408507,1481
"S0_baseline","Simulation_18","out","T>A",3,14,3.73581837032848,2
"S0_baseline","Simulation_18","out","T>A",4,85,30.8620364426967,27
"S0_baseline","Simulation_18","out","T>A",5,285,130.492106739478,136
"S0_baseline","Simulation_18","out","T>A",6,442,243.421856633521,251
"S0_baseline","Simulation_18","out","T>A",7,447,291.469440184518,299
"S0_baseline","Simulation_18","out","T>A",8,501,375.592317453338,372
"S0_baseline","Simulation_18","out","T>A",9,679,579.421602124617,584
"S0_baseline","Simulation_18","out","T>C",10,2156,2080.04349911517,2079
"S0_baseline","Simulation_18","out","T>C",3,14,3.8629546278294,5
"S0_baseline","Simulation_18","out","T>C",4,126,45.9925910086522,53
"S0_baseline","Simulation_18","out","T>C",5,350,159.689377168365,172
"S0_baseline","Simulation_18","out","T>C",6,507,278.883463621622,301
"S0_baseline","Simulation_18","out","T>C",7,521,338.685864264055,318
"S0_baseline","Simulation_18","out","T>C",8,615,462.042608835419,466
"S0_baseline","Simulation_18","out","T>C",9,795,679.262264862193,701
"S0_baseline","Simulation_18","out","T>G",10,433,414.241923105193,416
"S0_baseline","Simulation_18","out","T>G",3,4,1.15839918301221,2
"S0_baseline","Simulation_18","out","T>G",4,27,9.50548455457573,8
"S0_baseline","Simulation_18","out","T>G",5,101,46.0301613781774,43
"S0_baseline","Simulation_18","out","T>G",6,182,99.9664255162736,98
"S0_baseline","Simulation_18","out","T>G",7,166,108.000058357077,114
"S0_baseline","Simulation_18","out","T>G",8,177,133.739193175339,138
"S0_baseline","Simulation_18","out","T>G",9,245,209.548057124181,211
"S0_baseline","Simulation_19","in","C>A",10,2437,2299.41462627199,2304
"S0_baseline","Simulation_19","in","C>A",2,1,0.19799897762338,0
"S0_baseline","Simulation_19","in","C>A",3,186,51.6972572963169,55
"S0_baseline","Simulation_19","in","C>A",4,1622,583.628802110602,596
"S0_baseline","Simulation_19","in","C>A",5,3251,1474.69023557988,1527
"S0_baseline","Simulation_19","in","C>A",6,3509,1923.51415731298,1962
"S0_baseline","Simulation_19","in","C>A",7,3269,2122.66414383759,2101
"S0_baseline","Simulation_19","in","C>A",8,2999,2251.89083764539,2277
"S0_baseline","Simulation_19","in","C>A",9,2865,2436.10722815372,2461
"S0_baseline","Simulation_19","in","C>G",10,6553,6272.75161504092,6303
"S0_baseline","Simulation_19","in","C>G",3,38,10.2646558608651,10
"S0_baseline","Simulation_19","in","C>G",4,325,117.886117818206,108
"S0_baseline","Simulation_19","in","C>G",5,815,371.158721397688,378
"S0_baseline","Simulation_19","in","C>G",6,1198,659.20054060967,665
"S0_baseline","Simulation_19","in","C>G",7,1214,789.716204254031,776
"S0_baseline","Simulation_19","in","C>G",8,1570,1180.93924249375,1172
"S0_baseline","Simulation_19","in","C>G",9,2417,2065.51927893482,2051
"S0_baseline","Simulation_19","in","C>T",10,32553,31635.1915100053,31660
"S0_baseline","Simulation_19","in","C>T",3,124,34.2118280765735,32
"S0_baseline","Simulation_19","in","C>T",4,1074,386.535432767102,378
"S0_baseline","Simulation_19","in","C>T",5,2567,1168.42463543439,1145
"S0_baseline","Simulation_19","in","C>T",6,3567,1960.55496262512,1937
"S0_baseline","Simulation_19","in","C>T",7,3829,2493.64656079452,2550
"S0_baseline","Simulation_19","in","C>T",8,4733,3563.28619900363,3556
"S0_baseline","Simulation_19","in","C>T",9,7138,6104.94222376096,6122
"S0_baseline","Simulation_19","in","T>A",10,1480,1394.50962393078,1395
"S0_baseline","Simulation_19","in","T>A",3,67,18.4160775733613,24
"S0_baseline","Simulation_19","in","T>A",4,601,217.710261604883,211
"S0_baseline","Simulation_19","in","T>A",5,1449,660.783461560525,683
"S0_baseline","Simulation_19","in","T>A",6,1710,938.765566700632,967
"S0_baseline","Simulation_19","in","T>A",7,1655,1074.98053276309,1085
"S0_baseline","Simulation_19","in","T>A",8,1653,1238.74331035706,1245
"S0_baseline","Simulation_19","in","T>A",9,1677,1426.97850730276,1433
"S0_baseline","Simulation_19","in","T>C",10,5878,5650.68340962907,5661
"S0_baseline","Simulation_19","in","T>C",2,1,0.199185763775129,1
"S0_baseline","Simulation_19","in","T>C",3,76,21.0129001492457,19
"S0_baseline","Simulation_19","in","T>C",4,657,236.272953361082,240
"S0_baseline","Simulation_19","in","T>C",5,1547,702.438967471708,711
"S0_baseline","Simulation_19","in","T>C",6,1865,1024.92819787721,1010
"S0_baseline","Simulation_19","in","T>C",7,1754,1139.9549539921,1152
"S0_baseline","Simulation_19","in","T>C",8,1944,1461.43570942117,1479
"S0_baseline","Simulation_19","in","T>C",9,2545,2172.03426298606,2150
"S0_baseline","Simulation_19","in","T>G",10,1741,1671.50505412184,1673
"S0_baseline","Simulation_19","in","T>G",3,17,4.70565105359212,5
"S0_baseline","Simulation_19","in","T>G",4,150,53.9665964471883,65
"S0_baseline","Simulation_19","in","T>G",5,435,197.336102759603,196
"S0_baseline","Simulation_19","in","T>G",6,510,280.661276825417,269
"S0_baseline","Simulation_19","in","T>G",7,550,359.821772476793,368
"S0_baseline","Simulation_19","in","T>G",8,598,450.326910419287,459
"S0_baseline","Simulation_19","in","T>G",9,825,702.914050025865,703
"S0_baseline","Simulation_19","out","C>A",10,534,502.837427482039,504
"S0_baseline","Simulation_19","out","C>A",3,40,11.0020424595693,12
"S0_baseline","Simulation_19","out","C>A",4,416,150.553856092998,167
"S0_baseline","Simulation_19","out","C>A",5,832,376.728421022914,377
"S0_baseline","Simulation_19","out","C>A",6,846,465.323120886326,498
"S0_baseline","Simulation_19","out","C>A",7,779,506.434642834607,519
"S0_baseline","Simulation_19","out","C>A",8,769,576.000929204933,600
"S0_baseline","Simulation_19","out","C>A",9,700,594.587484061,600
"S0_baseline","Simulation_19","out","C>G",10,1536,1471.69751656783,1471
"S0_baseline","Simulation_19","out","C>G",3,11,3.02173336931507,3
"S0_baseline","Simulation_19","out","C>G",4,78,28.1871504879589,37
"S0_baseline","Simulation_19","out","C>G",5,197,90.4659066401983,94
"S0_baseline","Simulation_19","out","C>G",6,291,159.364377598306,155
"S0_baseline","Simulation_19","out","C>G",7,313,203.86656000708,195
"S0_baseline","Simulation_19","out","C>G",8,367,275.898956771499,279
"S0_baseline","Simulation_19","out","C>G",9,575,491.917049077429,489
"S0_baseline","Simulation_19","out","C>T",10,5475,5295.11180368282,5298
"S0_baseline","Simulation_19","out","C>T",3,41,11.1750555125966,13
"S0_baseline","Simulation_19","out","C>T",4,291,104.627124116337,112
"S0_baseline","Simulation_19","out","C>T",5,683,310.691314063927,330
"S0_baseline","Simulation_19","out","C>T",6,895,491.826611962184,513
"S0_baseline","Simulation_19","out","C>T",7,907,590.202765926301,580
"S0_baseline","Simulation_19","out","C>T",8,1085,816.052685965164,808
"S0_baseline","Simulation_19","out","C>T",9,1560,1334.40925103101,1333
"S0_baseline","Simulation_19","out","T>A",10,205,191.247312490288,193
"S0_baseline","Simulation_19","out","T>A",3,17,4.71478064813598,4
"S0_baseline","Simulation_19","out","T>A",4,167,60.4290921669423,58
"S0_baseline","Simulation_19","out","T>A",5,377,171.627421461482,168
"S0_baseline","Simulation_19","out","T>A",6,413,226.437143110474,224
"S0_baseline","Simulation_19","out","T>A",7,380,246.449037853398,251
"S0_baseline","Simulation_19","out","T>A",8,361,270.250207915935,276
"S0_baseline","Simulation_19","out","T>A",9,370,314.809633044547,330
"S0_baseline","Simulation_19","out","T>C",10,909,866.619196419037,868
"S0_baseline","Simulation_19","out","T>C",3,19,5.25334261024923,2
"S0_baseline","Simulation_19","out","T>C",4,201,72.3812087015052,64
"S0_baseline","Simulation_19","out","T>C",5,355,161.489871900553,149
"S0_baseline","Simulation_19","out","T>C",6,466,257.607053093581,250
"S0_baseline","Simulation_19","out","T>C",7,466,302.955421918348,328
"S0_baseline","Simulation_19","out","T>C",8,471,353.406580117978,363
"S0_baseline","Simulation_19","out","T>C",9,620,528.860806161911,538
"S0_baseline","Simulation_19","out","T>G",10,236,224.822113570093,230
"S0_baseline","Simulation_19","out","T>G",3,5,1.42675349311397,0
"S0_baseline","Simulation_19","out","T>G",4,46,16.9109367769824,18
"S0_baseline","Simulation_19","out","T>G",5,134,60.9301051351933,47
"S0_baseline","Simulation_19","out","T>G",6,119,65.7733816496369,61
"S0_baseline","Simulation_19","out","T>G",7,123,80.0610390825664,84
"S0_baseline","Simulation_19","out","T>G",8,152,114.715445552521,123
"S0_baseline","Simulation_19","out","T>G",9,182,155.33217512979,160
"S0_baseline","Simulation_20","in","C>A",10,35145,34110.4438062196,34196
"S0_baseline","Simulation_20","in","C>A",3,79,21.800911282352,24
"S0_baseline","Simulation_20","in","C>A",4,906,328.314977540304,326
"S0_baseline","Simulation_20","in","C>A",5,2443,1118.34308386724,1110
"S0_baseline","Simulation_20","in","C>A",6,4031,2212.07168336463,2239
"S0_baseline","Simulation_20","in","C>A",7,4225,2747.45296463426,2743
"S0_baseline","Simulation_20","in","C>A",8,5039,3792.75511448104,3836
"S0_baseline","Simulation_20","in","C>A",9,7949,6796.93644699236,6808
"S0_baseline","Simulation_20","in","C>G",10,24248,23759.6921622517,23766
"S0_baseline","Simulation_20","in","C>G",3,37,10.149576124132,7
"S0_baseline","Simulation_20","in","C>G",4,286,103.300259321177,104
"S0_baseline","Simulation_20","in","C>G",5,857,394.58232129882,415
"S0_baseline","Simulation_20","in","C>G",6,1517,833.165166609856,818
"S0_baseline","Simulation_20","in","C>G",7,1646,1073.34995191368,1089
"S0_baseline","Simulation_20","in","C>G",8,1912,1439.07725173842,1440
"S0_baseline","Simulation_20","in","C>G",9,3152,2696.76454536261,2698
"S0_baseline","Simulation_20","in","C>T",10,63995,62862.1127560554,62860
"S0_baseline","Simulation_20","in","C>T",3,132,36.1474559642829,34
"S0_baseline","Simulation_20","in","C>T",4,1088,393.709802617961,361
"S0_baseline","Simulation_20","in","C>T",5,2768,1263.15789443437,1271
"S0_baseline","Simulation_20","in","C>T",6,4384,2408.94365349873,2439
"S0_baseline","Simulation_20","in","C>T",7,4279,2782.0862148292,2792
"S0_baseline","Simulation_20","in","C>T",8,5246,3944.82670160403,3956
"S0_baseline","Simulation_20","in","C>T",9,8009,6846.07361584476,6877
"S0_baseline","Simulation_20","in","T>A",10,29220,28630.2271564944,28628
"S0_baseline","Simulation_20","in","T>A",3,23,6.35024625759369,9
"S0_baseline","Simulation_20","in","T>A",4,342,123.496336422806,122
"S0_baseline","Simulation_20","in","T>A",5,908,415.352107155028,409
"S0_baseline","Simulation_20","in","T>A",6,1675,920.565836366858,927
"S0_baseline","Simulation_20","in","T>A",7,1849,1206.50396816676,1218
"S0_baseline","Simulation_20","in","T>A",8,2272,1710.54262505753,1739
"S0_baseline","Simulation_20","in","T>A",9,3643,3117.62788538052,3104
"S0_baseline","Simulation_20","in","T>C",10,8230,7900.1827726872,7887
"S0_baseline","Simulation_20","in","T>C",3,39,10.9551792821755,15
"S0_baseline","Simulation_20","in","T>C",4,528,192.447275765575,197
"S0_baseline","Simulation_20","in","T>C",5,1621,739.337413462359,731
"S0_baseline","Simulation_20","in","T>C",6,2492,1369.84287484977,1380
"S0_baseline","Simulation_20","in","T>C",7,2674,1739.37732605325,1725
"S0_baseline","Simulation_20","in","T>C",8,2940,2210.82191545914,2237
"S0_baseline","Simulation_20","in","T>C",9,3781,3225.95382495777,3245
"S0_baseline","Simulation_20","in","T>G",10,3357,3230.30357326372,3227
"S0_baseline","Simulation_20","in","T>G",3,11,3.15241552865102,3
"S0_baseline","Simulation_20","in","T>G",4,142,51.7154760207657,48
"S0_baseline","Simulation_20","in","T>G",5,405,184.657782226396,183
"S0_baseline","Simulation_20","in","T>G",6,749,410.778015747373,416
"S0_baseline","Simulation_20","in","T>G",7,724,471.218970102746,453
"S0_baseline","Simulation_20","in","T>G",8,900,677.468762896205,701
"S0_baseline","Simulation_20","in","T>G",9,1274,1088.03249576986,1087
"S0_baseline","Simulation_20","out","C>A",10,17079,16680.911200957,16692
"S0_baseline","Simulation_20","out","C>A",3,11,2.97231968283554,8
"S0_baseline","Simulation_20","out","C>A",4,175,63.4305679101132,70
"S0_baseline","Simulation_20","out","C>A",5,621,284.933450733769,276
"S0_baseline","Simulation_20","out","C>A",6,1038,569.407684020296,570
"S0_baseline","Simulation_20","out","C>A",7,1281,835.867122930831,843
"S0_baseline","Simulation_20","out","C>A",8,1446,1086.66688303135,1114
"S0_baseline","Simulation_20","out","C>A",9,2488,2129.27245997412,2103
"S0_baseline","Simulation_20","out","C>G",10,5441,5301.23787660623,5287
"S0_baseline","Simulation_20","out","C>G",3,13,3.58009572812231,3
"S0_baseline","Simulation_20","out","C>G",4,76,27.5815160975329,30
"S0_baseline","Simulation_20","out","C>G",5,185,84.5794101975572,83
"S0_baseline","Simulation_20","out","C>G",6,460,252.730477047683,265
"S0_baseline","Simulation_20","out","C>G",7,476,309.383566139241,297
"S0_baseline","Simulation_20","out","C>G",8,610,458.854975849939,482
"S0_baseline","Simulation_20","out","C>G",9,1009,862.688633268741,848
"S0_baseline","Simulation_20","out","C>T",10,12653,12362.2510874015,12374
"S0_baseline","Simulation_20","out","C>T",3,41,11.3276813793738,8
"S0_baseline","Simulation_20","out","C>T",4,248,89.2492092910549,93
"S0_baseline","Simulation_20","out","C>T",5,687,314.634207787908,312
"S0_baseline","Simulation_20","out","C>T",6,1058,582.075189508208,548
"S0_baseline","Simulation_20","out","C>T",7,1127,732.705790488559,725
"S0_baseline","Simulation_20","out","C>T",8,1342,1010.72000621708,1031
"S0_baseline","Simulation_20","out","C>T",9,2166,1852.42477776739,1833
"S0_baseline","Simulation_20","out","T>A",10,14433,14189.7433169709,14204
"S0_baseline","Simulation_20","out","T>A",3,8,2.16808623558087,1
"S0_baseline","Simulation_20","out","T>A",4,70,25.5458520282097,32
"S0_baseline","Simulation_20","out","T>A",5,181,83.2804699365012,81
"S0_baseline","Simulation_20","out","T>A",6,494,271.256138367854,245
"S0_baseline","Simulation_20","out","T>A",7,565,368.708004954848,361
"S0_baseline","Simulation_20","out","T>A",8,739,557.12392255817,545
"S0_baseline","Simulation_20","out","T>A",9,1329,1138.57584000376,1135
"S0_baseline","Simulation_20","out","T>C",10,3272,3154.28420399576,3159
"S0_baseline","Simulation_20","out","T>C",3,14,3.99093407031554,3
"S0_baseline","Simulation_20","out","T>C",4,154,55.990491056709,65
"S0_baseline","Simulation_20","out","T>C",5,329,150.517716172464,147
"S0_baseline","Simulation_20","out","T>C",6,675,371.081277113107,361
"S0_baseline","Simulation_20","out","T>C",7,701,457.136311830655,476
"S0_baseline","Simulation_20","out","T>C",8,824,619.688646405223,622
"S0_baseline","Simulation_20","out","T>C",9,1152,983.804730441358,964
"S0_baseline","Simulation_20","out","T>G",10,1286,1242.21347933273,1241
"S0_baseline","Simulation_20","out","T>G",3,5,1.44413951285173,2
"S0_baseline","Simulation_20","out","T>G",4,40,14.4781628964881,14
"S0_baseline","Simulation_20","out","T>G",5,105,47.9973598465874,51
"S0_baseline","Simulation_20","out","T>G",6,188,103.426052345955,112
"S0_baseline","Simulation_20","out","T>G",7,216,140.652835423048,126
"S0_baseline","Simulation_20","out","T>G",8,266,200.295221043577,214
"S0_baseline","Simulation_20","out","T>G",9,412,351.708466306097,350
"S1_epigenome_v025","Simulation_01","in","C>A",10,10677,10168.9549858475,10189
"S1_epigenome_v025","Simulation_01","in","C>A",3,137,38.1681532710386,38
"S1_epigenome_v025","Simulation_01","in","C>A",4,1391,502.711315743052,470
"S1_epigenome_v025","Simulation_01","in","C>A",5,3448,1572.19185407381,1574
"S1_epigenome_v025","Simulation_01","in","C>A",6,5063,2784.30281282966,2845
"S1_epigenome_v025","Simulation_01","in","C>A",7,5044,3278.18079298233,3358
"S1_epigenome_v025","Simulation_01","in","C>A",8,5485,4121.23433897459,4207
"S1_epigenome_v025","Simulation_01","in","C>A",9,6742,5744.14255232142,5803
"S1_epigenome_v025","Simulation_01","in","C>G",10,10854,10542.380275456,10541
"S1_epigenome_v025","Simulation_01","in","C>G",3,34,9.44269763586866,10
"S1_epigenome_v025","Simulation_01","in","C>G",4,396,143.251186967603,157
"S1_epigenome_v025","Simulation_01","in","C>G",5,1048,477.803136184809,478
"S1_epigenome_v025","Simulation_01","in","C>G",6,1518,834.634510941548,829
"S1_epigenome_v025","Simulation_01","in","C>G",7,1600,1040.86811707783,1038
"S1_epigenome_v025","Simulation_01","in","C>G",8,1899,1428.50205237464,1440
"S1_epigenome_v025","Simulation_01","in","C>G",9,2585,2205.80496752274,2245
"S1_epigenome_v025","Simulation_01","in","C>T",10,59802,58660.8616608454,58617
"S1_epigenome_v025","Simulation_01","in","C>T",3,194,52.5114367087953,46
"S1_epigenome_v025","Simulation_01","in","C>T",4,1435,517.530814763465,531
"S1_epigenome_v025","Simulation_01","in","C>T",5,3448,1568.15040017199,1616
"S1_epigenome_v025","Simulation_01","in","C>T",6,4569,2513.19572951289,2486
"S1_epigenome_v025","Simulation_01","in","C>T",7,4753,3095.02352891287,3105
"S1_epigenome_v025","Simulation_01","in","C>T",8,5339,4015.43800457889,4025
"S1_epigenome_v025","Simulation_01","in","C>T",9,7945,6788.95749593126,6747
"S1_epigenome_v025","Simulation_01","in","T>A",10,5826,5576.83417161044,5579
"S1_epigenome_v025","Simulation_01","in","T>A",3,61,17.0000266331442,10
"S1_epigenome_v025","Simulation_01","in","T>A",4,587,212.866020464463,208
"S1_epigenome_v025","Simulation_01","in","T>A",5,1517,690.038233374443,707
"S1_epigenome_v025","Simulation_01","in","T>A",6,1880,1035.64601463126,1039
"S1_epigenome_v025","Simulation_01","in","T>A",7,1877,1220.01309568452,1256
"S1_epigenome_v025","Simulation_01","in","T>A",8,2082,1564.1639386699,1567
"S1_epigenome_v025","Simulation_01","in","T>A",9,2793,2384.76222599579,2376
"S1_epigenome_v025","Simulation_01","in","T>C",10,9301,8992.66019539396,8986
"S1_epigenome_v025","Simulation_01","in","T>C",2,1,0.191351762528073,0
"S1_epigenome_v025","Simulation_01","in","T>C",3,74,20.3897849001054,21
"S1_epigenome_v025","Simulation_01","in","T>C",4,815,292.920858028574,288
"S1_epigenome_v025","Simulation_01","in","T>C",5,1805,820.278190984386,870
"S1_epigenome_v025","Simulation_01","in","T>C",6,2156,1181.88127904802,1194
"S1_epigenome_v025","Simulation_01","in","T>C",7,2071,1348.34762695111,1388
"S1_epigenome_v025","Simulation_01","in","T>C",8,2215,1663.6488374265,1703
"S1_epigenome_v025","Simulation_01","in","T>C",9,3027,2585.22540134206,2630
"S1_epigenome_v025","Simulation_01","in","T>G",10,2543,2448.8189969424,2450
"S1_epigenome_v025","Simulation_01","in","T>G",3,15,4.22640204847856,4
"S1_epigenome_v025","Simulation_01","in","T>G",4,207,74.9842738167107,72
"S1_epigenome_v025","Simulation_01","in","T>G",5,592,270.200498798351,285
"S1_epigenome_v025","Simulation_01","in","T>G",6,817,449.812771254083,441
"S1_epigenome_v025","Simulation_01","in","T>G",7,801,521.142470835425,519
"S1_epigenome_v025","Simulation_01","in","T>G",8,850,638.434610136865,682
"S1_epigenome_v025","Simulation_01","in","T>G",9,1091,930.834610584663,937
"S1_epigenome_v025","Simulation_01","out","C>A",10,2982,2843.19602104242,2852
"S1_epigenome_v025","Simulation_01","out","C>A",3,28,7.63731774761335,9
"S1_epigenome_v025","Simulation_01","out","C>A",4,304,110.250352475285,114
"S1_epigenome_v025","Simulation_01","out","C>A",5,807,369.024437234297,389
"S1_epigenome_v025","Simulation_01","out","C>A",6,1273,700.831864014422,689
"S1_epigenome_v025","Simulation_01","out","C>A",7,1260,820.277019512682,823
"S1_epigenome_v025","Simulation_01","out","C>A",8,1403,1053.94647603734,1057
"S1_epigenome_v025","Simulation_01","out","C>A",9,1885,1608.56019110997,1633
"S1_epigenome_v025","Simulation_01","out","C>G",10,3317,3246.25453780371,3245
"S1_epigenome_v025","Simulation_01","out","C>G",3,4,1.16122887002173,1
"S1_epigenome_v025","Simulation_01","out","C>G",4,88,32.0184631221512,36
"S1_epigenome_v025","Simulation_01","out","C>G",5,250,114.274929221242,110
"S1_epigenome_v025","Simulation_01","out","C>G",6,354,194.527389651195,215
"S1_epigenome_v025","Simulation_01","out","C>G",7,348,226.100466957373,216
"S1_epigenome_v025","Simulation_01","out","C>G",8,388,291.180566384807,290
"S1_epigenome_v025","Simulation_01","out","C>G",9,549,469.757414520205,480
"S1_epigenome_v025","Simulation_01","out","C>T",10,18042,17765.8844490535,17788
"S1_epigenome_v025","Simulation_01","out","C>T",3,43,11.9629823741178,11
"S1_epigenome_v025","Simulation_01","out","C>T",4,343,123.641863426303,134
"S1_epigenome_v025","Simulation_01","out","C>T",5,765,348.567100340829,329
"S1_epigenome_v025","Simulation_01","out","C>T",6,1067,587.165442313789,582
"S1_epigenome_v025","Simulation_01","out","C>T",7,1054,685.981833496982,689
"S1_epigenome_v025","Simulation_01","out","C>T",8,1255,942.848462916788,942
"S1_epigenome_v025","Simulation_01","out","C>T",9,1886,1615.29521663154,1611
"S1_epigenome_v025","Simulation_01","out","T>A",10,1579,1513.53314293748,1508
"S1_epigenome_v025","Simulation_01","out","T>A",3,18,5.05593275627761,4
"S1_epigenome_v025","Simulation_01","out","T>A",4,123,44.5374591754879,48
"S1_epigenome_v025","Simulation_01","out","T>A",5,296,134.633081867687,138
"S1_epigenome_v025","Simulation_01","out","T>A",6,442,244.011555060303,236
"S1_epigenome_v025","Simulation_01","out","T>A",7,412,266.934592693919,287
"S1_epigenome_v025","Simulation_01","out","T>A",8,513,385.354291810077,370
"S1_epigenome_v025","Simulation_01","out","T>A",9,722,615.267856444201,612
"S1_epigenome_v025","Simulation_01","out","T>C",10,1754,1701.78843063028,1695
"S1_epigenome_v025","Simulation_01","out","T>C",3,30,8.49570216487916,7
"S1_epigenome_v025","Simulation_01","out","T>C",4,205,73.4638300770435,71
"S1_epigenome_v025","Simulation_01","out","T>C",5,442,200.882564405683,200
"S1_epigenome_v025","Simulation_01","out","T>C",6,496,273.043965563032,284
"S1_epigenome_v025","Simulation_01","out","T>C",7,463,302.114141309164,320
"S1_epigenome_v025","Simulation_01","out","T>C",8,463,347.166623136292,358
"S1_epigenome_v025","Simulation_01","out","T>C",9,618,527.916832235512,540
"S1_epigenome_v025","Simulation_01","out","T>G",10,534,515.9950847696,519
"S1_epigenome_v025","Simulation_01","out","T>G",3,8,2.22681751046422,0
"S1_epigenome_v025","Simulation_01","out","T>G",4,51,18.2935621962936,23
"S1_epigenome_v025","Simulation_01","out","T>G",5,132,59.9201717942545,69
"S1_epigenome_v025","Simulation_01","out","T>G",6,180,98.8924021450125,119
"S1_epigenome_v025","Simulation_01","out","T>G",7,193,124.968250039159,126
"S1_epigenome_v025","Simulation_01","out","T>G",8,204,152.897714962633,161
"S1_epigenome_v025","Simulation_01","out","T>G",9,215,183.330828983327,181
"S1_epigenome_v025","Simulation_02","in","C>A",10,8408,7995.5259036507,8016
"S1_epigenome_v025","Simulation_02","in","C>A",3,117,32.6056753219602,37
"S1_epigenome_v025","Simulation_02","in","C>A",4,1335,483.64320648863,479
"S1_epigenome_v025","Simulation_02","in","C>A",5,3597,1642.5245402192,1717
"S1_epigenome_v025","Simulation_02","in","C>A",6,4658,2563.22837941425,2614
"S1_epigenome_v025","Simulation_02","in","C>A",7,4693,3051.1841643985,3098
"S1_epigenome_v025","Simulation_02","in","C>A",8,4995,3753.8127339748,3764
"S1_epigenome_v025","Simulation_02","in","C>A",9,6032,5140.65973559242,5146
"S1_epigenome_v025","Simulation_02","in","C>G",10,10365,9958.70335750093,9998
"S1_epigenome_v025","Simulation_02","in","C>G",3,36,10.0994934579036,15
"S1_epigenome_v025","Simulation_02","in","C>G",4,360,129.697967568994,131
"S1_epigenome_v025","Simulation_02","in","C>G",5,967,441.897486500021,448
"S1_epigenome_v025","Simulation_02","in","C>G",6,1468,807.100866360583,789
"S1_epigenome_v025","Simulation_02","in","C>G",7,1654,1079.34760521668,1076
"S1_epigenome_v025","Simulation_02","in","C>G",8,2059,1551.91369628351,1545
"S1_epigenome_v025","Simulation_02","in","C>G",9,3299,2821.24732855972,2815
"S1_epigenome_v025","Simulation_02","in","C>T",10,36484,35360.5063720982,35319
"S1_epigenome_v025","Simulation_02","in","C>T",3,164,44.9644645410912,43
"S1_epigenome_v025","Simulation_02","in","C>T",4,1322,475.172830947955,488
"S1_epigenome_v025","Simulation_02","in","C>T",5,3148,1436.60066582528,1489
"S1_epigenome_v025","Simulation_02","in","C>T",6,4285,2357.94640176113,2347
"S1_epigenome_v025","Simulation_02","in","C>T",7,4416,2874.60569386598,2875
"S1_epigenome_v025","Simulation_02","in","C>T",8,5519,4151.50927293907,4123
"S1_epigenome_v025","Simulation_02","in","C>T",9,8875,7592.60564035432,7557
"S1_epigenome_v025","Simulation_02","in","T>A",10,6842,6556.02121133867,6569
"S1_epigenome_v025","Simulation_02","in","T>A",3,45,12.4365073873504,15
"S1_epigenome_v025","Simulation_02","in","T>A",4,528,191.622844913258,196
"S1_epigenome_v025","Simulation_02","in","T>A",5,1318,603.181357582927,621
"S1_epigenome_v025","Simulation_02","in","T>A",6,2011,1107.00077741039,1115
"S1_epigenome_v025","Simulation_02","in","T>A",7,2077,1349.30690255148,1353
"S1_epigenome_v025","Simulation_02","in","T>A",8,2584,1944.45676683696,1943
"S1_epigenome_v025","Simulation_02","in","T>A",9,3584,3057.57536162142,3110
"S1_epigenome_v025","Simulation_02","in","T>C",10,7462,7124.11397799402,7148
"S1_epigenome_v025","Simulation_02","in","T>C",3,60,16.8042653551971,17
"S1_epigenome_v025","Simulation_02","in","T>C",4,547,197.990930377496,194
"S1_epigenome_v025","Simulation_02","in","T>C",5,1623,742.566840815124,741
"S1_epigenome_v025","Simulation_02","in","T>C",6,2489,1366.97889709417,1380
"S1_epigenome_v025","Simulation_02","in","T>C",7,2462,1602.47327540804,1596
"S1_epigenome_v025","Simulation_02","in","T>C",8,2840,2132.59223100816,2158
"S1_epigenome_v025","Simulation_02","in","T>C",9,3952,3376.94069374628,3397
"S1_epigenome_v025","Simulation_02","in","T>G",10,2538,2426.62471117899,2432
"S1_epigenome_v025","Simulation_02","in","T>G",3,11,3.17862361046114,4
"S1_epigenome_v025","Simulation_02","in","T>G",4,191,69.5321744362431,75
"S1_epigenome_v025","Simulation_02","in","T>G",5,511,233.844167821956,248
"S1_epigenome_v025","Simulation_02","in","T>G",6,713,391.12360283074,404
"S1_epigenome_v025","Simulation_02","in","T>G",7,739,483.233544472423,485
"S1_epigenome_v025","Simulation_02","in","T>G",8,887,666.583607001591,691
"S1_epigenome_v025","Simulation_02","in","T>G",9,1210,1033.38623204204,1038
"S1_epigenome_v025","Simulation_02","out","C>A",10,1946,1846.21347185159,1859
"S1_epigenome_v025","Simulation_02","out","C>A",3,24,6.70364575061732,6
"S1_epigenome_v025","Simulation_02","out","C>A",4,293,105.860490416378,121
"S1_epigenome_v025","Simulation_02","out","C>A",5,745,339.618848003838,350
"S1_epigenome_v025","Simulation_02","out","C>A",6,981,539.434411257863,536
"S1_epigenome_v025","Simulation_02","out","C>A",7,1040,675.93117055128,675
"S1_epigenome_v025","Simulation_02","out","C>A",8,1084,814.628479440653,790
"S1_epigenome_v025","Simulation_02","out","C>A",9,1472,1254.57460924274,1242
"S1_epigenome_v025","Simulation_02","out","C>G",10,3498,3374.4951839739,3363
"S1_epigenome_v025","Simulation_02","out","C>G",3,6,1.69602400448604,1
"S1_epigenome_v025","Simulation_02","out","C>G",4,59,21.2541592376833,25
"S1_epigenome_v025","Simulation_02","out","C>G",5,197,89.8553439235783,90
"S1_epigenome_v025","Simulation_02","out","C>G",6,345,189.288713922607,195
"S1_epigenome_v025","Simulation_02","out","C>G",7,375,244.81639935419,258
"S1_epigenome_v025","Simulation_02","out","C>G",8,470,353.527300136616,367
"S1_epigenome_v025","Simulation_02","out","C>G",9,840,719.012062444812,730
"S1_epigenome_v025","Simulation_02","out","C>T",10,8645,8385.34637647985,8379
"S1_epigenome_v025","Simulation_02","out","C>T",3,33,9.1707960177112,7
"S1_epigenome_v025","Simulation_02","out","C>T",4,264,95.3316136428993,93
"S1_epigenome_v025","Simulation_02","out","C>T",5,655,298.836965502402,302
"S1_epigenome_v025","Simulation_02","out","C>T",6,935,514.116353877439,508
"S1_epigenome_v025","Simulation_02","out","C>T",7,942,612.375532487753,602
"S1_epigenome_v025","Simulation_02","out","C>T",8,1236,931.62089861651,924
"S1_epigenome_v025","Simulation_02","out","C>T",9,1946,1664.97930469551,1661
"S1_epigenome_v025","Simulation_02","out","T>A",10,1273,1209.02293634979,1211
"S1_epigenome_v025","Simulation_02","out","T>A",3,11,3.07013809554445,0
"S1_epigenome_v025","Simulation_02","out","T>A",4,113,41.0741361635383,38
"S1_epigenome_v025","Simulation_02","out","T>A",5,252,115.540605848921,120
"S1_epigenome_v025","Simulation_02","out","T>A",6,471,258.923167095155,269
"S1_epigenome_v025","Simulation_02","out","T>A",7,486,315.958395080026,326
"S1_epigenome_v025","Simulation_02","out","T>A",8,549,413.664319483786,428
"S1_epigenome_v025","Simulation_02","out","T>A",9,783,668.525045989394,684
"S1_epigenome_v025","Simulation_02","out","T>C",10,1930,1848.76661954268,1857
"S1_epigenome_v025","Simulation_02","out","T>C",3,21,5.83734763551904,14
"S1_epigenome_v025","Simulation_02","out","T>C",4,124,44.9894990661031,53
"S1_epigenome_v025","Simulation_02","out","T>C",5,351,160.103913814654,178
"S1_epigenome_v025","Simulation_02","out","T>C",6,467,255.77211170816,244
"S1_epigenome_v025","Simulation_02","out","T>C",7,517,335.741774510565,333
"S1_epigenome_v025","Simulation_02","out","T>C",8,619,465.609856174854,475
"S1_epigenome_v025","Simulation_02","out","T>C",9,859,733.050989954678,743
"S1_epigenome_v025","Simulation_02","out","T>G",10,741,713.306256532169,713
"S1_epigenome_v025","Simulation_02","out","T>G",3,2,0.585291182369309,1
"S1_epigenome_v025","Simulation_02","out","T>G",4,43,15.7967988395999,24
"S1_epigenome_v025","Simulation_02","out","T>G",5,88,40.2558995554202,48
"S1_epigenome_v025","Simulation_02","out","T>G",6,150,82.2444123009747,82
"S1_epigenome_v025","Simulation_02","out","T>G",7,129,83.9632982113038,73
"S1_epigenome_v025","Simulation_02","out","T>G",8,184,138.160649097273,141
"S1_epigenome_v025","Simulation_02","out","T>G",9,269,229.655699820638,225
"S1_epigenome_v025","Simulation_03","in","C>A",10,17441,16727.6621615227,16804
"S1_epigenome_v025","Simulation_03","in","C>A",3,87,24.3968990087112,35
"S1_epigenome_v025","Simulation_03","in","C>A",4,1067,387.941993725827,397
"S1_epigenome_v025","Simulation_03","in","C>A",5,2960,1351.60319408582,1346
"S1_epigenome_v025","Simulation_03","in","C>A",6,4435,2439.53075816974,2441
"S1_epigenome_v025","Simulation_03","in","C>A",7,4580,2982.03767349841,3012
"S1_epigenome_v025","Simulation_03","in","C>A",8,5212,3920.32568768665,3976
"S1_epigenome_v025","Simulation_03","in","C>A",9,7537,6431.15547945575,6462
"S1_epigenome_v025","Simulation_03","in","C>G",10,8733,8437.88961056954,8450
"S1_epigenome_v025","Simulation_03","in","C>G",3,51,13.8569097261717,13
"S1_epigenome_v025","Simulation_03","in","C>G",4,433,155.301992912503,165
"S1_epigenome_v025","Simulation_03","in","C>G",5,985,448.83021372035,454
"S1_epigenome_v025","Simulation_03","in","C>G",6,1383,760.407407859449,754
"S1_epigenome_v025","Simulation_03","in","C>G",7,1447,942.15081872677,968
"S1_epigenome_v025","Simulation_03","in","C>G",8,1789,1347.62227625503,1386
"S1_epigenome_v025","Simulation_03","in","C>G",9,2911,2486.34924152359,2517
"S1_epigenome_v025","Simulation_03","in","C>T",10,46372,45350.4482154245,45345
"S1_epigenome_v025","Simulation_03","in","C>T",3,200,54.919654269194,64
"S1_epigenome_v025","Simulation_03","in","C>T",4,1527,548.811756281968,590
"S1_epigenome_v025","Simulation_03","in","C>T",5,3510,1598.36678040416,1600
"S1_epigenome_v025","Simulation_03","in","C>T",6,4519,2488.12799848489,2489
"S1_epigenome_v025","Simulation_03","in","C>T",7,4705,3060.63645426194,3062
"S1_epigenome_v025","Simulation_03","in","C>T",8,5408,4064.36851270383,4097
"S1_epigenome_v025","Simulation_03","in","C>T",9,8025,6855.33184029858,6883
"S1_epigenome_v025","Simulation_03","in","T>A",10,7830,7559.0702951608,7597
"S1_epigenome_v025","Simulation_03","in","T>A",3,48,13.2858751305636,13
"S1_epigenome_v025","Simulation_03","in","T>A",4,522,188.358137524169,183
"S1_epigenome_v025","Simulation_03","in","T>A",5,1246,568.388873546959,587
"S1_epigenome_v025","Simulation_03","in","T>A",6,1673,918.69989562227,934
"S1_epigenome_v025","Simulation_03","in","T>A",7,1673,1088.8872789737,1125
"S1_epigenome_v025","Simulation_03","in","T>A",8,1879,1413.74948043729,1415
"S1_epigenome_v025","Simulation_03","in","T>A",9,2731,2336.21853300584,2347
"S1_epigenome_v025","Simulation_03","in","T>C",10,3384,3218.63376680667,3237
"S1_epigenome_v025","Simulation_03","in","T>C",3,93,26.0028399538075,31
"S1_epigenome_v025","Simulation_03","in","T>C",4,886,320.800007720306,319
"S1_epigenome_v025","Simulation_03","in","T>C",5,2017,917.587759826881,934
"S1_epigenome_v025","Simulation_03","in","T>C",6,2305,1267.87895564982,1266
"S1_epigenome_v025","Simulation_03","in","T>C",7,2217,1438.84833010592,1479
"S1_epigenome_v025","Simulation_03","in","T>C",8,2214,1661.97137070827,1657
"S1_epigenome_v025","Simulation_03","in","T>C",9,2383,2030.0798287623,2049
"S1_epigenome_v025","Simulation_03","in","T>G",10,1265,1205.79594078974,1213
"S1_epigenome_v025","Simulation_03","in","T>G",3,19,5.28975954759197,4
"S1_epigenome_v025","Simulation_03","in","T>G",4,232,84.8317959582001,85
"S1_epigenome_v025","Simulation_03","in","T>G",5,580,264.627006554024,280
"S1_epigenome_v025","Simulation_03","in","T>G",6,771,424.755200501193,422
"S1_epigenome_v025","Simulation_03","in","T>G",7,743,481.916526021916,467
"S1_epigenome_v025","Simulation_03","in","T>G",8,769,577.089335035741,584
"S1_epigenome_v025","Simulation_03","in","T>G",9,987,839.054808301213,840
"S1_epigenome_v025","Simulation_03","out","C>A",10,2627,2507.48386995312,2515
"S1_epigenome_v025","Simulation_03","out","C>A",3,25,6.82288680816854,12
"S1_epigenome_v025","Simulation_03","out","C>A",4,286,103.308814022144,110
"S1_epigenome_v025","Simulation_03","out","C>A",5,743,341.15359241832,352
"S1_epigenome_v025","Simulation_03","out","C>A",6,1072,589.586873192874,620
"S1_epigenome_v025","Simulation_03","out","C>A",7,1006,654.78043877115,668
"S1_epigenome_v025","Simulation_03","out","C>A",8,1170,879.012253386764,904
"S1_epigenome_v025","Simulation_03","out","C>A",9,1618,1380.88570107851,1396
"S1_epigenome_v025","Simulation_03","out","C>G",10,2653,2574.30266756361,2565
"S1_epigenome_v025","Simulation_03","out","C>G",3,15,4.11701474576096,2
"S1_epigenome_v025","Simulation_03","out","C>G",4,94,33.8390506619678,29
"S1_epigenome_v025","Simulation_03","out","C>G",5,221,100.415260409112,107
"S1_epigenome_v025","Simulation_03","out","C>G",6,316,173.786194487779,177
"S1_epigenome_v025","Simulation_03","out","C>G",7,370,241.679643668702,259
"S1_epigenome_v025","Simulation_03","out","C>G",8,402,301.862939511209,311
"S1_epigenome_v025","Simulation_03","out","C>G",9,676,578.736851844602,576
"S1_epigenome_v025","Simulation_03","out","C>T",10,11033,10791.2117972696,10803
"S1_epigenome_v025","Simulation_03","out","C>T",2,1,0.176706150235182,0
"S1_epigenome_v025","Simulation_03","out","C>T",3,46,12.7122326455887,11
"S1_epigenome_v025","Simulation_03","out","C>T",4,361,129.807722287684,113
"S1_epigenome_v025","Simulation_03","out","C>T",5,832,378.188448011491,361
"S1_epigenome_v025","Simulation_03","out","C>T",6,1001,549.302476477765,573
"S1_epigenome_v025","Simulation_03","out","C>T",7,1071,695.832164585667,710
"S1_epigenome_v025","Simulation_03","out","C>T",8,1276,960.855259504846,921
"S1_epigenome_v025","Simulation_03","out","C>T",9,1827,1560.73621631361,1566
"S1_epigenome_v025","Simulation_03","out","T>A",10,1593,1535.72243862787,1545
"S1_epigenome_v025","Simulation_03","out","T>A",3,9,2.39620984978067,5
"S1_epigenome_v025","Simulation_03","out","T>A",4,115,41.7384869487543,46
"S1_epigenome_v025","Simulation_03","out","T>A",5,263,119.982555655894,114
"S1_epigenome_v025","Simulation_03","out","T>A",6,442,243.290156486374,241
"S1_epigenome_v025","Simulation_03","out","T>A",7,402,260.763728764536,273
"S1_epigenome_v025","Simulation_03","out","T>A",8,455,341.306454189268,356
"S1_epigenome_v025","Simulation_03","out","T>A",9,650,554.542760329139,555
"S1_epigenome_v025","Simulation_03","out","T>C",10,709,673.563571139149,687
"S1_epigenome_v025","Simulation_03","out","T>C",3,18,5.04435152440137,4
"S1_epigenome_v025","Simulation_03","out","T>C",4,210,76.4990046645288,82
"S1_epigenome_v025","Simulation_03","out","T>C",5,499,227.193809209819,207
"S1_epigenome_v025","Simulation_03","out","T>C",6,574,314.957718994039,331
"S1_epigenome_v025","Simulation_03","out","T>C",7,551,358.47065371509,370
"S1_epigenome_v025","Simulation_03","out","T>C",8,478,359.257701957435,374
"S1_epigenome_v025","Simulation_03","out","T>C",9,575,489.72384028409,498
"S1_epigenome_v025","Simulation_03","out","T>G",10,234,222.414781508864,226
"S1_epigenome_v025","Simulation_03","out","T>G",3,3,0.810056040952472,1
"S1_epigenome_v025","Simulation_03","out","T>G",4,50,18.0901412023412,9
"S1_epigenome_v025","Simulation_03","out","T>G",5,123,56.2659080283294,58
"S1_epigenome_v025","Simulation_03","out","T>G",6,167,91.5954954987779,99
"S1_epigenome_v025","Simulation_03","out","T>G",7,157,102.158069220267,101
"S1_epigenome_v025","Simulation_03","out","T>G",8,178,133.490289699623,138
"S1_epigenome_v025","Simulation_03","out","T>G",9,228,193.898585214001,197
"S1_epigenome_v025","Simulation_04","in","C>A",10,12800,12309.222544902,12297
"S1_epigenome_v025","Simulation_04","in","C>A",3,141,38.9134422865241,39
"S1_epigenome_v025","Simulation_04","in","C>A",4,1366,493.068200577228,487
"S1_epigenome_v025","Simulation_04","in","C>A",5,3469,1578.03354363633,1557
"S1_epigenome_v025","Simulation_04","in","C>A",6,4103,2254.50340867449,2254
"S1_epigenome_v025","Simulation_04","in","C>A",7,4115,2676.44401180142,2672
"S1_epigenome_v025","Simulation_04","in","C>A",8,4440,3332.6807828774,3349
"S1_epigenome_v025","Simulation_04","in","C>A",9,5923,5053.49602203805,5081
"S1_epigenome_v025","Simulation_04","in","C>G",10,37987,37462.031939886,37451
"S1_epigenome_v025","Simulation_04","in","C>G",3,61,16.7644977530218,22
"S1_epigenome_v025","Simulation_04","in","C>G",4,452,164.139044466963,159
"S1_epigenome_v025","Simulation_04","in","C>G",5,1193,544.843710344128,548
"S1_epigenome_v025","Simulation_04","in","C>G",6,1668,915.747848450228,918
"S1_epigenome_v025","Simulation_04","in","C>G",7,1676,1091.01365490606,1106
"S1_epigenome_v025","Simulation_04","in","C>G",8,1962,1475.21545123025,1453
"S1_epigenome_v025","Simulation_04","in","C>G",9,2927,2505.45293028027,2494
"S1_epigenome_v025","Simulation_04","in","C>T",10,20669,19837.7040354638,19814
"S1_epigenome_v025","Simulation_04","in","C>T",3,174,48.4403095805177,52
"S1_epigenome_v025","Simulation_04","in","C>T",4,1501,542.261785306897,547
"S1_epigenome_v025","Simulation_04","in","C>T",5,3497,1594.98413942184,1625
"S1_epigenome_v025","Simulation_04","in","C>T",6,4744,2606.56139773327,2589
"S1_epigenome_v025","Simulation_04","in","C>T",7,4935,3211.31857280323,3192
"S1_epigenome_v025","Simulation_04","in","C>T",8,5700,4290.98284369909,4274
"S1_epigenome_v025","Simulation_04","in","C>T",9,8528,7287.52968537611,7317
"S1_epigenome_v025","Simulation_04","in","T>A",10,2772,2621.4501685703,2628
"S1_epigenome_v025","Simulation_04","in","T>A",3,75,20.3762563293424,18
"S1_epigenome_v025","Simulation_04","in","T>A",4,642,233.407518766125,220
"S1_epigenome_v025","Simulation_04","in","T>A",5,1468,668.358137341391,645
"S1_epigenome_v025","Simulation_04","in","T>A",6,1954,1077.13761236282,1091
"S1_epigenome_v025","Simulation_04","in","T>A",7,1844,1198.0323575603,1224
"S1_epigenome_v025","Simulation_04","in","T>A",8,2021,1518.64683594428,1500
"S1_epigenome_v025","Simulation_04","in","T>A",9,2433,2070.89904277611,2074
"S1_epigenome_v025","Simulation_04","in","T>C",10,6137,5848.68798810135,5820
"S1_epigenome_v025","Simulation_04","in","T>C",2,1,0.195769189209001,1
"S1_epigenome_v025","Simulation_04","in","T>C",3,53,14.5516243406307,12
"S1_epigenome_v025","Simulation_04","in","T>C",4,675,243.247922797293,265
"S1_epigenome_v025","Simulation_04","in","T>C",5,1893,865.70260856972,882
"S1_epigenome_v025","Simulation_04","in","T>C",6,2416,1328.07369092221,1317
"S1_epigenome_v025","Simulation_04","in","T>C",7,2392,1555.20931411508,1525
"S1_epigenome_v025","Simulation_04","in","T>C",8,2717,2042.82940388443,2015
"S1_epigenome_v025","Simulation_04","in","T>C",9,3634,3101.46072460712,3111
"S1_epigenome_v025","Simulation_04","in","T>G",10,1071,1013.18384233331,1014
"S1_epigenome_v025","Simulation_04","in","T>G",3,23,6.46317156181131,8
"S1_epigenome_v025","Simulation_04","in","T>G",4,217,78.7537288554268,82
"S1_epigenome_v025","Simulation_04","in","T>G",5,542,247.543203173288,240
"S1_epigenome_v025","Simulation_04","in","T>G",6,844,463.754417293195,472
"S1_epigenome_v025","Simulation_04","in","T>G",7,822,534.163793659666,541
"S1_epigenome_v025","Simulation_04","in","T>G",8,840,630.04715499768,612
"S1_epigenome_v025","Simulation_04","in","T>G",9,991,844.124179249421,836
"S1_epigenome_v025","Simulation_04","out","C>A",10,2661,2548.74172426618,2554
"S1_epigenome_v025","Simulation_04","out","C>A",3,24,6.53579259219464,8
"S1_epigenome_v025","Simulation_04","out","C>A",4,294,105.672845986468,104
"S1_epigenome_v025","Simulation_04","out","C>A",5,729,332.644113144074,334
"S1_epigenome_v025","Simulation_04","out","C>A",6,925,508.190803594581,505
"S1_epigenome_v025","Simulation_04","out","C>A",7,978,635.877965733967,643
"S1_epigenome_v025","Simulation_04","out","C>A",8,1064,798.78921922447,792
"S1_epigenome_v025","Simulation_04","out","C>A",9,1343,1144.88512715208,1156
"S1_epigenome_v025","Simulation_04","out","C>G",10,4754,4651.47773887948,4649
"S1_epigenome_v025","Simulation_04","out","C>G",3,11,3.00306934669626,4
"S1_epigenome_v025","Simulation_04","out","C>G",4,119,42.8623727296258,43
"S1_epigenome_v025","Simulation_04","out","C>G",5,276,126.404091584779,127
"S1_epigenome_v025","Simulation_04","out","C>G",6,361,198.361052995527,188
"S1_epigenome_v025","Simulation_04","out","C>G",7,370,241.120597362743,208
"S1_epigenome_v025","Simulation_04","out","C>G",8,440,331.454738607283,322
"S1_epigenome_v025","Simulation_04","out","C>G",9,701,599.700736176431,602
"S1_epigenome_v025","Simulation_04","out","C>T",10,4918,4720.94076036864,4743
"S1_epigenome_v025","Simulation_04","out","C>T",3,50,13.682316253994,17
"S1_epigenome_v025","Simulation_04","out","C>T",4,348,124.617777340468,134
"S1_epigenome_v025","Simulation_04","out","C>T",5,839,382.975134133897,375
"S1_epigenome_v025","Simulation_04","out","C>T",6,1112,611.381391655311,612
"S1_epigenome_v025","Simulation_04","out","C>T",7,1074,698.388968715211,692
"S1_epigenome_v025","Simulation_04","out","C>T",8,1387,1043.09540885041,1079
"S1_epigenome_v025","Simulation_04","out","C>T",9,2076,1773.50603442336,1790
"S1_epigenome_v025","Simulation_04","out","T>A",10,742,703.976183462441,708
"S1_epigenome_v025","Simulation_04","out","T>A",3,12,3.37713482762279,5
"S1_epigenome_v025","Simulation_04","out","T>A",4,137,49.3634486079407,45
"S1_epigenome_v025","Simulation_04","out","T>A",5,365,166.486321715257,177
"S1_epigenome_v025","Simulation_04","out","T>A",6,448,247.092484082282,250
"S1_epigenome_v025","Simulation_04","out","T>A",7,468,303.709589457436,287
"S1_epigenome_v025","Simulation_04","out","T>A",8,477,357.731649583624,352
"S1_epigenome_v025","Simulation_04","out","T>A",9,610,519.620912144892,507
"S1_epigenome_v025","Simulation_04","out","T>C",10,1140,1080.44712336458,1078
"S1_epigenome_v025","Simulation_04","out","T>C",3,22,5.99896737075759,10
"S1_epigenome_v025","Simulation_04","out","T>C",4,136,49.495439294915,55
"S1_epigenome_v025","Simulation_04","out","T>C",5,424,194.00479167018,197
"S1_epigenome_v025","Simulation_04","out","T>C",6,623,342.801065965701,340
"S1_epigenome_v025","Simulation_04","out","T>C",7,587,382.464679114113,384
"S1_epigenome_v025","Simulation_04","out","T>C",8,776,582.991690641426,573
"S1_epigenome_v025","Simulation_04","out","T>C",9,842,717.297435278921,698
"S1_epigenome_v025","Simulation_04","out","T>G",10,290,274.553966196374,279
"S1_epigenome_v025","Simulation_04","out","T>G",3,2,0.576873816322448,0
"S1_epigenome_v025","Simulation_04","out","T>G",4,53,19.1281659386242,23
"S1_epigenome_v025","Simulation_04","out","T>G",5,132,60.3103039947579,59
"S1_epigenome_v025","Simulation_04","out","T>G",6,165,90.4751008427202,85
"S1_epigenome_v025","Simulation_04","out","T>G",7,187,121.321923727243,123
"S1_epigenome_v025","Simulation_04","out","T>G",8,221,165.824615702687,170
"S1_epigenome_v025","Simulation_04","out","T>G",9,248,210.900694216477,211
"S1_epigenome_v025","Simulation_05","in","C>A",10,7377,7032.91752339553,7080
"S1_epigenome_v025","Simulation_05","in","C>A",3,118,32.7016482855865,30
"S1_epigenome_v025","Simulation_05","in","C>A",4,1244,449.658014000425,485
"S1_epigenome_v025","Simulation_05","in","C>A",5,3156,1441.48428345042,1412
"S1_epigenome_v025","Simulation_05","in","C>A",6,4321,2374.19684318006,2372
"S1_epigenome_v025","Simulation_05","in","C>A",7,4210,2734.128027065,2734
"S1_epigenome_v025","Simulation_05","in","C>A",8,4399,3303.12845826081,3314
"S1_epigenome_v025","Simulation_05","in","C>A",9,5202,4433.86361481506,4462
"S1_epigenome_v025","Simulation_05","in","C>G",10,11585,11241.6617532744,11286
"S1_epigenome_v025","Simulation_05","in","C>G",3,70,19.5854541886109,21
"S1_epigenome_v025","Simulation_05","in","C>G",4,470,169.93065216765,170
"S1_epigenome_v025","Simulation_05","in","C>G",5,878,397.734795267799,404
"S1_epigenome_v025","Simulation_05","in","C>G",6,1007,552.657051782804,533
"S1_epigenome_v025","Simulation_05","in","C>G",7,1012,658.179728908226,660
"S1_epigenome_v025","Simulation_05","in","C>G",8,1198,899.958131178923,885
"S1_epigenome_v025","Simulation_05","in","C>G",9,1881,1610.38660023928,1633
"S1_epigenome_v025","Simulation_05","in","C>T",10,28010,27160.1087018246,27157
"S1_epigenome_v025","Simulation_05","in","C>T",3,236,64.5910730911533,79
"S1_epigenome_v025","Simulation_05","in","C>T",4,1536,551.171248013663,541
"S1_epigenome_v025","Simulation_05","in","C>T",5,2988,1357.26251586591,1381
"S1_epigenome_v025","Simulation_05","in","C>T",6,3413,1878.02864471366,1898
"S1_epigenome_v025","Simulation_05","in","C>T",7,3543,2300.80141688696,2310
"S1_epigenome_v025","Simulation_05","in","C>T",8,4046,3042.68925743499,3061
"S1_epigenome_v025","Simulation_05","in","C>T",9,6450,5520.91903376591,5503
"S1_epigenome_v025","Simulation_05","in","T>A",10,5623,5410.90088008907,5446
"S1_epigenome_v025","Simulation_05","in","T>A",3,79,21.9485832243745,30
"S1_epigenome_v025","Simulation_05","in","T>A",4,508,183.174396555075,177
"S1_epigenome_v025","Simulation_05","in","T>A",5,1170,531.692273881773,577
"S1_epigenome_v025","Simulation_05","in","T>A",6,1392,764.124862247143,749
"S1_epigenome_v025","Simulation_05","in","T>A",7,1346,875.672166989299,874
"S1_epigenome_v025","Simulation_05","in","T>A",8,1571,1179.89966756507,1204
"S1_epigenome_v025","Simulation_05","in","T>A",9,2301,1966.02865197236,1960
"S1_epigenome_v025","Simulation_05","in","T>C",10,1865,1758.76074450971,1772
"S1_epigenome_v025","Simulation_05","in","T>C",3,119,32.9945820967231,38
"S1_epigenome_v025","Simulation_05","in","T>C",4,874,315.73125368501,340
"S1_epigenome_v025","Simulation_05","in","T>C",5,1762,801.552605802191,804
"S1_epigenome_v025","Simulation_05","in","T>C",6,1976,1085.35332567134,1124
"S1_epigenome_v025","Simulation_05","in","T>C",7,1850,1202.31544807063,1207
"S1_epigenome_v025","Simulation_05","in","T>C",8,1788,1341.82760406059,1379
"S1_epigenome_v025","Simulation_05","in","T>C",9,1929,1640.98166541119,1647
"S1_epigenome_v025","Simulation_05","in","T>G",10,545,513.331231545768,511
"S1_epigenome_v025","Simulation_05","in","T>G",3,27,7.4209940634096,7
"S1_epigenome_v025","Simulation_05","in","T>G",4,257,92.6081447769894,96
"S1_epigenome_v025","Simulation_05","in","T>G",5,537,242.565328841676,259
"S1_epigenome_v025","Simulation_05","in","T>G",6,572,313.01504738674,303
"S1_epigenome_v025","Simulation_05","in","T>G",7,597,388.342264835451,415
"S1_epigenome_v025","Simulation_05","in","T>G",8,568,427.083969590852,447
"S1_epigenome_v025","Simulation_05","in","T>G",9,633,538.505612559266,544
"S1_epigenome_v025","Simulation_05","out","C>A",10,2093,1994.01666033123,2000
"S1_epigenome_v025","Simulation_05","out","C>A",3,38,10.3528545247915,9
"S1_epigenome_v025","Simulation_05","out","C>A",4,330,119.451184674459,112
"S1_epigenome_v025","Simulation_05","out","C>A",5,843,382.491578959582,398
"S1_epigenome_v025","Simulation_05","out","C>A",6,1063,584.410634396909,564
"S1_epigenome_v025","Simulation_05","out","C>A",7,989,642.718370375493,654
"S1_epigenome_v025","Simulation_05","out","C>A",8,1114,836.400408260944,829
"S1_epigenome_v025","Simulation_05","out","C>A",9,1420,1208.93374200665,1218
"S1_epigenome_v025","Simulation_05","out","C>G",10,2299,2218.22303483919,2212
"S1_epigenome_v025","Simulation_05","out","C>G",3,19,5.30664589018768,9
"S1_epigenome_v025","Simulation_05","out","C>G",4,116,42.097786443124,38
"S1_epigenome_v025","Simulation_05","out","C>G",5,253,115.252422732376,111
"S1_epigenome_v025","Simulation_05","out","C>G",6,282,155.407130702007,161
"S1_epigenome_v025","Simulation_05","out","C>G",7,268,174.498271518224,177
"S1_epigenome_v025","Simulation_05","out","C>G",8,353,265.680717026383,265
"S1_epigenome_v025","Simulation_05","out","C>G",9,538,460.062129818355,469
"S1_epigenome_v025","Simulation_05","out","C>T",10,9784,9517.96349713663,9509
"S1_epigenome_v025","Simulation_05","out","C>T",3,74,20.4379404680908,20
"S1_epigenome_v025","Simulation_05","out","C>T",4,420,150.421293157367,151
"S1_epigenome_v025","Simulation_05","out","C>T",5,824,374.986460764735,382
"S1_epigenome_v025","Simulation_05","out","C>T",6,962,528.505480137998,528
"S1_epigenome_v025","Simulation_05","out","C>T",7,1013,658.7867125209,686
"S1_epigenome_v025","Simulation_05","out","C>T",8,1134,852.435902288867,828
"S1_epigenome_v025","Simulation_05","out","C>T",9,1759,1505.39516740067,1524
"S1_epigenome_v025","Simulation_05","out","T>A",10,548,519.731875783116,526
"S1_epigenome_v025","Simulation_05","out","T>A",3,15,4.17874704476113,5
"S1_epigenome_v025","Simulation_05","out","T>A",4,186,66.7074056580663,55
"S1_epigenome_v025","Simulation_05","out","T>A",5,389,177.427635575179,178
"S1_epigenome_v025","Simulation_05","out","T>A",6,470,258.282563533406,258
"S1_epigenome_v025","Simulation_05","out","T>A",7,370,240.699462229283,235
"S1_epigenome_v025","Simulation_05","out","T>A",8,410,307.349350730221,296
"S1_epigenome_v025","Simulation_05","out","T>A",9,459,391.024356670432,395
"S1_epigenome_v025","Simulation_05","out","T>C",10,437,411.34742318164,423
"S1_epigenome_v025","Simulation_05","out","T>C",3,34,9.5642479555331,8
"S1_epigenome_v025","Simulation_05","out","T>C",4,248,89.47811388375,95
"S1_epigenome_v025","Simulation_05","out","T>C",5,482,219.287804887587,202
"S1_epigenome_v025","Simulation_05","out","T>C",6,606,332.448874514715,344
"S1_epigenome_v025","Simulation_05","out","T>C",7,551,358.247777365714,348
"S1_epigenome_v025","Simulation_05","out","T>C",8,517,387.479264283154,392
"S1_epigenome_v025","Simulation_05","out","T>C",9,533,453.320628748574,449
"S1_epigenome_v025","Simulation_05","out","T>G",10,161,151.220393549047,152
"S1_epigenome_v025","Simulation_05","out","T>G",3,9,2.50179085007578,5
"S1_epigenome_v025","Simulation_05","out","T>G",4,53,19.024875612854,17
"S1_epigenome_v025","Simulation_05","out","T>G",5,136,61.6518477566178,71
"S1_epigenome_v025","Simulation_05","out","T>G",6,144,79.3284981085256,88
"S1_epigenome_v025","Simulation_05","out","T>G",7,157,101.813355573939,99
"S1_epigenome_v025","Simulation_05","out","T>G",8,187,140.107448251838,139
"S1_epigenome_v025","Simulation_05","out","T>G",9,225,191.998377218425,200
"S1_epigenome_v025","Simulation_06","in","C>A",10,6385,6048.6014557375,6053
"S1_epigenome_v025","Simulation_06","in","C>A",3,129,36.4207904604847,35
"S1_epigenome_v025","Simulation_06","in","C>A",4,1308,475.199430064836,458
"S1_epigenome_v025","Simulation_06","in","C>A",5,3250,1478.29391202716,1426
"S1_epigenome_v025","Simulation_06","in","C>A",6,4344,2386.92153147116,2380
"S1_epigenome_v025","Simulation_06","in","C>A",7,4226,2748.77204115961,2775
"S1_epigenome_v025","Simulation_06","in","C>A",8,4622,3471.19924986118,3481
"S1_epigenome_v025","Simulation_06","in","C>A",9,5395,4594.85170983861,4596
"S1_epigenome_v025","Simulation_06","in","C>G",10,14203,13743.3089713028,13736
"S1_epigenome_v025","Simulation_06","in","C>G",3,46,12.8180978418116,18
"S1_epigenome_v025","Simulation_06","in","C>G",4,356,128.99215210737,112
"S1_epigenome_v025","Simulation_06","in","C>G",5,939,429.801019806952,440
"S1_epigenome_v025","Simulation_06","in","C>G",6,1533,843.655038722889,837
"S1_epigenome_v025","Simulation_06","in","C>G",7,1585,1033.00308423794,1041
"S1_epigenome_v025","Simulation_06","in","C>G",8,2072,1560.36029868983,1534
"S1_epigenome_v025","Simulation_06","in","C>G",9,3327,2848.87487535142,2840
"S1_epigenome_v025","Simulation_06","in","C>T",10,56531,55266.432316913,55288
"S1_epigenome_v025","Simulation_06","in","C>T",3,189,51.3714868821994,51
"S1_epigenome_v025","Simulation_06","in","C>T",4,1342,483.364165385036,468
"S1_epigenome_v025","Simulation_06","in","C>T",5,3103,1416.04470268283,1453
"S1_epigenome_v025","Simulation_06","in","C>T",6,3927,2160.32992135595,2195
"S1_epigenome_v025","Simulation_06","in","C>T",7,4156,2706.53170676279,2756
"S1_epigenome_v025","Simulation_06","in","C>T",8,4870,3665.33707103876,3689
"S1_epigenome_v025","Simulation_06","in","C>T",9,8019,6859.28284561147,6879
"S1_epigenome_v025","Simulation_06","in","T>A",10,5790,5539.18216503081,5534
"S1_epigenome_v025","Simulation_06","in","T>A",2,1,0.188236735709789,1
"S1_epigenome_v025","Simulation_06","in","T>A",3,49,13.625432074131,14
"S1_epigenome_v025","Simulation_06","in","T>A",4,478,172.474269154671,162
"S1_epigenome_v025","Simulation_06","in","T>A",5,1288,587.80144796307,601
"S1_epigenome_v025","Simulation_06","in","T>A",6,1766,970.745211827584,977
"S1_epigenome_v025","Simulation_06","in","T>A",7,1832,1191.00516688427,1197
"S1_epigenome_v025","Simulation_06","in","T>A",8,2105,1582.14443806448,1600
"S1_epigenome_v025","Simulation_06","in","T>A",9,2818,2402.59770539689,2419
"S1_epigenome_v025","Simulation_06","in","T>C",10,4247,4038.63245195645,4044
"S1_epigenome_v025","Simulation_06","in","T>C",3,88,24.6621587396528,21
"S1_epigenome_v025","Simulation_06","in","T>C",4,659,238.603182874432,254
"S1_epigenome_v025","Simulation_06","in","T>C",5,1742,791.969558265383,830
"S1_epigenome_v025","Simulation_06","in","T>C",6,2275,1250.47637424932,1258
"S1_epigenome_v025","Simulation_06","in","T>C",7,2180,1417.40542642779,1433
"S1_epigenome_v025","Simulation_06","in","T>C",8,2426,1823.34261685675,1834
"S1_epigenome_v025","Simulation_06","in","T>C",9,2929,2495.849298288,2497
"S1_epigenome_v025","Simulation_06","in","T>G",10,2032,1949.06739118795,1953
"S1_epigenome_v025","Simulation_06","in","T>G",3,15,4.09360808783912,5
"S1_epigenome_v025","Simulation_06","in","T>G",4,213,76.4957555285598,82
"S1_epigenome_v025","Simulation_06","in","T>G",5,454,207.704143411854,214
"S1_epigenome_v025","Simulation_06","in","T>G",6,616,338.343242658133,335
"S1_epigenome_v025","Simulation_06","in","T>G",7,695,451.489028679422,466
"S1_epigenome_v025","Simulation_06","in","T>G",8,722,541.196285828976,553
"S1_epigenome_v025","Simulation_06","in","T>G",9,963,820.387556741755,801
"S1_epigenome_v025","Simulation_06","out","C>A",10,1071,1011.71514572781,1015
"S1_epigenome_v025","Simulation_06","out","C>A",3,39,10.8986002640365,8
"S1_epigenome_v025","Simulation_06","out","C>A",4,372,134.936709356479,139
"S1_epigenome_v025","Simulation_06","out","C>A",5,871,396.750447611001,418
"S1_epigenome_v025","Simulation_06","out","C>A",6,963,528.004116531939,528
"S1_epigenome_v025","Simulation_06","out","C>A",7,1005,654.104008859884,650
"S1_epigenome_v025","Simulation_06","out","C>A",8,1018,763.272932826703,745
"S1_epigenome_v025","Simulation_06","out","C>A",9,1139,969.55069072731,987
"S1_epigenome_v025","Simulation_06","out","C>G",10,5979,5826.15469618622,5833
"S1_epigenome_v025","Simulation_06","out","C>G",3,12,3.18184932433452,5
"S1_epigenome_v025","Simulation_06","out","C>G",4,105,38.2396964460707,47
"S1_epigenome_v025","Simulation_06","out","C>G",5,277,127.207360520517,141
"S1_epigenome_v025","Simulation_06","out","C>G",6,384,210.487738263142,200
"S1_epigenome_v025","Simulation_06","out","C>G",7,410,266.424511931481,252
"S1_epigenome_v025","Simulation_06","out","C>G",8,533,400.428540612401,406
"S1_epigenome_v025","Simulation_06","out","C>G",9,871,744.236404120467,742
"S1_epigenome_v025","Simulation_06","out","C>T",10,10529,10245.8223598896,10239
"S1_epigenome_v025","Simulation_06","out","C>T",2,1,0.198896323997422,0
"S1_epigenome_v025","Simulation_06","out","C>T",3,58,16.0753694882069,11
"S1_epigenome_v025","Simulation_06","out","C>T",4,344,124.133464029242,120
"S1_epigenome_v025","Simulation_06","out","C>T",5,761,344.304504220866,328
"S1_epigenome_v025","Simulation_06","out","C>T",6,1077,592.085632153243,570
"S1_epigenome_v025","Simulation_06","out","C>T",7,1076,701.806256855147,707
"S1_epigenome_v025","Simulation_06","out","C>T",8,1268,952.440169881811,953
"S1_epigenome_v025","Simulation_06","out","C>T",9,1990,1701.80818202593,1713
"S1_epigenome_v025","Simulation_06","out","T>A",10,689,653.046820180976,650
"S1_epigenome_v025","Simulation_06","out","T>A",3,19,5.22874283643121,9
"S1_epigenome_v025","Simulation_06","out","T>A",4,143,51.8574984586716,54
"S1_epigenome_v025","Simulation_06","out","T>A",5,357,162.514580260832,170
"S1_epigenome_v025","Simulation_06","out","T>A",6,437,239.734799382106,258
"S1_epigenome_v025","Simulation_06","out","T>A",7,468,305.096934712717,320
"S1_epigenome_v025","Simulation_06","out","T>A",8,487,366.857119004774,369
"S1_epigenome_v025","Simulation_06","out","T>A",9,591,504.620145097059,492
"S1_epigenome_v025","Simulation_06","out","T>C",10,791,746.633779495536,749
"S1_epigenome_v025","Simulation_06","out","T>C",3,20,5.46929330465343,9
"S1_epigenome_v025","Simulation_06","out","T>C",4,198,71.5798381717734,62
"S1_epigenome_v025","Simulation_06","out","T>C",5,414,188.786470494307,171
"S1_epigenome_v025","Simulation_06","out","T>C",6,519,284.134381229034,276
"S1_epigenome_v025","Simulation_06","out","T>C",7,520,338.508648524051,356
"S1_epigenome_v025","Simulation_06","out","T>C",8,581,437.727800928797,438
"S1_epigenome_v025","Simulation_06","out","T>C",9,747,636.142625216585,643
"S1_epigenome_v025","Simulation_06","out","T>G",10,350,332.756899599771,340
"S1_epigenome_v025","Simulation_06","out","T>G",3,7,1.88770036512155,2
"S1_epigenome_v025","Simulation_06","out","T>G",4,55,19.9878314529798,18
"S1_epigenome_v025","Simulation_06","out","T>G",5,127,57.9678146497941,61
"S1_epigenome_v025","Simulation_06","out","T>G",6,163,89.238168848454,98
"S1_epigenome_v025","Simulation_06","out","T>G",7,179,116.622504899685,114
"S1_epigenome_v025","Simulation_06","out","T>G",8,182,136.625182794488,143
"S1_epigenome_v025","Simulation_06","out","T>G",9,241,204.954771522881,210
"S1_epigenome_v025","Simulation_07","in","C>A",10,18611,17928.9956609316,17881
"S1_epigenome_v025","Simulation_07","in","C>A",2,1,0.188405588352241,0
"S1_epigenome_v025","Simulation_07","in","C>A",3,107,29.7558763846896,40
"S1_epigenome_v025","Simulation_07","in","C>A",4,1395,506.776584254175,518
"S1_epigenome_v025","Simulation_07","in","C>A",5,3675,1674.88606886512,1671
"S1_epigenome_v025","Simulation_07","in","C>A",6,4728,2598.63938574095,2600
"S1_epigenome_v025","Simulation_07","in","C>A",7,4976,3241.42846413025,3202
"S1_epigenome_v025","Simulation_07","in","C>A",8,5559,4175.80594697882,4198
"S1_epigenome_v025","Simulation_07","in","C>A",9,7649,6531.48755962573,6566
"S1_epigenome_v025","Simulation_07","in","C>G",10,22950,22194.7674235595,22214
"S1_epigenome_v025","Simulation_07","in","C>G",3,43,11.7840928677323,8
"S1_epigenome_v025","Simulation_07","in","C>G",4,364,132.298254714485,135
"S1_epigenome_v025","Simulation_07","in","C>G",5,1158,532.357692351123,491
"S1_epigenome_v025","Simulation_07","in","C>G",6,2496,1373.36288198989,1371
"S1_epigenome_v025","Simulation_07","in","C>G",7,2672,1743.10023759444,1755
"S1_epigenome_v025","Simulation_07","in","C>G",8,3484,2626.60092084092,2617
"S1_epigenome_v025","Simulation_07","in","C>G",9,5996,5128.72242205931,5170
"S1_epigenome_v025","Simulation_07","in","C>T",10,34732,33562.0765474474,33538
"S1_epigenome_v025","Simulation_07","in","C>T",3,152,41.7253458691889,51
"S1_epigenome_v025","Simulation_07","in","C>T",4,1423,516.676048602183,508
"S1_epigenome_v025","Simulation_07","in","C>T",5,4083,1866.05779011766,1889
"S1_epigenome_v025","Simulation_07","in","C>T",6,6052,3323.90819099713,3358
"S1_epigenome_v025","Simulation_07","in","C>T",7,6316,4110.80097002394,4091
"S1_epigenome_v025","Simulation_07","in","C>T",8,7413,5575.42421671171,5579
"S1_epigenome_v025","Simulation_07","in","C>T",9,10915,9327.48779667606,9350
"S1_epigenome_v025","Simulation_07","in","T>A",10,10309,9940.36128114806,9970
"S1_epigenome_v025","Simulation_07","in","T>A",2,1,0.193032062896598,0
"S1_epigenome_v025","Simulation_07","in","T>A",3,43,11.7567443908106,10
"S1_epigenome_v025","Simulation_07","in","T>A",4,519,188.423086789768,202
"S1_epigenome_v025","Simulation_07","in","T>A",5,1427,651.498733428079,640
"S1_epigenome_v025","Simulation_07","in","T>A",6,2022,1112.20788413199,1160
"S1_epigenome_v025","Simulation_07","in","T>A",7,2152,1400.57467826229,1357
"S1_epigenome_v025","Simulation_07","in","T>A",8,2601,1954.93543093316,1949
"S1_epigenome_v025","Simulation_07","in","T>A",9,3671,3135.3643857305,3139
"S1_epigenome_v025","Simulation_07","in","T>C",10,14776,14237.5486984386,14239
"S1_epigenome_v025","Simulation_07","in","T>C",3,38,10.6244663771435,10
"S1_epigenome_v025","Simulation_07","in","T>C",4,475,172.936254215258,170
"S1_epigenome_v025","Simulation_07","in","T>C",5,1613,740.675792468907,748
"S1_epigenome_v025","Simulation_07","in","T>C",6,3386,1864.19539453437,1808
"S1_epigenome_v025","Simulation_07","in","T>C",7,3488,2268.25755603495,2248
"S1_epigenome_v025","Simulation_07","in","T>C",8,3998,3004.55123755651,3013
"S1_epigenome_v025","Simulation_07","in","T>C",9,5856,5000.25061012764,5031
"S1_epigenome_v025","Simulation_07","in","T>G",10,6813,6605.63306060065,6621
"S1_epigenome_v025","Simulation_07","in","T>G",3,13,3.6539561315281,4
"S1_epigenome_v025","Simulation_07","in","T>G",4,145,52.7851800363511,51
"S1_epigenome_v025","Simulation_07","in","T>G",5,526,240.950496222657,229
"S1_epigenome_v025","Simulation_07","in","T>G",6,1023,561.552900024654,554
"S1_epigenome_v025","Simulation_07","in","T>G",7,1045,681.042573143262,709
"S1_epigenome_v025","Simulation_07","in","T>G",8,1312,987.349620832743,965
"S1_epigenome_v025","Simulation_07","in","T>G",9,1978,1688.14895433106,1671
"S1_epigenome_v025","Simulation_07","out","C>A",10,5798,5587.06116633664,5609
"S1_epigenome_v025","Simulation_07","out","C>A",2,1,0.197858388358765,1
"S1_epigenome_v025","Simulation_07","out","C>A",3,30,8.32154429342517,9
"S1_epigenome_v025","Simulation_07","out","C>A",4,293,106.582545847399,115
"S1_epigenome_v025","Simulation_07","out","C>A",5,858,392.31647659261,414
"S1_epigenome_v025","Simulation_07","out","C>A",6,1265,693.313386982166,665
"S1_epigenome_v025","Simulation_07","out","C>A",7,1265,824.773875587351,834
"S1_epigenome_v025","Simulation_07","out","C>A",8,1417,1065.24920640653,1057
"S1_epigenome_v025","Simulation_07","out","C>A",9,2121,1810.82704477874,1807
"S1_epigenome_v025","Simulation_07","out","C>G",10,5850,5669.95261847461,5694
"S1_epigenome_v025","Simulation_07","out","C>G",3,7,1.98163970974653,2
"S1_epigenome_v025","Simulation_07","out","C>G",4,87,31.2262269011226,32
"S1_epigenome_v025","Simulation_07","out","C>G",5,276,126.977968668595,111
"S1_epigenome_v025","Simulation_07","out","C>G",6,542,297.547753409571,321
"S1_epigenome_v025","Simulation_07","out","C>G",7,577,376.153218235458,386
"S1_epigenome_v025","Simulation_07","out","C>G",8,699,525.262172183286,522
"S1_epigenome_v025","Simulation_07","out","C>G",9,1243,1063.95522378569,1051
"S1_epigenome_v025","Simulation_07","out","C>T",10,8618,8330.20641788853,8318
"S1_epigenome_v025","Simulation_07","out","C>T",3,45,12.5492442095916,13
"S1_epigenome_v025","Simulation_07","out","C>T",4,322,116.173266726606,112
"S1_epigenome_v025","Simulation_07","out","C>T",5,1002,455.744828452845,456
"S1_epigenome_v025","Simulation_07","out","C>T",6,1395,767.849417947681,786
"S1_epigenome_v025","Simulation_07","out","C>T",7,1415,921.786298502367,892
"S1_epigenome_v025","Simulation_07","out","C>T",8,1701,1277.64256636722,1262
"S1_epigenome_v025","Simulation_07","out","C>T",9,2552,2178.67077416603,2185
"S1_epigenome_v025","Simulation_07","out","T>A",10,2211,2121.56593288012,2135
"S1_epigenome_v025","Simulation_07","out","T>A",3,10,2.77576560151628,3
"S1_epigenome_v025","Simulation_07","out","T>A",4,124,45.3029818931774,48
"S1_epigenome_v025","Simulation_07","out","T>A",5,342,156.061554504735,160
"S1_epigenome_v025","Simulation_07","out","T>A",6,513,282.599150878497,301
"S1_epigenome_v025","Simulation_07","out","T>A",7,494,321.373340592542,326
"S1_epigenome_v025","Simulation_07","out","T>A",8,576,431.99499042727,435
"S1_epigenome_v025","Simulation_07","out","T>A",9,875,748.650733719467,744
"S1_epigenome_v025","Simulation_07","out","T>C",10,3279,3156.82803803027,3171
"S1_epigenome_v025","Simulation_07","out","T>C",3,19,5.33462897889547,6
"S1_epigenome_v025","Simulation_07","out","T>C",4,148,53.4680589527403,48
"S1_epigenome_v025","Simulation_07","out","T>C",5,410,187.635386019587,188
"S1_epigenome_v025","Simulation_07","out","T>C",6,591,324.695281513599,336
"S1_epigenome_v025","Simulation_07","out","T>C",7,672,436.712952160185,437
"S1_epigenome_v025","Simulation_07","out","T>C",8,818,614.965489119532,614
"S1_epigenome_v025","Simulation_07","out","T>C",9,1226,1048.00560324248,1060
"S1_epigenome_v025","Simulation_07","out","T>G",10,1470,1420.36108098303,1441
"S1_epigenome_v025","Simulation_07","out","T>G",3,2,0.561391939854962,0
"S1_epigenome_v025","Simulation_07","out","T>G",4,39,14.2691538255243,14
"S1_epigenome_v025","Simulation_07","out","T>G",5,147,66.6622227645723,59
"S1_epigenome_v025","Simulation_07","out","T>G",6,200,109.3639322077,116
"S1_epigenome_v025","Simulation_07","out","T>G",7,250,162.222230311371,169
"S1_epigenome_v025","Simulation_07","out","T>G",8,268,200.736401178343,206
"S1_epigenome_v025","Simulation_07","out","T>G",9,386,329.755971179508,329
"S1_epigenome_v025","Simulation_08","in","C>A",10,8387,8056.86093800422,8069
"S1_epigenome_v025","Simulation_08","in","C>A",3,114,31.9683596249359,31
"S1_epigenome_v025","Simulation_08","in","C>A",4,1131,409.198364998219,388
"S1_epigenome_v025","Simulation_08","in","C>A",5,3128,1426.14799097303,1462
"S1_epigenome_v025","Simulation_08","in","C>A",6,3943,2166.56579116141,2182
"S1_epigenome_v025","Simulation_08","in","C>A",7,4012,2602.4572557094,2663
"S1_epigenome_v025","Simulation_08","in","C>A",8,4240,3184.04604227281,3181
"S1_epigenome_v025","Simulation_08","in","C>A",9,4890,4164.27077106267,4207
"S1_epigenome_v025","Simulation_08","in","C>G",10,10992,10675.9548408601,10659
"S1_epigenome_v025","Simulation_08","in","C>G",3,34,9.23471419257499,7
"S1_epigenome_v025","Simulation_08","in","C>G",4,319,116.073832044244,115
"S1_epigenome_v025","Simulation_08","in","C>G",5,852,389.236807644231,389
"S1_epigenome_v025","Simulation_08","in","C>G",6,1198,658.774088163528,646
"S1_epigenome_v025","Simulation_08","in","C>G",7,1266,825.191961283964,835
"S1_epigenome_v025","Simulation_08","in","C>G",8,1551,1167.88417402687,1178
"S1_epigenome_v025","Simulation_08","in","C>G",9,2440,2087.25546277606,2073
"S1_epigenome_v025","Simulation_08","in","C>T",10,31894,30937.9497639631,31012
"S1_epigenome_v025","Simulation_08","in","C>T",3,104,28.9010125376049,30
"S1_epigenome_v025","Simulation_08","in","C>T",4,1039,376.099621154736,370
"S1_epigenome_v025","Simulation_08","in","C>T",5,2729,1247.3996765296,1247
"S1_epigenome_v025","Simulation_08","in","C>T",6,4031,2215.67497741362,2209
"S1_epigenome_v025","Simulation_08","in","C>T",7,4296,2798.66076111033,2765
"S1_epigenome_v025","Simulation_08","in","C>T",8,5289,3980.56670287744,3899
"S1_epigenome_v025","Simulation_08","in","C>T",9,7900,6759.44566350155,6758
"S1_epigenome_v025","Simulation_08","in","T>A",10,4104,3932.97658806715,3930
"S1_epigenome_v025","Simulation_08","in","T>A",3,46,12.8709660351698,12
"S1_epigenome_v025","Simulation_08","in","T>A",4,452,163.525205413945,178
"S1_epigenome_v025","Simulation_08","in","T>A",5,1174,535.135472950695,565
"S1_epigenome_v025","Simulation_08","in","T>A",6,1479,814.06420455674,810
"S1_epigenome_v025","Simulation_08","in","T>A",7,1511,982.432987705656,997
"S1_epigenome_v025","Simulation_08","in","T>A",8,1793,1347.82232697924,1349
"S1_epigenome_v025","Simulation_08","in","T>A",9,2329,1984.50228141609,2006
"S1_epigenome_v025","Simulation_08","in","T>C",10,15363,14922.0438312513,14915
"S1_epigenome_v025","Simulation_08","in","T>C",3,32,9.12351101978653,12
"S1_epigenome_v025","Simulation_08","in","T>C",4,483,175.716998255035,178
"S1_epigenome_v025","Simulation_08","in","T>C",5,1203,550.438364057429,556
"S1_epigenome_v025","Simulation_08","in","T>C",6,1955,1074.6669463908,1065
"S1_epigenome_v025","Simulation_08","in","T>C",7,1966,1280.30485580585,1291
"S1_epigenome_v025","Simulation_08","in","T>C",8,2305,1733.82848849272,1735
"S1_epigenome_v025","Simulation_08","in","T>C",9,3641,3113.25176563126,3105
"S1_epigenome_v025","Simulation_08","in","T>G",10,2084,1996.20169836174,1996
"S1_epigenome_v025","Simulation_08","in","T>G",3,11,3.15732406962387,4
"S1_epigenome_v025","Simulation_08","in","T>G",4,134,48.976081841186,44
"S1_epigenome_v025","Simulation_08","in","T>G",5,378,173.511556851073,185
"S1_epigenome_v025","Simulation_08","in","T>G",6,645,353.834987900551,348
"S1_epigenome_v025","Simulation_08","in","T>G",7,664,433.004215684836,440
"S1_epigenome_v025","Simulation_08","in","T>G",8,717,539.431392098109,542
"S1_epigenome_v025","Simulation_08","in","T>G",9,1018,869.433159913066,870
"S1_epigenome_v025","Simulation_08","out","C>A",10,2872,2785.45307282672,2806
"S1_epigenome_v025","Simulation_08","out","C>A",3,19,5.23956592523661,4
"S1_epigenome_v025","Simulation_08","out","C>A",4,228,82.6576064287166,83
"S1_epigenome_v025","Simulation_08","out","C>A",5,663,302.583287910056,299
"S1_epigenome_v025","Simulation_08","out","C>A",6,921,506.582411459782,542
"S1_epigenome_v025","Simulation_08","out","C>A",7,849,552.712450042093,549
"S1_epigenome_v025","Simulation_08","out","C>A",8,927,695.930156007537,702
"S1_epigenome_v025","Simulation_08","out","C>A",9,1151,980.652383251251,986
"S1_epigenome_v025","Simulation_08","out","C>G",10,2900,2813.77778876432,2812
"S1_epigenome_v025","Simulation_08","out","C>G",3,7,1.97658129220851,3
"S1_epigenome_v025","Simulation_08","out","C>G",4,62,22.1453004132508,21
"S1_epigenome_v025","Simulation_08","out","C>G",5,189,86.3071123883616,80
"S1_epigenome_v025","Simulation_08","out","C>G",6,309,169.461035380337,179
"S1_epigenome_v025","Simulation_08","out","C>G",7,294,191.194310878484,193
"S1_epigenome_v025","Simulation_08","out","C>G",8,387,292.222985140123,300
"S1_epigenome_v025","Simulation_08","out","C>G",9,620,529.55442023692,530
"S1_epigenome_v025","Simulation_08","out","C>T",10,10536,10293.7797659139,10301
"S1_epigenome_v025","Simulation_08","out","C>T",3,29,8.01895296256968,10
"S1_epigenome_v025","Simulation_08","out","C>T",4,242,87.7755770454359,82
"S1_epigenome_v025","Simulation_08","out","C>T",5,544,248.36138121633,247
"S1_epigenome_v025","Simulation_08","out","C>T",6,801,440.711149356226,438
"S1_epigenome_v025","Simulation_08","out","C>T",7,914,595.239769294518,602
"S1_epigenome_v025","Simulation_08","out","C>T",8,1112,836.787649856506,855
"S1_epigenome_v025","Simulation_08","out","C>T",9,1868,1598.62902361484,1599
"S1_epigenome_v025","Simulation_08","out","T>A",10,1515,1466.88575585564,1476
"S1_epigenome_v025","Simulation_08","out","T>A",3,13,3.69305630767584,1
"S1_epigenome_v025","Simulation_08","out","T>A",4,93,33.3648853455174,38
"S1_epigenome_v025","Simulation_08","out","T>A",5,234,106.747937536685,103
"S1_epigenome_v025","Simulation_08","out","T>A",6,344,189.331125709174,195
"S1_epigenome_v025","Simulation_08","out","T>A",7,372,241.814691150799,247
"S1_epigenome_v025","Simulation_08","out","T>A",8,405,305.146033548162,318
"S1_epigenome_v025","Simulation_08","out","T>A",9,538,458.62496549455,470
"S1_epigenome_v025","Simulation_08","out","T>C",10,5433,5324.04395683057,5340
"S1_epigenome_v025","Simulation_08","out","T>C",3,8,2.25620830587032,5
"S1_epigenome_v025","Simulation_08","out","T>C",4,77,27.7237651858949,26
"S1_epigenome_v025","Simulation_08","out","T>C",5,259,119.224672052514,124
"S1_epigenome_v025","Simulation_08","out","T>C",6,383,210.435988203925,227
"S1_epigenome_v025","Simulation_08","out","T>C",7,439,285.623979711291,279
"S1_epigenome_v025","Simulation_08","out","T>C",8,441,331.347745862615,325
"S1_epigenome_v025","Simulation_08","out","T>C",9,764,653.339237153943,663
"S1_epigenome_v025","Simulation_08","out","T>G",10,714,690.99845385611,695
"S1_epigenome_v025","Simulation_08","out","T>G",3,4,1.17862746062515,1
"S1_epigenome_v025","Simulation_08","out","T>G",4,30,10.7418311022359,15
"S1_epigenome_v025","Simulation_08","out","T>G",5,87,39.9549941870721,36
"S1_epigenome_v025","Simulation_08","out","T>G",6,132,73.2209292218854,65
"S1_epigenome_v025","Simulation_08","out","T>G",7,131,85.7592668483648,82
"S1_epigenome_v025","Simulation_08","out","T>G",8,141,106.079565648273,117
"S1_epigenome_v025","Simulation_08","out","T>G",9,232,198.392556170438,202
"S1_epigenome_v025","Simulation_09","in","C>A",10,15021,14361.8676983565,14364
"S1_epigenome_v025","Simulation_09","in","C>A",3,132,36.7740487575329,35
"S1_epigenome_v025","Simulation_09","in","C>A",4,1401,507.575172316519,491
"S1_epigenome_v025","Simulation_09","in","C>A",5,3791,1726.24615022377,1730
"S1_epigenome_v025","Simulation_09","in","C>A",6,5119,2814.83593185327,2809
"S1_epigenome_v025","Simulation_09","in","C>A",7,5117,3330.35213992457,3347
"S1_epigenome_v025","Simulation_09","in","C>A",8,5759,4327.64682976458,4352
"S1_epigenome_v025","Simulation_09","in","C>A",9,7919,6757.31129893501,6793
"S1_epigenome_v025","Simulation_09","in","C>G",10,42760,41794.0141850419,41811
"S1_epigenome_v025","Simulation_09","in","C>G",3,31,8.53656042329195,5
"S1_epigenome_v025","Simulation_09","in","C>G",4,412,149.600631054886,163
"S1_epigenome_v025","Simulation_09","in","C>G",5,1327,607.691127001891,579
"S1_epigenome_v025","Simulation_09","in","C>G",6,2341,1286.09529567917,1306
"S1_epigenome_v025","Simulation_09","in","C>G",7,2569,1670.73562800581,1672
"S1_epigenome_v025","Simulation_09","in","C>G",8,3201,2407.8816980613,2362
"S1_epigenome_v025","Simulation_09","in","C>G",9,5269,4512.77570729786,4589
"S1_epigenome_v025","Simulation_09","in","C>T",10,42495,41198.0912165553,41215
"S1_epigenome_v025","Simulation_09","in","C>T",3,201,56.0568358273455,50
"S1_epigenome_v025","Simulation_09","in","C>T",4,1425,514.255643487003,512
"S1_epigenome_v025","Simulation_09","in","C>T",5,3485,1589.38622378482,1628
"S1_epigenome_v025","Simulation_09","in","C>T",6,4791,2630.72265996466,2632
"S1_epigenome_v025","Simulation_09","in","C>T",7,5129,3340.8598524568,3334
"S1_epigenome_v025","Simulation_09","in","C>T",8,6253,4702.34001064652,4694
"S1_epigenome_v025","Simulation_09","in","C>T",9,9835,8413.31100558054,8346
"S1_epigenome_v025","Simulation_09","in","T>A",10,7848,7564.47598002868,7570
"S1_epigenome_v025","Simulation_09","in","T>A",2,1,0.183310439540253,0
"S1_epigenome_v025","Simulation_09","in","T>A",3,75,20.7740523754968,25
"S1_epigenome_v025","Simulation_09","in","T>A",4,620,225.131407654417,231
"S1_epigenome_v025","Simulation_09","in","T>A",5,1505,685.204056921685,714
"S1_epigenome_v025","Simulation_09","in","T>A",6,1947,1069.38809141239,1024
"S1_epigenome_v025","Simulation_09","in","T>A",7,1907,1237.92528714972,1249
"S1_epigenome_v025","Simulation_09","in","T>A",8,2125,1596.49204937286,1610
"S1_epigenome_v025","Simulation_09","in","T>A",9,2859,2439.16245463026,2468
"S1_epigenome_v025","Simulation_09","in","T>C",10,23402,22820.7513687313,22849
"S1_epigenome_v025","Simulation_09","in","T>C",3,50,13.6995838776649,13
"S1_epigenome_v025","Simulation_09","in","T>C",4,568,205.191640876134,202
"S1_epigenome_v025","Simulation_09","in","T>C",5,1521,693.049241201286,702
"S1_epigenome_v025","Simulation_09","in","T>C",6,1956,1076.64088608111,1091
"S1_epigenome_v025","Simulation_09","in","T>C",7,2058,1339.44398930012,1355
"S1_epigenome_v025","Simulation_09","in","T>C",8,2604,1959.76866824832,1949
"S1_epigenome_v025","Simulation_09","in","T>C",9,4048,3462.22370988429,3456
"S1_epigenome_v025","Simulation_09","in","T>G",10,6117,5941.93132225803,5943
"S1_epigenome_v025","Simulation_09","in","T>G",3,17,4.81615203880806,2
"S1_epigenome_v025","Simulation_09","in","T>G",4,173,63.5107827466624,64
"S1_epigenome_v025","Simulation_09","in","T>G",5,557,255.362769380689,251
"S1_epigenome_v025","Simulation_09","in","T>G",6,741,407.199516670133,430
"S1_epigenome_v025","Simulation_09","in","T>G",7,754,490.070479781406,483
"S1_epigenome_v025","Simulation_09","in","T>G",8,909,683.39573402914,686
"S1_epigenome_v025","Simulation_09","in","T>G",9,1273,1087.4680403888,1097
"S1_epigenome_v025","Simulation_09","out","C>A",10,2455,2338.59653381194,2346
"S1_epigenome_v025","Simulation_09","out","C>A",3,28,7.83835111460317,7
"S1_epigenome_v025","Simulation_09","out","C>A",4,332,120.182873243698,133
"S1_epigenome_v025","Simulation_09","out","C>A",5,836,382.160495531296,393
"S1_epigenome_v025","Simulation_09","out","C>A",6,1088,599.246557270544,584
"S1_epigenome_v025","Simulation_09","out","C>A",7,1178,764.799153734466,788
"S1_epigenome_v025","Simulation_09","out","C>A",8,1236,927.667600042184,928
"S1_epigenome_v025","Simulation_09","out","C>A",9,1635,1393.31006425084,1402
"S1_epigenome_v025","Simulation_09","out","C>G",10,5241,5090.75040549793,5093
"S1_epigenome_v025","Simulation_09","out","C>G",3,10,2.78891754866917,5
"S1_epigenome_v025","Simulation_09","out","C>G",4,94,33.9059219222785,32
"S1_epigenome_v025","Simulation_09","out","C>G",5,240,110.302852699884,105
"S1_epigenome_v025","Simulation_09","out","C>G",6,466,255.759489418549,263
"S1_epigenome_v025","Simulation_09","out","C>G",7,447,291.196898459542,286
"S1_epigenome_v025","Simulation_09","out","C>G",8,599,449.571429636611,442
"S1_epigenome_v025","Simulation_09","out","C>G",9,983,841.999190522679,839
"S1_epigenome_v025","Simulation_09","out","C>T",10,8925,8646.372067419,8662
"S1_epigenome_v025","Simulation_09","out","C>T",3,33,9.10881032200906,6
"S1_epigenome_v025","Simulation_09","out","C>T",4,330,118.764896552617,129
"S1_epigenome_v025","Simulation_09","out","C>T",5,698,316.466107730287,338
"S1_epigenome_v025","Simulation_09","out","C>T",6,978,538.341912024124,589
"S1_epigenome_v025","Simulation_09","out","C>T",7,1001,651.51613257313,681
"S1_epigenome_v025","Simulation_09","out","C>T",8,1258,946.930487280434,936
"S1_epigenome_v025","Simulation_09","out","C>T",9,1993,1705.24103264977,1739
"S1_epigenome_v025","Simulation_09","out","T>A",10,1865,1798.75417680895,1786
"S1_epigenome_v025","Simulation_09","out","T>A",3,11,3.09133464307778,3
"S1_epigenome_v025","Simulation_09","out","T>A",4,143,52.1395006282467,61
"S1_epigenome_v025","Simulation_09","out","T>A",5,293,133.561526680589,135
"S1_epigenome_v025","Simulation_09","out","T>A",6,432,237.88227006443,247
"S1_epigenome_v025","Simulation_09","out","T>A",7,444,289.765477964235,296
"S1_epigenome_v025","Simulation_09","out","T>A",8,501,376.620288423877,384
"S1_epigenome_v025","Simulation_09","out","T>A",9,656,560.891714238364,557
"S1_epigenome_v025","Simulation_09","out","T>C",10,4813,4704.49014917809,4696
"S1_epigenome_v025","Simulation_09","out","T>C",3,15,4.27245691595575,2
"S1_epigenome_v025","Simulation_09","out","T>C",4,143,51.6297951546272,58
"S1_epigenome_v025","Simulation_09","out","T>C",5,347,158.686001268532,170
"S1_epigenome_v025","Simulation_09","out","T>C",6,448,245.985198730844,253
"S1_epigenome_v025","Simulation_09","out","T>C",7,420,273.588429092952,260
"S1_epigenome_v025","Simulation_09","out","T>C",8,538,403.578470704381,416
"S1_epigenome_v025","Simulation_09","out","T>C",9,792,676.447484394271,688
"S1_epigenome_v025","Simulation_09","out","T>G",10,1273,1239.75538744041,1233
"S1_epigenome_v025","Simulation_09","out","T>G",3,2,0.573011067518173,0
"S1_epigenome_v025","Simulation_09","out","T>G",4,34,12.3678912368381,9
"S1_epigenome_v025","Simulation_09","out","T>G",5,120,54.8258380738443,47
"S1_epigenome_v025","Simulation_09","out","T>G",6,175,95.9422199504497,98
"S1_epigenome_v025","Simulation_09","out","T>G",7,165,107.339574072452,114
"S1_epigenome_v025","Simulation_09","out","T>G",8,213,159.408750249827,161
"S1_epigenome_v025","Simulation_09","out","T>G",9,274,233.768288265895,230
"S1_epigenome_v025","Simulation_10","in","C>A",10,9167,8728.1876919952,8766
"S1_epigenome_v025","Simulation_10","in","C>A",3,107,30.0957791212356,28
"S1_epigenome_v025","Simulation_10","in","C>A",4,1302,473.358427631266,483
"S1_epigenome_v025","Simulation_10","in","C>A",5,3498,1592.82350966191,1621
"S1_epigenome_v025","Simulation_10","in","C>A",6,4817,2646.27533121584,2683
"S1_epigenome_v025","Simulation_10","in","C>A",7,4614,2999.79209109768,3024
"S1_epigenome_v025","Simulation_10","in","C>A",8,5013,3764.75678282715,3708
"S1_epigenome_v025","Simulation_10","in","C>A",9,6248,5326.01858173929,5342
"S1_epigenome_v025","Simulation_10","in","C>G",10,12438,12013.0999795331,12001
"S1_epigenome_v025","Simulation_10","in","C>G",3,48,13.2498096979116,19
"S1_epigenome_v025","Simulation_10","in","C>G",4,371,134.100815786002,135
"S1_epigenome_v025","Simulation_10","in","C>G",5,1013,463.302939660624,483
"S1_epigenome_v025","Simulation_10","in","C>G",6,1654,910.346924927297,898
"S1_epigenome_v025","Simulation_10","in","C>G",7,1637,1065.46511525023,1077
"S1_epigenome_v025","Simulation_10","in","C>G",8,2086,1568.67595889891,1592
"S1_epigenome_v025","Simulation_10","in","C>G",9,3197,2731.37129287057,2690
"S1_epigenome_v025","Simulation_10","in","C>T",10,56977,55784.7124741964,55770
"S1_epigenome_v025","Simulation_10","in","C>T",3,135,36.9041245803367,28
"S1_epigenome_v025","Simulation_10","in","C>T",4,1090,392.323526460802,401
"S1_epigenome_v025","Simulation_10","in","C>T",5,2838,1292.81309592008,1301
"S1_epigenome_v025","Simulation_10","in","C>T",6,4287,2359.27884165192,2389
"S1_epigenome_v025","Simulation_10","in","C>T",7,4312,2804.73273417972,2795
"S1_epigenome_v025","Simulation_10","in","C>T",8,5383,4051.55649198416,4073
"S1_epigenome_v025","Simulation_10","in","C>T",9,8941,7645.2989076666,7586
"S1_epigenome_v025","Simulation_10","in","T>A",10,8068,7754.03396774908,7758
"S1_epigenome_v025","Simulation_10","in","T>A",3,46,12.8358839369187,4
"S1_epigenome_v025","Simulation_10","in","T>A",4,439,159.120101834424,147
"S1_epigenome_v025","Simulation_10","in","T>A",5,1237,566.152913497102,572
"S1_epigenome_v025","Simulation_10","in","T>A",6,1861,1023.69619313723,999
"S1_epigenome_v025","Simulation_10","in","T>A",7,1884,1225.34577943135,1235
"S1_epigenome_v025","Simulation_10","in","T>A",8,2359,1773.85755641224,1812
"S1_epigenome_v025","Simulation_10","in","T>A",9,3199,2728.34719195893,2740
"S1_epigenome_v025","Simulation_10","in","T>C",10,8739,8371.35145938538,8399
"S1_epigenome_v025","Simulation_10","in","T>C",3,58,16.0876868964922,11
"S1_epigenome_v025","Simulation_10","in","T>C",4,558,201.353724205012,203
"S1_epigenome_v025","Simulation_10","in","T>C",5,1579,721.954991775614,713
"S1_epigenome_v025","Simulation_10","in","T>C",6,2522,1387.39319324566,1405
"S1_epigenome_v025","Simulation_10","in","T>C",7,2635,1715.12063931085,1756
"S1_epigenome_v025","Simulation_10","in","T>C",8,3024,2272.57415699679,2286
"S1_epigenome_v025","Simulation_10","in","T>C",9,4080,3482.60544744072,3496
"S1_epigenome_v025","Simulation_10","in","T>G",10,2589,2478.73809617668,2489
"S1_epigenome_v025","Simulation_10","in","T>G",3,13,3.60707705110205,3
"S1_epigenome_v025","Simulation_10","in","T>G",4,170,61.8951728887018,61
"S1_epigenome_v025","Simulation_10","in","T>G",5,460,209.954224610458,207
"S1_epigenome_v025","Simulation_10","in","T>G",6,792,435.902439190182,423
"S1_epigenome_v025","Simulation_10","in","T>G",7,802,521.628434306595,537
"S1_epigenome_v025","Simulation_10","in","T>G",8,904,677.839236613385,669
"S1_epigenome_v025","Simulation_10","in","T>G",9,1259,1074.94128375956,1066
"S1_epigenome_v025","Simulation_10","out","C>A",10,3513,3368.71854185737,3331
"S1_epigenome_v025","Simulation_10","out","C>A",3,25,7.05319764106925,8
"S1_epigenome_v025","Simulation_10","out","C>A",4,353,127.450098410598,128
"S1_epigenome_v025","Simulation_10","out","C>A",5,970,442.163476049912,438
"S1_epigenome_v025","Simulation_10","out","C>A",6,1395,767.22297503548,751
"S1_epigenome_v025","Simulation_10","out","C>A",7,1288,838.856815989011,858
"S1_epigenome_v025","Simulation_10","out","C>A",8,1532,1151.28842900749,1153
"S1_epigenome_v025","Simulation_10","out","C>A",9,1801,1538.24407261557,1529
"S1_epigenome_v025","Simulation_10","out","C>G",10,3519,3404.97001632834,3406
"S1_epigenome_v025","Simulation_10","out","C>G",3,13,3.57441587814585,6
"S1_epigenome_v025","Simulation_10","out","C>G",4,104,37.9101236612437,35
"S1_epigenome_v025","Simulation_10","out","C>G",5,275,125.70460845773,133
"S1_epigenome_v025","Simulation_10","out","C>G",6,391,214.786699824389,207
"S1_epigenome_v025","Simulation_10","out","C>G",7,463,301.817438464476,312
"S1_epigenome_v025","Simulation_10","out","C>G",8,540,406.701535915603,428
"S1_epigenome_v025","Simulation_10","out","C>G",9,835,715.612865614186,728
"S1_epigenome_v025","Simulation_10","out","C>T",10,10033,9738.406570546,9723
"S1_epigenome_v025","Simulation_10","out","C>T",3,41,11.3139036176262,9
"S1_epigenome_v025","Simulation_10","out","C>T",4,333,119.983786208356,120
"S1_epigenome_v025","Simulation_10","out","C>T",5,881,403.163924845415,390
"S1_epigenome_v025","Simulation_10","out","C>T",6,1148,631.038889040705,662
"S1_epigenome_v025","Simulation_10","out","C>T",7,1150,748.598199117337,771
"S1_epigenome_v025","Simulation_10","out","C>T",8,1494,1125.29533814014,1147
"S1_epigenome_v025","Simulation_10","out","C>T",9,2295,1963.79822657283,1967
"S1_epigenome_v025","Simulation_10","out","T>A",10,3481,3376.18551820267,3359
"S1_epigenome_v025","Simulation_10","out","T>A",3,9,2.55635038454712,2
"S1_epigenome_v025","Simulation_10","out","T>A",4,101,36.9057043119176,37
"S1_epigenome_v025","Simulation_10","out","T>A",5,329,150.488031286653,163
"S1_epigenome_v025","Simulation_10","out","T>A",6,559,306.824022448431,316
"S1_epigenome_v025","Simulation_10","out","T>A",7,547,355.694672088491,342
"S1_epigenome_v025","Simulation_10","out","T>A",8,590,442.552856160366,448
"S1_epigenome_v025","Simulation_10","out","T>A",9,920,786.335601251359,778
"S1_epigenome_v025","Simulation_10","out","T>C",10,1878,1790.64867581848,1786
"S1_epigenome_v025","Simulation_10","out","T>C",3,18,5.05203518670808,8
"S1_epigenome_v025","Simulation_10","out","T>C",4,147,53.100704861498,47
"S1_epigenome_v025","Simulation_10","out","T>C",5,456,208.41915308539,216
"S1_epigenome_v025","Simulation_10","out","T>C",6,736,404.136260965324,383
"S1_epigenome_v025","Simulation_10","out","T>C",7,692,450.575426614845,452
"S1_epigenome_v025","Simulation_10","out","T>C",8,870,653.6584159729,661
"S1_epigenome_v025","Simulation_10","out","T>C",9,1061,905.268597967392,912
"S1_epigenome_v025","Simulation_10","out","T>G",10,605,578.945244982705,578
"S1_epigenome_v025","Simulation_10","out","T>G",3,8,2.23634639901156,2
"S1_epigenome_v025","Simulation_10","out","T>G",4,40,14.4970889608158,13
"S1_epigenome_v025","Simulation_10","out","T>G",5,136,62.5807904911211,61
"S1_epigenome_v025","Simulation_10","out","T>G",6,215,118.784812733268,108
"S1_epigenome_v025","Simulation_10","out","T>G",7,218,142.333713973868,138
"S1_epigenome_v025","Simulation_10","out","T>G",8,231,173.024270782794,177
"S1_epigenome_v025","Simulation_10","out","T>G",9,339,289.318416648736,295
"S1_epigenome_v025","Simulation_11","in","C>A",10,25277,24496.4732834605,24522
"S1_epigenome_v025","Simulation_11","in","C>A",3,93,26.0225795633419,24
"S1_epigenome_v025","Simulation_11","in","C>A",4,1069,386.917591791221,380
"S1_epigenome_v025","Simulation_11","in","C>A",5,2842,1296.17102827743,1284
"S1_epigenome_v025","Simulation_11","in","C>A",6,3920,2152.91705371595,2183
"S1_epigenome_v025","Simulation_11","in","C>A",7,4144,2697.48809367586,2714
"S1_epigenome_v025","Simulation_11","in","C>A",8,4942,3718.11113102484,3741
"S1_epigenome_v025","Simulation_11","in","C>A",9,6987,5969.35212278444,5965
"S1_epigenome_v025","Simulation_11","in","C>G",10,8784,8462.76519393363,8487
"S1_epigenome_v025","Simulation_11","in","C>G",3,59,16.6981902179441,13
"S1_epigenome_v025","Simulation_11","in","C>G",4,393,142.446072068968,143
"S1_epigenome_v025","Simulation_11","in","C>G",5,956,436.893462393918,443
"S1_epigenome_v025","Simulation_11","in","C>G",6,1394,767.536649717622,763
"S1_epigenome_v025","Simulation_11","in","C>G",7,1515,983.94860937637,1019
"S1_epigenome_v025","Simulation_11","in","C>G",8,1792,1348.37025505952,1334
"S1_epigenome_v025","Simulation_11","in","C>G",9,2795,2388.87888295449,2438
"S1_epigenome_v025","Simulation_11","in","C>T",10,27037,26152.1495702997,26200
"S1_epigenome_v025","Simulation_11","in","C>T",3,184,50.821466234982,60
"S1_epigenome_v025","Simulation_11","in","C>T",4,1371,495.452990983268,512
"S1_epigenome_v025","Simulation_11","in","C>T",5,3340,1521.66626066537,1543
"S1_epigenome_v025","Simulation_11","in","C>T",6,4468,2457.50677318408,2472
"S1_epigenome_v025","Simulation_11","in","C>T",7,4505,2930.40473830582,3009
"S1_epigenome_v025","Simulation_11","in","C>T",8,5337,4013.95424591737,4030
"S1_epigenome_v025","Simulation_11","in","C>T",9,7726,6597.66531409329,6620
"S1_epigenome_v025","Simulation_11","in","T>A",10,5410,5182.87042319692,5185
"S1_epigenome_v025","Simulation_11","in","T>A",3,53,14.9209286226214,12
"S1_epigenome_v025","Simulation_11","in","T>A",4,551,198.598578022125,214
"S1_epigenome_v025","Simulation_11","in","T>A",5,1380,628.273958561099,633
"S1_epigenome_v025","Simulation_11","in","T>A",6,1876,1030.07649542272,1017
"S1_epigenome_v025","Simulation_11","in","T>A",7,1834,1193.47441004698,1194
"S1_epigenome_v025","Simulation_11","in","T>A",8,2096,1572.93039892573,1586
"S1_epigenome_v025","Simulation_11","in","T>A",9,2682,2288.18258074373,2314
"S1_epigenome_v025","Simulation_11","in","T>C",10,3061,2904.3343141806,2919
"S1_epigenome_v025","Simulation_11","in","T>C",3,66,18.6875048030094,16
"S1_epigenome_v025","Simulation_11","in","T>C",4,850,306.486245250091,314
"S1_epigenome_v025","Simulation_11","in","T>C",5,2085,948.469419356625,956
"S1_epigenome_v025","Simulation_11","in","T>C",6,2468,1357.02810178616,1345
"S1_epigenome_v025","Simulation_11","in","T>C",7,2356,1532.29857091533,1527
"S1_epigenome_v025","Simulation_11","in","T>C",8,2435,1826.64527745242,1831
"S1_epigenome_v025","Simulation_11","in","T>C",9,2618,2227.67670177116,2258
"S1_epigenome_v025","Simulation_11","in","T>G",10,2102,2017.46300326202,2006
"S1_epigenome_v025","Simulation_11","in","T>G",3,15,4.21576881411232,2
"S1_epigenome_v025","Simulation_11","in","T>G",4,223,80.3845506020299,78
"S1_epigenome_v025","Simulation_11","in","T>G",5,561,254.94627806617,258
"S1_epigenome_v025","Simulation_11","in","T>G",6,720,395.645676956323,389
"S1_epigenome_v025","Simulation_11","in","T>G",7,717,466.434267450101,474
"S1_epigenome_v025","Simulation_11","in","T>G",8,794,594.781157910877,595
"S1_epigenome_v025","Simulation_11","in","T>G",9,965,823.072016740919,815
"S1_epigenome_v025","Simulation_11","out","C>A",10,9140,8873.3889222182,8876
"S1_epigenome_v025","Simulation_11","out","C>A",3,15,4.10135726932836,4
"S1_epigenome_v025","Simulation_11","out","C>A",4,240,86.4917345269314,92
"S1_epigenome_v025","Simulation_11","out","C>A",5,695,318.070237628872,318
"S1_epigenome_v025","Simulation_11","out","C>A",6,1076,591.939045658597,612
"S1_epigenome_v025","Simulation_11","out","C>A",7,1141,742.521670494461,717
"S1_epigenome_v025","Simulation_11","out","C>A",8,1354,1018.9946701485,1017
"S1_epigenome_v025","Simulation_11","out","C>A",9,2176,1860.22302630235,1863
"S1_epigenome_v025","Simulation_11","out","C>G",10,2883,2784.64249877114,2784
"S1_epigenome_v025","Simulation_11","out","C>G",3,9,2.45079785112754,0
"S1_epigenome_v025","Simulation_11","out","C>G",4,93,33.3220413909848,31
"S1_epigenome_v025","Simulation_11","out","C>G",5,256,117.248193576908,126
"S1_epigenome_v025","Simulation_11","out","C>G",6,399,219.565420719576,218
"S1_epigenome_v025","Simulation_11","out","C>G",7,446,289.842826454333,294
"S1_epigenome_v025","Simulation_11","out","C>G",8,547,411.974866185209,399
"S1_epigenome_v025","Simulation_11","out","C>G",9,792,677.179292278488,677
"S1_epigenome_v025","Simulation_11","out","C>T",10,6001,5775.30389446533,5804
"S1_epigenome_v025","Simulation_11","out","C>T",3,42,11.6761993276962,15
"S1_epigenome_v025","Simulation_11","out","C>T",4,335,120.71612038291,124
"S1_epigenome_v025","Simulation_11","out","C>T",5,871,396.633067372965,396
"S1_epigenome_v025","Simulation_11","out","C>T",6,1274,700.404021079484,718
"S1_epigenome_v025","Simulation_11","out","C>T",7,1281,832.940071817992,836
"S1_epigenome_v025","Simulation_11","out","C>T",8,1540,1156.31988315801,1157
"S1_epigenome_v025","Simulation_11","out","C>T",9,2159,1843.2721342995,1853
"S1_epigenome_v025","Simulation_11","out","T>A",10,2133,2052.73335209228,2056
"S1_epigenome_v025","Simulation_11","out","T>A",3,21,5.6370387685495,4
"S1_epigenome_v025","Simulation_11","out","T>A",4,131,47.5552812706922,53
"S1_epigenome_v025","Simulation_11","out","T>A",5,328,149.673090139784,144
"S1_epigenome_v025","Simulation_11","out","T>A",6,450,246.912698636305,257
"S1_epigenome_v025","Simulation_11","out","T>A",7,514,336.015442608323,339
"S1_epigenome_v025","Simulation_11","out","T>A",8,599,450.612060789262,465
"S1_epigenome_v025","Simulation_11","out","T>A",9,772,659.036980858511,664
"S1_epigenome_v025","Simulation_11","out","T>C",10,1160,1102.900994621,1093
"S1_epigenome_v025","Simulation_11","out","T>C",3,13,3.589615691718,6
"S1_epigenome_v025","Simulation_11","out","T>C",4,206,74.1840710756835,94
"S1_epigenome_v025","Simulation_11","out","T>C",5,536,244.023588044837,238
"S1_epigenome_v025","Simulation_11","out","T>C",6,677,371.328424985288,360
"S1_epigenome_v025","Simulation_11","out","T>C",7,662,429.819868109629,421
"S1_epigenome_v025","Simulation_11","out","T>C",8,651,489.271876904771,505
"S1_epigenome_v025","Simulation_11","out","T>C",9,838,714.753011869725,705
"S1_epigenome_v025","Simulation_11","out","T>G",10,822,791.005747002792,792
"S1_epigenome_v025","Simulation_11","out","T>G",3,5,1.36990898721484,2
"S1_epigenome_v025","Simulation_11","out","T>G",4,49,18.1139586719481,15
"S1_epigenome_v025","Simulation_11","out","T>G",5,131,60.0172653338587,63
"S1_epigenome_v025","Simulation_11","out","T>G",6,206,113.787601786878,102
"S1_epigenome_v025","Simulation_11","out","T>G",7,203,131.580963925029,124
"S1_epigenome_v025","Simulation_11","out","T>G",8,194,145.909252041383,143
"S1_epigenome_v025","Simulation_11","out","T>G",9,287,245.52872853523,255
"S1_epigenome_v025","Simulation_12","in","C>A",10,3884,3667.65901820264,3675
"S1_epigenome_v025","Simulation_12","in","C>A",2,1,0.193992203943048,1
"S1_epigenome_v025","Simulation_12","in","C>A",3,152,41.7909140373447,30
"S1_epigenome_v025","Simulation_12","in","C>A",4,1470,530.217326144097,550
"S1_epigenome_v025","Simulation_12","in","C>A",5,3170,1438.08992927276,1431
"S1_epigenome_v025","Simulation_12","in","C>A",6,3560,1953.51330541933,2028
"S1_epigenome_v025","Simulation_12","in","C>A",7,3421,2223.2378213501,2285
"S1_epigenome_v025","Simulation_12","in","C>A",8,3481,2612.91911412545,2616
"S1_epigenome_v025","Simulation_12","in","C>A",9,3968,3381.00489748339,3416
"S1_epigenome_v025","Simulation_12","in","C>G",10,9501,9173.00467892508,9186
"S1_epigenome_v025","Simulation_12","in","C>G",3,46,12.7588021216614,13
"S1_epigenome_v025","Simulation_12","in","C>G",4,396,143.050473881857,153
"S1_epigenome_v025","Simulation_12","in","C>G",5,920,421.287558047126,415
"S1_epigenome_v025","Simulation_12","in","C>G",6,1283,706.132926238709,698
"S1_epigenome_v025","Simulation_12","in","C>G",7,1333,866.474695052071,875
"S1_epigenome_v025","Simulation_12","in","C>G",8,1607,1209.58111599101,1233
"S1_epigenome_v025","Simulation_12","in","C>G",9,2501,2138.32953331546,2136
"S1_epigenome_v025","Simulation_12","in","C>T",10,28701,27822.0520532195,27845
"S1_epigenome_v025","Simulation_12","in","C>T",2,1,0.193895685880208,1
"S1_epigenome_v025","Simulation_12","in","C>T",3,172,47.5870274676829,46
"S1_epigenome_v025","Simulation_12","in","C>T",4,1483,535.177568828311,560
"S1_epigenome_v025","Simulation_12","in","C>T",5,3121,1418.18170977954,1446
"S1_epigenome_v025","Simulation_12","in","C>T",6,3997,2197.57951500719,2196
"S1_epigenome_v025","Simulation_12","in","C>T",7,4098,2665.84256898824,2671
"S1_epigenome_v025","Simulation_12","in","C>T",8,4755,3576.27248321411,3542
"S1_epigenome_v025","Simulation_12","in","C>T",9,7210,6165.87308033726,6182
"S1_epigenome_v025","Simulation_12","in","T>A",10,1301,1228.25709741222,1241
"S1_epigenome_v025","Simulation_12","in","T>A",3,86,23.4652524008514,23
"S1_epigenome_v025","Simulation_12","in","T>A",4,722,258.710510992691,249
"S1_epigenome_v025","Simulation_12","in","T>A",5,1318,596.500417626431,612
"S1_epigenome_v025","Simulation_12","in","T>A",6,1472,810.512731974191,798
"S1_epigenome_v025","Simulation_12","in","T>A",7,1336,869.097033772714,866
"S1_epigenome_v025","Simulation_12","in","T>A",8,1299,974.866793554162,990
"S1_epigenome_v025","Simulation_12","in","T>A",9,1375,1169.18187545063,1163
"S1_epigenome_v025","Simulation_12","in","T>C",10,2482,2346.28546326955,2352
"S1_epigenome_v025","Simulation_12","in","T>C",3,64,17.6874820628859,20
"S1_epigenome_v025","Simulation_12","in","T>C",4,755,273.572903291104,291
"S1_epigenome_v025","Simulation_12","in","T>C",5,1812,826.991844078083,869
"S1_epigenome_v025","Simulation_12","in","T>C",6,2413,1325.36301333711,1318
"S1_epigenome_v025","Simulation_12","in","T>C",7,2278,1481.11147809175,1533
"S1_epigenome_v025","Simulation_12","in","T>C",8,2320,1741.11411658373,1774
"S1_epigenome_v025","Simulation_12","in","T>C",9,2503,2130.53621660358,2118
"S1_epigenome_v025","Simulation_12","in","T>G",10,765,722.490547795123,733
"S1_epigenome_v025","Simulation_12","in","T>G",3,24,6.64931282321711,7
"S1_epigenome_v025","Simulation_12","in","T>G",4,220,80.3484554001114,78
"S1_epigenome_v025","Simulation_12","in","T>G",5,549,249.384618067161,246
"S1_epigenome_v025","Simulation_12","in","T>G",6,681,374.468594465824,366
"S1_epigenome_v025","Simulation_12","in","T>G",7,683,444.123142054333,449
"S1_epigenome_v025","Simulation_12","in","T>G",8,743,557.937645591084,548
"S1_epigenome_v025","Simulation_12","in","T>G",9,734,624.016650204523,635
"S1_epigenome_v025","Simulation_12","out","C>A",10,1080,1019.25827238615,1020
"S1_epigenome_v025","Simulation_12","out","C>A",3,47,12.904783548964,10
"S1_epigenome_v025","Simulation_12","out","C>A",4,283,101.275025965621,99
"S1_epigenome_v025","Simulation_12","out","C>A",5,686,311.667729794697,333
"S1_epigenome_v025","Simulation_12","out","C>A",6,732,403.057625535001,410
"S1_epigenome_v025","Simulation_12","out","C>A",7,780,506.218771457334,504
"S1_epigenome_v025","Simulation_12","out","C>A",8,810,608.48006808193,633
"S1_epigenome_v025","Simulation_12","out","C>A",9,1027,875.197835747976,865
"S1_epigenome_v025","Simulation_12","out","C>G",10,2211,2140.41203947668,2132
"S1_epigenome_v025","Simulation_12","out","C>G",3,14,3.78722656006865,4
"S1_epigenome_v025","Simulation_12","out","C>G",4,103,37.1528366827265,36
"S1_epigenome_v025","Simulation_12","out","C>G",5,200,90.7302912792166,89
"S1_epigenome_v025","Simulation_12","out","C>G",6,262,143.358188004528,149
"S1_epigenome_v025","Simulation_12","out","C>G",7,243,158.061463914449,159
"S1_epigenome_v025","Simulation_12","out","C>G",8,315,237.587130909559,246
"S1_epigenome_v025","Simulation_12","out","C>G",9,525,449.410633412252,440
"S1_epigenome_v025","Simulation_12","out","C>T",10,7087,6878.80801279746,6867
"S1_epigenome_v025","Simulation_12","out","C>T",3,47,12.9945036153932,18
"S1_epigenome_v025","Simulation_12","out","C>T",4,351,127.171446902701,127
"S1_epigenome_v025","Simulation_12","out","C>T",5,642,289.904592271329,264
"S1_epigenome_v025","Simulation_12","out","C>T",6,834,457.986188960712,467
"S1_epigenome_v025","Simulation_12","out","C>T",7,804,523.348138307033,531
"S1_epigenome_v025","Simulation_12","out","C>T",8,990,744.008794835578,754
"S1_epigenome_v025","Simulation_12","out","C>T",9,1447,1237.6333426758,1236
"S1_epigenome_v025","Simulation_12","out","T>A",10,386,366.360379991983,370
"S1_epigenome_v025","Simulation_12","out","T>A",3,10,2.75395724192242,2
"S1_epigenome_v025","Simulation_12","out","T>A",4,162,57.6925046379765,47
"S1_epigenome_v025","Simulation_12","out","T>A",5,312,141.75378651622,143
"S1_epigenome_v025","Simulation_12","out","T>A",6,328,179.981154369188,174
"S1_epigenome_v025","Simulation_12","out","T>A",7,300,194.160602745251,186
"S1_epigenome_v025","Simulation_12","out","T>A",8,285,214.600027775985,216
"S1_epigenome_v025","Simulation_12","out","T>A",9,340,288.654203620799,291
"S1_epigenome_v025","Simulation_12","out","T>C",10,401,377.409713706141,382
"S1_epigenome_v025","Simulation_12","out","T>C",3,17,4.84917849833019,5
"S1_epigenome_v025","Simulation_12","out","T>C",4,208,75.0558622741685,78
"S1_epigenome_v025","Simulation_12","out","T>C",5,407,185.143434547335,189
"S1_epigenome_v025","Simulation_12","out","T>C",6,460,253.198903647012,250
"S1_epigenome_v025","Simulation_12","out","T>C",7,453,294.891790592758,291
"S1_epigenome_v025","Simulation_12","out","T>C",8,447,334.933144538572,318
"S1_epigenome_v025","Simulation_12","out","T>C",9,498,423.434591064056,423
"S1_epigenome_v025","Simulation_12","out","T>G",10,117,110.738546652142,111
"S1_epigenome_v025","Simulation_12","out","T>G",3,4,1.13016506416751,3
"S1_epigenome_v025","Simulation_12","out","T>G",4,51,18.6053895316615,26
"S1_epigenome_v025","Simulation_12","out","T>G",5,114,51.8635180852919,58
"S1_epigenome_v025","Simulation_12","out","T>G",6,156,85.9862989748425,83
"S1_epigenome_v025","Simulation_12","out","T>G",7,154,100.447204137716,101
"S1_epigenome_v025","Simulation_12","out","T>G",8,149,112.214054496969,114
"S1_epigenome_v025","Simulation_12","out","T>G",9,157,133.516454925492,131
"S1_epigenome_v025","Simulation_13","in","C>A",10,8625,8242.27354228624,8256
"S1_epigenome_v025","Simulation_13","in","C>A",3,124,34.2224971509561,30
"S1_epigenome_v025","Simulation_13","in","C>A",4,1234,446.109618509934,458
"S1_epigenome_v025","Simulation_13","in","C>A",5,3134,1426.31996551627,1420
"S1_epigenome_v025","Simulation_13","in","C>A",6,3975,2185.47792351149,2241
"S1_epigenome_v025","Simulation_13","in","C>A",7,3810,2478.64289579998,2555
"S1_epigenome_v025","Simulation_13","in","C>A",8,4069,3054.00893338934,3042
"S1_epigenome_v025","Simulation_13","in","C>A",9,5062,4313.18111802853,4316
"S1_epigenome_v025","Simulation_13","in","C>G",10,9994,9690.41421571237,9686
"S1_epigenome_v025","Simulation_13","in","C>G",3,53,14.6849642358955,22
"S1_epigenome_v025","Simulation_13","in","C>G",4,413,150.264320758103,162
"S1_epigenome_v025","Simulation_13","in","C>G",5,987,450.611687092339,431
"S1_epigenome_v025","Simulation_13","in","C>G",6,1318,724.109786513145,723
"S1_epigenome_v025","Simulation_13","in","C>G",7,1308,851.097961207298,861
"S1_epigenome_v025","Simulation_13","in","C>G",8,1638,1231.52835858747,1216
"S1_epigenome_v025","Simulation_13","in","C>G",9,2412,2063.72224152438,2056
"S1_epigenome_v025","Simulation_13","in","C>T",10,44201,43160.4643317552,43186
"S1_epigenome_v025","Simulation_13","in","C>T",3,172,47.8069316014904,40
"S1_epigenome_v025","Simulation_13","in","C>T",4,1282,461.515242130755,458
"S1_epigenome_v025","Simulation_13","in","C>T",5,2938,1338.70525674819,1315
"S1_epigenome_v025","Simulation_13","in","C>T",6,3895,2142.94292968177,2135
"S1_epigenome_v025","Simulation_13","in","C>T",7,4102,2667.48742134722,2688
"S1_epigenome_v025","Simulation_13","in","C>T",8,4828,3631.31693594022,3640
"S1_epigenome_v025","Simulation_13","in","C>T",9,7293,6239.11855885284,6248
"S1_epigenome_v025","Simulation_13","in","T>A",10,3178,3019.11263557493,3030
"S1_epigenome_v025","Simulation_13","in","T>A",3,85,23.5431110476285,24
"S1_epigenome_v025","Simulation_13","in","T>A",4,558,201.326989255882,225
"S1_epigenome_v025","Simulation_13","in","T>A",5,1405,641.191143009084,643
"S1_epigenome_v025","Simulation_13","in","T>A",6,1864,1024.93844136473,1024
"S1_epigenome_v025","Simulation_13","in","T>A",7,1859,1211.19799452154,1186
"S1_epigenome_v025","Simulation_13","in","T>A",8,1959,1471.55710902474,1525
"S1_epigenome_v025","Simulation_13","in","T>A",9,2278,1944.47381163792,1951
"S1_epigenome_v025","Simulation_13","in","T>C",10,4481,4283.1049516109,4292
"S1_epigenome_v025","Simulation_13","in","T>C",3,70,19.4904220939926,20
"S1_epigenome_v025","Simulation_13","in","T>C",4,754,271.755415012942,256
"S1_epigenome_v025","Simulation_13","in","T>C",5,1740,793.762888508366,762
"S1_epigenome_v025","Simulation_13","in","T>C",6,2164,1190.94956593995,1180
"S1_epigenome_v025","Simulation_13","in","T>C",7,2131,1385.03848808782,1392
"S1_epigenome_v025","Simulation_13","in","T>C",8,2302,1732.88506295877,1748
"S1_epigenome_v025","Simulation_13","in","T>C",9,2852,2428.66004774041,2453
"S1_epigenome_v025","Simulation_13","in","T>G",10,1152,1092.08536256011,1094
"S1_epigenome_v025","Simulation_13","in","T>G",3,18,5.00500339253258,4
"S1_epigenome_v025","Simulation_13","in","T>G",4,200,72.6974567015651,76
"S1_epigenome_v025","Simulation_13","in","T>G",5,593,270.410484038897,266
"S1_epigenome_v025","Simulation_13","in","T>G",6,694,381.30358920903,373
"S1_epigenome_v025","Simulation_13","in","T>G",7,718,465.970627044812,485
"S1_epigenome_v025","Simulation_13","in","T>G",8,737,552.901918433693,565
"S1_epigenome_v025","Simulation_13","in","T>G",9,846,721.513480681522,721
"S1_epigenome_v025","Simulation_13","out","C>A",10,2144,2047.29846645065,2044
"S1_epigenome_v025","Simulation_13","out","C>A",3,49,13.4408682166383,7
"S1_epigenome_v025","Simulation_13","out","C>A",4,384,138.468649688916,156
"S1_epigenome_v025","Simulation_13","out","C>A",5,796,360.80327424645,356
"S1_epigenome_v025","Simulation_13","out","C>A",6,940,516.23875910284,509
"S1_epigenome_v025","Simulation_13","out","C>A",7,905,588.99817372337,590
"S1_epigenome_v025","Simulation_13","out","C>A",8,1001,751.667459088832,765
"S1_epigenome_v025","Simulation_13","out","C>A",9,1254,1066.62231963868,1056
"S1_epigenome_v025","Simulation_13","out","C>G",10,1965,1898.58855848849,1894
"S1_epigenome_v025","Simulation_13","out","C>G",3,11,3.10563741574162,3
"S1_epigenome_v025","Simulation_13","out","C>G",4,104,37.286740192953,41
"S1_epigenome_v025","Simulation_13","out","C>G",5,242,110.411442168394,119
"S1_epigenome_v025","Simulation_13","out","C>G",6,301,166.182183137032,160
"S1_epigenome_v025","Simulation_13","out","C>G",7,304,197.589471665721,190
"S1_epigenome_v025","Simulation_13","out","C>G",8,381,287.543514872626,289
"S1_epigenome_v025","Simulation_13","out","C>G",9,577,494.132168458829,491
"S1_epigenome_v025","Simulation_13","out","C>T",10,15811,15504.8235228342,15492
"S1_epigenome_v025","Simulation_13","out","C>T",3,34,9.39011405794854,10
"S1_epigenome_v025","Simulation_13","out","C>T",4,316,114.094240113886,100
"S1_epigenome_v025","Simulation_13","out","C>T",5,719,327.265441430745,311
"S1_epigenome_v025","Simulation_13","out","C>T",6,1058,582.800137712295,568
"S1_epigenome_v025","Simulation_13","out","C>T",7,1136,739.513435664962,747
"S1_epigenome_v025","Simulation_13","out","C>T",8,1329,999.199615792588,1027
"S1_epigenome_v025","Simulation_13","out","C>T",9,2105,1802.68055996139,1803
"S1_epigenome_v025","Simulation_13","out","T>A",10,587,558.65701656972,560
"S1_epigenome_v025","Simulation_13","out","T>A",3,19,5.29040400666843,8
"S1_epigenome_v025","Simulation_13","out","T>A",4,158,56.2979139057653,52
"S1_epigenome_v025","Simulation_13","out","T>A",5,352,159.945258508964,167
"S1_epigenome_v025","Simulation_13","out","T>A",6,438,239.556704154966,236
"S1_epigenome_v025","Simulation_13","out","T>A",7,413,269.897137900935,267
"S1_epigenome_v025","Simulation_13","out","T>A",8,403,301.781677458278,299
"S1_epigenome_v025","Simulation_13","out","T>A",9,470,399.380828847153,385
"S1_epigenome_v025","Simulation_13","out","T>C",10,1665,1603.90148811095,1604
"S1_epigenome_v025","Simulation_13","out","T>C",3,18,4.95327699938437,7
"S1_epigenome_v025","Simulation_13","out","T>C",4,172,61.7584104171597,61
"S1_epigenome_v025","Simulation_13","out","T>C",5,440,201.61568723067,207
"S1_epigenome_v025","Simulation_13","out","T>C",6,535,294.179027864807,275
"S1_epigenome_v025","Simulation_13","out","T>C",7,524,340.083059621131,335
"S1_epigenome_v025","Simulation_13","out","T>C",8,623,468.519250403329,452
"S1_epigenome_v025","Simulation_13","out","T>C",9,733,624.56579756155,630
"S1_epigenome_v025","Simulation_13","out","T>G",10,257,245.354475996203,249
"S1_epigenome_v025","Simulation_13","out","T>G",3,3,0.816366695086574,0
"S1_epigenome_v025","Simulation_13","out","T>G",4,69,25.1540887920035,30
"S1_epigenome_v025","Simulation_13","out","T>G",5,119,54.17707403119,51
"S1_epigenome_v025","Simulation_13","out","T>G",6,174,95.3411563302664,96
"S1_epigenome_v025","Simulation_13","out","T>G",7,162,105.193763144624,100
"S1_epigenome_v025","Simulation_13","out","T>G",8,185,139.267903693314,140
"S1_epigenome_v025","Simulation_13","out","T>G",9,194,164.956494640607,168
"S1_epigenome_v025","Simulation_14","in","C>A",10,10466,10028.3485431418,10011
"S1_epigenome_v025","Simulation_14","in","C>A",2,1,0.196365279609162,0
"S1_epigenome_v025","Simulation_14","in","C>A",3,147,40.3950705122112,40
"S1_epigenome_v025","Simulation_14","in","C>A",4,1318,476.910045001317,443
"S1_epigenome_v025","Simulation_14","in","C>A",5,3324,1513.26587820965,1533
"S1_epigenome_v025","Simulation_14","in","C>A",6,4178,2298.50490969049,2331
"S1_epigenome_v025","Simulation_14","in","C>A",7,4041,2627.32360783866,2612
"S1_epigenome_v025","Simulation_14","in","C>A",8,4645,3486.72679660366,3524
"S1_epigenome_v025","Simulation_14","in","C>A",9,5846,4982.58882163968,5009
"S1_epigenome_v025","Simulation_14","in","C>G",10,34556,34106.2244139551,34100
"S1_epigenome_v025","Simulation_14","in","C>G",3,52,14.3341266856166,14
"S1_epigenome_v025","Simulation_14","in","C>G",4,451,162.58897592341,156
"S1_epigenome_v025","Simulation_14","in","C>G",5,1033,472.046582169699,473
"S1_epigenome_v025","Simulation_14","in","C>G",6,1195,658.293562909249,654
"S1_epigenome_v025","Simulation_14","in","C>G",7,1188,772.466187906131,807
"S1_epigenome_v025","Simulation_14","in","C>G",8,1480,1114.30927921279,1120
"S1_epigenome_v025","Simulation_14","in","C>G",9,2235,1909.95212981035,1898
"S1_epigenome_v025","Simulation_14","in","C>T",10,37341,36309.2287931578,36325
"S1_epigenome_v025","Simulation_14","in","C>T",2,1,0.197002707387508,0
"S1_epigenome_v025","Simulation_14","in","C>T",3,197,54.2018519407596,53
"S1_epigenome_v025","Simulation_14","in","C>T",4,1463,525.87230064148,547
"S1_epigenome_v025","Simulation_14","in","C>T",5,3159,1439.92086639397,1458
"S1_epigenome_v025","Simulation_14","in","C>T",6,4158,2285.11643186769,2346
"S1_epigenome_v025","Simulation_14","in","C>T",7,4200,2728.56007049456,2769
"S1_epigenome_v025","Simulation_14","in","C>T",8,5079,3818.34901921258,3854
"S1_epigenome_v025","Simulation_14","in","C>T",9,7470,6388.47157738134,6410
"S1_epigenome_v025","Simulation_14","in","T>A",10,2780,2628.62068408589,2646
"S1_epigenome_v025","Simulation_14","in","T>A",3,57,15.7461723113175,14
"S1_epigenome_v025","Simulation_14","in","T>A",4,690,247.661109647162,247
"S1_epigenome_v025","Simulation_14","in","T>A",5,1441,654.420933899956,696
"S1_epigenome_v025","Simulation_14","in","T>A",6,1680,921.306517089351,922
"S1_epigenome_v025","Simulation_14","in","T>A",7,1610,1048.458035509,1056
"S1_epigenome_v025","Simulation_14","in","T>A",8,1900,1428.69021063956,1452
"S1_epigenome_v025","Simulation_14","in","T>A",9,2409,2053.18709729943,2049
"S1_epigenome_v025","Simulation_14","in","T>C",10,2983,2822.12919732846,2812
"S1_epigenome_v025","Simulation_14","in","T>C",3,62,17.0911040713995,14
"S1_epigenome_v025","Simulation_14","in","T>C",4,792,285.324322714892,284
"S1_epigenome_v025","Simulation_14","in","T>C",5,1852,842.306617016732,838
"S1_epigenome_v025","Simulation_14","in","T>C",6,2309,1268.92382298424,1276
"S1_epigenome_v025","Simulation_14","in","T>C",7,2234,1451.45737014128,1462
"S1_epigenome_v025","Simulation_14","in","T>C",8,2368,1777.04843316243,1772
"S1_epigenome_v025","Simulation_14","in","T>C",9,2753,2343.77695523429,2343
"S1_epigenome_v025","Simulation_14","in","T>G",10,687,647.040119130035,650
"S1_epigenome_v025","Simulation_14","in","T>G",3,24,6.68245457792072,7
"S1_epigenome_v025","Simulation_14","in","T>G",4,238,86.1707999523006,103
"S1_epigenome_v025","Simulation_14","in","T>G",5,554,252.583685238704,247
"S1_epigenome_v025","Simulation_14","in","T>G",6,699,382.483870328868,386
"S1_epigenome_v025","Simulation_14","in","T>G",7,641,415.379794193197,403
"S1_epigenome_v025","Simulation_14","in","T>G",8,621,466.515748437948,466
"S1_epigenome_v025","Simulation_14","in","T>G",9,756,644.69558842102,666
"S1_epigenome_v025","Simulation_14","out","C>A",10,3382,3260.47284209346,3277
"S1_epigenome_v025","Simulation_14","out","C>A",3,46,12.7506829744778,14
"S1_epigenome_v025","Simulation_14","out","C>A",4,336,121.5022078687,119
"S1_epigenome_v025","Simulation_14","out","C>A",5,832,378.380483549526,369
"S1_epigenome_v025","Simulation_14","out","C>A",6,1070,587.652313440226,553
"S1_epigenome_v025","Simulation_14","out","C>A",7,1120,728.596063777077,724
"S1_epigenome_v025","Simulation_14","out","C>A",8,1229,922.37713869564,946
"S1_epigenome_v025","Simulation_14","out","C>A",9,1574,1341.86580255864,1349
"S1_epigenome_v025","Simulation_14","out","C>G",10,11904,11749.5489388232,11766
"S1_epigenome_v025","Simulation_14","out","C>G",3,9,2.4032386901922,4
"S1_epigenome_v025","Simulation_14","out","C>G",4,94,33.9230133489272,33
"S1_epigenome_v025","Simulation_14","out","C>G",5,243,110.598692241905,108
"S1_epigenome_v025","Simulation_14","out","C>G",6,367,202.879494738569,205
"S1_epigenome_v025","Simulation_14","out","C>G",7,395,257.549495838688,269
"S1_epigenome_v025","Simulation_14","out","C>G",8,420,315.92995956443,324
"S1_epigenome_v025","Simulation_14","out","C>G",9,734,628.914070156007,630
"S1_epigenome_v025","Simulation_14","out","C>T",10,9455,9204.69820519032,9215
"S1_epigenome_v025","Simulation_14","out","C>T",3,42,11.7675941573278,9
"S1_epigenome_v025","Simulation_14","out","C>T",4,322,116.410464783235,123
"S1_epigenome_v025","Simulation_14","out","C>T",5,804,366.926000829799,372
"S1_epigenome_v025","Simulation_14","out","C>T",6,1052,577.990909376876,579
"S1_epigenome_v025","Simulation_14","out","C>T",7,1136,740.618532803187,758
"S1_epigenome_v025","Simulation_14","out","C>T",8,1345,1009.87843276494,1017
"S1_epigenome_v025","Simulation_14","out","C>T",9,2143,1831.91598336512,1820
"S1_epigenome_v025","Simulation_14","out","T>A",10,628,591.347338841732,583
"S1_epigenome_v025","Simulation_14","out","T>A",3,18,5.06775149642392,5
"S1_epigenome_v025","Simulation_14","out","T>A",4,167,60.3355079674288,60
"S1_epigenome_v025","Simulation_14","out","T>A",5,357,162.309198218847,161
"S1_epigenome_v025","Simulation_14","out","T>A",6,439,241.479887550064,246
"S1_epigenome_v025","Simulation_14","out","T>A",7,461,299.240178331404,290
"S1_epigenome_v025","Simulation_14","out","T>A",8,477,358.918610563413,341
"S1_epigenome_v025","Simulation_14","out","T>A",9,599,510.466121532532,508
"S1_epigenome_v025","Simulation_14","out","T>C",10,1216,1159.91887089971,1163
"S1_epigenome_v025","Simulation_14","out","T>C",3,26,7.18816328370211,9
"S1_epigenome_v025","Simulation_14","out","T>C",4,222,79.6593351286927,83
"S1_epigenome_v025","Simulation_14","out","T>C",5,448,202.282378950136,199
"S1_epigenome_v025","Simulation_14","out","T>C",6,544,299.125467800289,283
"S1_epigenome_v025","Simulation_14","out","T>C",7,543,353.406065172178,364
"S1_epigenome_v025","Simulation_14","out","T>C",8,561,421.696492284098,436
"S1_epigenome_v025","Simulation_14","out","T>C",9,791,674.080431970137,700
"S1_epigenome_v025","Simulation_14","out","T>G",10,336,320.276359966921,321
"S1_epigenome_v025","Simulation_14","out","T>G",3,5,1.42900248387638,2
"S1_epigenome_v025","Simulation_14","out","T>G",4,65,23.6252197527397,28
"S1_epigenome_v025","Simulation_14","out","T>G",5,151,68.8026945209231,75
"S1_epigenome_v025","Simulation_14","out","T>G",6,169,92.3681327903814,88
"S1_epigenome_v025","Simulation_14","out","T>G",7,174,112.816148265008,114
"S1_epigenome_v025","Simulation_14","out","T>G",8,152,114.70045680113,121
"S1_epigenome_v025","Simulation_14","out","T>G",9,224,190.762359226406,197
"S1_epigenome_v025","Simulation_15","in","C>A",10,12747,12226.6870410417,12266
"S1_epigenome_v025","Simulation_15","in","C>A",3,91,24.9760156630486,27
"S1_epigenome_v025","Simulation_15","in","C>A",4,1109,400.679771353962,421
"S1_epigenome_v025","Simulation_15","in","C>A",5,3130,1427.92695539375,1475
"S1_epigenome_v025","Simulation_15","in","C>A",6,4284,2356.99188017231,2413
"S1_epigenome_v025","Simulation_15","in","C>A",7,4258,2773.28364269467,2848
"S1_epigenome_v025","Simulation_15","in","C>A",8,4833,3636.2816635948,3684
"S1_epigenome_v025","Simulation_15","in","C>A",9,6375,5436.58629426324,5471
"S1_epigenome_v025","Simulation_15","in","C>G",10,12362,11971.9134043726,12000
"S1_epigenome_v025","Simulation_15","in","C>G",3,38,10.2609278986747,8
"S1_epigenome_v025","Simulation_15","in","C>G",4,389,140.8919683564,148
"S1_epigenome_v025","Simulation_15","in","C>G",5,925,421.795174132639,445
"S1_epigenome_v025","Simulation_15","in","C>G",6,1310,718.965140794454,701
"S1_epigenome_v025","Simulation_15","in","C>G",7,1452,945.89491094313,942
"S1_epigenome_v025","Simulation_15","in","C>G",8,1813,1365.76672377271,1372
"S1_epigenome_v025","Simulation_15","in","C>G",9,2909,2489.88872115717,2488
"S1_epigenome_v025","Simulation_15","in","C>T",10,37282,36268.4778906407,36270
"S1_epigenome_v025","Simulation_15","in","C>T",3,191,52.086694953698,60
"S1_epigenome_v025","Simulation_15","in","C>T",4,1424,510.890222022995,531
"S1_epigenome_v025","Simulation_15","in","C>T",5,3112,1415.25590917724,1439
"S1_epigenome_v025","Simulation_15","in","C>T",6,3928,2160.16295379335,2148
"S1_epigenome_v025","Simulation_15","in","C>T",7,4135,2689.91528691549,2678
"S1_epigenome_v025","Simulation_15","in","C>T",8,4839,3640.05021677639,3592
"S1_epigenome_v025","Simulation_15","in","C>T",9,7610,6506.11239936899,6548
"S1_epigenome_v025","Simulation_15","in","T>A",10,3651,3460.93164299887,3442
"S1_epigenome_v025","Simulation_15","in","T>A",3,58,16.0268529252863,21
"S1_epigenome_v025","Simulation_15","in","T>A",4,506,183.703219941095,173
"S1_epigenome_v025","Simulation_15","in","T>A",5,1312,599.053509299948,566
"S1_epigenome_v025","Simulation_15","in","T>A",6,1850,1014.75070542817,1053
"S1_epigenome_v025","Simulation_15","in","T>A",7,1835,1193.64749182236,1183
"S1_epigenome_v025","Simulation_15","in","T>A",8,2095,1573.7785001585,1627
"S1_epigenome_v025","Simulation_15","in","T>A",9,2699,2303.50464791334,2329
"S1_epigenome_v025","Simulation_15","in","T>C",10,2290,2160.80317876322,2176
"S1_epigenome_v025","Simulation_15","in","T>C",3,91,25.494494494185,25
"S1_epigenome_v025","Simulation_15","in","T>C",4,854,305.827870228464,301
"S1_epigenome_v025","Simulation_15","in","T>C",5,1856,841.465050693106,802
"S1_epigenome_v025","Simulation_15","in","T>C",6,2162,1187.0024481634,1191
"S1_epigenome_v025","Simulation_15","in","T>C",7,2102,1367.26619216473,1380
"S1_epigenome_v025","Simulation_15","in","T>C",8,2164,1625.60336481215,1674
"S1_epigenome_v025","Simulation_15","in","T>C",9,2353,2000.63760563173,2022
"S1_epigenome_v025","Simulation_15","in","T>G",10,1423,1353.70742309806,1354
"S1_epigenome_v025","Simulation_15","in","T>G",3,16,4.43285391884129,9
"S1_epigenome_v025","Simulation_15","in","T>G",4,179,64.5792479521676,54
"S1_epigenome_v025","Simulation_15","in","T>G",5,528,241.201678549999,227
"S1_epigenome_v025","Simulation_15","in","T>G",6,645,354.287894542374,360
"S1_epigenome_v025","Simulation_15","in","T>G",7,623,405.204881020526,402
"S1_epigenome_v025","Simulation_15","in","T>G",8,726,546.322579276508,548
"S1_epigenome_v025","Simulation_15","in","T>G",9,910,774.548821450922,801
"S1_epigenome_v025","Simulation_15","out","C>A",10,1557,1475.07942019985,1483
"S1_epigenome_v025","Simulation_15","out","C>A",3,24,6.84970787984943,7
"S1_epigenome_v025","Simulation_15","out","C>A",4,269,96.5751392856435,92
"S1_epigenome_v025","Simulation_15","out","C>A",5,777,353.560331467934,352
"S1_epigenome_v025","Simulation_15","out","C>A",6,1119,615.512444259196,629
"S1_epigenome_v025","Simulation_15","out","C>A",7,1062,689.583837630587,715
"S1_epigenome_v025","Simulation_15","out","C>A",8,1113,836.265475993431,832
"S1_epigenome_v025","Simulation_15","out","C>A",9,1335,1136.63311511227,1129
"S1_epigenome_v025","Simulation_15","out","C>G",10,2812,2731.17001653445,2733
"S1_epigenome_v025","Simulation_15","out","C>G",3,9,2.35719390487721,2
"S1_epigenome_v025","Simulation_15","out","C>G",4,101,36.2850720326962,29
"S1_epigenome_v025","Simulation_15","out","C>G",5,218,98.9798943267923,102
"S1_epigenome_v025","Simulation_15","out","C>G",6,281,154.825241547849,152
"S1_epigenome_v025","Simulation_15","out","C>G",7,307,199.733803918615,206
"S1_epigenome_v025","Simulation_15","out","C>G",8,350,262.344271456329,252
"S1_epigenome_v025","Simulation_15","out","C>G",9,624,533.215551725554,543
"S1_epigenome_v025","Simulation_15","out","C>T",10,7876,7636.86581135965,7646
"S1_epigenome_v025","Simulation_15","out","C>T",2,1,0.184014687038197,0
"S1_epigenome_v025","Simulation_15","out","C>T",3,57,15.656410030684,17
"S1_epigenome_v025","Simulation_15","out","C>T",4,380,136.110085377481,133
"S1_epigenome_v025","Simulation_15","out","C>T",5,705,319.911446602908,339
"S1_epigenome_v025","Simulation_15","out","C>T",6,934,512.788182362534,517
"S1_epigenome_v025","Simulation_15","out","C>T",7,1023,664.670549803727,668
"S1_epigenome_v025","Simulation_15","out","C>T",8,1125,846.15124118517,870
"S1_epigenome_v025","Simulation_15","out","C>T",9,1682,1439.24143933908,1458
"S1_epigenome_v025","Simulation_15","out","T>A",10,931,882.816031212445,885
"S1_epigenome_v025","Simulation_15","out","T>A",3,6,1.66073694999016,2
"S1_epigenome_v025","Simulation_15","out","T>A",4,112,40.0008383083542,48
"S1_epigenome_v025","Simulation_15","out","T>A",5,328,149.055665313553,153
"S1_epigenome_v025","Simulation_15","out","T>A",6,369,202.766559066049,193
"S1_epigenome_v025","Simulation_15","out","T>A",7,407,263.910337945262,283
"S1_epigenome_v025","Simulation_15","out","T>A",8,526,395.220218062999,395
"S1_epigenome_v025","Simulation_15","out","T>A",9,632,537.53712484735,533
"S1_epigenome_v025","Simulation_15","out","T>C",10,407,382.642672131249,384
"S1_epigenome_v025","Simulation_15","out","T>C",3,40,11.1843518653377,8
"S1_epigenome_v025","Simulation_15","out","T>C",4,235,84.792017595938,89
"S1_epigenome_v025","Simulation_15","out","T>C",5,479,218.41418188003,228
"S1_epigenome_v025","Simulation_15","out","T>C",6,526,289.21595950381,281
"S1_epigenome_v025","Simulation_15","out","T>C",7,512,333.490465531733,335
"S1_epigenome_v025","Simulation_15","out","T>C",8,514,385.614114941061,382
"S1_epigenome_v025","Simulation_15","out","T>C",9,517,438.537778533322,442
"S1_epigenome_v025","Simulation_15","out","T>G",10,194,183.207659621911,188
"S1_epigenome_v025","Simulation_15","out","T>G",3,5,1.37642271540941,0
"S1_epigenome_v025","Simulation_15","out","T>G",4,70,25.1387496616916,23
"S1_epigenome_v025","Simulation_15","out","T>G",5,130,59.2821335600096,62
"S1_epigenome_v025","Simulation_15","out","T>G",6,146,80.1812395384433,83
"S1_epigenome_v025","Simulation_15","out","T>G",7,174,112.7716859303,121
"S1_epigenome_v025","Simulation_15","out","T>G",8,144,108.284877942061,106
"S1_epigenome_v025","Simulation_15","out","T>G",9,173,147.036786406922,148
"S1_epigenome_v025","Simulation_16","in","C>A",10,15286,14676.5125372574,14721
"S1_epigenome_v025","Simulation_16","in","C>A",3,77,21.6793239543668,23
"S1_epigenome_v025","Simulation_16","in","C>A",4,1019,369.924318937358,342
"S1_epigenome_v025","Simulation_16","in","C>A",5,2964,1350.69772483212,1286
"S1_epigenome_v025","Simulation_16","in","C>A",6,4165,2287.98437207259,2243
"S1_epigenome_v025","Simulation_16","in","C>A",7,4230,2751.03402713076,2774
"S1_epigenome_v025","Simulation_16","in","C>A",8,5030,3782.25998424026,3755
"S1_epigenome_v025","Simulation_16","in","C>A",9,6783,5793.46923982366,5858
"S1_epigenome_v025","Simulation_16","in","C>G",10,10142,9843.76470495068,9822
"S1_epigenome_v025","Simulation_16","in","C>G",3,42,11.5448908916799,11
"S1_epigenome_v025","Simulation_16","in","C>G",4,431,156.175351870816,155
"S1_epigenome_v025","Simulation_16","in","C>G",5,1003,457.457726035529,448
"S1_epigenome_v025","Simulation_16","in","C>G",6,1500,824.058845843318,841
"S1_epigenome_v025","Simulation_16","in","C>G",7,1575,1026.5631234016,1000
"S1_epigenome_v025","Simulation_16","in","C>G",8,1812,1360.89768583216,1358
"S1_epigenome_v025","Simulation_16","in","C>G",9,2492,2127.99237517596,2131
"S1_epigenome_v025","Simulation_16","in","C>T",10,24971,24134.0288539137,24167
"S1_epigenome_v025","Simulation_16","in","C>T",3,196,53.9776371719384,52
"S1_epigenome_v025","Simulation_16","in","C>T",4,1539,554.120724153481,540
"S1_epigenome_v025","Simulation_16","in","C>T",5,3375,1536.99161622348,1515
"S1_epigenome_v025","Simulation_16","in","C>T",6,4357,2393.98851348296,2437
"S1_epigenome_v025","Simulation_16","in","C>T",7,4434,2886.9187110177,2932
"S1_epigenome_v025","Simulation_16","in","C>T",8,5100,3837.09854892162,3870
"S1_epigenome_v025","Simulation_16","in","C>T",9,7611,6505.49797312231,6510
"S1_epigenome_v025","Simulation_16","in","T>A",10,5172,4943.00414704363,4975
"S1_epigenome_v025","Simulation_16","in","T>A",2,1,0.195090922075372,0
"S1_epigenome_v025","Simulation_16","in","T>A",3,40,10.9614412248507,12
"S1_epigenome_v025","Simulation_16","in","T>A",4,526,190.166199359922,190
"S1_epigenome_v025","Simulation_16","in","T>A",5,1268,577.195645132094,569
"S1_epigenome_v025","Simulation_16","in","T>A",6,1841,1011.04262500845,988
"S1_epigenome_v025","Simulation_16","in","T>A",7,1806,1175.74008405904,1219
"S1_epigenome_v025","Simulation_16","in","T>A",8,2176,1636.56164943611,1689
"S1_epigenome_v025","Simulation_16","in","T>A",9,2875,2454.66046378049,2453
"S1_epigenome_v025","Simulation_16","in","T>C",10,4037,3851.05228993446,3884
"S1_epigenome_v025","Simulation_16","in","T>C",3,60,16.7450406404294,18
"S1_epigenome_v025","Simulation_16","in","T>C",4,776,281.170226939183,259
"S1_epigenome_v025","Simulation_16","in","T>C",5,2066,941.839163043885,960
"S1_epigenome_v025","Simulation_16","in","T>C",6,2507,1376.59879546798,1410
"S1_epigenome_v025","Simulation_16","in","T>C",7,2526,1642.78574140817,1673
"S1_epigenome_v025","Simulation_16","in","T>C",8,2488,1866.29533307456,1846
"S1_epigenome_v025","Simulation_16","in","T>C",9,2818,2399.82059381023,2439
"S1_epigenome_v025","Simulation_16","in","T>G",10,992,938.814699328026,939
"S1_epigenome_v025","Simulation_16","in","T>G",3,9,2.52639638280665,1
"S1_epigenome_v025","Simulation_16","in","T>G",4,196,70.688826135547,63
"S1_epigenome_v025","Simulation_16","in","T>G",5,654,298.549243201476,293
"S1_epigenome_v025","Simulation_16","in","T>G",6,864,473.497725210055,496
"S1_epigenome_v025","Simulation_16","in","T>G",7,807,525.133252498498,519
"S1_epigenome_v025","Simulation_16","in","T>G",8,836,627.01814190007,623
"S1_epigenome_v025","Simulation_16","in","T>G",9,905,771.313741959421,779
"S1_epigenome_v025","Simulation_16","out","C>A",10,2609,2487.82091095172,2499
"S1_epigenome_v025","Simulation_16","out","C>A",3,32,8.93008899223976,11
"S1_epigenome_v025","Simulation_16","out","C>A",4,258,93.5738097077595,98
"S1_epigenome_v025","Simulation_16","out","C>A",5,724,331.627744487676,329
"S1_epigenome_v025","Simulation_16","out","C>A",6,926,509.783289265944,501
"S1_epigenome_v025","Simulation_16","out","C>A",7,977,633.90276445527,644
"S1_epigenome_v025","Simulation_16","out","C>A",8,1202,902.383705476307,891
"S1_epigenome_v025","Simulation_16","out","C>A",9,1560,1330.3993693882,1322
"S1_epigenome_v025","Simulation_16","out","C>G",10,2474,2411.55631192964,2398
"S1_epigenome_v025","Simulation_16","out","C>G",3,12,3.23760522035191,5
"S1_epigenome_v025","Simulation_16","out","C>G",4,107,39.1367372094941,43
"S1_epigenome_v025","Simulation_16","out","C>G",5,250,113.410655086742,114
"S1_epigenome_v025","Simulation_16","out","C>G",6,333,183.624479217915,177
"S1_epigenome_v025","Simulation_16","out","C>G",7,337,218.973232853995,220
"S1_epigenome_v025","Simulation_16","out","C>G",8,397,299.153243422353,308
"S1_epigenome_v025","Simulation_16","out","C>G",9,542,462.931051536026,459
"S1_epigenome_v025","Simulation_16","out","C>T",10,5791,5597.91013428968,5617
"S1_epigenome_v025","Simulation_16","out","C>T",3,53,14.9323444533026,13
"S1_epigenome_v025","Simulation_16","out","C>T",4,416,149.504212626784,163
"S1_epigenome_v025","Simulation_16","out","C>T",5,852,387.77519423221,392
"S1_epigenome_v025","Simulation_16","out","C>T",6,976,535.55979483033,549
"S1_epigenome_v025","Simulation_16","out","C>T",7,1000,651.656213606518,668
"S1_epigenome_v025","Simulation_16","out","C>T",8,1084,814.739778056197,804
"S1_epigenome_v025","Simulation_16","out","C>T",9,1709,1460.31877622542,1481
"S1_epigenome_v025","Simulation_16","out","T>A",10,1251,1196.33881844029,1192
"S1_epigenome_v025","Simulation_16","out","T>A",3,11,2.98056459611628,0
"S1_epigenome_v025","Simulation_16","out","T>A",4,129,46.8966036269433,46
"S1_epigenome_v025","Simulation_16","out","T>A",5,309,139.975871501837,126
"S1_epigenome_v025","Simulation_16","out","T>A",6,419,229.909156707169,225
"S1_epigenome_v025","Simulation_16","out","T>A",7,394,256.096054867733,268
"S1_epigenome_v025","Simulation_16","out","T>A",8,480,360.851578372332,371
"S1_epigenome_v025","Simulation_16","out","T>A",9,684,584.47636878784,598
"S1_epigenome_v025","Simulation_16","out","T>C",10,716,682.085428802572,676
"S1_epigenome_v025","Simulation_16","out","T>C",3,16,4.48765988618211,6
"S1_epigenome_v025","Simulation_16","out","T>C",4,219,79.181476506398,89
"S1_epigenome_v025","Simulation_16","out","T>C",5,531,240.984572235656,243
"S1_epigenome_v025","Simulation_16","out","T>C",6,585,320.526903537184,319
"S1_epigenome_v025","Simulation_16","out","T>C",7,576,373.210893836819,365
"S1_epigenome_v025","Simulation_16","out","T>C",8,619,464.649323221086,487
"S1_epigenome_v025","Simulation_16","out","T>C",9,620,527.485458922749,525
"S1_epigenome_v025","Simulation_16","out","T>G",10,171,161.26734428566,164
"S1_epigenome_v025","Simulation_16","out","T>G",3,3,0.817393750854136,0
"S1_epigenome_v025","Simulation_16","out","T>G",4,65,23.3476459266447,20
"S1_epigenome_v025","Simulation_16","out","T>G",5,153,70.2345246001292,60
"S1_epigenome_v025","Simulation_16","out","T>G",6,218,119.242645117577,135
"S1_epigenome_v025","Simulation_16","out","T>G",7,191,123.810985178587,125
"S1_epigenome_v025","Simulation_16","out","T>G",8,189,141.014788577302,143
"S1_epigenome_v025","Simulation_16","out","T>G",9,180,152.63568438216,155
"S1_epigenome_v025","Simulation_17","in","C>A",10,12212,11682.2062223763,11708
"S1_epigenome_v025","Simulation_17","in","C>A",3,108,29.828152099458,28
"S1_epigenome_v025","Simulation_17","in","C>A",4,1299,470.400823934297,483
"S1_epigenome_v025","Simulation_17","in","C>A",5,3487,1591.40598501874,1587
"S1_epigenome_v025","Simulation_17","in","C>A",6,4913,2700.01879665525,2700
"S1_epigenome_v025","Simulation_17","in","C>A",7,5093,3313.77729243398,3272
"S1_epigenome_v025","Simulation_17","in","C>A",8,5414,4068.37258178005,4025
"S1_epigenome_v025","Simulation_17","in","C>A",9,6925,5906.73735423089,5888
"S1_epigenome_v025","Simulation_17","in","C>G",10,21156,20631.8120074541,20657
"S1_epigenome_v025","Simulation_17","in","C>G",3,56,15.4543376812575,16
"S1_epigenome_v025","Simulation_17","in","C>G",4,401,144.253415741329,147
"S1_epigenome_v025","Simulation_17","in","C>G",5,994,452.956692964952,442
"S1_epigenome_v025","Simulation_17","in","C>G",6,1468,806.524470348642,799
"S1_epigenome_v025","Simulation_17","in","C>G",7,1557,1013.80670369518,1009
"S1_epigenome_v025","Simulation_17","in","C>G",8,1959,1476.51340067552,1468
"S1_epigenome_v025","Simulation_17","in","C>G",9,3294,2819.0090832617,2806
"S1_epigenome_v025","Simulation_17","in","C>T",10,30930,29960.3831338258,29950
"S1_epigenome_v025","Simulation_17","in","C>T",2,1,0.193915024682012,0
"S1_epigenome_v025","Simulation_17","in","C>T",3,246,67.3858963826745,68
"S1_epigenome_v025","Simulation_17","in","C>T",4,1615,579.333016388294,587
"S1_epigenome_v025","Simulation_17","in","C>T",5,3246,1475.94879665748,1465
"S1_epigenome_v025","Simulation_17","in","C>T",6,4007,2203.0323472277,2224
"S1_epigenome_v025","Simulation_17","in","C>T",7,4052,2636.35477141587,2695
"S1_epigenome_v025","Simulation_17","in","C>T",8,4851,3647.48522321344,3642
"S1_epigenome_v025","Simulation_17","in","C>T",9,7420,6343.30712034078,6306
"S1_epigenome_v025","Simulation_17","in","T>A",10,11206,10843.7449987591,10848
"S1_epigenome_v025","Simulation_17","in","T>A",3,55,14.9827550023932,13
"S1_epigenome_v025","Simulation_17","in","T>A",4,517,186.866867291281,182
"S1_epigenome_v025","Simulation_17","in","T>A",5,1219,555.10000590549,568
"S1_epigenome_v025","Simulation_17","in","T>A",6,1545,848.383644759437,826
"S1_epigenome_v025","Simulation_17","in","T>A",7,1494,972.658394091368,965
"S1_epigenome_v025","Simulation_17","in","T>A",8,1889,1419.89518959886,1461
"S1_epigenome_v025","Simulation_17","in","T>A",9,2954,2525.36398419865,2506
"S1_epigenome_v025","Simulation_17","in","T>C",10,3853,3660.79751156012,3672
"S1_epigenome_v025","Simulation_17","in","T>C",3,108,29.9811993060689,29
"S1_epigenome_v025","Simulation_17","in","T>C",4,836,301.600934279695,288
"S1_epigenome_v025","Simulation_17","in","T>C",5,1958,891.160828885868,870
"S1_epigenome_v025","Simulation_17","in","T>C",6,2505,1377.78426267111,1363
"S1_epigenome_v025","Simulation_17","in","T>C",7,2552,1657.51992574349,1670
"S1_epigenome_v025","Simulation_17","in","T>C",8,2568,1928.4402446485,1933
"S1_epigenome_v025","Simulation_17","in","T>C",9,3052,2599.09569627156,2608
"S1_epigenome_v025","Simulation_17","in","T>G",10,1481,1409.40736759381,1399
"S1_epigenome_v025","Simulation_17","in","T>G",3,23,6.46053101974982,8
"S1_epigenome_v025","Simulation_17","in","T>G",4,248,89.1198736680393,94
"S1_epigenome_v025","Simulation_17","in","T>G",5,585,266.037399217391,272
"S1_epigenome_v025","Simulation_17","in","T>G",6,721,396.435204375584,412
"S1_epigenome_v025","Simulation_17","in","T>G",7,714,463.274936348721,467
"S1_epigenome_v025","Simulation_17","in","T>G",8,720,541.380790047525,537
"S1_epigenome_v025","Simulation_17","in","T>G",9,901,768.392015306994,773
"S1_epigenome_v025","Simulation_17","out","C>A",10,3770,3625.37449869743,3637
"S1_epigenome_v025","Simulation_17","out","C>A",3,35,9.72350466161505,11
"S1_epigenome_v025","Simulation_17","out","C>A",4,329,119.28004257256,112
"S1_epigenome_v025","Simulation_17","out","C>A",5,917,418.439462790343,432
"S1_epigenome_v025","Simulation_17","out","C>A",6,1274,701.460907053182,722
"S1_epigenome_v025","Simulation_17","out","C>A",7,1239,806.186156470893,805
"S1_epigenome_v025","Simulation_17","out","C>A",8,1385,1039.62288201109,1057
"S1_epigenome_v025","Simulation_17","out","C>A",9,1794,1529.44171044167,1544
"S1_epigenome_v025","Simulation_17","out","C>G",10,3983,3857.44628681208,3850
"S1_epigenome_v025","Simulation_17","out","C>G",3,9,2.53389192150652,3
"S1_epigenome_v025","Simulation_17","out","C>G",4,94,33.5205267568108,34
"S1_epigenome_v025","Simulation_17","out","C>G",5,227,103.623758004871,101
"S1_epigenome_v025","Simulation_17","out","C>G",6,367,201.739875497256,193
"S1_epigenome_v025","Simulation_17","out","C>G",7,425,277.181140286519,284
"S1_epigenome_v025","Simulation_17","out","C>G",8,544,409.196949759103,419
"S1_epigenome_v025","Simulation_17","out","C>G",9,921,790.91463418009,789
"S1_epigenome_v025","Simulation_17","out","C>T",10,5439,5222.34016405616,5243
"S1_epigenome_v025","Simulation_17","out","C>T",3,58,15.9701605683332,20
"S1_epigenome_v025","Simulation_17","out","C>T",4,369,133.42542362835,143
"S1_epigenome_v025","Simulation_17","out","C>T",5,833,380.448136103114,378
"S1_epigenome_v025","Simulation_17","out","C>T",6,1120,617.408760552947,616
"S1_epigenome_v025","Simulation_17","out","C>T",7,1091,708.465998570845,710
"S1_epigenome_v025","Simulation_17","out","C>T",8,1360,1021.34745341811,1036
"S1_epigenome_v025","Simulation_17","out","C>T",9,2028,1734.30123959671,1748
"S1_epigenome_v025","Simulation_17","out","T>A",10,3767,3662.49357049693,3657
"S1_epigenome_v025","Simulation_17","out","T>A",3,14,3.8700254771303,3
"S1_epigenome_v025","Simulation_17","out","T>A",4,132,48.1452282613227,52
"S1_epigenome_v025","Simulation_17","out","T>A",5,333,151.923780955372,150
"S1_epigenome_v025","Simulation_17","out","T>A",6,408,224.167476710553,217
"S1_epigenome_v025","Simulation_17","out","T>A",7,438,285.241749418601,276
"S1_epigenome_v025","Simulation_17","out","T>A",8,544,408.998927772175,408
"S1_epigenome_v025","Simulation_17","out","T>A",9,833,712.700409367671,728
"S1_epigenome_v025","Simulation_17","out","T>C",10,1166,1105.05517869487,1105
"S1_epigenome_v025","Simulation_17","out","T>C",3,26,7.14967656124066,7
"S1_epigenome_v025","Simulation_17","out","T>C",4,215,77.4467736827605,80
"S1_epigenome_v025","Simulation_17","out","T>C",5,547,249.710081563231,250
"S1_epigenome_v025","Simulation_17","out","T>C",6,733,404.114084460373,405
"S1_epigenome_v025","Simulation_17","out","T>C",7,707,457.521308426241,454
"S1_epigenome_v025","Simulation_17","out","T>C",8,778,585.12575294719,577
"S1_epigenome_v025","Simulation_17","out","T>C",9,1016,865.455881610298,865
"S1_epigenome_v025","Simulation_17","out","T>G",10,425,403.831827258475,396
"S1_epigenome_v025","Simulation_17","out","T>G",3,6,1.60018297432883,3
"S1_epigenome_v025","Simulation_17","out","T>G",4,38,13.7330428263821,15
"S1_epigenome_v025","Simulation_17","out","T>G",5,162,73.9058321844939,74
"S1_epigenome_v025","Simulation_17","out","T>G",6,218,119.461704940684,127
"S1_epigenome_v025","Simulation_17","out","T>G",7,198,128.856468798648,124
"S1_epigenome_v025","Simulation_17","out","T>G",8,240,179.696489283104,173
"S1_epigenome_v025","Simulation_17","out","T>G",9,310,264.541812548862,271
"S1_epigenome_v025","Simulation_18","in","C>A",10,15281,14665.4130743074,14681
"S1_epigenome_v025","Simulation_18","in","C>A",3,108,30.3009583874017,29
"S1_epigenome_v025","Simulation_18","in","C>A",4,1399,505.84825883356,531
"S1_epigenome_v025","Simulation_18","in","C>A",5,3610,1646.93091535588,1704
"S1_epigenome_v025","Simulation_18","in","C>A",6,4790,2634.13204093014,2675
"S1_epigenome_v025","Simulation_18","in","C>A",7,4871,3167.9854162096,3219
"S1_epigenome_v025","Simulation_18","in","C>A",8,5314,3995.68311672992,4058
"S1_epigenome_v025","Simulation_18","in","C>A",9,7254,6189.09435459708,6217
"S1_epigenome_v025","Simulation_18","in","C>G",10,9213,8887.34119052328,8910
"S1_epigenome_v025","Simulation_18","in","C>G",3,60,16.6767038837295,18
"S1_epigenome_v025","Simulation_18","in","C>G",4,430,155.745399350141,154
"S1_epigenome_v025","Simulation_18","in","C>G",5,1125,514.026424543585,507
"S1_epigenome_v025","Simulation_18","in","C>G",6,1676,922.726134563776,904
"S1_epigenome_v025","Simulation_18","in","C>G",7,1653,1073.5100486495,1093
"S1_epigenome_v025","Simulation_18","in","C>G",8,2062,1550.73220781036,1551
"S1_epigenome_v025","Simulation_18","in","C>G",9,2918,2493.48039156938,2504
"S1_epigenome_v025","Simulation_18","in","C>T",10,23485,22690.1008698725,22708
"S1_epigenome_v025","Simulation_18","in","C>T",3,212,58.3532977524748,65
"S1_epigenome_v025","Simulation_18","in","C>T",4,1704,613.71648421015,608
"S1_epigenome_v025","Simulation_18","in","C>T",5,3554,1613.94408583483,1641
"S1_epigenome_v025","Simulation_18","in","C>T",6,4362,2395.41326912209,2354
"S1_epigenome_v025","Simulation_18","in","C>T",7,4354,2830.44847482822,2889
"S1_epigenome_v025","Simulation_18","in","C>T",8,4891,3677.51048756248,3751
"S1_epigenome_v025","Simulation_18","in","C>T",9,6991,5970.09120096211,5925
"S1_epigenome_v025","Simulation_18","in","T>A",10,14205,13795.6609267368,13836
"S1_epigenome_v025","Simulation_18","in","T>A",3,63,17.2015689921364,21
"S1_epigenome_v025","Simulation_18","in","T>A",4,522,187.744906375451,173
"S1_epigenome_v025","Simulation_18","in","T>A",5,1251,570.90451581993,582
"S1_epigenome_v025","Simulation_18","in","T>A",6,1687,927.15080668865,932
"S1_epigenome_v025","Simulation_18","in","T>A",7,1737,1132.24119299312,1115
"S1_epigenome_v025","Simulation_18","in","T>A",8,2093,1572.97530561705,1568
"S1_epigenome_v025","Simulation_18","in","T>A",9,3313,2835.1883401309,2880
"S1_epigenome_v025","Simulation_18","in","T>C",10,3587,3400.70740320342,3436
"S1_epigenome_v025","Simulation_18","in","T>C",3,78,21.6239953400648,18
"S1_epigenome_v025","Simulation_18","in","T>C",4,817,296.376563614906,288
"S1_epigenome_v025","Simulation_18","in","T>C",5,2048,933.947582473653,982
"S1_epigenome_v025","Simulation_18","in","T>C",6,2519,1382.8325640234,1398
"S1_epigenome_v025","Simulation_18","in","T>C",7,2508,1630.54458020359,1639
"S1_epigenome_v025","Simulation_18","in","T>C",8,2654,1993.45033034916,2006
"S1_epigenome_v025","Simulation_18","in","T>C",9,3056,2603.11632678118,2678
"S1_epigenome_v025","Simulation_18","in","T>G",10,1441,1372.55669356719,1362
"S1_epigenome_v025","Simulation_18","in","T>G",3,15,4.15218642016774,4
"S1_epigenome_v025","Simulation_18","in","T>G",4,243,88.3686909882572,81
"S1_epigenome_v025","Simulation_18","in","T>G",5,574,260.776298678956,267
"S1_epigenome_v025","Simulation_18","in","T>G",6,813,446.23060758652,445
"S1_epigenome_v025","Simulation_18","in","T>G",7,771,500.169338428048,468
"S1_epigenome_v025","Simulation_18","in","T>G",8,881,660.688476770624,652
"S1_epigenome_v025","Simulation_18","in","T>G",9,1001,853.510750249114,843
"S1_epigenome_v025","Simulation_18","out","C>A",10,3259,3124.33531952954,3138
"S1_epigenome_v025","Simulation_18","out","C>A",3,33,9.14871178235348,10
"S1_epigenome_v025","Simulation_18","out","C>A",4,327,117.304898816172,128
"S1_epigenome_v025","Simulation_18","out","C>A",5,773,352.094943048596,357
"S1_epigenome_v025","Simulation_18","out","C>A",6,1014,557.704256456735,586
"S1_epigenome_v025","Simulation_18","out","C>A",7,1010,658.446492034462,668
"S1_epigenome_v025","Simulation_18","out","C>A",8,1175,883.610208070719,890
"S1_epigenome_v025","Simulation_18","out","C>A",9,1505,1283.81928536118,1275
"S1_epigenome_v025","Simulation_18","out","C>G",10,2000,1925.03476770163,1931
"S1_epigenome_v025","Simulation_18","out","C>G",3,11,3.00240621567524,1
"S1_epigenome_v025","Simulation_18","out","C>G",4,86,30.6326538017416,23
"S1_epigenome_v025","Simulation_18","out","C>G",5,271,123.817690528803,130
"S1_epigenome_v025","Simulation_18","out","C>G",6,356,195.266850579596,191
"S1_epigenome_v025","Simulation_18","out","C>G",7,362,236.090415661147,247
"S1_epigenome_v025","Simulation_18","out","C>G",8,437,328.88863002345,329
"S1_epigenome_v025","Simulation_18","out","C>G",9,710,605.603379544149,605
"S1_epigenome_v025","Simulation_18","out","C>T",10,6254,6043.1368143122,6066
"S1_epigenome_v025","Simulation_18","out","C>T",3,39,10.4831114551306,9
"S1_epigenome_v025","Simulation_18","out","C>T",4,345,124.341097812741,121
"S1_epigenome_v025","Simulation_18","out","C>T",5,714,324.640243771852,333
"S1_epigenome_v025","Simulation_18","out","C>T",6,1040,571.03190313688,576
"S1_epigenome_v025","Simulation_18","out","C>T",7,1062,690.28523017889,722
"S1_epigenome_v025","Simulation_18","out","C>T",8,1208,908.958963321594,914
"S1_epigenome_v025","Simulation_18","out","C>T",9,1750,1494.62703130578,1491
"S1_epigenome_v025","Simulation_18","out","T>A",10,3096,3007.98009816157,3019
"S1_epigenome_v025","Simulation_18","out","T>A",3,22,6.06203259749109,7
"S1_epigenome_v025","Simulation_18","out","T>A",4,115,41.5182560866241,44
"S1_epigenome_v025","Simulation_18","out","T>A",5,285,130.216439007876,136
"S1_epigenome_v025","Simulation_18","out","T>A",6,302,165.740177783834,171
"S1_epigenome_v025","Simulation_18","out","T>A",7,361,234.910232492577,239
"S1_epigenome_v025","Simulation_18","out","T>A",8,426,320.14758463498,312
"S1_epigenome_v025","Simulation_18","out","T>A",9,614,525.464507753419,524
"S1_epigenome_v025","Simulation_18","out","T>C",10,973,921.862889633828,928
"S1_epigenome_v025","Simulation_18","out","T>C",3,10,2.80175893372302,1
"S1_epigenome_v025","Simulation_18","out","T>C",4,169,61.4157252411456,62
"S1_epigenome_v025","Simulation_18","out","T>C",5,422,193.027002476639,192
"S1_epigenome_v025","Simulation_18","out","T>C",6,613,337.308783787194,356
"S1_epigenome_v025","Simulation_18","out","T>C",7,612,398.068078326017,399
"S1_epigenome_v025","Simulation_18","out","T>C",8,658,494.298699067696,518
"S1_epigenome_v025","Simulation_18","out","T>C",9,830,707.309028850881,725
"S1_epigenome_v025","Simulation_18","out","T>G",10,333,316.696233616299,320
"S1_epigenome_v025","Simulation_18","out","T>G",3,3,0.863496700912186,0
"S1_epigenome_v025","Simulation_18","out","T>G",4,59,21.3173652374704,22
"S1_epigenome_v025","Simulation_18","out","T>G",5,124,56.4130678502798,62
"S1_epigenome_v025","Simulation_18","out","T>G",6,161,88.665152055667,86
"S1_epigenome_v025","Simulation_18","out","T>G",7,164,106.120085603431,107
"S1_epigenome_v025","Simulation_18","out","T>G",8,188,141.618699381556,144
"S1_epigenome_v025","Simulation_18","out","T>G",9,235,200.185349635703,215
"S1_epigenome_v025","Simulation_19","in","C>A",10,14769,14254.6752684059,14265
"S1_epigenome_v025","Simulation_19","in","C>A",3,107,29.8673795293248,33
"S1_epigenome_v025","Simulation_19","in","C>A",4,1425,516.218952046045,507
"S1_epigenome_v025","Simulation_19","in","C>A",5,3413,1550.9572442986,1555
"S1_epigenome_v025","Simulation_19","in","C>A",6,4027,2209.47076799207,2221
"S1_epigenome_v025","Simulation_19","in","C>A",7,3884,2523.57272152489,2493
"S1_epigenome_v025","Simulation_19","in","C>A",8,4388,3297.26986590444,3341
"S1_epigenome_v025","Simulation_19","in","C>A",9,5433,4634.22314959778,4642
"S1_epigenome_v025","Simulation_19","in","C>G",10,11584,11260.9090464101,11242
"S1_epigenome_v025","Simulation_19","in","C>G",3,50,13.8806639609676,12
"S1_epigenome_v025","Simulation_19","in","C>G",4,430,154.609973046551,167
"S1_epigenome_v025","Simulation_19","in","C>G",5,1128,513.761735786096,534
"S1_epigenome_v025","Simulation_19","in","C>G",6,1594,875.782284849572,884
"S1_epigenome_v025","Simulation_19","in","C>G",7,1597,1039.3297882985,1085
"S1_epigenome_v025","Simulation_19","in","C>G",8,1864,1403.14745610939,1401
"S1_epigenome_v025","Simulation_19","in","C>G",9,2607,2224.177534835,2228
"S1_epigenome_v025","Simulation_19","in","C>T",10,42178,41007.7910343225,41023
"S1_epigenome_v025","Simulation_19","in","C>T",3,180,50.0080391846041,47
"S1_epigenome_v025","Simulation_19","in","C>T",4,1313,474.206904428343,474
"S1_epigenome_v025","Simulation_19","in","C>T",5,3200,1458.64196417801,1493
"S1_epigenome_v025","Simulation_19","in","C>T",6,4602,2530.85518026567,2527
"S1_epigenome_v025","Simulation_19","in","C>T",7,4738,3085.32404525131,3061
"S1_epigenome_v025","Simulation_19","in","C>T",8,5824,4379.67388446542,4418
"S1_epigenome_v025","Simulation_19","in","C>T",9,9043,7734.51847229163,7787
"S1_epigenome_v025","Simulation_19","in","T>A",10,2944,2830.63218832158,2845
"S1_epigenome_v025","Simulation_19","in","T>A",3,58,15.8926737662355,19
"S1_epigenome_v025","Simulation_19","in","T>A",4,619,223.46998978832,235
"S1_epigenome_v025","Simulation_19","in","T>A",5,1587,721.893808406541,712
"S1_epigenome_v025","Simulation_19","in","T>A",6,2017,1107.95301323851,1149
"S1_epigenome_v025","Simulation_19","in","T>A",7,1938,1258.84351958847,1263
"S1_epigenome_v025","Simulation_19","in","T>A",8,2009,1509.18165863184,1558
"S1_epigenome_v025","Simulation_19","in","T>A",9,2011,1712.26798152948,1706
"S1_epigenome_v025","Simulation_19","in","T>C",10,10218,9920.32994195544,9914
"S1_epigenome_v025","Simulation_19","in","T>C",3,95,26.4987300587438,27
"S1_epigenome_v025","Simulation_19","in","T>C",4,705,254.655265078442,242
"S1_epigenome_v025","Simulation_19","in","T>C",5,1701,776.427103302597,761
"S1_epigenome_v025","Simulation_19","in","T>C",6,2180,1199.01634386279,1207
"S1_epigenome_v025","Simulation_19","in","T>C",7,2221,1444.64031286222,1469
"S1_epigenome_v025","Simulation_19","in","T>C",8,2420,1819.53136492268,1852
"S1_epigenome_v025","Simulation_19","in","T>C",9,3132,2674.11490242294,2694
"S1_epigenome_v025","Simulation_19","in","T>G",10,1035,984.509413446649,977
"S1_epigenome_v025","Simulation_19","in","T>G",3,24,6.62961833960298,7
"S1_epigenome_v025","Simulation_19","in","T>G",4,196,71.1108378681098,65
"S1_epigenome_v025","Simulation_19","in","T>G",5,608,276.894811937756,296
"S1_epigenome_v025","Simulation_19","in","T>G",6,786,432.607030033784,461
"S1_epigenome_v025","Simulation_19","in","T>G",7,814,528.356104878805,529
"S1_epigenome_v025","Simulation_19","in","T>G",8,832,624.042963165747,651
"S1_epigenome_v025","Simulation_19","in","T>G",9,942,802.326606638974,823
"S1_epigenome_v025","Simulation_19","out","C>A",10,2260,2169.81302991588,2175
"S1_epigenome_v025","Simulation_19","out","C>A",3,33,9.27151441568403,7
"S1_epigenome_v025","Simulation_19","out","C>A",4,338,122.127555371922,120
"S1_epigenome_v025","Simulation_19","out","C>A",5,773,352.221910833385,346
"S1_epigenome_v025","Simulation_19","out","C>A",6,929,510.78910660734,508
"S1_epigenome_v025","Simulation_19","out","C>A",7,844,550.051876135409,570
"S1_epigenome_v025","Simulation_19","out","C>A",8,908,681.984141721221,684
"S1_epigenome_v025","Simulation_19","out","C>A",9,1139,970.463104325016,971
"S1_epigenome_v025","Simulation_19","out","C>G",10,2089,2020.93308385502,2018
"S1_epigenome_v025","Simulation_19","out","C>G",3,13,3.63960441459245,1
"S1_epigenome_v025","Simulation_19","out","C>G",4,105,38.2508146935486,47
"S1_epigenome_v025","Simulation_19","out","C>G",5,267,121.328888782724,130
"S1_epigenome_v025","Simulation_19","out","C>G",6,402,221.320014658818,244
"S1_epigenome_v025","Simulation_19","out","C>G",7,402,261.907515388523,256
"S1_epigenome_v025","Simulation_19","out","C>G",8,465,349.120857641145,352
"S1_epigenome_v025","Simulation_19","out","C>G",9,691,589.353187494142,600
"S1_epigenome_v025","Simulation_19","out","C>T",10,7964,7702.78972174409,7715
"S1_epigenome_v025","Simulation_19","out","C>T",3,31,8.60724500689074,7
"S1_epigenome_v025","Simulation_19","out","C>T",4,298,107.691379801276,98
"S1_epigenome_v025","Simulation_19","out","C>T",5,699,318.392100574082,313
"S1_epigenome_v025","Simulation_19","out","C>T",6,1175,644.470850506382,657
"S1_epigenome_v025","Simulation_19","out","C>T",7,1222,795.625390710955,792
"S1_epigenome_v025","Simulation_19","out","C>T",8,1427,1074.22187332299,1083
"S1_epigenome_v025","Simulation_19","out","C>T",9,2122,1816.28592396584,1831
"S1_epigenome_v025","Simulation_19","out","T>A",10,555,530.112609183104,534
"S1_epigenome_v025","Simulation_19","out","T>A",3,12,3.29942576710653,3
"S1_epigenome_v025","Simulation_19","out","T>A",4,128,46.848375700661,46
"S1_epigenome_v025","Simulation_19","out","T>A",5,398,181.85244712895,204
"S1_epigenome_v025","Simulation_19","out","T>A",6,511,280.171127635598,283
"S1_epigenome_v025","Simulation_19","out","T>A",7,466,303.328301061571,310
"S1_epigenome_v025","Simulation_19","out","T>A",8,500,374.547971697158,382
"S1_epigenome_v025","Simulation_19","out","T>A",9,482,410.825782352377,419
"S1_epigenome_v025","Simulation_19","out","T>C",10,1794,1727.07193683897,1733
"S1_epigenome_v025","Simulation_19","out","T>C",3,20,5.57273487278532,5
"S1_epigenome_v025","Simulation_19","out","T>C",4,161,57.961353746238,66
"S1_epigenome_v025","Simulation_19","out","T>C",5,415,189.60710472179,205
"S1_epigenome_v025","Simulation_19","out","T>C",6,564,310.709334412333,314
"S1_epigenome_v025","Simulation_19","out","T>C",7,641,416.466896831358,417
"S1_epigenome_v025","Simulation_19","out","T>C",8,703,527.589945948589,540
"S1_epigenome_v025","Simulation_19","out","T>C",9,892,761.588744439857,771
"S1_epigenome_v025","Simulation_19","out","T>G",10,194,182.885993102815,178
"S1_epigenome_v025","Simulation_19","out","T>G",3,9,2.48183659194795,3
"S1_epigenome_v025","Simulation_19","out","T>G",4,39,14.2572052362665,9
"S1_epigenome_v025","Simulation_19","out","T>G",5,146,66.4671174559105,58
"S1_epigenome_v025","Simulation_19","out","T>G",6,186,102.811733002445,106
"S1_epigenome_v025","Simulation_19","out","T>G",7,211,137.007492216113,132
"S1_epigenome_v025","Simulation_19","out","T>G",8,239,179.931643146162,190
"S1_epigenome_v025","Simulation_19","out","T>G",9,268,227.392834555898,236
"S1_epigenome_v025","Simulation_20","in","C>A",10,8407,8035.46724682515,8035
"S1_epigenome_v025","Simulation_20","in","C>A",3,141,39.0825883369046,42
"S1_epigenome_v025","Simulation_20","in","C>A",4,1431,517.11977276177,547
"S1_epigenome_v025","Simulation_20","in","C>A",5,3122,1418.06397787434,1422
"S1_epigenome_v025","Simulation_20","in","C>A",6,3721,2043.46489798925,2037
"S1_epigenome_v025","Simulation_20","in","C>A",7,3659,2377.32220339303,2371
"S1_epigenome_v025","Simulation_20","in","C>A",8,3956,2969.47997607928,2975
"S1_epigenome_v025","Simulation_20","in","C>A",9,4966,4234.03713549039,4253
"S1_epigenome_v025","Simulation_20","in","C>G",10,7363,7109.85005759296,7102
"S1_epigenome_v025","Simulation_20","in","C>G",3,57,15.871182695685,19
"S1_epigenome_v025","Simulation_20","in","C>G",4,453,164.171584535689,172
"S1_epigenome_v025","Simulation_20","in","C>G",5,1053,479.571447474183,470
"S1_epigenome_v025","Simulation_20","in","C>G",6,1457,800.527531172721,806
"S1_epigenome_v025","Simulation_20","in","C>G",7,1449,942.445825389304,951
"S1_epigenome_v025","Simulation_20","in","C>G",8,1653,1243.24593470595,1238
"S1_epigenome_v025","Simulation_20","in","C>G",9,2445,2087.60082912471,2107
"S1_epigenome_v025","Simulation_20","in","C>T",10,45404,44388.2182658543,44386
"S1_epigenome_v025","Simulation_20","in","C>T",3,183,50.4174937022776,49
"S1_epigenome_v025","Simulation_20","in","C>T",4,1377,497.801357736289,483
"S1_epigenome_v025","Simulation_20","in","C>T",5,3400,1554.65127342692,1540
"S1_epigenome_v025","Simulation_20","in","C>T",6,4694,2576.91899509654,2588
"S1_epigenome_v025","Simulation_20","in","C>T",7,4864,3161.6821525455,3169
"S1_epigenome_v025","Simulation_20","in","C>T",8,5520,4150.95746771013,4173
"S1_epigenome_v025","Simulation_20","in","C>T",9,8024,6857.58593238904,6857
"S1_epigenome_v025","Simulation_20","in","T>A",10,3477,3314.53035844273,3306
"S1_epigenome_v025","Simulation_20","in","T>A",3,56,15.6309682391654,14
"S1_epigenome_v025","Simulation_20","in","T>A",4,661,237.302760639208,236
"S1_epigenome_v025","Simulation_20","in","T>A",5,1520,688.660522688676,699
"S1_epigenome_v025","Simulation_20","in","T>A",6,1659,910.524781105919,880
"S1_epigenome_v025","Simulation_20","in","T>A",7,1705,1108.07991894782,1115
"S1_epigenome_v025","Simulation_20","in","T>A",8,1862,1398.09057315612,1402
"S1_epigenome_v025","Simulation_20","in","T>A",9,2202,1878.6300104855,1879
"S1_epigenome_v025","Simulation_20","in","T>C",10,4615,4402.32549222672,4420
"S1_epigenome_v025","Simulation_20","in","T>C",3,65,18.0386864132934,18
"S1_epigenome_v025","Simulation_20","in","T>C",4,803,291.361893603259,285
"S1_epigenome_v025","Simulation_20","in","T>C",5,2003,910.573976629956,914
"S1_epigenome_v025","Simulation_20","in","T>C",6,2564,1408.48532690446,1410
"S1_epigenome_v025","Simulation_20","in","T>C",7,2488,1617.09735936317,1630
"S1_epigenome_v025","Simulation_20","in","T>C",8,2604,1954.9826551898,1915
"S1_epigenome_v025","Simulation_20","in","T>C",9,3044,2595.53484295402,2598
"S1_epigenome_v025","Simulation_20","in","T>G",10,1455,1385.61225736624,1406
"S1_epigenome_v025","Simulation_20","in","T>G",3,16,4.34523374505119,7
"S1_epigenome_v025","Simulation_20","in","T>G",4,214,77.4967515735958,69
"S1_epigenome_v025","Simulation_20","in","T>G",5,541,246.338831454795,241
"S1_epigenome_v025","Simulation_20","in","T>G",6,798,438.309288179766,438
"S1_epigenome_v025","Simulation_20","in","T>G",7,719,466.463013363837,470
"S1_epigenome_v025","Simulation_20","in","T>G",8,797,599.091606070046,614
"S1_epigenome_v025","Simulation_20","in","T>G",9,1014,861.765395859655,877
"S1_epigenome_v025","Simulation_20","out","C>A",10,2034,1934.6186601083,1946
"S1_epigenome_v025","Simulation_20","out","C>A",3,31,8.65963102142219,6
"S1_epigenome_v025","Simulation_20","out","C>A",4,365,132.001051287726,131
"S1_epigenome_v025","Simulation_20","out","C>A",5,859,391.170302599425,392
"S1_epigenome_v025","Simulation_20","out","C>A",6,1011,556.324307416892,553
"S1_epigenome_v025","Simulation_20","out","C>A",7,1046,679.74695166869,685
"S1_epigenome_v025","Simulation_20","out","C>A",8,1164,873.146245425013,889
"S1_epigenome_v025","Simulation_20","out","C>A",9,1323,1126.75518323036,1131
"S1_epigenome_v025","Simulation_20","out","C>G",10,2261,2189.43901675718,2204
"S1_epigenome_v025","Simulation_20","out","C>G",3,12,3.31619544878264,2
"S1_epigenome_v025","Simulation_20","out","C>G",4,100,35.9464082431138,35
"S1_epigenome_v025","Simulation_20","out","C>G",5,260,118.592518683178,114
"S1_epigenome_v025","Simulation_20","out","C>G",6,370,202.798154771515,204
"S1_epigenome_v025","Simulation_20","out","C>G",7,400,260.347727867739,257
"S1_epigenome_v025","Simulation_20","out","C>G",8,422,317.995326523196,312
"S1_epigenome_v025","Simulation_20","out","C>G",9,605,517.352672620484,521
"S1_epigenome_v025","Simulation_20","out","C>T",10,10554,10284.9858502145,10303
"S1_epigenome_v025","Simulation_20","out","C>T",3,27,7.52698964459473,9
"S1_epigenome_v025","Simulation_20","out","C>T",4,309,111.202047547262,103
"S1_epigenome_v025","Simulation_20","out","C>T",5,875,398.650382207436,390
"S1_epigenome_v025","Simulation_20","out","C>T",6,1152,632.690979801108,630
"S1_epigenome_v025","Simulation_20","out","C>T",7,1261,820.454067692473,804
"S1_epigenome_v025","Simulation_20","out","C>T",8,1432,1076.44763373335,1079
"S1_epigenome_v025","Simulation_20","out","C>T",9,2122,1812.08169607433,1806
"S1_epigenome_v025","Simulation_20","out","T>A",10,814,774.641661542072,766
"S1_epigenome_v025","Simulation_20","out","T>A",3,26,7.05352925727974,5
"S1_epigenome_v025","Simulation_20","out","T>A",4,177,64.4056939514225,72
"S1_epigenome_v025","Simulation_20","out","T>A",5,377,171.314600930047,170
"S1_epigenome_v025","Simulation_20","out","T>A",6,440,242.508926099672,252
"S1_epigenome_v025","Simulation_20","out","T>A",7,406,264.163040605002,268
"S1_epigenome_v025","Simulation_20","out","T>A",8,485,364.366205218585,370
"S1_epigenome_v025","Simulation_20","out","T>A",9,522,445.271535191839,439
"S1_epigenome_v025","Simulation_20","out","T>C",10,2373,2280.11296291975,2292
"S1_epigenome_v025","Simulation_20","out","T>C",3,21,5.83243932234043,3
"S1_epigenome_v025","Simulation_20","out","T>C",4,192,68.8975698754011,62
"S1_epigenome_v025","Simulation_20","out","T>C",5,505,229.324984598716,220
"S1_epigenome_v025","Simulation_20","out","T>C",6,588,324.429624615129,335
"S1_epigenome_v025","Simulation_20","out","T>C",7,611,398.170227124428,402
"S1_epigenome_v025","Simulation_20","out","T>C",8,675,507.138650792617,520
"S1_epigenome_v025","Simulation_20","out","T>C",9,976,835.833604045225,846
"S1_epigenome_v025","Simulation_20","out","T>G",10,645,618.504927395217,623
"S1_epigenome_v025","Simulation_20","out","T>G",3,6,1.70408256994685,2
"S1_epigenome_v025","Simulation_20","out","T>G",4,45,16.6114205265899,16
"S1_epigenome_v025","Simulation_20","out","T>G",5,134,61.3320656177001,67
"S1_epigenome_v025","Simulation_20","out","T>G",6,199,109.244683431877,110
"S1_epigenome_v025","Simulation_20","out","T>G",7,210,136.18547831314,125
"S1_epigenome_v025","Simulation_20","out","T>G",8,227,170.455649883494,174
"S1_epigenome_v025","Simulation_20","out","T>G",9,262,223.908973388627,227
"S2_epigenome_v1","Simulation_01","in","C>A",10,5588,5277.61849934405,5276
"S2_epigenome_v1","Simulation_01","in","C>A",3,145,40.4967614977712,41
"S2_epigenome_v1","Simulation_01","in","C>A",4,1638,594.447440120199,633
"S2_epigenome_v1","Simulation_01","in","C>A",5,4064,1850.22692625043,1877
"S2_epigenome_v1","Simulation_01","in","C>A",6,4862,2670.23778770224,2649
"S2_epigenome_v1","Simulation_01","in","C>A",7,4764,3095.72946154747,3165
"S2_epigenome_v1","Simulation_01","in","C>A",8,4880,3658.77608607016,3608
"S2_epigenome_v1","Simulation_01","in","C>A",9,5532,4712.72650127743,4736
"S2_epigenome_v1","Simulation_01","in","C>G",10,15154,14745.4660026394,14691
"S2_epigenome_v1","Simulation_01","in","C>G",3,105,28.5145077890891,26
"S2_epigenome_v1","Simulation_01","in","C>G",4,526,188.981332956713,181
"S2_epigenome_v1","Simulation_01","in","C>G",5,1025,466.056041233839,449
"S2_epigenome_v1","Simulation_01","in","C>G",6,1332,731.864121027607,759
"S2_epigenome_v1","Simulation_01","in","C>G",7,1365,886.703965837454,877
"S2_epigenome_v1","Simulation_01","in","C>G",8,1676,1260.16073079828,1258
"S2_epigenome_v1","Simulation_01","in","C>G",9,2636,2254.74421856844,2220
"S2_epigenome_v1","Simulation_01","in","C>T",10,24865,24101.5671452989,24104
"S2_epigenome_v1","Simulation_01","in","C>T",3,300,82.1724886068428,82
"S2_epigenome_v1","Simulation_01","in","C>T",4,1859,666.289540944894,661
"S2_epigenome_v1","Simulation_01","in","C>T",5,3522,1598.76938524543,1601
"S2_epigenome_v1","Simulation_01","in","C>T",6,3861,2118.16617355514,2128
"S2_epigenome_v1","Simulation_01","in","C>T",7,3628,2361.4426935727,2370
"S2_epigenome_v1","Simulation_01","in","C>T",8,4276,3215.27959238103,3204
"S2_epigenome_v1","Simulation_01","in","C>T",9,6078,5194.18902736413,5238
"S2_epigenome_v1","Simulation_01","in","T>A",10,1984,1871.02091184855,1875
"S2_epigenome_v1","Simulation_01","in","T>A",3,85,23.5098988308364,19
"S2_epigenome_v1","Simulation_01","in","T>A",4,726,262.345736013797,263
"S2_epigenome_v1","Simulation_01","in","T>A",5,1621,736.718027209045,747
"S2_epigenome_v1","Simulation_01","in","T>A",6,1812,996.339076934843,1043
"S2_epigenome_v1","Simulation_01","in","T>A",7,1803,1169.82157178179,1183
"S2_epigenome_v1","Simulation_01","in","T>A",8,1747,1312.8597477503,1326
"S2_epigenome_v1","Simulation_01","in","T>A",9,2041,1734.93951404751,1779
"S2_epigenome_v1","Simulation_01","in","T>C",10,1523,1431.62654896161,1432
"S2_epigenome_v1","Simulation_01","in","T>C",3,122,33.7401336475493,38
"S2_epigenome_v1","Simulation_01","in","T>C",4,1015,364.47795307684,351
"S2_epigenome_v1","Simulation_01","in","T>C",5,2018,914.933969417676,943
"S2_epigenome_v1","Simulation_01","in","T>C",6,2227,1224.14083818408,1279
"S2_epigenome_v1","Simulation_01","in","T>C",7,2012,1306.11190985421,1284
"S2_epigenome_v1","Simulation_01","in","T>C",8,2003,1504.30169050502,1555
"S2_epigenome_v1","Simulation_01","in","T>C",9,2054,1742.86575327099,1776
"S2_epigenome_v1","Simulation_01","in","T>G",10,766,724.451286342242,733
"S2_epigenome_v1","Simulation_01","in","T>G",3,27,7.39037008580764,5
"S2_epigenome_v1","Simulation_01","in","T>G",4,266,96.108236382189,104
"S2_epigenome_v1","Simulation_01","in","T>G",5,562,254.636712343659,258
"S2_epigenome_v1","Simulation_01","in","T>G",6,744,410.566589259917,422
"S2_epigenome_v1","Simulation_01","in","T>G",7,695,449.922716097591,437
"S2_epigenome_v1","Simulation_01","in","T>G",8,713,534.432128784577,540
"S2_epigenome_v1","Simulation_01","in","T>G",9,813,690.768983517972,691
"S2_epigenome_v1","Simulation_01","out","C>A",10,2200,2085.72865741407,2074
"S2_epigenome_v1","Simulation_01","out","C>A",3,29,8.03547904846921,8
"S2_epigenome_v1","Simulation_01","out","C>A",4,381,138.186847437671,135
"S2_epigenome_v1","Simulation_01","out","C>A",5,1013,460.003522536304,428
"S2_epigenome_v1","Simulation_01","out","C>A",6,1294,711.386915297355,735
"S2_epigenome_v1","Simulation_01","out","C>A",7,1307,849.330686039055,859
"S2_epigenome_v1","Simulation_01","out","C>A",8,1385,1042.18741505175,1029
"S2_epigenome_v1","Simulation_01","out","C>A",9,1647,1404.98759048035,1397
"S2_epigenome_v1","Simulation_01","out","C>G",10,3993,3885.2949939524,3895
"S2_epigenome_v1","Simulation_01","out","C>G",3,22,6.00627846350219,6
"S2_epigenome_v1","Simulation_01","out","C>G",4,146,52.3912039804181,59
"S2_epigenome_v1","Simulation_01","out","C>G",5,312,141.109017755887,147
"S2_epigenome_v1","Simulation_01","out","C>G",6,368,202.145572356803,191
"S2_epigenome_v1","Simulation_01","out","C>G",7,386,251.187736460981,258
"S2_epigenome_v1","Simulation_01","out","C>G",8,407,307.065082414509,312
"S2_epigenome_v1","Simulation_01","out","C>G",9,706,603.112986345014,603
"S2_epigenome_v1","Simulation_01","out","C>T",10,4946,4779.41545517723,4793
"S2_epigenome_v1","Simulation_01","out","C>T",3,77,21.0071079506335,26
"S2_epigenome_v1","Simulation_01","out","C>T",4,499,178.836197396007,171
"S2_epigenome_v1","Simulation_01","out","C>T",5,942,427.80056671083,442
"S2_epigenome_v1","Simulation_01","out","C>T",6,1031,565.069654739493,559
"S2_epigenome_v1","Simulation_01","out","C>T",7,1052,682.530579380236,722
"S2_epigenome_v1","Simulation_01","out","C>T",8,1036,779.055273904599,794
"S2_epigenome_v1","Simulation_01","out","C>T",9,1522,1299.89874908403,1314
"S2_epigenome_v1","Simulation_01","out","T>A",10,390,367.400367068827,370
"S2_epigenome_v1","Simulation_01","out","T>A",3,25,7.06525222469184,6
"S2_epigenome_v1","Simulation_01","out","T>A",4,197,71.4901031221469,77
"S2_epigenome_v1","Simulation_01","out","T>A",5,491,221.940555886182,212
"S2_epigenome_v1","Simulation_01","out","T>A",6,497,272.348262113115,279
"S2_epigenome_v1","Simulation_01","out","T>A",7,494,321.657773413395,325
"S2_epigenome_v1","Simulation_01","out","T>A",8,452,339.414236709788,352
"S2_epigenome_v1","Simulation_01","out","T>A",9,481,408.704695423731,407
"S2_epigenome_v1","Simulation_01","out","T>C",10,288,269.807788244977,273
"S2_epigenome_v1","Simulation_01","out","T>C",3,33,9.31434057685184,15
"S2_epigenome_v1","Simulation_01","out","T>C",4,274,98.6625029237299,104
"S2_epigenome_v1","Simulation_01","out","T>C",5,547,247.31152085208,251
"S2_epigenome_v1","Simulation_01","out","T>C",6,603,330.156798243648,321
"S2_epigenome_v1","Simulation_01","out","T>C",7,522,338.061467703418,334
"S2_epigenome_v1","Simulation_01","out","T>C",8,494,369.09925102705,383
"S2_epigenome_v1","Simulation_01","out","T>C",9,471,400.596708802969,411
"S2_epigenome_v1","Simulation_01","out","T>G",10,209,197.632662092582,205
"S2_epigenome_v1","Simulation_01","out","T>G",3,6,1.65753552142747,1
"S2_epigenome_v1","Simulation_01","out","T>G",4,71,25.6352512877916,24
"S2_epigenome_v1","Simulation_01","out","T>G",5,153,69.569797685418,74
"S2_epigenome_v1","Simulation_01","out","T>G",6,196,107.361108291511,112
"S2_epigenome_v1","Simulation_01","out","T>G",7,199,129.207930487923,129
"S2_epigenome_v1","Simulation_01","out","T>G",8,224,167.884527705038,178
"S2_epigenome_v1","Simulation_01","out","T>G",9,170,144.908577147622,146
"S2_epigenome_v1","Simulation_02","in","C>A",10,7922,7548.1718730899,7582
"S2_epigenome_v1","Simulation_02","in","C>A",3,153,42.5376295016174,35
"S2_epigenome_v1","Simulation_02","in","C>A",4,1627,588.119285277402,613
"S2_epigenome_v1","Simulation_02","in","C>A",5,3624,1642.39912355432,1670
"S2_epigenome_v1","Simulation_02","in","C>A",6,4219,2317.5264016256,2318
"S2_epigenome_v1","Simulation_02","in","C>A",7,4101,2667.41785303527,2716
"S2_epigenome_v1","Simulation_02","in","C>A",8,4314,3242.23145717075,3224
"S2_epigenome_v1","Simulation_02","in","C>A",9,5271,4491.51433552958,4530
"S2_epigenome_v1","Simulation_02","in","C>G",10,8877,8562.47406699832,8551
"S2_epigenome_v1","Simulation_02","in","C>G",3,64,17.1888867849487,15
"S2_epigenome_v1","Simulation_02","in","C>G",4,465,168.053296674239,166
"S2_epigenome_v1","Simulation_02","in","C>G",5,1087,494.018817289227,548
"S2_epigenome_v1","Simulation_02","in","C>G",6,1426,783.16031458848,791
"S2_epigenome_v1","Simulation_02","in","C>G",7,1463,952.742903978225,969
"S2_epigenome_v1","Simulation_02","in","C>G",8,1728,1299.17316858509,1319
"S2_epigenome_v1","Simulation_02","in","C>G",9,2570,2196.43648346954,2179
"S2_epigenome_v1","Simulation_02","in","C>T",10,24117,23218.7861288437,23285
"S2_epigenome_v1","Simulation_02","in","C>T",2,2,0.396226145776613,0
"S2_epigenome_v1","Simulation_02","in","C>T",3,216,59.3059533073909,46
"S2_epigenome_v1","Simulation_02","in","C>T",4,1448,521.172736293076,510
"S2_epigenome_v1","Simulation_02","in","C>T",5,3317,1511.97883067504,1540
"S2_epigenome_v1","Simulation_02","in","C>T",6,4602,2527.88787376624,2574
"S2_epigenome_v1","Simulation_02","in","C>T",7,4831,3144.04542641038,3145
"S2_epigenome_v1","Simulation_02","in","C>T",8,5734,4313.72200096567,4371
"S2_epigenome_v1","Simulation_02","in","C>T",9,8692,7430.62731619682,7460
"S2_epigenome_v1","Simulation_02","in","T>A",10,1479,1393.30527387081,1393
"S2_epigenome_v1","Simulation_02","in","T>A",3,86,23.8896612888431,20
"S2_epigenome_v1","Simulation_02","in","T>A",4,792,285.144377985985,316
"S2_epigenome_v1","Simulation_02","in","T>A",5,1790,812.43672496564,841
"S2_epigenome_v1","Simulation_02","in","T>A",6,1926,1059.11260535603,1046
"S2_epigenome_v1","Simulation_02","in","T>A",7,1858,1206.32173181832,1218
"S2_epigenome_v1","Simulation_02","in","T>A",8,1781,1336.48598323004,1340
"S2_epigenome_v1","Simulation_02","in","T>A",9,1758,1495.56025872267,1498
"S2_epigenome_v1","Simulation_02","in","T>C",10,2860,2696.37102965201,2708
"S2_epigenome_v1","Simulation_02","in","T>C",3,101,28.0254410997726,31
"S2_epigenome_v1","Simulation_02","in","T>C",4,788,283.945150234497,291
"S2_epigenome_v1","Simulation_02","in","T>C",5,2077,946.582143122007,966
"S2_epigenome_v1","Simulation_02","in","T>C",6,2630,1445.33335002773,1447
"S2_epigenome_v1","Simulation_02","in","T>C",7,2662,1729.46749352547,1757
"S2_epigenome_v1","Simulation_02","in","T>C",8,2922,2194.39356151593,2231
"S2_epigenome_v1","Simulation_02","in","T>C",9,3232,2749.04739529933,2782
"S2_epigenome_v1","Simulation_02","in","T>G",10,711,669.307452176005,675
"S2_epigenome_v1","Simulation_02","in","T>G",3,28,7.7248478441074,8
"S2_epigenome_v1","Simulation_02","in","T>G",4,248,89.8722498055502,97
"S2_epigenome_v1","Simulation_02","in","T>G",5,624,284.666553333056,305
"S2_epigenome_v1","Simulation_02","in","T>G",6,756,416.209736936255,420
"S2_epigenome_v1","Simulation_02","in","T>G",7,761,494.074695750818,508
"S2_epigenome_v1","Simulation_02","in","T>G",8,774,581.23669275961,577
"S2_epigenome_v1","Simulation_02","in","T>G",9,856,728.265953636301,741
"S2_epigenome_v1","Simulation_02","out","C>A",10,2451,2343.7565893438,2346
"S2_epigenome_v1","Simulation_02","out","C>A",3,44,12.436244413154,10
"S2_epigenome_v1","Simulation_02","out","C>A",4,404,145.662423348212,149
"S2_epigenome_v1","Simulation_02","out","C>A",5,859,390.828076887878,386
"S2_epigenome_v1","Simulation_02","out","C>A",6,964,530.258653101546,542
"S2_epigenome_v1","Simulation_02","out","C>A",7,951,619.405646086391,612
"S2_epigenome_v1","Simulation_02","out","C>A",8,1039,778.848997472405,787
"S2_epigenome_v1","Simulation_02","out","C>A",9,1205,1027.50217246499,1026
"S2_epigenome_v1","Simulation_02","out","C>G",10,2374,2291.18091521423,2284
"S2_epigenome_v1","Simulation_02","out","C>G",3,15,4.17739896195408,3
"S2_epigenome_v1","Simulation_02","out","C>G",4,103,37.0546512311643,36
"S2_epigenome_v1","Simulation_02","out","C>G",5,285,129.512012659594,129
"S2_epigenome_v1","Simulation_02","out","C>G",6,315,173.802069034453,178
"S2_epigenome_v1","Simulation_02","out","C>G",7,351,228.060758458724,224
"S2_epigenome_v1","Simulation_02","out","C>G",8,417,313.540457587278,341
"S2_epigenome_v1","Simulation_02","out","C>G",9,688,590.492759809519,601
"S2_epigenome_v1","Simulation_02","out","C>T",10,6606,6352.47194788837,6374
"S2_epigenome_v1","Simulation_02","out","C>T",3,50,13.7575145214709,11
"S2_epigenome_v1","Simulation_02","out","C>T",4,366,132.040840913828,133
"S2_epigenome_v1","Simulation_02","out","C>T",5,822,374.919591734726,388
"S2_epigenome_v1","Simulation_02","out","C>T",6,1160,639.010816226477,654
"S2_epigenome_v1","Simulation_02","out","C>T",7,1241,808.313566468888,809
"S2_epigenome_v1","Simulation_02","out","C>T",8,1490,1120.7150077786,1154
"S2_epigenome_v1","Simulation_02","out","C>T",9,2232,1909.55412076468,1925
"S2_epigenome_v1","Simulation_02","out","T>A",10,258,242.083573111767,241
"S2_epigenome_v1","Simulation_02","out","T>A",3,16,4.28815958120305,8
"S2_epigenome_v1","Simulation_02","out","T>A",4,173,62.5871132307623,64
"S2_epigenome_v1","Simulation_02","out","T>A",5,462,209.980168255475,215
"S2_epigenome_v1","Simulation_02","out","T>A",6,476,262.223550064385,264
"S2_epigenome_v1","Simulation_02","out","T>A",7,426,278.644964971391,264
"S2_epigenome_v1","Simulation_02","out","T>A",8,453,340.423838029347,356
"S2_epigenome_v1","Simulation_02","out","T>A",9,404,343.159744224066,348
"S2_epigenome_v1","Simulation_02","out","T>C",10,604,568.329793747973,567
"S2_epigenome_v1","Simulation_02","out","T>C",3,20,5.55571731763743,7
"S2_epigenome_v1","Simulation_02","out","T>C",4,202,73.0193430513355,71
"S2_epigenome_v1","Simulation_02","out","T>C",5,501,228.653735925634,230
"S2_epigenome_v1","Simulation_02","out","T>C",6,648,356.502004735545,346
"S2_epigenome_v1","Simulation_02","out","T>C",7,685,446.451152443209,454
"S2_epigenome_v1","Simulation_02","out","T>C",8,652,488.541359184233,487
"S2_epigenome_v1","Simulation_02","out","T>C",9,774,658.506686194288,691
"S2_epigenome_v1","Simulation_02","out","T>G",10,171,161.097885900611,157
"S2_epigenome_v1","Simulation_02","out","T>G",3,3,0.84623714503866,0
"S2_epigenome_v1","Simulation_02","out","T>G",4,51,18.7146143662259,23
"S2_epigenome_v1","Simulation_02","out","T>G",5,133,60.3856814914207,58
"S2_epigenome_v1","Simulation_02","out","T>G",6,183,100.29663719869,100
"S2_epigenome_v1","Simulation_02","out","T>G",7,205,133.470387269579,132
"S2_epigenome_v1","Simulation_02","out","T>G",8,191,143.347886192454,147
"S2_epigenome_v1","Simulation_02","out","T>G",9,210,178.354567461199,179
"S2_epigenome_v1","Simulation_03","in","C>A",10,6349,6011.20163468241,6036
"S2_epigenome_v1","Simulation_03","in","C>A",3,178,48.8915670938281,50
"S2_epigenome_v1","Simulation_03","in","C>A",4,1620,582.907491315357,584
"S2_epigenome_v1","Simulation_03","in","C>A",5,3756,1707.21231287508,1695
"S2_epigenome_v1","Simulation_03","in","C>A",6,4597,2528.13914303368,2574
"S2_epigenome_v1","Simulation_03","in","C>A",7,4473,2907.7028405835,2929
"S2_epigenome_v1","Simulation_03","in","C>A",8,4920,3697.21359816646,3744
"S2_epigenome_v1","Simulation_03","in","C>A",9,5826,4963.02039986076,4990
"S2_epigenome_v1","Simulation_03","in","C>G",10,14963,14575.5179449085,14599
"S2_epigenome_v1","Simulation_03","in","C>G",3,118,32.3728184988841,27
"S2_epigenome_v1","Simulation_03","in","C>G",4,650,232.50034597137,250
"S2_epigenome_v1","Simulation_03","in","C>G",5,1215,549.169824148913,542
"S2_epigenome_v1","Simulation_03","in","C>G",6,1365,747.855212438522,764
"S2_epigenome_v1","Simulation_03","in","C>G",7,1285,836.577992358518,845
"S2_epigenome_v1","Simulation_03","in","C>G",8,1412,1061.1273783321,1079
"S2_epigenome_v1","Simulation_03","in","C>G",9,2036,1742.34356029139,1745
"S2_epigenome_v1","Simulation_03","in","C>T",10,75100,73583.0230529586,73528
"S2_epigenome_v1","Simulation_03","in","C>T",3,335,92.2557351722779,87
"S2_epigenome_v1","Simulation_03","in","C>T",4,1760,629.104276017438,592
"S2_epigenome_v1","Simulation_03","in","C>T",5,3406,1544.16339308991,1587
"S2_epigenome_v1","Simulation_03","in","C>T",6,4160,2289.31220890905,2319
"S2_epigenome_v1","Simulation_03","in","C>T",7,4338,2824.98313126996,2821
"S2_epigenome_v1","Simulation_03","in","C>T",8,5476,4123.41965649796,4104
"S2_epigenome_v1","Simulation_03","in","C>T",9,9392,8036.05733034838,8005
"S2_epigenome_v1","Simulation_03","in","T>A",10,3485,3326.65217949491,3346
"S2_epigenome_v1","Simulation_03","in","T>A",3,123,33.8888431743234,38
"S2_epigenome_v1","Simulation_03","in","T>A",4,870,312.41530836675,303
"S2_epigenome_v1","Simulation_03","in","T>A",5,1678,759.169202862675,783
"S2_epigenome_v1","Simulation_03","in","T>A",6,1844,1013.1823713272,990
"S2_epigenome_v1","Simulation_03","in","T>A",7,1662,1079.88502571866,1070
"S2_epigenome_v1","Simulation_03","in","T>A",8,1669,1251.34618509186,1233
"S2_epigenome_v1","Simulation_03","in","T>A",9,2211,1885.86220283675,1873
"S2_epigenome_v1","Simulation_03","in","T>C",10,3669,3481.88195461457,3492
"S2_epigenome_v1","Simulation_03","in","T>C",3,131,36.451817687871,27
"S2_epigenome_v1","Simulation_03","in","T>C",4,1087,390.677244350916,388
"S2_epigenome_v1","Simulation_03","in","T>C",5,2149,971.559392590282,996
"S2_epigenome_v1","Simulation_03","in","T>C",6,2325,1276.90889636918,1269
"S2_epigenome_v1","Simulation_03","in","T>C",7,2099,1363.41772120426,1368
"S2_epigenome_v1","Simulation_03","in","T>C",8,2347,1765.00748336834,1782
"S2_epigenome_v1","Simulation_03","in","T>C",9,2749,2341.61109307042,2340
"S2_epigenome_v1","Simulation_03","in","T>G",10,341,319.573196432437,325
"S2_epigenome_v1","Simulation_03","in","T>G",3,45,12.328023553312,16
"S2_epigenome_v1","Simulation_03","in","T>G",4,359,129.479097108342,136
"S2_epigenome_v1","Simulation_03","in","T>G",5,797,361.446098274538,400
"S2_epigenome_v1","Simulation_03","in","T>G",6,852,466.683867826008,479
"S2_epigenome_v1","Simulation_03","in","T>G",7,699,454.294484250638,467
"S2_epigenome_v1","Simulation_03","in","T>G",8,591,441.313769782063,462
"S2_epigenome_v1","Simulation_03","in","T>G",9,582,494.794629618601,502
"S2_epigenome_v1","Simulation_03","out","C>A",10,1631,1544.92564675956,1556
"S2_epigenome_v1","Simulation_03","out","C>A",3,55,15.0584221674662,15
"S2_epigenome_v1","Simulation_03","out","C>A",4,377,136.769296041462,131
"S2_epigenome_v1","Simulation_03","out","C>A",5,864,393.63441121334,403
"S2_epigenome_v1","Simulation_03","out","C>A",6,1044,572.894828491217,585
"S2_epigenome_v1","Simulation_03","out","C>A",7,1027,667.57953542863,679
"S2_epigenome_v1","Simulation_03","out","C>A",8,1181,887.588475521663,897
"S2_epigenome_v1","Simulation_03","out","C>A",9,1362,1159.19907008416,1177
"S2_epigenome_v1","Simulation_03","out","C>G",10,3021,2939.72905925538,2943
"S2_epigenome_v1","Simulation_03","out","C>G",3,17,4.77971046278089,7
"S2_epigenome_v1","Simulation_03","out","C>G",4,182,64.8798026047823,63
"S2_epigenome_v1","Simulation_03","out","C>G",5,307,139.506701287866,143
"S2_epigenome_v1","Simulation_03","out","C>G",6,285,155.934149943282,164
"S2_epigenome_v1","Simulation_03","out","C>G",7,310,200.768213935611,204
"S2_epigenome_v1","Simulation_03","out","C>G",8,352,265.029441590786,258
"S2_epigenome_v1","Simulation_03","out","C>G",9,464,396.93134334094,398
"S2_epigenome_v1","Simulation_03","out","C>T",10,19771,19399.1047232154,19403
"S2_epigenome_v1","Simulation_03","out","C>T",3,62,17.263859621493,22
"S2_epigenome_v1","Simulation_03","out","C>T",4,399,142.989583506647,144
"S2_epigenome_v1","Simulation_03","out","C>T",5,848,384.617962895015,377
"S2_epigenome_v1","Simulation_03","out","C>T",6,1051,577.882569192965,579
"S2_epigenome_v1","Simulation_03","out","C>T",7,1031,672.241598424887,686
"S2_epigenome_v1","Simulation_03","out","C>T",8,1336,1006.05949800615,1001
"S2_epigenome_v1","Simulation_03","out","C>T",9,2290,1962.10918275925,1941
"S2_epigenome_v1","Simulation_03","out","T>A",10,957,915.731517215794,917
"S2_epigenome_v1","Simulation_03","out","T>A",3,26,7.34678961140043,13
"S2_epigenome_v1","Simulation_03","out","T>A",4,220,77.8994580752387,83
"S2_epigenome_v1","Simulation_03","out","T>A",5,440,198.571392015074,199
"S2_epigenome_v1","Simulation_03","out","T>A",6,451,247.896574606379,253
"S2_epigenome_v1","Simulation_03","out","T>A",7,382,247.52649444237,243
"S2_epigenome_v1","Simulation_03","out","T>A",8,444,332.891738712418,327
"S2_epigenome_v1","Simulation_03","out","T>A",9,460,393.568242516217,397
"S2_epigenome_v1","Simulation_03","out","T>C",10,744,704.084901831382,709
"S2_epigenome_v1","Simulation_03","out","T>C",3,27,7.52156752568177,12
"S2_epigenome_v1","Simulation_03","out","T>C",4,273,98.2481345393237,105
"S2_epigenome_v1","Simulation_03","out","T>C",5,530,238.863866848832,253
"S2_epigenome_v1","Simulation_03","out","T>C",6,555,304.632846989841,318
"S2_epigenome_v1","Simulation_03","out","T>C",7,527,342.42136656765,348
"S2_epigenome_v1","Simulation_03","out","T>C",8,583,437.753271082771,452
"S2_epigenome_v1","Simulation_03","out","T>C",9,652,556.114160154095,552
"S2_epigenome_v1","Simulation_03","out","T>G",10,61,57.0893212763787,59
"S2_epigenome_v1","Simulation_03","out","T>G",3,9,2.45116040057798,1
"S2_epigenome_v1","Simulation_03","out","T>G",4,107,38.4015708770158,41
"S2_epigenome_v1","Simulation_03","out","T>G",5,193,87.7587335850136,87
"S2_epigenome_v1","Simulation_03","out","T>G",6,202,110.936823894938,104
"S2_epigenome_v1","Simulation_03","out","T>G",7,149,96.5627976331148,93
"S2_epigenome_v1","Simulation_03","out","T>G",8,125,92.9014262514022,89
"S2_epigenome_v1","Simulation_03","out","T>G",9,132,111.925359595893,115
"S2_epigenome_v1","Simulation_04","in","C>A",10,36865,35678.9773702945,35711
"S2_epigenome_v1","Simulation_04","in","C>A",3,82,22.8967121481696,21
"S2_epigenome_v1","Simulation_04","in","C>A",4,1221,443.647937797117,444
"S2_epigenome_v1","Simulation_04","in","C>A",5,3756,1724.13799011215,1741
"S2_epigenome_v1","Simulation_04","in","C>A",6,6269,3448.98674854403,3513
"S2_epigenome_v1","Simulation_04","in","C>A",7,6523,4243.51442208198,4309
"S2_epigenome_v1","Simulation_04","in","C>A",8,7845,5903.26585920061,5899
"S2_epigenome_v1","Simulation_04","in","C>A",9,11271,9631.80278412731,9630
"S2_epigenome_v1","Simulation_04","in","C>G",10,15279,14828.7703845844,14824
"S2_epigenome_v1","Simulation_04","in","C>G",3,44,11.9159959826016,18
"S2_epigenome_v1","Simulation_04","in","C>G",4,502,181.885000570339,171
"S2_epigenome_v1","Simulation_04","in","C>G",5,1167,529.98096599181,514
"S2_epigenome_v1","Simulation_04","in","C>G",6,1488,819.153889620061,846
"S2_epigenome_v1","Simulation_04","in","C>G",7,1557,1013.99297102691,1012
"S2_epigenome_v1","Simulation_04","in","C>G",8,1859,1399.63344083063,1400
"S2_epigenome_v1","Simulation_04","in","C>G",9,2944,2517.67477025999,2537
"S2_epigenome_v1","Simulation_04","in","C>T",10,18704,17919.0361889775,17963
"S2_epigenome_v1","Simulation_04","in","C>T",2,1,0.180923997085863,0
"S2_epigenome_v1","Simulation_04","in","C>T",3,313,86.0546035883639,83
"S2_epigenome_v1","Simulation_04","in","C>T",4,1809,650.47948109447,645
"S2_epigenome_v1","Simulation_04","in","C>T",5,3770,1710.60258218441,1711
"S2_epigenome_v1","Simulation_04","in","C>T",6,4881,2684.4372920014,2712
"S2_epigenome_v1","Simulation_04","in","C>T",7,5171,3366.96482114686,3413
"S2_epigenome_v1","Simulation_04","in","C>T",8,6052,4552.66057203903,4565
"S2_epigenome_v1","Simulation_04","in","C>T",9,8574,7321.93906521518,7356
"S2_epigenome_v1","Simulation_04","in","T>A",10,34674,33946.2220232228,33998
"S2_epigenome_v1","Simulation_04","in","T>A",3,61,16.8422624326885,17
"S2_epigenome_v1","Simulation_04","in","T>A",4,499,180.541389946494,178
"S2_epigenome_v1","Simulation_04","in","T>A",5,1174,535.809787522767,535
"S2_epigenome_v1","Simulation_04","in","T>A",6,1612,886.261209811818,884
"S2_epigenome_v1","Simulation_04","in","T>A",7,1794,1167.9296788378,1156
"S2_epigenome_v1","Simulation_04","in","T>A",8,2301,1735.06418266371,1749
"S2_epigenome_v1","Simulation_04","in","T>A",9,4087,3500.01528787018,3517
"S2_epigenome_v1","Simulation_04","in","T>C",10,6177,5922.47500629158,5903
"S2_epigenome_v1","Simulation_04","in","T>C",3,97,27.0350497574769,29
"S2_epigenome_v1","Simulation_04","in","T>C",4,937,337.678861481331,353
"S2_epigenome_v1","Simulation_04","in","T>C",5,2222,1010.34825420808,975
"S2_epigenome_v1","Simulation_04","in","T>C",6,2694,1479.85418723183,1484
"S2_epigenome_v1","Simulation_04","in","T>C",7,2721,1768.7915753471,1774
"S2_epigenome_v1","Simulation_04","in","T>C",8,2829,2123.61942342493,2154
"S2_epigenome_v1","Simulation_04","in","T>C",9,3380,2879.90336873254,2906
"S2_epigenome_v1","Simulation_04","in","T>G",10,2083,1999.86348962874,2028
"S2_epigenome_v1","Simulation_04","in","T>G",3,25,6.9583630438848,9
"S2_epigenome_v1","Simulation_04","in","T>G",4,283,102.868955929423,117
"S2_epigenome_v1","Simulation_04","in","T>G",5,707,321.343588613228,322
"S2_epigenome_v1","Simulation_04","in","T>G",6,896,491.417814122721,499
"S2_epigenome_v1","Simulation_04","in","T>G",7,931,605.687333903225,573
"S2_epigenome_v1","Simulation_04","in","T>G",8,950,713.79880880864,715
"S2_epigenome_v1","Simulation_04","in","T>G",9,1159,986.858279541536,1012
"S2_epigenome_v1","Simulation_04","out","C>A",10,4580,4403.10383227992,4405
"S2_epigenome_v1","Simulation_04","out","C>A",3,20,5.80332630934228,6
"S2_epigenome_v1","Simulation_04","out","C>A",4,293,106.458673410966,109
"S2_epigenome_v1","Simulation_04","out","C>A",5,880,401.276699150431,423
"S2_epigenome_v1","Simulation_04","out","C>A",6,1404,770.83431984649,742
"S2_epigenome_v1","Simulation_04","out","C>A",7,1339,870.853223387766,900
"S2_epigenome_v1","Simulation_04","out","C>A",8,1537,1155.88467568461,1152
"S2_epigenome_v1","Simulation_04","out","C>A",9,2130,1817.97615415602,1807
"S2_epigenome_v1","Simulation_04","out","C>G",10,4280,4171.53310009379,4164
"S2_epigenome_v1","Simulation_04","out","C>G",3,14,3.84645093102931,7
"S2_epigenome_v1","Simulation_04","out","C>G",4,144,51.8908743672279,59
"S2_epigenome_v1","Simulation_04","out","C>G",5,257,115.830901668463,124
"S2_epigenome_v1","Simulation_04","out","C>G",6,289,158.643835806482,156
"S2_epigenome_v1","Simulation_04","out","C>G",7,266,173.223672173097,157
"S2_epigenome_v1","Simulation_04","out","C>G",8,360,271.312870155132,281
"S2_epigenome_v1","Simulation_04","out","C>G",9,575,492.133982034836,482
"S2_epigenome_v1","Simulation_04","out","C>T",10,3654,3499.91364970232,3514
"S2_epigenome_v1","Simulation_04","out","C>T",3,84,22.9531193273407,26
"S2_epigenome_v1","Simulation_04","out","C>T",4,434,155.080691526883,164
"S2_epigenome_v1","Simulation_04","out","C>T",5,870,396.399225298943,355
"S2_epigenome_v1","Simulation_04","out","C>T",6,1011,555.491816088942,544
"S2_epigenome_v1","Simulation_04","out","C>T",7,1066,694.07178682615,704
"S2_epigenome_v1","Simulation_04","out","C>T",8,1238,930.786952534114,920
"S2_epigenome_v1","Simulation_04","out","C>T",9,1833,1562.94572804663,1572
"S2_epigenome_v1","Simulation_04","out","T>A",10,4333,4210.79399903788,4205
"S2_epigenome_v1","Simulation_04","out","T>A",3,14,3.85262511156394,3
"S2_epigenome_v1","Simulation_04","out","T>A",4,140,49.650908986046,44
"S2_epigenome_v1","Simulation_04","out","T>A",5,256,116.013290621633,127
"S2_epigenome_v1","Simulation_04","out","T>A",6,347,190.422729663285,199
"S2_epigenome_v1","Simulation_04","out","T>A",7,344,224.304902932721,219
"S2_epigenome_v1","Simulation_04","out","T>A",8,472,355.690503728165,357
"S2_epigenome_v1","Simulation_04","out","T>A",9,784,672.782181734124,683
"S2_epigenome_v1","Simulation_04","out","T>C",10,722,685.112946354684,696
"S2_epigenome_v1","Simulation_04","out","T>C",3,26,7.30288564484044,7
"S2_epigenome_v1","Simulation_04","out","T>C",4,223,80.4226378088091,73
"S2_epigenome_v1","Simulation_04","out","T>C",5,528,238.726127485139,238
"S2_epigenome_v1","Simulation_04","out","T>C",6,558,306.609067197991,319
"S2_epigenome_v1","Simulation_04","out","T>C",7,562,365.823881642573,367
"S2_epigenome_v1","Simulation_04","out","T>C",8,550,413.255744188221,409
"S2_epigenome_v1","Simulation_04","out","T>C",9,595,506.522744867312,505
"S2_epigenome_v1","Simulation_04","out","T>G",10,239,227.225269113347,236
"S2_epigenome_v1","Simulation_04","out","T>G",3,3,0.827235850064812,0
"S2_epigenome_v1","Simulation_04","out","T>G",4,65,23.7786113719648,26
"S2_epigenome_v1","Simulation_04","out","T>G",5,168,76.3159470823658,74
"S2_epigenome_v1","Simulation_04","out","T>G",6,183,100.538770178946,102
"S2_epigenome_v1","Simulation_04","out","T>G",7,182,118.209022878071,120
"S2_epigenome_v1","Simulation_04","out","T>G",8,175,131.374136977543,135
"S2_epigenome_v1","Simulation_04","out","T>G",9,205,173.862420762196,171
"S2_epigenome_v1","Simulation_05","in","C>A",10,16862,16205.5958323166,16207
"S2_epigenome_v1","Simulation_05","in","C>A",3,114,31.9124462701773,32
"S2_epigenome_v1","Simulation_05","in","C>A",4,1503,544.009639816496,546
"S2_epigenome_v1","Simulation_05","in","C>A",5,3722,1697.02163533425,1678
"S2_epigenome_v1","Simulation_05","in","C>A",6,4939,2718.47724984566,2734
"S2_epigenome_v1","Simulation_05","in","C>A",7,5049,3285.79769922349,3307
"S2_epigenome_v1","Simulation_05","in","C>A",8,5715,4297.79698302294,4331
"S2_epigenome_v1","Simulation_05","in","C>A",9,7557,6450.27641416748,6443
"S2_epigenome_v1","Simulation_05","in","C>G",10,8988,8666.07412818333,8674
"S2_epigenome_v1","Simulation_05","in","C>G",3,97,26.6248787192235,24
"S2_epigenome_v1","Simulation_05","in","C>G",4,686,245.990323803202,264
"S2_epigenome_v1","Simulation_05","in","C>G",5,1293,587.369322941483,590
"S2_epigenome_v1","Simulation_05","in","C>G",6,1439,790.417753292494,809
"S2_epigenome_v1","Simulation_05","in","C>G",7,1461,949.283470488814,980
"S2_epigenome_v1","Simulation_05","in","C>G",8,1592,1195.7664315113,1227
"S2_epigenome_v1","Simulation_05","in","C>G",9,2401,2053.68635349109,2051
"S2_epigenome_v1","Simulation_05","in","C>T",10,29793,28705.1714736502,28651
"S2_epigenome_v1","Simulation_05","in","C>T",2,1,0.184320419717147,0
"S2_epigenome_v1","Simulation_05","in","C>T",3,302,82.7454231204402,78
"S2_epigenome_v1","Simulation_05","in","C>T",4,1926,691.490955759524,696
"S2_epigenome_v1","Simulation_05","in","C>T",5,4227,1923.13987810891,1883
"S2_epigenome_v1","Simulation_05","in","C>T",6,5456,3000.85936630809,2975
"S2_epigenome_v1","Simulation_05","in","C>T",7,5640,3675.36477439163,3754
"S2_epigenome_v1","Simulation_05","in","C>T",8,6680,5023.50873285031,5020
"S2_epigenome_v1","Simulation_05","in","C>T",9,9931,8483.65381230909,8510
"S2_epigenome_v1","Simulation_05","in","T>A",10,3558,3378.91368883072,3404
"S2_epigenome_v1","Simulation_05","in","T>A",3,90,24.9331409136894,25
"S2_epigenome_v1","Simulation_05","in","T>A",4,872,312.982262398967,336
"S2_epigenome_v1","Simulation_05","in","T>A",5,1801,818.47622519735,807
"S2_epigenome_v1","Simulation_05","in","T>A",6,2066,1132.18398106037,1136
"S2_epigenome_v1","Simulation_05","in","T>A",7,2017,1311.27661093939,1300
"S2_epigenome_v1","Simulation_05","in","T>A",8,2167,1628.46973813161,1675
"S2_epigenome_v1","Simulation_05","in","T>A",9,2635,2245.43229925279,2262
"S2_epigenome_v1","Simulation_05","in","T>C",10,2290,2176.2885554997,2201
"S2_epigenome_v1","Simulation_05","in","T>C",2,1,0.196125064053573,0
"S2_epigenome_v1","Simulation_05","in","T>C",3,171,47.2704233831634,39
"S2_epigenome_v1","Simulation_05","in","T>C",4,1251,451.091153248983,439
"S2_epigenome_v1","Simulation_05","in","T>C",5,2593,1178.57417164524,1183
"S2_epigenome_v1","Simulation_05","in","T>C",6,2822,1549.65895943095,1583
"S2_epigenome_v1","Simulation_05","in","T>C",7,2629,1704.4783375329,1760
"S2_epigenome_v1","Simulation_05","in","T>C",8,2566,1922.36768159806,1921
"S2_epigenome_v1","Simulation_05","in","T>C",9,2360,2004.09042365259,2040
"S2_epigenome_v1","Simulation_05","in","T>G",10,999,950.502824233613,953
"S2_epigenome_v1","Simulation_05","in","T>G",3,25,6.78527232133602,8
"S2_epigenome_v1","Simulation_05","in","T>G",4,292,105.519121147243,98
"S2_epigenome_v1","Simulation_05","in","T>G",5,754,342.956198181354,352
"S2_epigenome_v1","Simulation_05","in","T>G",6,885,486.267441001045,537
"S2_epigenome_v1","Simulation_05","in","T>G",7,788,511.381922129188,506
"S2_epigenome_v1","Simulation_05","in","T>G",8,767,576.261811400528,588
"S2_epigenome_v1","Simulation_05","in","T>G",9,809,688.204548294333,706
"S2_epigenome_v1","Simulation_05","out","C>A",10,3547,3389.62901024169,3406
"S2_epigenome_v1","Simulation_05","out","C>A",3,38,10.4476590001561,13
"S2_epigenome_v1","Simulation_05","out","C>A",4,361,130.1919229378,126
"S2_epigenome_v1","Simulation_05","out","C>A",5,1066,485.839145731408,484
"S2_epigenome_v1","Simulation_05","out","C>A",6,1313,721.032813412505,751
"S2_epigenome_v1","Simulation_05","out","C>A",7,1345,875.822798741662,854
"S2_epigenome_v1","Simulation_05","out","C>A",8,1491,1121.11012023187,1140
"S2_epigenome_v1","Simulation_05","out","C>A",9,1936,1649.09187170148,1658
"S2_epigenome_v1","Simulation_05","out","C>G",10,2481,2393.191070037,2408
"S2_epigenome_v1","Simulation_05","out","C>G",3,27,7.43074374002449,9
"S2_epigenome_v1","Simulation_05","out","C>G",4,190,67.7815680582939,68
"S2_epigenome_v1","Simulation_05","out","C>G",5,327,148.252380539778,143
"S2_epigenome_v1","Simulation_05","out","C>G",6,367,201.587963153474,218
"S2_epigenome_v1","Simulation_05","out","C>G",7,354,230.911606433124,232
"S2_epigenome_v1","Simulation_05","out","C>G",8,407,306.074029170088,310
"S2_epigenome_v1","Simulation_05","out","C>G",9,557,475.890246518306,458
"S2_epigenome_v1","Simulation_05","out","C>T",10,7569,7285.72235659094,7324
"S2_epigenome_v1","Simulation_05","out","C>T",3,67,18.2577553187806,24
"S2_epigenome_v1","Simulation_05","out","C>T",4,487,176.009234982927,212
"S2_epigenome_v1","Simulation_05","out","C>T",5,1141,520.240119004367,515
"S2_epigenome_v1","Simulation_05","out","C>T",6,1468,806.404677078196,786
"S2_epigenome_v1","Simulation_05","out","C>T",7,1482,964.348736653608,979
"S2_epigenome_v1","Simulation_05","out","C>T",8,1799,1351.8299366255,1348
"S2_epigenome_v1","Simulation_05","out","C>T",9,2801,2393.02938364059,2400
"S2_epigenome_v1","Simulation_05","out","T>A",10,776,735.02602329233,733
"S2_epigenome_v1","Simulation_05","out","T>A",3,30,8.33979530387055,10
"S2_epigenome_v1","Simulation_05","out","T>A",4,235,84.4231847470769,82
"S2_epigenome_v1","Simulation_05","out","T>A",5,470,212.343195743533,225
"S2_epigenome_v1","Simulation_05","out","T>A",6,510,280.477574327751,278
"S2_epigenome_v1","Simulation_05","out","T>A",7,516,335.760363259248,355
"S2_epigenome_v1","Simulation_05","out","T>A",8,557,417.484133680415,415
"S2_epigenome_v1","Simulation_05","out","T>A",9,686,584.377359215361,574
"S2_epigenome_v1","Simulation_05","out","T>C",10,858,815.185522261301,815
"S2_epigenome_v1","Simulation_05","out","T>C",3,40,11.1207854697702,8
"S2_epigenome_v1","Simulation_05","out","T>C",4,320,115.265220591489,112
"S2_epigenome_v1","Simulation_05","out","T>C",5,648,293.330729448567,301
"S2_epigenome_v1","Simulation_05","out","T>C",6,763,419.14653918264,424
"S2_epigenome_v1","Simulation_05","out","T>C",7,679,440.635582208446,459
"S2_epigenome_v1","Simulation_05","out","T>C",8,752,563.638320469477,578
"S2_epigenome_v1","Simulation_05","out","T>C",9,851,723.94696356176,740
"S2_epigenome_v1","Simulation_05","out","T>G",10,275,261.524404120762,260
"S2_epigenome_v1","Simulation_05","out","T>G",3,4,1.08767448615578,1
"S2_epigenome_v1","Simulation_05","out","T>G",4,85,30.5944965571335,23
"S2_epigenome_v1","Simulation_05","out","T>G",5,199,89.9362594232161,96
"S2_epigenome_v1","Simulation_05","out","T>G",6,201,111.012915281342,105
"S2_epigenome_v1","Simulation_05","out","T>G",7,180,117.369451456004,115
"S2_epigenome_v1","Simulation_05","out","T>G",8,191,143.919825228673,148
"S2_epigenome_v1","Simulation_05","out","T>G",9,226,192.594057790149,199
"S2_epigenome_v1","Simulation_06","in","C>A",10,14706,14053.3075033448,14090
"S2_epigenome_v1","Simulation_06","in","C>A",3,121,33.4351765435676,38
"S2_epigenome_v1","Simulation_06","in","C>A",4,1454,527.207644315685,551
"S2_epigenome_v1","Simulation_06","in","C>A",5,3843,1757.35530270309,1753
"S2_epigenome_v1","Simulation_06","in","C>A",6,6074,3342.26430005645,3378
"S2_epigenome_v1","Simulation_06","in","C>A",7,6209,4040.92082375625,4088
"S2_epigenome_v1","Simulation_06","in","C>A",8,7078,5315.49595174039,5356
"S2_epigenome_v1","Simulation_06","in","C>A",9,8797,7503.55939144556,7509
"S2_epigenome_v1","Simulation_06","in","C>G",10,16221,15845.5406643477,15826
"S2_epigenome_v1","Simulation_06","in","C>G",3,66,18.3618851649295,18
"S2_epigenome_v1","Simulation_06","in","C>G",4,602,217.610954570552,223
"S2_epigenome_v1","Simulation_06","in","C>G",5,1332,605.09890659589,570
"S2_epigenome_v1","Simulation_06","in","C>G",6,1554,854.407395791074,891
"S2_epigenome_v1","Simulation_06","in","C>G",7,1577,1024.25408610727,1037
"S2_epigenome_v1","Simulation_06","in","C>G",8,1780,1337.20871161302,1344
"S2_epigenome_v1","Simulation_06","in","C>G",9,2507,2142.81741309034,2136
"S2_epigenome_v1","Simulation_06","in","C>T",10,26999,26136.4902624081,26120
"S2_epigenome_v1","Simulation_06","in","C>T",2,1,0.185810554066203,0
"S2_epigenome_v1","Simulation_06","in","C>T",3,301,82.1436052286329,70
"S2_epigenome_v1","Simulation_06","in","C>T",4,2207,795.905959072047,799
"S2_epigenome_v1","Simulation_06","in","C>T",5,4384,1988.30907955008,1967
"S2_epigenome_v1","Simulation_06","in","C>T",6,4858,2666.85172919109,2713
"S2_epigenome_v1","Simulation_06","in","C>T",7,4804,3126.52414477103,3169
"S2_epigenome_v1","Simulation_06","in","C>T",8,5433,4087.24672517091,4109
"S2_epigenome_v1","Simulation_06","in","C>T",9,7670,6547.54300576432,6629
"S2_epigenome_v1","Simulation_06","in","T>A",10,11873,11470.1722061406,11453
"S2_epigenome_v1","Simulation_06","in","T>A",3,86,24.0053813975474,31
"S2_epigenome_v1","Simulation_06","in","T>A",4,650,234.592875442937,240
"S2_epigenome_v1","Simulation_06","in","T>A",5,1480,673.404128281036,682
"S2_epigenome_v1","Simulation_06","in","T>A",6,1722,947.019476922425,926
"S2_epigenome_v1","Simulation_06","in","T>A",7,1758,1142.56693386558,1157
"S2_epigenome_v1","Simulation_06","in","T>A",8,2130,1604.13271852544,1668
"S2_epigenome_v1","Simulation_06","in","T>A",9,3429,2933.75258113291,2946
"S2_epigenome_v1","Simulation_06","in","T>C",10,1629,1536.05680708805,1549
"S2_epigenome_v1","Simulation_06","in","T>C",3,162,44.692736560435,41
"S2_epigenome_v1","Simulation_06","in","T>C",4,1257,454.553970065466,481
"S2_epigenome_v1","Simulation_06","in","T>C",5,2637,1197.42506418128,1209
"S2_epigenome_v1","Simulation_06","in","T>C",6,3015,1656.46528220005,1625
"S2_epigenome_v1","Simulation_06","in","T>C",7,2706,1753.95977815326,1833
"S2_epigenome_v1","Simulation_06","in","T>C",8,2491,1868.52277352948,1879
"S2_epigenome_v1","Simulation_06","in","T>C",9,2305,1957.46110325159,1980
"S2_epigenome_v1","Simulation_06","in","T>G",10,731,690.985731963446,694
"S2_epigenome_v1","Simulation_06","in","T>G",3,27,7.62513514342804,5
"S2_epigenome_v1","Simulation_06","in","T>G",4,353,128.073183553343,111
"S2_epigenome_v1","Simulation_06","in","T>G",5,846,386.579197139726,373
"S2_epigenome_v1","Simulation_06","in","T>G",6,957,525.092876883849,517
"S2_epigenome_v1","Simulation_06","in","T>G",7,874,567.820099385082,573
"S2_epigenome_v1","Simulation_06","in","T>G",8,785,588.557877553784,588
"S2_epigenome_v1","Simulation_06","in","T>G",9,758,644.48883239927,645
"S2_epigenome_v1","Simulation_06","out","C>A",10,2376,2263.1531719427,2272
"S2_epigenome_v1","Simulation_06","out","C>A",3,29,8.17956774715811,10
"S2_epigenome_v1","Simulation_06","out","C>A",4,380,136.97629748642,129
"S2_epigenome_v1","Simulation_06","out","C>A",5,911,416.366530388713,422
"S2_epigenome_v1","Simulation_06","out","C>A",6,1416,778.643498438471,799
"S2_epigenome_v1","Simulation_06","out","C>A",7,1448,941.920449428564,911
"S2_epigenome_v1","Simulation_06","out","C>A",8,1548,1162.43627020689,1129
"S2_epigenome_v1","Simulation_06","out","C>A",9,1857,1579.85710402435,1563
"S2_epigenome_v1","Simulation_06","out","C>G",10,5591,5485.43955673701,5485
"S2_epigenome_v1","Simulation_06","out","C>G",3,10,2.722041548212,3
"S2_epigenome_v1","Simulation_06","out","C>G",4,139,50.5250845080557,53
"S2_epigenome_v1","Simulation_06","out","C>G",5,304,137.666152824368,154
"S2_epigenome_v1","Simulation_06","out","C>G",6,403,220.392934515315,222
"S2_epigenome_v1","Simulation_06","out","C>G",7,337,218.882273490214,215
"S2_epigenome_v1","Simulation_06","out","C>G",8,425,318.652598595955,314
"S2_epigenome_v1","Simulation_06","out","C>G",9,539,460.185391859682,468
"S2_epigenome_v1","Simulation_06","out","C>T",10,7613,7421.60143465584,7424
"S2_epigenome_v1","Simulation_06","out","C>T",2,1,0.181188849632346,0
"S2_epigenome_v1","Simulation_06","out","C>T",3,101,27.7360302454209,31
"S2_epigenome_v1","Simulation_06","out","C>T",4,555,199.312211980631,207
"S2_epigenome_v1","Simulation_06","out","C>T",5,994,450.590372988126,464
"S2_epigenome_v1","Simulation_06","out","C>T",6,1114,614.162458451631,610
"S2_epigenome_v1","Simulation_06","out","C>T",7,1090,708.820829708063,717
"S2_epigenome_v1","Simulation_06","out","C>T",8,1208,907.338372034346,910
"S2_epigenome_v1","Simulation_06","out","C>T",9,1679,1433.40703093493,1425
"S2_epigenome_v1","Simulation_06","out","T>A",10,1784,1716.16387197923,1712
"S2_epigenome_v1","Simulation_06","out","T>A",3,34,9.4743080326538,8
"S2_epigenome_v1","Simulation_06","out","T>A",4,175,62.8030700632928,59
"S2_epigenome_v1","Simulation_06","out","T>A",5,382,173.741549169661,169
"S2_epigenome_v1","Simulation_06","out","T>A",6,404,221.681498699621,234
"S2_epigenome_v1","Simulation_06","out","T>A",7,402,262.171995025551,280
"S2_epigenome_v1","Simulation_06","out","T>A",8,516,388.334205343555,410
"S2_epigenome_v1","Simulation_06","out","T>A",9,659,562.825909123666,561
"S2_epigenome_v1","Simulation_06","out","T>C",10,285,268.083235729835,270
"S2_epigenome_v1","Simulation_06","out","T>C",3,47,13.0287919643049,9
"S2_epigenome_v1","Simulation_06","out","T>C",4,332,117.954759507905,122
"S2_epigenome_v1","Simulation_06","out","T>C",5,671,304.892846518097,317
"S2_epigenome_v1","Simulation_06","out","T>C",6,659,361.928240236329,379
"S2_epigenome_v1","Simulation_06","out","T>C",7,583,379.896214550717,389
"S2_epigenome_v1","Simulation_06","out","T>C",8,506,379.6564160418,373
"S2_epigenome_v1","Simulation_06","out","T>C",9,477,404.400285824655,397
"S2_epigenome_v1","Simulation_06","out","T>G",10,94,88.9665450676477,88
"S2_epigenome_v1","Simulation_06","out","T>G",3,6,1.70606789472555,1
"S2_epigenome_v1","Simulation_06","out","T>G",4,83,30.4266607312998,31
"S2_epigenome_v1","Simulation_06","out","T>G",5,198,89.6833072659752,101
"S2_epigenome_v1","Simulation_06","out","T>G",6,207,113.561311003483,104
"S2_epigenome_v1","Simulation_06","out","T>G",7,215,139.032131198359,138
"S2_epigenome_v1","Simulation_06","out","T>G",8,139,104.042898904648,107
"S2_epigenome_v1","Simulation_06","out","T>G",9,147,124.43349860517,124
"S2_epigenome_v1","Simulation_07","in","C>A",10,14371,13755.6710505319,13788
"S2_epigenome_v1","Simulation_07","in","C>A",2,1,0.190463937812563,0
"S2_epigenome_v1","Simulation_07","in","C>A",3,125,34.9767855238655,28
"S2_epigenome_v1","Simulation_07","in","C>A",4,1311,473.566710933995,502
"S2_epigenome_v1","Simulation_07","in","C>A",5,3315,1510.20794193768,1514
"S2_epigenome_v1","Simulation_07","in","C>A",6,4261,2344.46556547141,2297
"S2_epigenome_v1","Simulation_07","in","C>A",7,4277,2781.71583827226,2787
"S2_epigenome_v1","Simulation_07","in","C>A",8,4857,3652.05335470623,3628
"S2_epigenome_v1","Simulation_07","in","C>A",9,6691,5710.61892725836,5726
"S2_epigenome_v1","Simulation_07","in","C>G",10,8280,7972.50242565571,8006
"S2_epigenome_v1","Simulation_07","in","C>G",3,76,20.676286699692,21
"S2_epigenome_v1","Simulation_07","in","C>G",4,503,182.361346312759,179
"S2_epigenome_v1","Simulation_07","in","C>G",5,1123,511.893826894829,501
"S2_epigenome_v1","Simulation_07","in","C>G",6,1433,789.877640222948,796
"S2_epigenome_v1","Simulation_07","in","C>G",7,1480,963.160342126743,945
"S2_epigenome_v1","Simulation_07","in","C>G",8,1816,1366.56426724908,1365
"S2_epigenome_v1","Simulation_07","in","C>G",9,2791,2388.96314351616,2392
"S2_epigenome_v1","Simulation_07","in","C>T",10,32073,30989.9023376967,31029
"S2_epigenome_v1","Simulation_07","in","C>T",3,193,53.1854824245311,52
"S2_epigenome_v1","Simulation_07","in","C>T",4,1709,613.95822806494,621
"S2_epigenome_v1","Simulation_07","in","C>T",5,3730,1697.04743624529,1657
"S2_epigenome_v1","Simulation_07","in","C>T",6,4604,2530.66669763446,2483
"S2_epigenome_v1","Simulation_07","in","C>T",7,4742,3084.29424461638,3110
"S2_epigenome_v1","Simulation_07","in","C>T",8,5664,4253.01750364448,4349
"S2_epigenome_v1","Simulation_07","in","C>T",9,8664,7411.01025610814,7415
"S2_epigenome_v1","Simulation_07","in","T>A",10,8099,7803.21957503343,7811
"S2_epigenome_v1","Simulation_07","in","T>A",3,68,18.9171653767799,19
"S2_epigenome_v1","Simulation_07","in","T>A",4,558,201.682210523987,220
"S2_epigenome_v1","Simulation_07","in","T>A",5,1362,621.391120240488,600
"S2_epigenome_v1","Simulation_07","in","T>A",6,1818,999.437585824699,985
"S2_epigenome_v1","Simulation_07","in","T>A",7,1872,1219.15814479257,1219
"S2_epigenome_v1","Simulation_07","in","T>A",8,2166,1624.48184670498,1663
"S2_epigenome_v1","Simulation_07","in","T>A",9,2783,2379.89937980066,2382
"S2_epigenome_v1","Simulation_07","in","T>C",10,2634,2487.90255373165,2486
"S2_epigenome_v1","Simulation_07","in","T>C",3,90,25.2286962915952,24
"S2_epigenome_v1","Simulation_07","in","T>C",4,1004,364.703353272787,370
"S2_epigenome_v1","Simulation_07","in","T>C",5,2340,1062.12776963171,1088
"S2_epigenome_v1","Simulation_07","in","T>C",6,2635,1448.2931760886,1426
"S2_epigenome_v1","Simulation_07","in","T>C",7,2516,1634.64475977054,1614
"S2_epigenome_v1","Simulation_07","in","T>C",8,2470,1852.73377420739,1880
"S2_epigenome_v1","Simulation_07","in","T>C",9,2715,2307.40825009617,2317
"S2_epigenome_v1","Simulation_07","in","T>G",10,828,779.673419042008,787
"S2_epigenome_v1","Simulation_07","in","T>G",3,23,6.34984349642716,3
"S2_epigenome_v1","Simulation_07","in","T>G",4,231,84.2795079130584,85
"S2_epigenome_v1","Simulation_07","in","T>G",5,655,298.404248664763,308
"S2_epigenome_v1","Simulation_07","in","T>G",6,825,452.358095194225,452
"S2_epigenome_v1","Simulation_07","in","T>G",7,815,528.376626267257,520
"S2_epigenome_v1","Simulation_07","in","T>G",8,880,661.615093427621,703
"S2_epigenome_v1","Simulation_07","in","T>G",9,888,755.925409630399,770
"S2_epigenome_v1","Simulation_07","out","C>A",10,4547,4350.31596854016,4346
"S2_epigenome_v1","Simulation_07","out","C>A",3,33,9.07132300537015,11
"S2_epigenome_v1","Simulation_07","out","C>A",4,302,109.674674893245,98
"S2_epigenome_v1","Simulation_07","out","C>A",5,850,389.793227951421,393
"S2_epigenome_v1","Simulation_07","out","C>A",6,1177,647.155847902028,658
"S2_epigenome_v1","Simulation_07","out","C>A",7,1237,805.248608464357,821
"S2_epigenome_v1","Simulation_07","out","C>A",8,1411,1060.44262972576,1059
"S2_epigenome_v1","Simulation_07","out","C>A",9,1988,1697.59873460753,1693
"S2_epigenome_v1","Simulation_07","out","C>G",10,2523,2438.72510261112,2440
"S2_epigenome_v1","Simulation_07","out","C>G",3,12,3.27326482744809,4
"S2_epigenome_v1","Simulation_07","out","C>G",4,144,51.7889330745926,55
"S2_epigenome_v1","Simulation_07","out","C>G",5,283,129.081988836337,121
"S2_epigenome_v1","Simulation_07","out","C>G",6,340,186.151200746722,189
"S2_epigenome_v1","Simulation_07","out","C>G",7,311,202.047176260128,194
"S2_epigenome_v1","Simulation_07","out","C>G",8,398,299.681169567318,298
"S2_epigenome_v1","Simulation_07","out","C>G",9,600,513.812953367149,505
"S2_epigenome_v1","Simulation_07","out","C>T",10,7947,7666.68589495107,7644
"S2_epigenome_v1","Simulation_07","out","C>T",3,52,14.3168129001631,18
"S2_epigenome_v1","Simulation_07","out","C>T",4,402,144.265073180325,153
"S2_epigenome_v1","Simulation_07","out","C>T",5,1010,459.545262656926,457
"S2_epigenome_v1","Simulation_07","out","C>T",6,1216,670.190618972149,686
"S2_epigenome_v1","Simulation_07","out","C>T",7,1199,780.791116101004,792
"S2_epigenome_v1","Simulation_07","out","C>T",8,1565,1178.62679687045,1181
"S2_epigenome_v1","Simulation_07","out","C>T",9,2450,2094.10366327109,2073
"S2_epigenome_v1","Simulation_07","out","T>A",10,2419,2334.27403823679,2336
"S2_epigenome_v1","Simulation_07","out","T>A",3,23,6.3260082457826,1
"S2_epigenome_v1","Simulation_07","out","T>A",4,159,57.3933759400609,64
"S2_epigenome_v1","Simulation_07","out","T>A",5,392,178.734100808141,169
"S2_epigenome_v1","Simulation_07","out","T>A",6,454,249.303984683646,252
"S2_epigenome_v1","Simulation_07","out","T>A",7,449,291.250025400036,294
"S2_epigenome_v1","Simulation_07","out","T>A",8,514,386.675470637651,374
"S2_epigenome_v1","Simulation_07","out","T>A",9,751,641.240418528262,640
"S2_epigenome_v1","Simulation_07","out","T>C",10,766,723.25588414557,722
"S2_epigenome_v1","Simulation_07","out","T>C",3,28,7.74877652228301,9
"S2_epigenome_v1","Simulation_07","out","T>C",4,243,86.8267451028731,93
"S2_epigenome_v1","Simulation_07","out","T>C",5,543,247.417143880281,240
"S2_epigenome_v1","Simulation_07","out","T>C",6,637,348.840809972434,339
"S2_epigenome_v1","Simulation_07","out","T>C",7,628,407.782208185355,430
"S2_epigenome_v1","Simulation_07","out","T>C",8,611,457.876288270115,457
"S2_epigenome_v1","Simulation_07","out","T>C",9,690,588.635955939919,604
"S2_epigenome_v1","Simulation_07","out","T>G",10,194,182.778005914728,179
"S2_epigenome_v1","Simulation_07","out","T>G",3,6,1.67850596746008,2
"S2_epigenome_v1","Simulation_07","out","T>G",4,77,28.182973636748,32
"S2_epigenome_v1","Simulation_07","out","T>G",5,176,80.7696682019217,73
"S2_epigenome_v1","Simulation_07","out","T>G",6,224,123.490695286803,123
"S2_epigenome_v1","Simulation_07","out","T>G",7,193,125.873083880365,128
"S2_epigenome_v1","Simulation_07","out","T>G",8,199,150.096540326927,147
"S2_epigenome_v1","Simulation_07","out","T>G",9,212,180.447934158696,181
"S2_epigenome_v1","Simulation_08","in","C>A",10,58696,57413.9277628172,57408
"S2_epigenome_v1","Simulation_08","in","C>A",3,117,32.8073328863454,27
"S2_epigenome_v1","Simulation_08","in","C>A",4,1274,462.148164203156,461
"S2_epigenome_v1","Simulation_08","in","C>A",5,3668,1674.12020570963,1665
"S2_epigenome_v1","Simulation_08","in","C>A",6,5092,2800.236342504,2781
"S2_epigenome_v1","Simulation_08","in","C>A",7,5345,3472.78625689724,3501
"S2_epigenome_v1","Simulation_08","in","C>A",8,6442,4847.82465884921,4907
"S2_epigenome_v1","Simulation_08","in","C>A",9,9666,8261.51616769003,8281
"S2_epigenome_v1","Simulation_08","in","C>G",10,20483,19916.4877358295,19933
"S2_epigenome_v1","Simulation_08","in","C>G",3,42,11.8217463069025,12
"S2_epigenome_v1","Simulation_08","in","C>G",4,616,223.208625722708,210
"S2_epigenome_v1","Simulation_08","in","C>G",5,1462,666.508157909339,670
"S2_epigenome_v1","Simulation_08","in","C>G",6,2161,1187.7789259757,1189
"S2_epigenome_v1","Simulation_08","in","C>G",7,2182,1419.39847882393,1389
"S2_epigenome_v1","Simulation_08","in","C>G",8,2654,1996.74147938699,1992
"S2_epigenome_v1","Simulation_08","in","C>G",9,4155,3553.64706536874,3572
"S2_epigenome_v1","Simulation_08","in","C>T",10,41909,40655.6249629835,40773
"S2_epigenome_v1","Simulation_08","in","C>T",3,299,82.0869719647534,82
"S2_epigenome_v1","Simulation_08","in","C>T",4,2225,802.005944882578,785
"S2_epigenome_v1","Simulation_08","in","C>T",5,4641,2111.76635438931,2123
"S2_epigenome_v1","Simulation_08","in","C>T",6,6137,3373.16591251344,3324
"S2_epigenome_v1","Simulation_08","in","C>T",7,6109,3972.46683046428,4015
"S2_epigenome_v1","Simulation_08","in","C>T",8,7107,5342.07995631845,5388
"S2_epigenome_v1","Simulation_08","in","C>T",9,10367,8856.85451236195,8831
"S2_epigenome_v1","Simulation_08","in","T>A",10,6131,5894.93623845705,5862
"S2_epigenome_v1","Simulation_08","in","T>A",3,89,24.2428309128616,23
"S2_epigenome_v1","Simulation_08","in","T>A",4,777,279.746618674465,276
"S2_epigenome_v1","Simulation_08","in","T>A",5,1882,857.211088522937,859
"S2_epigenome_v1","Simulation_08","in","T>A",6,2235,1227.02954955788,1256
"S2_epigenome_v1","Simulation_08","in","T>A",7,2233,1451.85292990693,1468
"S2_epigenome_v1","Simulation_08","in","T>A",8,2552,1915.36246755986,1928
"S2_epigenome_v1","Simulation_08","in","T>A",9,2751,2341.84565742458,2377
"S2_epigenome_v1","Simulation_08","in","T>C",10,3026,2877.22283278971,2881
"S2_epigenome_v1","Simulation_08","in","T>C",3,122,33.9680033347339,45
"S2_epigenome_v1","Simulation_08","in","T>C",4,1174,425.179232718928,421
"S2_epigenome_v1","Simulation_08","in","T>C",5,2586,1175.83973095423,1178
"S2_epigenome_v1","Simulation_08","in","T>C",6,3008,1652.81833872753,1654
"S2_epigenome_v1","Simulation_08","in","T>C",7,2836,1840.7074347928,1862
"S2_epigenome_v1","Simulation_08","in","T>C",8,2762,2072.73676759502,2122
"S2_epigenome_v1","Simulation_08","in","T>C",9,2991,2546.11483876117,2601
"S2_epigenome_v1","Simulation_08","in","T>G",10,2364,2278.85002812227,2276
"S2_epigenome_v1","Simulation_08","in","T>G",3,18,5.14729308233316,3
"S2_epigenome_v1","Simulation_08","in","T>G",4,262,95.584081716146,97
"S2_epigenome_v1","Simulation_08","in","T>G",5,811,369.530153456154,383
"S2_epigenome_v1","Simulation_08","in","T>G",6,1046,574.593752049412,570
"S2_epigenome_v1","Simulation_08","in","T>G",7,1045,681.047722001242,682
"S2_epigenome_v1","Simulation_08","in","T>G",8,1070,801.871680140443,767
"S2_epigenome_v1","Simulation_08","in","T>G",9,1244,1059.9706374026,1063
"S2_epigenome_v1","Simulation_08","out","C>A",10,10709,10437.2761061114,10428
"S2_epigenome_v1","Simulation_08","out","C>A",3,34,9.49490675020005,7
"S2_epigenome_v1","Simulation_08","out","C>A",4,302,109.160047974031,105
"S2_epigenome_v1","Simulation_08","out","C>A",5,779,354.611363546136,365
"S2_epigenome_v1","Simulation_08","out","C>A",6,1096,603.593055896055,617
"S2_epigenome_v1","Simulation_08","out","C>A",7,1072,697.981575330955,704
"S2_epigenome_v1","Simulation_08","out","C>A",8,1267,952.117475697999,952
"S2_epigenome_v1","Simulation_08","out","C>A",9,1939,1658.7878149863,1656
"S2_epigenome_v1","Simulation_08","out","C>G",10,4225,4104.38885442807,4105
"S2_epigenome_v1","Simulation_08","out","C>G",3,15,4.1860302601968,7
"S2_epigenome_v1","Simulation_08","out","C>G",4,125,45.2218277079417,50
"S2_epigenome_v1","Simulation_08","out","C>G",5,345,157.590728991006,149
"S2_epigenome_v1","Simulation_08","out","C>G",6,415,228.876267761617,225
"S2_epigenome_v1","Simulation_08","out","C>G",7,436,282.994434489088,285
"S2_epigenome_v1","Simulation_08","out","C>G",8,520,392.819334761845,385
"S2_epigenome_v1","Simulation_08","out","C>G",9,799,683.416005223808,689
"S2_epigenome_v1","Simulation_08","out","C>T",10,8967,8700.14266459575,8687
"S2_epigenome_v1","Simulation_08","out","C>T",3,60,16.6302312843765,16
"S2_epigenome_v1","Simulation_08","out","C>T",4,438,157.331390551731,153
"S2_epigenome_v1","Simulation_08","out","C>T",5,973,443.07368414853,474
"S2_epigenome_v1","Simulation_08","out","C>T",6,1401,771.103544625878,792
"S2_epigenome_v1","Simulation_08","out","C>T",7,1421,923.087253433149,927
"S2_epigenome_v1","Simulation_08","out","C>T",8,1544,1162.06226334398,1175
"S2_epigenome_v1","Simulation_08","out","C>T",9,2298,1964.04686301145,1953
"S2_epigenome_v1","Simulation_08","out","T>A",10,890,849.164432811984,840
"S2_epigenome_v1","Simulation_08","out","T>A",2,1,0.187991004302929,0
"S2_epigenome_v1","Simulation_08","out","T>A",3,13,3.64104134186138,3
"S2_epigenome_v1","Simulation_08","out","T>A",4,155,55.9397416142764,58
"S2_epigenome_v1","Simulation_08","out","T>A",5,377,170.8906474829,200
"S2_epigenome_v1","Simulation_08","out","T>A",6,518,284.917432940153,291
"S2_epigenome_v1","Simulation_08","out","T>A",7,500,324.294841186842,332
"S2_epigenome_v1","Simulation_08","out","T>A",8,520,390.661039118801,398
"S2_epigenome_v1","Simulation_08","out","T>A",9,551,468.408893127412,482
"S2_epigenome_v1","Simulation_08","out","T>C",10,587,554.625436209215,557
"S2_epigenome_v1","Simulation_08","out","T>C",3,25,7.10230341729164,8
"S2_epigenome_v1","Simulation_08","out","T>C",4,282,100.854969615108,94
"S2_epigenome_v1","Simulation_08","out","T>C",5,566,257.167087294138,260
"S2_epigenome_v1","Simulation_08","out","T>C",6,670,367.461357241412,343
"S2_epigenome_v1","Simulation_08","out","T>C",7,553,358.942942478174,362
"S2_epigenome_v1","Simulation_08","out","T>C",8,556,416.782064777337,427
"S2_epigenome_v1","Simulation_08","out","T>C",9,637,541.678172453857,550
"S2_epigenome_v1","Simulation_08","out","T>G",10,436,416.191333162133,421
"S2_epigenome_v1","Simulation_08","out","T>G",3,5,1.37864819044168,4
"S2_epigenome_v1","Simulation_08","out","T>G",4,66,23.2927574726404,28
"S2_epigenome_v1","Simulation_08","out","T>G",5,173,79.6421097614332,82
"S2_epigenome_v1","Simulation_08","out","T>G",6,225,123.854649945392,123
"S2_epigenome_v1","Simulation_08","out","T>G",7,197,127.80387650177,123
"S2_epigenome_v1","Simulation_08","out","T>G",8,221,166.121951614799,160
"S2_epigenome_v1","Simulation_08","out","T>G",9,229,195.143711142511,197
"S2_epigenome_v1","Simulation_09","in","C>A",10,3519,3324.41740908261,3363
"S2_epigenome_v1","Simulation_09","in","C>A",3,182,50.3247233415143,44
"S2_epigenome_v1","Simulation_09","in","C>A",4,1600,576.108546336378,591
"S2_epigenome_v1","Simulation_09","in","C>A",5,3313,1505.34881855666,1539
"S2_epigenome_v1","Simulation_09","in","C>A",6,3858,2118.16140878737,2167
"S2_epigenome_v1","Simulation_09","in","C>A",7,3610,2345.19025947104,2404
"S2_epigenome_v1","Simulation_09","in","C>A",8,3595,2697.23525668957,2735
"S2_epigenome_v1","Simulation_09","in","C>A",9,3733,3175.75736912383,3201
"S2_epigenome_v1","Simulation_09","in","C>G",10,19812,19391.7647336394,19426
"S2_epigenome_v1","Simulation_09","in","C>G",3,54,15.0074243235369,26
"S2_epigenome_v1","Simulation_09","in","C>G",4,508,182.890933977448,176
"S2_epigenome_v1","Simulation_09","in","C>G",5,1102,500.624802001999,507
"S2_epigenome_v1","Simulation_09","in","C>G",6,1375,755.363171974682,746
"S2_epigenome_v1","Simulation_09","in","C>G",7,1441,938.653606354137,965
"S2_epigenome_v1","Simulation_09","in","C>G",8,1681,1266.77863395737,1270
"S2_epigenome_v1","Simulation_09","in","C>G",9,2700,2309.05423962225,2292
"S2_epigenome_v1","Simulation_09","in","C>T",10,30283,29404.9239718768,29412
"S2_epigenome_v1","Simulation_09","in","C>T",3,239,65.7146954096635,56
"S2_epigenome_v1","Simulation_09","in","C>T",4,1571,563.854345395229,566
"S2_epigenome_v1","Simulation_09","in","C>T",5,3244,1474.80504267538,1514
"S2_epigenome_v1","Simulation_09","in","C>T",6,4037,2217.68946389791,2192
"S2_epigenome_v1","Simulation_09","in","C>T",7,3980,2587.82820977294,2563
"S2_epigenome_v1","Simulation_09","in","C>T",8,4503,3380.76170733476,3386
"S2_epigenome_v1","Simulation_09","in","C>T",9,6758,5772.73239243487,5753
"S2_epigenome_v1","Simulation_09","in","T>A",10,2209,2085.63124521772,2084
"S2_epigenome_v1","Simulation_09","in","T>A",3,75,20.3569959693713,22
"S2_epigenome_v1","Simulation_09","in","T>A",4,596,215.282923082002,210
"S2_epigenome_v1","Simulation_09","in","T>A",5,1338,606.523047862746,598
"S2_epigenome_v1","Simulation_09","in","T>A",6,1522,836.864491447762,851
"S2_epigenome_v1","Simulation_09","in","T>A",7,1599,1041.23254578926,1043
"S2_epigenome_v1","Simulation_09","in","T>A",8,1827,1372.4312447679,1363
"S2_epigenome_v1","Simulation_09","in","T>A",9,2045,1745.50442418801,1756
"S2_epigenome_v1","Simulation_09","in","T>C",10,1440,1347.27042189743,1323
"S2_epigenome_v1","Simulation_09","in","T>C",3,109,29.8924052352881,34
"S2_epigenome_v1","Simulation_09","in","T>C",4,832,300.262543346362,291
"S2_epigenome_v1","Simulation_09","in","T>C",5,1877,854.058387527944,880
"S2_epigenome_v1","Simulation_09","in","T>C",6,2494,1371.17273956032,1388
"S2_epigenome_v1","Simulation_09","in","T>C",7,2355,1530.1131572787,1545
"S2_epigenome_v1","Simulation_09","in","T>C",8,2343,1757.32106981325,1750
"S2_epigenome_v1","Simulation_09","in","T>C",9,2327,1976.6716044807,1989
"S2_epigenome_v1","Simulation_09","in","T>G",10,439,407.295483074927,399
"S2_epigenome_v1","Simulation_09","in","T>G",3,22,6.17462616377063,6
"S2_epigenome_v1","Simulation_09","in","T>G",4,232,83.5340591790628,100
"S2_epigenome_v1","Simulation_09","in","T>G",5,530,240.192556932348,243
"S2_epigenome_v1","Simulation_09","in","T>G",6,733,401.090686304628,427
"S2_epigenome_v1","Simulation_09","in","T>G",7,714,464.152627627469,463
"S2_epigenome_v1","Simulation_09","in","T>G",8,790,593.956966309136,616
"S2_epigenome_v1","Simulation_09","in","T>G",9,936,794.47035046361,802
"S2_epigenome_v1","Simulation_09","out","C>A",10,727,686.619681462448,690
"S2_epigenome_v1","Simulation_09","out","C>A",3,38,10.5807152005261,5
"S2_epigenome_v1","Simulation_09","out","C>A",4,363,130.768365818144,134
"S2_epigenome_v1","Simulation_09","out","C>A",5,875,395.94212390389,400
"S2_epigenome_v1","Simulation_09","out","C>A",6,1014,557.815871396202,551
"S2_epigenome_v1","Simulation_09","out","C>A",7,923,599.772831923479,604
"S2_epigenome_v1","Simulation_09","out","C>A",8,899,674.102640641043,685
"S2_epigenome_v1","Simulation_09","out","C>A",9,898,765.670447654364,780
"S2_epigenome_v1","Simulation_09","out","C>G",10,5113,4998.06103959374,4994
"S2_epigenome_v1","Simulation_09","out","C>G",3,22,6.08229937630094,8
"S2_epigenome_v1","Simulation_09","out","C>G",4,99,35.7944891663886,37
"S2_epigenome_v1","Simulation_09","out","C>G",5,295,134.735471284445,128
"S2_epigenome_v1","Simulation_09","out","C>G",6,278,153.103407066628,157
"S2_epigenome_v1","Simulation_09","out","C>G",7,321,208.383606705783,210
"S2_epigenome_v1","Simulation_09","out","C>G",8,363,272.465846031512,284
"S2_epigenome_v1","Simulation_09","out","C>G",9,695,594.769645879457,586
"S2_epigenome_v1","Simulation_09","out","C>T",10,6284,6087.39534991237,6091
"S2_epigenome_v1","Simulation_09","out","C>T",3,58,16.0184223759191,16
"S2_epigenome_v1","Simulation_09","out","C>T",4,378,135.647526784524,138
"S2_epigenome_v1","Simulation_09","out","C>T",5,793,361.28879301113,373
"S2_epigenome_v1","Simulation_09","out","C>T",6,986,542.256337434995,551
"S2_epigenome_v1","Simulation_09","out","C>T",7,958,622.775582677217,619
"S2_epigenome_v1","Simulation_09","out","C>T",8,1097,824.433930479933,849
"S2_epigenome_v1","Simulation_09","out","C>T",9,1596,1363.63469619086,1374
"S2_epigenome_v1","Simulation_09","out","T>A",10,489,462.296314730477,466
"S2_epigenome_v1","Simulation_09","out","T>A",3,12,3.16571960588674,4
"S2_epigenome_v1","Simulation_09","out","T>A",4,179,64.4056821883755,78
"S2_epigenome_v1","Simulation_09","out","T>A",5,306,138.61858959192,157
"S2_epigenome_v1","Simulation_09","out","T>A",6,338,186.459619946497,185
"S2_epigenome_v1","Simulation_09","out","T>A",7,350,228.521248243262,240
"S2_epigenome_v1","Simulation_09","out","T>A",8,430,322.896446367453,321
"S2_epigenome_v1","Simulation_09","out","T>A",9,488,414.739622961324,436
"S2_epigenome_v1","Simulation_09","out","T>C",10,386,361.541614116201,362
"S2_epigenome_v1","Simulation_09","out","T>C",3,21,5.90329768987366,9
"S2_epigenome_v1","Simulation_09","out","T>C",4,209,75.5013735446471,76
"S2_epigenome_v1","Simulation_09","out","T>C",5,464,210.296701179819,194
"S2_epigenome_v1","Simulation_09","out","T>C",6,560,306.655259412485,297
"S2_epigenome_v1","Simulation_09","out","T>C",7,516,337.12005381096,330
"S2_epigenome_v1","Simulation_09","out","T>C",8,574,430.455341156285,439
"S2_epigenome_v1","Simulation_09","out","T>C",9,574,487.736753425674,474
"S2_epigenome_v1","Simulation_09","out","T>G",10,132,122.728803166795,125
"S2_epigenome_v1","Simulation_09","out","T>G",3,8,2.29300296046443,2
"S2_epigenome_v1","Simulation_09","out","T>G",4,59,21.1602285062561,22
"S2_epigenome_v1","Simulation_09","out","T>G",5,129,58.5972207084007,53
"S2_epigenome_v1","Simulation_09","out","T>G",6,146,80.3731593253578,79
"S2_epigenome_v1","Simulation_09","out","T>G",7,187,121.562774602909,124
"S2_epigenome_v1","Simulation_09","out","T>G",8,203,153.065422760053,160
"S2_epigenome_v1","Simulation_09","out","T>G",9,212,181.116195088488,180
"S2_epigenome_v1","Simulation_10","in","C>A",10,11186,10655.4036475028,10629
"S2_epigenome_v1","Simulation_10","in","C>A",3,134,37.4102522947423,42
"S2_epigenome_v1","Simulation_10","in","C>A",4,1725,626.907569983666,644
"S2_epigenome_v1","Simulation_10","in","C>A",5,4569,2083.1371886671,2082
"S2_epigenome_v1","Simulation_10","in","C>A",6,6061,3330.05867270766,3376
"S2_epigenome_v1","Simulation_10","in","C>A",7,6012,3910.11931939868,3914
"S2_epigenome_v1","Simulation_10","in","C>A",8,6560,4925.32078431361,4935
"S2_epigenome_v1","Simulation_10","in","C>A",9,7626,6502.52362818877,6515
"S2_epigenome_v1","Simulation_10","in","C>G",10,17647,17159.9274325116,17167
"S2_epigenome_v1","Simulation_10","in","C>G",3,53,14.6856296695889,16
"S2_epigenome_v1","Simulation_10","in","C>G",4,540,195.499042050975,181
"S2_epigenome_v1","Simulation_10","in","C>G",5,1248,566.363223256063,585
"S2_epigenome_v1","Simulation_10","in","C>G",6,1799,990.059912184621,999
"S2_epigenome_v1","Simulation_10","in","C>G",7,1878,1221.89885793573,1245
"S2_epigenome_v1","Simulation_10","in","C>G",8,2378,1789.1419534262,1819
"S2_epigenome_v1","Simulation_10","in","C>G",9,3577,3061.0732401931,3079
"S2_epigenome_v1","Simulation_10","in","C>T",10,41711,40659.3695688833,40647
"S2_epigenome_v1","Simulation_10","in","C>T",3,304,83.365876763685,77
"S2_epigenome_v1","Simulation_10","in","C>T",4,2075,743.859168026905,689
"S2_epigenome_v1","Simulation_10","in","C>T",5,4099,1862.26898951385,1869
"S2_epigenome_v1","Simulation_10","in","C>T",6,4892,2685.14987394809,2644
"S2_epigenome_v1","Simulation_10","in","C>T",7,4894,3185.77367017315,3210
"S2_epigenome_v1","Simulation_10","in","C>T",8,5591,4203.80084109143,4233
"S2_epigenome_v1","Simulation_10","in","C>T",9,7934,6780.2195225443,6800
"S2_epigenome_v1","Simulation_10","in","T>A",10,6229,5952.67883073884,5984
"S2_epigenome_v1","Simulation_10","in","T>A",2,1,0.18867881724474,0
"S2_epigenome_v1","Simulation_10","in","T>A",3,80,22.3280232438103,23
"S2_epigenome_v1","Simulation_10","in","T>A",4,690,248.960163038166,246
"S2_epigenome_v1","Simulation_10","in","T>A",5,1708,780.194825551718,754
"S2_epigenome_v1","Simulation_10","in","T>A",6,2288,1257.36694762722,1199
"S2_epigenome_v1","Simulation_10","in","T>A",7,2289,1488.48730644408,1482
"S2_epigenome_v1","Simulation_10","in","T>A",8,2538,1909.1167384842,1927
"S2_epigenome_v1","Simulation_10","in","T>A",9,3309,2820.60476430062,2819
"S2_epigenome_v1","Simulation_10","in","T>C",10,3154,2987.90066491995,3012
"S2_epigenome_v1","Simulation_10","in","T>C",3,99,27.5552451423956,24
"S2_epigenome_v1","Simulation_10","in","T>C",4,1107,400.847722411015,388
"S2_epigenome_v1","Simulation_10","in","T>C",5,2450,1112.64112351611,1140
"S2_epigenome_v1","Simulation_10","in","T>C",6,2703,1483.8256610001,1453
"S2_epigenome_v1","Simulation_10","in","T>C",7,2448,1591.0620666688,1580
"S2_epigenome_v1","Simulation_10","in","T>C",8,2533,1900.4222614013,1892
"S2_epigenome_v1","Simulation_10","in","T>C",9,2776,2361.70908471338,2392
"S2_epigenome_v1","Simulation_10","in","T>G",10,1784,1703.43461291431,1705
"S2_epigenome_v1","Simulation_10","in","T>G",3,23,6.4750166109008,8
"S2_epigenome_v1","Simulation_10","in","T>G",4,314,114.860619449535,115
"S2_epigenome_v1","Simulation_10","in","T>G",5,672,305.948551806209,326
"S2_epigenome_v1","Simulation_10","in","T>G",6,832,457.747579663488,443
"S2_epigenome_v1","Simulation_10","in","T>G",7,820,533.033907133582,553
"S2_epigenome_v1","Simulation_10","in","T>G",8,905,679.689592002612,689
"S2_epigenome_v1","Simulation_10","in","T>G",9,1075,915.170685431178,895
"S2_epigenome_v1","Simulation_10","out","C>A",10,2248,2133.77936684871,2144
"S2_epigenome_v1","Simulation_10","out","C>A",3,42,11.797695064859,13
"S2_epigenome_v1","Simulation_10","out","C>A",4,412,149.860251693952,144
"S2_epigenome_v1","Simulation_10","out","C>A",5,1081,490.677546086185,472
"S2_epigenome_v1","Simulation_10","out","C>A",6,1381,757.671855949109,740
"S2_epigenome_v1","Simulation_10","out","C>A",7,1286,835.974887935776,824
"S2_epigenome_v1","Simulation_10","out","C>A",8,1384,1038.43964212177,1053
"S2_epigenome_v1","Simulation_10","out","C>A",9,1696,1447.12454634574,1471
"S2_epigenome_v1","Simulation_10","out","C>G",10,2778,2686.09740508937,2693
"S2_epigenome_v1","Simulation_10","out","C>G",3,19,5.26483643997701,5
"S2_epigenome_v1","Simulation_10","out","C>G",4,110,39.5548053111634,50
"S2_epigenome_v1","Simulation_10","out","C>G",5,279,127.736025975389,116
"S2_epigenome_v1","Simulation_10","out","C>G",6,366,201.630319197132,182
"S2_epigenome_v1","Simulation_10","out","C>G",7,409,265.215550702852,263
"S2_epigenome_v1","Simulation_10","out","C>G",8,479,360.448001909523,363
"S2_epigenome_v1","Simulation_10","out","C>G",9,774,662.111253585946,672
"S2_epigenome_v1","Simulation_10","out","C>T",10,10206,9937.55008060508,9943
"S2_epigenome_v1","Simulation_10","out","C>T",3,63,17.2411976009944,20
"S2_epigenome_v1","Simulation_10","out","C>T",4,460,165.573789446774,166
"S2_epigenome_v1","Simulation_10","out","C>T",5,1003,454.612620077498,439
"S2_epigenome_v1","Simulation_10","out","C>T",6,1205,662.544448546349,689
"S2_epigenome_v1","Simulation_10","out","C>T",7,1226,797.022655547365,785
"S2_epigenome_v1","Simulation_10","out","C>T",8,1314,987.76173652444,989
"S2_epigenome_v1","Simulation_10","out","C>T",9,1943,1662.19071596702,1691
"S2_epigenome_v1","Simulation_10","out","T>A",10,609,576.552460724146,581
"S2_epigenome_v1","Simulation_10","out","T>A",2,1,0.198935748825149,0
"S2_epigenome_v1","Simulation_10","out","T>A",3,33,9.24932380384084,5
"S2_epigenome_v1","Simulation_10","out","T>A",4,204,73.829547958085,87
"S2_epigenome_v1","Simulation_10","out","T>A",5,451,204.680998726329,211
"S2_epigenome_v1","Simulation_10","out","T>A",6,542,297.609159882532,297
"S2_epigenome_v1","Simulation_10","out","T>A",7,509,331.632098303297,320
"S2_epigenome_v1","Simulation_10","out","T>A",8,565,425.17341018128,434
"S2_epigenome_v1","Simulation_10","out","T>A",9,570,485.199051618306,474
"S2_epigenome_v1","Simulation_10","out","T>C",10,626,589.991735354238,597
"S2_epigenome_v1","Simulation_10","out","T>C",3,20,5.521212147862,5
"S2_epigenome_v1","Simulation_10","out","T>C",4,243,87.9959122893264,88
"S2_epigenome_v1","Simulation_10","out","T>C",5,566,257.315452183904,266
"S2_epigenome_v1","Simulation_10","out","T>C",6,692,379.629921872885,388
"S2_epigenome_v1","Simulation_10","out","T>C",7,684,445.257919773844,476
"S2_epigenome_v1","Simulation_10","out","T>C",8,658,493.762043001094,500
"S2_epigenome_v1","Simulation_10","out","T>C",9,633,538.821950509126,527
"S2_epigenome_v1","Simulation_10","out","T>G",10,245,231.099055446594,237
"S2_epigenome_v1","Simulation_10","out","T>G",3,5,1.38979478812804,1
"S2_epigenome_v1","Simulation_10","out","T>G",4,66,24.1619421838854,31
"S2_epigenome_v1","Simulation_10","out","T>G",5,151,68.7438430649802,73
"S2_epigenome_v1","Simulation_10","out","T>G",6,203,111.315659307394,114
"S2_epigenome_v1","Simulation_10","out","T>G",7,204,132.809194673881,142
"S2_epigenome_v1","Simulation_10","out","T>G",8,225,168.820256774889,167
"S2_epigenome_v1","Simulation_10","out","T>G",9,259,220.714267750499,215
"S2_epigenome_v1","Simulation_11","in","C>A",10,8249,7855.42178347889,7889
"S2_epigenome_v1","Simulation_11","in","C>A",3,147,41.2306379029557,48
"S2_epigenome_v1","Simulation_11","in","C>A",4,1556,559.777575883665,551
"S2_epigenome_v1","Simulation_11","in","C>A",5,3702,1684.73181356342,1662
"S2_epigenome_v1","Simulation_11","in","C>A",6,4662,2561.73676514515,2569
"S2_epigenome_v1","Simulation_11","in","C>A",7,4401,2859.19263858782,2863
"S2_epigenome_v1","Simulation_11","in","C>A",8,4502,3380.03978880506,3425
"S2_epigenome_v1","Simulation_11","in","C>A",9,5344,4551.50594424539,4541
"S2_epigenome_v1","Simulation_11","in","C>G",10,25318,24802.1140241904,24781
"S2_epigenome_v1","Simulation_11","in","C>G",3,46,12.8031490324997,18
"S2_epigenome_v1","Simulation_11","in","C>G",4,398,143.712010239586,138
"S2_epigenome_v1","Simulation_11","in","C>G",5,932,424.733177665732,444
"S2_epigenome_v1","Simulation_11","in","C>G",6,1402,771.209788245465,779
"S2_epigenome_v1","Simulation_11","in","C>G",7,1529,995.544318894079,960
"S2_epigenome_v1","Simulation_11","in","C>G",8,1915,1440.62604576432,1404
"S2_epigenome_v1","Simulation_11","in","C>G",9,3080,2637.18633913456,2598
"S2_epigenome_v1","Simulation_11","in","C>T",10,23532,22631.7472693652,22631
"S2_epigenome_v1","Simulation_11","in","C>T",2,1,0.192068562197319,0
"S2_epigenome_v1","Simulation_11","in","C>T",3,254,69.6059361750092,61
"S2_epigenome_v1","Simulation_11","in","C>T",4,1710,613.253656741665,617
"S2_epigenome_v1","Simulation_11","in","C>T",5,3569,1621.47007445743,1603
"S2_epigenome_v1","Simulation_11","in","C>T",6,4262,2341.8309464676,2401
"S2_epigenome_v1","Simulation_11","in","C>T",7,4351,2831.29142879029,2844
"S2_epigenome_v1","Simulation_11","in","C>T",8,5286,3978.14173419002,3962
"S2_epigenome_v1","Simulation_11","in","C>T",9,8081,6913.96029479869,6913
"S2_epigenome_v1","Simulation_11","in","T>A",10,1223,1152.28485107538,1153
"S2_epigenome_v1","Simulation_11","in","T>A",3,115,31.5395662456384,31
"S2_epigenome_v1","Simulation_11","in","T>A",4,770,277.109403719774,278
"S2_epigenome_v1","Simulation_11","in","T>A",5,1709,776.481674439083,790
"S2_epigenome_v1","Simulation_11","in","T>A",6,2125,1168.13599834602,1210
"S2_epigenome_v1","Simulation_11","in","T>A",7,2033,1322.12356743708,1364
"S2_epigenome_v1","Simulation_11","in","T>A",8,1919,1441.11997446289,1462
"S2_epigenome_v1","Simulation_11","in","T>A",9,1768,1505.09301028794,1500
"S2_epigenome_v1","Simulation_11","in","T>C",10,2346,2217.5858777759,2225
"S2_epigenome_v1","Simulation_11","in","T>C",3,105,28.99845716245,24
"S2_epigenome_v1","Simulation_11","in","T>C",4,1034,373.166861519757,396
"S2_epigenome_v1","Simulation_11","in","T>C",5,2072,938.237191111424,963
"S2_epigenome_v1","Simulation_11","in","T>C",6,2447,1346.03645659999,1329
"S2_epigenome_v1","Simulation_11","in","T>C",7,2299,1494.55716229455,1513
"S2_epigenome_v1","Simulation_11","in","T>C",8,2170,1629.60232983399,1620
"S2_epigenome_v1","Simulation_11","in","T>C",9,2397,2042.51197006782,2052
"S2_epigenome_v1","Simulation_11","in","T>G",10,1291,1231.27184846724,1229
"S2_epigenome_v1","Simulation_11","in","T>G",3,14,3.75777116893782,1
"S2_epigenome_v1","Simulation_11","in","T>G",4,207,75.0506358924874,68
"S2_epigenome_v1","Simulation_11","in","T>G",5,609,277.554483388294,269
"S2_epigenome_v1","Simulation_11","in","T>G",6,688,380.01137111889,366
"S2_epigenome_v1","Simulation_11","in","T>G",7,665,433.667638954163,424
"S2_epigenome_v1","Simulation_11","in","T>G",8,739,555.264069420234,537
"S2_epigenome_v1","Simulation_11","in","T>G",9,956,815.340450875441,805
"S2_epigenome_v1","Simulation_11","out","C>A",10,4844,4667.04875900464,4662
"S2_epigenome_v1","Simulation_11","out","C>A",3,53,14.525340002312,9
"S2_epigenome_v1","Simulation_11","out","C>A",4,339,121.94351738079,135
"S2_epigenome_v1","Simulation_11","out","C>A",5,836,381.325214839667,392
"S2_epigenome_v1","Simulation_11","out","C>A",6,1103,605.310878528012,603
"S2_epigenome_v1","Simulation_11","out","C>A",7,1067,693.745849556704,675
"S2_epigenome_v1","Simulation_11","out","C>A",8,1241,931.422312265284,932
"S2_epigenome_v1","Simulation_11","out","C>A",9,1697,1447.18334699027,1449
"S2_epigenome_v1","Simulation_11","out","C>G",10,7576,7451.60848236947,7469
"S2_epigenome_v1","Simulation_11","out","C>G",3,24,6.6559319781067,8
"S2_epigenome_v1","Simulation_11","out","C>G",4,106,38.3266241165185,28
"S2_epigenome_v1","Simulation_11","out","C>G",5,277,125.715539563474,111
"S2_epigenome_v1","Simulation_11","out","C>G",6,331,182.025691325409,189
"S2_epigenome_v1","Simulation_11","out","C>G",7,401,260.844307936308,268
"S2_epigenome_v1","Simulation_11","out","C>G",8,474,357.362668514882,361
"S2_epigenome_v1","Simulation_11","out","C>G",9,796,679.933446894119,695
"S2_epigenome_v1","Simulation_11","out","C>T",10,8575,8264.23032326609,8251
"S2_epigenome_v1","Simulation_11","out","C>T",3,69,18.9832342174461,24
"S2_epigenome_v1","Simulation_11","out","C>T",4,516,184.929768322807,168
"S2_epigenome_v1","Simulation_11","out","C>T",5,968,440.652552306322,463
"S2_epigenome_v1","Simulation_11","out","C>T",6,1251,689.60901528459,696
"S2_epigenome_v1","Simulation_11","out","C>T",7,1355,880.86846199064,852
"S2_epigenome_v1","Simulation_11","out","C>T",8,1543,1163.03993369638,1150
"S2_epigenome_v1","Simulation_11","out","C>T",9,2665,2282.14146548568,2274
"S2_epigenome_v1","Simulation_11","out","T>A",10,302,284.798525689586,287
"S2_epigenome_v1","Simulation_11","out","T>A",3,37,10.1889616240928,13
"S2_epigenome_v1","Simulation_11","out","T>A",4,253,91.1962096777301,97
"S2_epigenome_v1","Simulation_11","out","T>A",5,459,208.523877330348,201
"S2_epigenome_v1","Simulation_11","out","T>A",6,536,293.850500850573,278
"S2_epigenome_v1","Simulation_11","out","T>A",7,483,312.955075863333,318
"S2_epigenome_v1","Simulation_11","out","T>A",8,462,346.419989352255,342
"S2_epigenome_v1","Simulation_11","out","T>A",9,424,361.276526658427,360
"S2_epigenome_v1","Simulation_11","out","T>C",10,583,549.698662787171,550
"S2_epigenome_v1","Simulation_11","out","T>C",3,34,9.53173706823624,9
"S2_epigenome_v1","Simulation_11","out","T>C",4,288,103.590286883404,111
"S2_epigenome_v1","Simulation_11","out","T>C",5,618,280.60367824991,282
"S2_epigenome_v1","Simulation_11","out","T>C",6,626,342.746205353618,362
"S2_epigenome_v1","Simulation_11","out","T>C",7,627,407.528693693664,408
"S2_epigenome_v1","Simulation_11","out","T>C",8,537,403.331359908989,413
"S2_epigenome_v1","Simulation_11","out","T>C",9,644,548.501430787572,567
"S2_epigenome_v1","Simulation_11","out","T>G",10,347,331.145217841968,334
"S2_epigenome_v1","Simulation_11","out","T>G",3,9,2.52605883842216,4
"S2_epigenome_v1","Simulation_11","out","T>G",4,64,23.207261266707,19
"S2_epigenome_v1","Simulation_11","out","T>G",5,167,76.1394387422187,73
"S2_epigenome_v1","Simulation_11","out","T>G",6,189,103.425828875069,106
"S2_epigenome_v1","Simulation_11","out","T>G",7,155,100.573931333448,91
"S2_epigenome_v1","Simulation_11","out","T>G",8,211,158.863473559759,175
"S2_epigenome_v1","Simulation_11","out","T>G",9,254,216.352915224038,211
"S2_epigenome_v1","Simulation_12","in","C>A",10,5006,4742.52022869261,4752
"S2_epigenome_v1","Simulation_12","in","C>A",2,1,0.197662380626412,0
"S2_epigenome_v1","Simulation_12","in","C>A",3,187,51.8212573543567,56
"S2_epigenome_v1","Simulation_12","in","C>A",4,1451,522.180882095045,537
"S2_epigenome_v1","Simulation_12","in","C>A",5,3241,1472.74894067436,1470
"S2_epigenome_v1","Simulation_12","in","C>A",6,3702,2035.30620334255,2083
"S2_epigenome_v1","Simulation_12","in","C>A",7,3354,2181.01866405725,2219
"S2_epigenome_v1","Simulation_12","in","C>A",8,3479,2611.61914477964,2629
"S2_epigenome_v1","Simulation_12","in","C>A",9,4085,3481.32109291211,3484
"S2_epigenome_v1","Simulation_12","in","C>G",10,8339,8055.3281550481,8062
"S2_epigenome_v1","Simulation_12","in","C>G",3,78,21.6687680874422,15
"S2_epigenome_v1","Simulation_12","in","C>G",4,460,165.894006806947,158
"S2_epigenome_v1","Simulation_12","in","C>G",5,886,402.912214550447,401
"S2_epigenome_v1","Simulation_12","in","C>G",6,1182,652.347745385529,639
"S2_epigenome_v1","Simulation_12","in","C>G",7,1283,834.507378847887,855
"S2_epigenome_v1","Simulation_12","in","C>G",8,1528,1149.2879667313,1168
"S2_epigenome_v1","Simulation_12","in","C>G",9,2391,2044.4909311408,2057
"S2_epigenome_v1","Simulation_12","in","C>T",10,56487,55467.2574055065,55521
"S2_epigenome_v1","Simulation_12","in","C>T",3,237,65.2775075449851,52
"S2_epigenome_v1","Simulation_12","in","C>T",4,1515,544.426260904533,553
"S2_epigenome_v1","Simulation_12","in","C>T",5,3047,1382.49238582917,1398
"S2_epigenome_v1","Simulation_12","in","C>T",6,3588,1973.70460787097,2022
"S2_epigenome_v1","Simulation_12","in","C>T",7,3497,2274.26896867761,2277
"S2_epigenome_v1","Simulation_12","in","C>T",8,4089,3076.84141287508,3062
"S2_epigenome_v1","Simulation_12","in","C>T",9,6020,5146.43943977643,5176
"S2_epigenome_v1","Simulation_12","in","T>A",10,1455,1375.40561708705,1401
"S2_epigenome_v1","Simulation_12","in","T>A",3,94,25.787149003969,23
"S2_epigenome_v1","Simulation_12","in","T>A",4,681,246.012885660406,264
"S2_epigenome_v1","Simulation_12","in","T>A",5,1490,675.659635110151,696
"S2_epigenome_v1","Simulation_12","in","T>A",6,1645,902.286085527558,954
"S2_epigenome_v1","Simulation_12","in","T>A",7,1585,1030.31279224307,1044
"S2_epigenome_v1","Simulation_12","in","T>A",8,1401,1049.53070346929,1092
"S2_epigenome_v1","Simulation_12","in","T>A",9,1339,1136.12230013473,1158
"S2_epigenome_v1","Simulation_12","in","T>C",10,649,605.753870257464,619
"S2_epigenome_v1","Simulation_12","in","T>C",3,167,46.1483209414568,41
"S2_epigenome_v1","Simulation_12","in","T>C",4,976,351.292243883592,373
"S2_epigenome_v1","Simulation_12","in","T>C",5,1870,847.176341822414,835
"S2_epigenome_v1","Simulation_12","in","T>C",6,2113,1162.45869252103,1196
"S2_epigenome_v1","Simulation_12","in","T>C",7,2010,1308.21207194583,1366
"S2_epigenome_v1","Simulation_12","in","T>C",8,1882,1410.49511811238,1431
"S2_epigenome_v1","Simulation_12","in","T>C",9,1553,1315.7698438297,1332
"S2_epigenome_v1","Simulation_12","in","T>G",10,396,369.186971486225,373
"S2_epigenome_v1","Simulation_12","in","T>G",3,32,8.78801267720311,9
"S2_epigenome_v1","Simulation_12","in","T>G",4,231,83.6319120746748,82
"S2_epigenome_v1","Simulation_12","in","T>G",5,536,242.991556924575,261
"S2_epigenome_v1","Simulation_12","in","T>G",6,630,345.451821054535,341
"S2_epigenome_v1","Simulation_12","in","T>G",7,640,414.771806273238,412
"S2_epigenome_v1","Simulation_12","in","T>G",8,685,512.986583320402,510
"S2_epigenome_v1","Simulation_12","in","T>G",9,658,558.757945205324,557
"S2_epigenome_v1","Simulation_12","out","C>A",10,1054,993.53185076279,993
"S2_epigenome_v1","Simulation_12","out","C>A",3,43,11.8167346456807,9
"S2_epigenome_v1","Simulation_12","out","C>A",4,414,149.489733473986,137
"S2_epigenome_v1","Simulation_12","out","C>A",5,820,373.033548674834,393
"S2_epigenome_v1","Simulation_12","out","C>A",6,929,510.41195520696,507
"S2_epigenome_v1","Simulation_12","out","C>A",7,881,573.316446210677,565
"S2_epigenome_v1","Simulation_12","out","C>A",8,967,725.807309424731,740
"S2_epigenome_v1","Simulation_12","out","C>A",9,1066,909.230587835088,918
"S2_epigenome_v1","Simulation_12","out","C>G",10,2254,2175.58090268272,2183
"S2_epigenome_v1","Simulation_12","out","C>G",3,21,5.75314835216351,6
"S2_epigenome_v1","Simulation_12","out","C>G",4,116,41.3553561210976,43
"S2_epigenome_v1","Simulation_12","out","C>G",5,263,120.08305330883,126
"S2_epigenome_v1","Simulation_12","out","C>G",6,324,178.452269145091,191
"S2_epigenome_v1","Simulation_12","out","C>G",7,313,203.906875444293,209
"S2_epigenome_v1","Simulation_12","out","C>G",8,381,286.729493259518,287
"S2_epigenome_v1","Simulation_12","out","C>G",9,713,610.480072319377,618
"S2_epigenome_v1","Simulation_12","out","C>T",10,13423,13125.3328848697,13108
"S2_epigenome_v1","Simulation_12","out","C>T",3,72,19.6555524040778,25
"S2_epigenome_v1","Simulation_12","out","C>T",4,393,141.037687229164,144
"S2_epigenome_v1","Simulation_12","out","C>T",5,768,348.659196085428,347
"S2_epigenome_v1","Simulation_12","out","C>T",6,978,537.710524141425,532
"S2_epigenome_v1","Simulation_12","out","C>T",7,954,621.349948316429,629
"S2_epigenome_v1","Simulation_12","out","C>T",8,1080,813.316908690562,823
"S2_epigenome_v1","Simulation_12","out","C>T",9,1696,1452.58217094737,1457
"S2_epigenome_v1","Simulation_12","out","T>A",10,441,416.968537236754,423
"S2_epigenome_v1","Simulation_12","out","T>A",3,22,6.04126831950269,6
"S2_epigenome_v1","Simulation_12","out","T>A",4,222,79.731961644983,85
"S2_epigenome_v1","Simulation_12","out","T>A",5,399,181.618585317252,190
"S2_epigenome_v1","Simulation_12","out","T>A",6,479,264.494657824782,271
"S2_epigenome_v1","Simulation_12","out","T>A",7,394,255.381836702924,261
"S2_epigenome_v1","Simulation_12","out","T>A",8,414,309.847152417473,313
"S2_epigenome_v1","Simulation_12","out","T>A",9,409,347.524303854464,359
"S2_epigenome_v1","Simulation_12","out","T>C",10,128,119.475254089872,124
"S2_epigenome_v1","Simulation_12","out","T>C",3,38,10.3955683863602,16
"S2_epigenome_v1","Simulation_12","out","T>C",4,285,102.325976158109,103
"S2_epigenome_v1","Simulation_12","out","T>C",5,549,248.418320823431,256
"S2_epigenome_v1","Simulation_12","out","T>C",6,560,307.949320405073,340
"S2_epigenome_v1","Simulation_12","out","T>C",7,545,353.125248710298,366
"S2_epigenome_v1","Simulation_12","out","T>C",8,523,392.810669481795,379
"S2_epigenome_v1","Simulation_12","out","T>C",9,399,337.789869064018,341
"S2_epigenome_v1","Simulation_12","out","T>G",10,102,94.6867008313154,100
"S2_epigenome_v1","Simulation_12","out","T>G",3,9,2.38402001321518,2
"S2_epigenome_v1","Simulation_12","out","T>G",4,67,23.7765409620569,24
"S2_epigenome_v1","Simulation_12","out","T>G",5,126,56.8893079902845,47
"S2_epigenome_v1","Simulation_12","out","T>G",6,165,90.9463466911506,89
"S2_epigenome_v1","Simulation_12","out","T>G",7,175,113.577239821107,132
"S2_epigenome_v1","Simulation_12","out","T>G",8,151,113.353204264576,110
"S2_epigenome_v1","Simulation_12","out","T>G",9,194,164.579118762602,166
"S2_epigenome_v1","Simulation_13","in","C>A",10,13458,12924.7887051963,12950
"S2_epigenome_v1","Simulation_13","in","C>A",3,182,50.4727648132399,49
"S2_epigenome_v1","Simulation_13","in","C>A",4,1686,607.16998176363,665
"S2_epigenome_v1","Simulation_13","in","C>A",5,3661,1658.09675392356,1702
"S2_epigenome_v1","Simulation_13","in","C>A",6,4075,2237.73216495179,2215
"S2_epigenome_v1","Simulation_13","in","C>A",7,3960,2574.00965941948,2527
"S2_epigenome_v1","Simulation_13","in","C>A",8,4209,3162.40827008838,3195
"S2_epigenome_v1","Simulation_13","in","C>A",9,5633,4808.02703513289,4818
"S2_epigenome_v1","Simulation_13","in","C>G",10,11967,11578.8880674219,11614
"S2_epigenome_v1","Simulation_13","in","C>G",3,60,16.5209405804898,17
"S2_epigenome_v1","Simulation_13","in","C>G",4,458,164.589354118183,139
"S2_epigenome_v1","Simulation_13","in","C>G",5,1118,507.916704095153,528
"S2_epigenome_v1","Simulation_13","in","C>G",6,1505,828.427547271091,840
"S2_epigenome_v1","Simulation_13","in","C>G",7,1601,1041.97496893593,1057
"S2_epigenome_v1","Simulation_13","in","C>G",8,1941,1460.20407689269,1475
"S2_epigenome_v1","Simulation_13","in","C>G",9,3070,2627.64946109683,2604
"S2_epigenome_v1","Simulation_13","in","C>T",10,36445,35468.3783929025,35470
"S2_epigenome_v1","Simulation_13","in","C>T",3,151,41.1298705419743,44
"S2_epigenome_v1","Simulation_13","in","C>T",4,1566,566.750610977874,533
"S2_epigenome_v1","Simulation_13","in","C>T",5,4099,1869.95078663019,1872
"S2_epigenome_v1","Simulation_13","in","C>T",6,5857,3219.56384160263,3172
"S2_epigenome_v1","Simulation_13","in","C>T",7,5767,3748.40928884587,3817
"S2_epigenome_v1","Simulation_13","in","C>T",8,6703,5040.27255193278,5140
"S2_epigenome_v1","Simulation_13","in","C>T",9,8893,7589.27093045983,7594
"S2_epigenome_v1","Simulation_13","in","T>A",10,1081,1016.31037083745,1022
"S2_epigenome_v1","Simulation_13","in","T>A",3,96,26.55050628841,17
"S2_epigenome_v1","Simulation_13","in","T>A",4,935,338.274317903686,323
"S2_epigenome_v1","Simulation_13","in","T>A",5,2041,926.409611762869,940
"S2_epigenome_v1","Simulation_13","in","T>A",6,2198,1205.08498039728,1239
"S2_epigenome_v1","Simulation_13","in","T>A",7,1864,1209.28923049742,1237
"S2_epigenome_v1","Simulation_13","in","T>A",8,1808,1353.80441377204,1395
"S2_epigenome_v1","Simulation_13","in","T>A",9,1537,1306.4031287126,1304
"S2_epigenome_v1","Simulation_13","in","T>C",10,3658,3463.71882056395,3459
"S2_epigenome_v1","Simulation_13","in","T>C",3,62,17.2994622954215,16
"S2_epigenome_v1","Simulation_13","in","T>C",4,656,237.558917103678,237
"S2_epigenome_v1","Simulation_13","in","T>C",5,2033,929.247797970309,936
"S2_epigenome_v1","Simulation_13","in","T>C",6,2992,1642.49222109971,1689
"S2_epigenome_v1","Simulation_13","in","T>C",7,2867,1863.20530667872,1897
"S2_epigenome_v1","Simulation_13","in","T>C",8,3015,2263.82578029939,2315
"S2_epigenome_v1","Simulation_13","in","T>C",9,3429,2917.49483611128,2966
"S2_epigenome_v1","Simulation_13","in","T>G",10,1335,1267.05792553698,1276
"S2_epigenome_v1","Simulation_13","in","T>G",3,15,4.18348357122972,5
"S2_epigenome_v1","Simulation_13","in","T>G",4,212,76.6006076273998,72
"S2_epigenome_v1","Simulation_13","in","T>G",5,583,266.600376567586,279
"S2_epigenome_v1","Simulation_13","in","T>G",6,905,497.124581810543,499
"S2_epigenome_v1","Simulation_13","in","T>G",7,885,575.313548557549,580
"S2_epigenome_v1","Simulation_13","in","T>G",8,943,707.500000559645,696
"S2_epigenome_v1","Simulation_13","in","T>G",9,1098,934.756095315356,961
"S2_epigenome_v1","Simulation_13","out","C>A",10,3288,3149.86771423946,3144
"S2_epigenome_v1","Simulation_13","out","C>A",3,46,12.9221644742134,18
"S2_epigenome_v1","Simulation_13","out","C>A",4,486,175.495970030648,171
"S2_epigenome_v1","Simulation_13","out","C>A",5,1021,462.480882717618,472
"S2_epigenome_v1","Simulation_13","out","C>A",6,1029,564.739318311077,588
"S2_epigenome_v1","Simulation_13","out","C>A",7,991,644.453329533626,652
"S2_epigenome_v1","Simulation_13","out","C>A",8,1124,843.914196408907,855
"S2_epigenome_v1","Simulation_13","out","C>A",9,1471,1256.99310184357,1250
"S2_epigenome_v1","Simulation_13","out","C>G",10,3053,2947.58973856534,2947
"S2_epigenome_v1","Simulation_13","out","C>G",3,10,2.69539489105547,1
"S2_epigenome_v1","Simulation_13","out","C>G",4,156,56.5339073724606,64
"S2_epigenome_v1","Simulation_13","out","C>G",5,309,140.291176188316,132
"S2_epigenome_v1","Simulation_13","out","C>G",6,416,229.393575190425,229
"S2_epigenome_v1","Simulation_13","out","C>G",7,427,277.929105680397,289
"S2_epigenome_v1","Simulation_13","out","C>G",8,527,396.211978754447,384
"S2_epigenome_v1","Simulation_13","out","C>G",9,847,724.493533748378,744
"S2_epigenome_v1","Simulation_13","out","C>T",10,8254,8020.86485079149,8051
"S2_epigenome_v1","Simulation_13","out","C>T",3,48,13.0407417059671,12
"S2_epigenome_v1","Simulation_13","out","C>T",4,421,151.805705393491,162
"S2_epigenome_v1","Simulation_13","out","C>T",5,1188,542.004107027855,556
"S2_epigenome_v1","Simulation_13","out","C>T",6,1441,794.633200814305,792
"S2_epigenome_v1","Simulation_13","out","C>T",7,1444,939.805281251339,962
"S2_epigenome_v1","Simulation_13","out","C>T",8,1556,1169.66535571175,1166
"S2_epigenome_v1","Simulation_13","out","C>T",9,2066,1762.24465269233,1816
"S2_epigenome_v1","Simulation_13","out","T>A",10,238,223.853564869366,224
"S2_epigenome_v1","Simulation_13","out","T>A",3,28,7.58704577980512,6
"S2_epigenome_v1","Simulation_13","out","T>A",4,263,94.8494785362623,106
"S2_epigenome_v1","Simulation_13","out","T>A",5,560,253.711283798963,244
"S2_epigenome_v1","Simulation_13","out","T>A",6,613,335.322800616095,323
"S2_epigenome_v1","Simulation_13","out","T>A",7,509,330.543093788925,317
"S2_epigenome_v1","Simulation_13","out","T>A",8,433,325.233768262905,337
"S2_epigenome_v1","Simulation_13","out","T>A",9,341,289.755375138623,299
"S2_epigenome_v1","Simulation_13","out","T>C",10,783,740.888476103915,757
"S2_epigenome_v1","Simulation_13","out","T>C",3,16,4.46527538160389,5
"S2_epigenome_v1","Simulation_13","out","T>C",4,206,74.8755194869094,74
"S2_epigenome_v1","Simulation_13","out","T>C",5,585,268.657767984795,259
"S2_epigenome_v1","Simulation_13","out","T>C",6,750,413.566974839584,399
"S2_epigenome_v1","Simulation_13","out","T>C",7,746,486.198306020416,496
"S2_epigenome_v1","Simulation_13","out","T>C",8,702,526.321361354699,543
"S2_epigenome_v1","Simulation_13","out","T>C",9,805,684.166298995007,662
"S2_epigenome_v1","Simulation_13","out","T>G",10,286,270.674998801488,272
"S2_epigenome_v1","Simulation_13","out","T>G",3,3,0.813435734565332,1
"S2_epigenome_v1","Simulation_13","out","T>G",4,62,22.515886461719,18
"S2_epigenome_v1","Simulation_13","out","T>G",5,172,78.3317263522559,78
"S2_epigenome_v1","Simulation_13","out","T>G",6,231,127.581057902836,121
"S2_epigenome_v1","Simulation_13","out","T>G",7,232,151.053319654492,154
"S2_epigenome_v1","Simulation_13","out","T>G",8,220,164.885665238756,162
"S2_epigenome_v1","Simulation_13","out","T>G",9,253,214.670308190227,211
"S2_epigenome_v1","Simulation_14","in","C>A",10,12661,12125.7569440543,12127
"S2_epigenome_v1","Simulation_14","in","C>A",3,114,31.5430238597539,33
"S2_epigenome_v1","Simulation_14","in","C>A",4,1453,526.552867803974,523
"S2_epigenome_v1","Simulation_14","in","C>A",5,3880,1773.2829321273,1722
"S2_epigenome_v1","Simulation_14","in","C>A",6,5522,3031.41120634698,3041
"S2_epigenome_v1","Simulation_14","in","C>A",7,5285,3437.78454783901,3376
"S2_epigenome_v1","Simulation_14","in","C>A",8,5734,4308.20921591266,4304
"S2_epigenome_v1","Simulation_14","in","C>A",9,6912,5889.36927095081,5883
"S2_epigenome_v1","Simulation_14","in","C>G",10,16494,15980.7310565419,15894
"S2_epigenome_v1","Simulation_14","in","C>G",3,44,12.1829151879791,8
"S2_epigenome_v1","Simulation_14","in","C>G",4,333,119.801971145726,123
"S2_epigenome_v1","Simulation_14","in","C>G",5,954,436.672282290441,438
"S2_epigenome_v1","Simulation_14","in","C>G",6,1731,952.904963907746,950
"S2_epigenome_v1","Simulation_14","in","C>G",7,1863,1210.9450091425,1219
"S2_epigenome_v1","Simulation_14","in","C>G",8,2273,1713.66613192826,1679
"S2_epigenome_v1","Simulation_14","in","C>G",9,3866,3306.40864734968,3275
"S2_epigenome_v1","Simulation_14","in","C>T",10,21841,20983.6846841396,20990
"S2_epigenome_v1","Simulation_14","in","C>T",2,1,0.19956181214942,0
"S2_epigenome_v1","Simulation_14","in","C>T",3,211,58.1630907814637,67
"S2_epigenome_v1","Simulation_14","in","C>T",4,1580,566.585922409839,546
"S2_epigenome_v1","Simulation_14","in","C>T",5,3251,1482.70489606741,1500
"S2_epigenome_v1","Simulation_14","in","C>T",6,4071,2236.18336413371,2253
"S2_epigenome_v1","Simulation_14","in","C>T",7,4363,2838.22397111957,2776
"S2_epigenome_v1","Simulation_14","in","C>T",8,5351,4025.34212607148,4015
"S2_epigenome_v1","Simulation_14","in","C>T",9,7986,6824.82727552351,6807
"S2_epigenome_v1","Simulation_14","in","T>A",10,12846,12399.2656673833,12381
"S2_epigenome_v1","Simulation_14","in","T>A",3,45,12.6417381537598,10
"S2_epigenome_v1","Simulation_14","in","T>A",4,420,152.204414962111,132
"S2_epigenome_v1","Simulation_14","in","T>A",5,1144,525.279871881666,542
"S2_epigenome_v1","Simulation_14","in","T>A",6,2103,1156.53520963575,1167
"S2_epigenome_v1","Simulation_14","in","T>A",7,2300,1499.24915477225,1470
"S2_epigenome_v1","Simulation_14","in","T>A",8,2748,2066.84447200569,2060
"S2_epigenome_v1","Simulation_14","in","T>A",9,4172,3564.70102264549,3578
"S2_epigenome_v1","Simulation_14","in","T>C",10,7453,7164.65197938577,7104
"S2_epigenome_v1","Simulation_14","in","T>C",2,1,0.194807419047784,1
"S2_epigenome_v1","Simulation_14","in","T>C",3,83,23.3025445965636,20
"S2_epigenome_v1","Simulation_14","in","T>C",4,918,330.268596935363,351
"S2_epigenome_v1","Simulation_14","in","T>C",5,2125,965.193039924173,992
"S2_epigenome_v1","Simulation_14","in","T>C",6,2485,1366.41307068864,1360
"S2_epigenome_v1","Simulation_14","in","T>C",7,2486,1615.77370598425,1582
"S2_epigenome_v1","Simulation_14","in","T>C",8,2539,1906.42502374063,1925
"S2_epigenome_v1","Simulation_14","in","T>C",9,3387,2888.10416097099,2877
"S2_epigenome_v1","Simulation_14","in","T>G",10,4619,4474.19206489765,4463
"S2_epigenome_v1","Simulation_14","in","T>G",3,20,5.64779452182855,6
"S2_epigenome_v1","Simulation_14","in","T>G",4,187,67.6304515486178,75
"S2_epigenome_v1","Simulation_14","in","T>G",5,512,233.331536932387,235
"S2_epigenome_v1","Simulation_14","in","T>G",6,672,369.596230538661,358
"S2_epigenome_v1","Simulation_14","in","T>G",7,707,460.995995735811,442
"S2_epigenome_v1","Simulation_14","in","T>G",8,866,651.956203364718,672
"S2_epigenome_v1","Simulation_14","in","T>G",9,1179,1008.02648262548,1004
"S2_epigenome_v1","Simulation_14","out","C>A",10,3381,3229.92273713494,3229
"S2_epigenome_v1","Simulation_14","out","C>A",3,28,7.81778824609884,13
"S2_epigenome_v1","Simulation_14","out","C>A",4,385,139.590355932855,147
"S2_epigenome_v1","Simulation_14","out","C>A",5,1068,486.993937559848,475
"S2_epigenome_v1","Simulation_14","out","C>A",6,1493,817.954328734131,820
"S2_epigenome_v1","Simulation_14","out","C>A",7,1464,952.184947041889,929
"S2_epigenome_v1","Simulation_14","out","C>A",8,1647,1239.35634831106,1252
"S2_epigenome_v1","Simulation_14","out","C>A",9,1953,1665.17614508449,1672
"S2_epigenome_v1","Simulation_14","out","C>G",10,2986,2878.3293274548,2870
"S2_epigenome_v1","Simulation_14","out","C>G",2,1,0.177148744044855,0
"S2_epigenome_v1","Simulation_14","out","C>G",3,9,2.58694387054133,3
"S2_epigenome_v1","Simulation_14","out","C>G",4,83,30.1067645576169,31
"S2_epigenome_v1","Simulation_14","out","C>G",5,280,128.960679669875,120
"S2_epigenome_v1","Simulation_14","out","C>G",6,455,249.90503260066,250
"S2_epigenome_v1","Simulation_14","out","C>G",7,427,278.959678306075,266
"S2_epigenome_v1","Simulation_14","out","C>G",8,577,434.167677148455,425
"S2_epigenome_v1","Simulation_14","out","C>G",9,966,827.118354209577,831
"S2_epigenome_v1","Simulation_14","out","C>T",10,5131,4920.01659473018,4917
"S2_epigenome_v1","Simulation_14","out","C>T",3,68,18.8080598237573,20
"S2_epigenome_v1","Simulation_14","out","C>T",4,439,157.886419133923,148
"S2_epigenome_v1","Simulation_14","out","C>T",5,883,402.351358852485,416
"S2_epigenome_v1","Simulation_14","out","C>T",6,1120,615.825003922201,615
"S2_epigenome_v1","Simulation_14","out","C>T",7,1173,762.593519221689,763
"S2_epigenome_v1","Simulation_14","out","C>T",8,1392,1048.6964916354,1018
"S2_epigenome_v1","Simulation_14","out","C>T",9,2184,1864.45188301188,1854
"S2_epigenome_v1","Simulation_14","out","T>A",10,3676,3537.3011096802,3544
"S2_epigenome_v1","Simulation_14","out","T>A",3,20,5.64339157204121,7
"S2_epigenome_v1","Simulation_14","out","T>A",4,106,38.2557907182311,47
"S2_epigenome_v1","Simulation_14","out","T>A",5,336,153.900585583758,165
"S2_epigenome_v1","Simulation_14","out","T>A",6,594,327.197341218564,299
"S2_epigenome_v1","Simulation_14","out","T>A",7,626,408.373201601196,415
"S2_epigenome_v1","Simulation_14","out","T>A",8,739,556.409120555851,550
"S2_epigenome_v1","Simulation_14","out","T>A",9,1248,1066.53719013579,1065
"S2_epigenome_v1","Simulation_14","out","T>C",10,1376,1314.19663703662,1309
"S2_epigenome_v1","Simulation_14","out","T>C",3,26,7.3565945567287,12
"S2_epigenome_v1","Simulation_14","out","T>C",4,281,101.431752660327,107
"S2_epigenome_v1","Simulation_14","out","T>C",5,613,278.646665337168,294
"S2_epigenome_v1","Simulation_14","out","T>C",6,716,393.696858714961,403
"S2_epigenome_v1","Simulation_14","out","T>C",7,652,424.161683440501,425
"S2_epigenome_v1","Simulation_14","out","T>C",8,727,544.854773974182,545
"S2_epigenome_v1","Simulation_14","out","T>C",9,868,739.428749639912,741
"S2_epigenome_v1","Simulation_14","out","T>G",10,822,790.69657438857,777
"S2_epigenome_v1","Simulation_14","out","T>G",3,1,0.292593655842247,1
"S2_epigenome_v1","Simulation_14","out","T>G",4,63,23.3107889839588,21
"S2_epigenome_v1","Simulation_14","out","T>G",5,166,75.7846906669237,75
"S2_epigenome_v1","Simulation_14","out","T>G",6,202,111.03214944245,113
"S2_epigenome_v1","Simulation_14","out","T>G",7,211,137.234007741497,134
"S2_epigenome_v1","Simulation_14","out","T>G",8,218,163.555596691935,160
"S2_epigenome_v1","Simulation_14","out","T>G",9,319,273.141532012697,259
"S2_epigenome_v1","Simulation_15","in","C>A",10,4931,4667.06253584648,4722
"S2_epigenome_v1","Simulation_15","in","C>A",3,165,46.2659989552049,42
"S2_epigenome_v1","Simulation_15","in","C>A",4,1740,628.676114184032,649
"S2_epigenome_v1","Simulation_15","in","C>A",5,3968,1808.92041958253,1809
"S2_epigenome_v1","Simulation_15","in","C>A",6,4704,2581.81255924931,2603
"S2_epigenome_v1","Simulation_15","in","C>A",7,4502,2925.97002108938,2939
"S2_epigenome_v1","Simulation_15","in","C>A",8,4452,3340.58662908535,3392
"S2_epigenome_v1","Simulation_15","in","C>A",9,4710,4005.27653777847,4060
"S2_epigenome_v1","Simulation_15","in","C>G",10,18097,17623.9690421181,17651
"S2_epigenome_v1","Simulation_15","in","C>G",3,49,13.4841022760977,21
"S2_epigenome_v1","Simulation_15","in","C>G",4,454,164.368271497991,159
"S2_epigenome_v1","Simulation_15","in","C>G",5,1045,477.172447427471,468
"S2_epigenome_v1","Simulation_15","in","C>G",6,1498,826.173771157969,835
"S2_epigenome_v1","Simulation_15","in","C>G",7,1621,1055.55967270664,1043
"S2_epigenome_v1","Simulation_15","in","C>G",8,2045,1540.76792204489,1528
"S2_epigenome_v1","Simulation_15","in","C>G",9,3287,2810.91841437443,2808
"S2_epigenome_v1","Simulation_15","in","C>T",10,21713,20861.9285865028,20907
"S2_epigenome_v1","Simulation_15","in","C>T",2,1,0.183919712713183,0
"S2_epigenome_v1","Simulation_15","in","C>T",3,215,58.5383570670389,62
"S2_epigenome_v1","Simulation_15","in","C>T",4,1486,536.180692542646,559
"S2_epigenome_v1","Simulation_15","in","C>T",5,3592,1637.16364607649,1656
"S2_epigenome_v1","Simulation_15","in","C>T",6,5114,2814.01420428283,2841
"S2_epigenome_v1","Simulation_15","in","C>T",7,5316,3457.82624242991,3478
"S2_epigenome_v1","Simulation_15","in","C>T",8,6078,4569.42940457461,4577
"S2_epigenome_v1","Simulation_15","in","C>T",9,8814,7528.73072947318,7532
"S2_epigenome_v1","Simulation_15","in","T>A",10,2248,2121.55674291455,2137
"S2_epigenome_v1","Simulation_15","in","T>A",3,92,25.3858936161457,34
"S2_epigenome_v1","Simulation_15","in","T>A",4,661,237.445188393199,266
"S2_epigenome_v1","Simulation_15","in","T>A",5,1533,698.178522244551,677
"S2_epigenome_v1","Simulation_15","in","T>A",6,2047,1126.13995521617,1161
"S2_epigenome_v1","Simulation_15","in","T>A",7,2102,1368.188619013,1370
"S2_epigenome_v1","Simulation_15","in","T>A",8,2211,1657.42127485994,1666
"S2_epigenome_v1","Simulation_15","in","T>A",9,2276,1935.31857969981,1956
"S2_epigenome_v1","Simulation_15","in","T>C",10,5196,4962.50228154664,4970
"S2_epigenome_v1","Simulation_15","in","T>C",3,91,25.3818909716692,20
"S2_epigenome_v1","Simulation_15","in","T>C",4,852,308.338957316506,321
"S2_epigenome_v1","Simulation_15","in","T>C",5,1999,912.030581623456,921
"S2_epigenome_v1","Simulation_15","in","T>C",6,2498,1371.07552947269,1373
"S2_epigenome_v1","Simulation_15","in","T>C",7,2305,1497.9570020278,1496
"S2_epigenome_v1","Simulation_15","in","T>C",8,2651,1989.92491186332,1976
"S2_epigenome_v1","Simulation_15","in","T>C",9,3192,2721.1101479557,2699
"S2_epigenome_v1","Simulation_15","in","T>G",10,2037,1947.12683999243,1969
"S2_epigenome_v1","Simulation_15","in","T>G",3,17,4.81704552005134,5
"S2_epigenome_v1","Simulation_15","in","T>G",4,219,79.3133197667346,90
"S2_epigenome_v1","Simulation_15","in","T>G",5,568,258.956179117896,272
"S2_epigenome_v1","Simulation_15","in","T>G",6,652,358.519470541234,354
"S2_epigenome_v1","Simulation_15","in","T>G",7,698,454.876452852904,467
"S2_epigenome_v1","Simulation_15","in","T>G",8,772,581.791823567897,570
"S2_epigenome_v1","Simulation_15","in","T>G",9,1011,862.834088309353,882
"S2_epigenome_v1","Simulation_15","out","C>A",10,1358,1283.62236067138,1294
"S2_epigenome_v1","Simulation_15","out","C>A",3,43,12.1268371595183,14
"S2_epigenome_v1","Simulation_15","out","C>A",4,441,159.071480910339,150
"S2_epigenome_v1","Simulation_15","out","C>A",5,1140,517.697174392892,562
"S2_epigenome_v1","Simulation_15","out","C>A",6,1287,707.733925190677,738
"S2_epigenome_v1","Simulation_15","out","C>A",7,1291,840.417266187118,851
"S2_epigenome_v1","Simulation_15","out","C>A",8,1255,941.49205836581,944
"S2_epigenome_v1","Simulation_15","out","C>A",9,1263,1074.35971558385,1100
"S2_epigenome_v1","Simulation_15","out","C>G",10,6649,6497.69636948935,6491
"S2_epigenome_v1","Simulation_15","out","C>G",3,13,3.5928547562278,2
"S2_epigenome_v1","Simulation_15","out","C>G",4,105,38.3316097733569,27
"S2_epigenome_v1","Simulation_15","out","C>G",5,263,119.820537604746,118
"S2_epigenome_v1","Simulation_15","out","C>G",6,415,228.167748970312,240
"S2_epigenome_v1","Simulation_15","out","C>G",7,443,288.52298872598,282
"S2_epigenome_v1","Simulation_15","out","C>G",8,598,450.63921732639,463
"S2_epigenome_v1","Simulation_15","out","C>G",9,929,795.229853448643,785
"S2_epigenome_v1","Simulation_15","out","C>T",10,5249,5019.63424740692,5062
"S2_epigenome_v1","Simulation_15","out","C>T",3,59,16.1883819414741,10
"S2_epigenome_v1","Simulation_15","out","C>T",4,378,135.912710728051,133
"S2_epigenome_v1","Simulation_15","out","C>T",5,971,445.32821627529,440
"S2_epigenome_v1","Simulation_15","out","C>T",6,1479,812.318512888543,834
"S2_epigenome_v1","Simulation_15","out","C>T",7,1610,1048.33908991281,1074
"S2_epigenome_v1","Simulation_15","out","C>T",8,1874,1409.95646939485,1422
"S2_epigenome_v1","Simulation_15","out","C>T",9,2624,2239.99745578048,2268
"S2_epigenome_v1","Simulation_15","out","T>A",10,753,714.599891283788,717
"S2_epigenome_v1","Simulation_15","out","T>A",3,19,5.22958420021607,7
"S2_epigenome_v1","Simulation_15","out","T>A",4,150,53.7538233563505,52
"S2_epigenome_v1","Simulation_15","out","T>A",5,396,181.92260767657,194
"S2_epigenome_v1","Simulation_15","out","T>A",6,543,298.259020891127,310
"S2_epigenome_v1","Simulation_15","out","T>A",7,565,366.969261342136,369
"S2_epigenome_v1","Simulation_15","out","T>A",8,580,435.423071249774,438
"S2_epigenome_v1","Simulation_15","out","T>A",9,657,560.04150463264,552
"S2_epigenome_v1","Simulation_15","out","T>C",10,2712,2610.34556615659,2602
"S2_epigenome_v1","Simulation_15","out","T>C",3,25,7.02227662559223,6
"S2_epigenome_v1","Simulation_15","out","T>C",4,165,58.8600664534682,62
"S2_epigenome_v1","Simulation_15","out","T>C",5,462,210.034748881509,213
"S2_epigenome_v1","Simulation_15","out","T>C",6,599,329.248157618499,323
"S2_epigenome_v1","Simulation_15","out","T>C",7,603,391.970334253104,402
"S2_epigenome_v1","Simulation_15","out","T>C",8,660,495.518200528272,499
"S2_epigenome_v1","Simulation_15","out","T>C",9,1028,879.043592889165,872
"S2_epigenome_v1","Simulation_15","out","T>G",10,848,815.70245947759,812
"S2_epigenome_v1","Simulation_15","out","T>G",3,5,1.43752309741093,1
"S2_epigenome_v1","Simulation_15","out","T>G",4,63,22.4111525580984,21
"S2_epigenome_v1","Simulation_15","out","T>G",5,121,55.0622157405775,54
"S2_epigenome_v1","Simulation_15","out","T>G",6,148,81.8101356547101,84
"S2_epigenome_v1","Simulation_15","out","T>G",7,200,130.22127745901,144
"S2_epigenome_v1","Simulation_15","out","T>G",8,183,136.940075113877,132
"S2_epigenome_v1","Simulation_15","out","T>G",9,304,259.362586560397,269
"S2_epigenome_v1","Simulation_16","in","C>A",10,5113,4841.03657102864,4871
"S2_epigenome_v1","Simulation_16","in","C>A",2,1,0.194436753259826,0
"S2_epigenome_v1","Simulation_16","in","C>A",3,192,52.7094660662572,40
"S2_epigenome_v1","Simulation_16","in","C>A",4,1494,537.960515310171,543
"S2_epigenome_v1","Simulation_16","in","C>A",5,3220,1463.25539038373,1491
"S2_epigenome_v1","Simulation_16","in","C>A",6,3918,2151.48522806339,2231
"S2_epigenome_v1","Simulation_16","in","C>A",7,3739,2428.00447790526,2464
"S2_epigenome_v1","Simulation_16","in","C>A",8,3665,2747.89623960372,2698
"S2_epigenome_v1","Simulation_16","in","C>A",9,4225,3598.41966682175,3636
"S2_epigenome_v1","Simulation_16","in","C>G",10,6813,6569.9514173325,6563
"S2_epigenome_v1","Simulation_16","in","C>G",3,59,16.1557971716904,14
"S2_epigenome_v1","Simulation_16","in","C>G",4,432,154.919786154901,135
"S2_epigenome_v1","Simulation_16","in","C>G",5,1017,463.547428044744,462
"S2_epigenome_v1","Simulation_16","in","C>G",6,1271,697.744929025196,699
"S2_epigenome_v1","Simulation_16","in","C>G",7,1394,906.802196471377,922
"S2_epigenome_v1","Simulation_16","in","C>G",8,1556,1170.84593643979,1194
"S2_epigenome_v1","Simulation_16","in","C>G",9,2352,2010.1844107474,2042
"S2_epigenome_v1","Simulation_16","in","C>T",10,29562,28558.399538534,28565
"S2_epigenome_v1","Simulation_16","in","C>T",2,1,0.198677756228657,0
"S2_epigenome_v1","Simulation_16","in","C>T",3,211,57.5398935622977,63
"S2_epigenome_v1","Simulation_16","in","C>T",4,1528,550.373566962845,577
"S2_epigenome_v1","Simulation_16","in","C>T",5,3281,1490.06300997339,1480
"S2_epigenome_v1","Simulation_16","in","C>T",6,4003,2200.67472558978,2154
"S2_epigenome_v1","Simulation_16","in","C>T",7,3983,2590.42631888934,2612
"S2_epigenome_v1","Simulation_16","in","C>T",8,4582,3449.09223256611,3475
"S2_epigenome_v1","Simulation_16","in","C>T",9,7672,6568.65512037084,6555
"S2_epigenome_v1","Simulation_16","in","T>A",10,1724,1631.94549414005,1630
"S2_epigenome_v1","Simulation_16","in","T>A",3,96,26.8954347170554,31
"S2_epigenome_v1","Simulation_16","in","T>A",4,775,278.720023952957,289
"S2_epigenome_v1","Simulation_16","in","T>A",5,1555,705.033270644613,682
"S2_epigenome_v1","Simulation_16","in","T>A",6,1772,972.318591683288,953
"S2_epigenome_v1","Simulation_16","in","T>A",7,1627,1056.50593216813,1026
"S2_epigenome_v1","Simulation_16","in","T>A",8,1544,1156.59407359665,1150
"S2_epigenome_v1","Simulation_16","in","T>A",9,1723,1466.4776921606,1451
"S2_epigenome_v1","Simulation_16","in","T>C",10,1968,1861.99490214882,1862
"S2_epigenome_v1","Simulation_16","in","T>C",3,100,28.0501834034116,33
"S2_epigenome_v1","Simulation_16","in","T>C",4,1022,370.361331218631,394
"S2_epigenome_v1","Simulation_16","in","T>C",5,2192,994.97271522796,1005
"S2_epigenome_v1","Simulation_16","in","T>C",6,2418,1327.05087408692,1364
"S2_epigenome_v1","Simulation_16","in","T>C",7,2072,1347.71395828968,1368
"S2_epigenome_v1","Simulation_16","in","T>C",8,2130,1594.90913214342,1577
"S2_epigenome_v1","Simulation_16","in","T>C",9,2375,2019.73204700181,2044
"S2_epigenome_v1","Simulation_16","in","T>G",10,591,553.941600639471,554
"S2_epigenome_v1","Simulation_16","in","T>G",3,16,4.39541250240994,4
"S2_epigenome_v1","Simulation_16","in","T>G",4,269,97.3773983158271,88
"S2_epigenome_v1","Simulation_16","in","T>G",5,621,281.677096849896,277
"S2_epigenome_v1","Simulation_16","in","T>G",6,703,386.154337703533,381
"S2_epigenome_v1","Simulation_16","in","T>G",7,685,445.861365734518,452
"S2_epigenome_v1","Simulation_16","in","T>G",8,706,529.452079140365,523
"S2_epigenome_v1","Simulation_16","in","T>G",9,746,635.323697101418,640
"S2_epigenome_v1","Simulation_16","out","C>A",10,1163,1103.23048367749,1094
"S2_epigenome_v1","Simulation_16","out","C>A",3,44,12.1369905900761,13
"S2_epigenome_v1","Simulation_16","out","C>A",4,335,120.388039227259,122
"S2_epigenome_v1","Simulation_16","out","C>A",5,728,329.363443325629,327
"S2_epigenome_v1","Simulation_16","out","C>A",6,925,507.25286355902,508
"S2_epigenome_v1","Simulation_16","out","C>A",7,855,557.299818294112,559
"S2_epigenome_v1","Simulation_16","out","C>A",8,899,674.733334773237,671
"S2_epigenome_v1","Simulation_16","out","C>A",9,956,812.507949105776,826
"S2_epigenome_v1","Simulation_16","out","C>G",10,1971,1908.00905014105,1917
"S2_epigenome_v1","Simulation_16","out","C>G",3,14,3.93458088395184,4
"S2_epigenome_v1","Simulation_16","out","C>G",4,117,41.9808430106308,58
"S2_epigenome_v1","Simulation_16","out","C>G",5,246,111.564517215184,106
"S2_epigenome_v1","Simulation_16","out","C>G",6,319,175.111431292915,181
"S2_epigenome_v1","Simulation_16","out","C>G",7,287,185.819989624748,183
"S2_epigenome_v1","Simulation_16","out","C>G",8,332,250.308420048514,243
"S2_epigenome_v1","Simulation_16","out","C>G",9,459,391.889852173813,390
"S2_epigenome_v1","Simulation_16","out","C>T",10,6280,6046.20597912565,6064
"S2_epigenome_v1","Simulation_16","out","C>T",3,51,14.1562679888586,12
"S2_epigenome_v1","Simulation_16","out","C>T",4,349,125.212255616779,132
"S2_epigenome_v1","Simulation_16","out","C>T",5,689,312.515211892878,320
"S2_epigenome_v1","Simulation_16","out","C>T",6,904,498.048987388795,496
"S2_epigenome_v1","Simulation_16","out","C>T",7,1033,673.277074208128,671
"S2_epigenome_v1","Simulation_16","out","C>T",8,1175,884.713290451233,876
"S2_epigenome_v1","Simulation_16","out","C>T",9,2006,1716.55888952049,1714
"S2_epigenome_v1","Simulation_16","out","T>A",10,456,433.521013734428,429
"S2_epigenome_v1","Simulation_16","out","T>A",3,29,7.99813173594639,12
"S2_epigenome_v1","Simulation_16","out","T>A",4,188,67.4462595271548,69
"S2_epigenome_v1","Simulation_16","out","T>A",5,362,162.301776657968,162
"S2_epigenome_v1","Simulation_16","out","T>A",6,353,193.167829279919,186
"S2_epigenome_v1","Simulation_16","out","T>A",7,363,236.382541471962,236
"S2_epigenome_v1","Simulation_16","out","T>A",8,364,273.363023067238,275
"S2_epigenome_v1","Simulation_16","out","T>A",9,399,339.588248747261,318
"S2_epigenome_v1","Simulation_16","out","T>C",10,849,809.508553428607,814
"S2_epigenome_v1","Simulation_16","out","T>C",3,24,6.70907479203854,6
"S2_epigenome_v1","Simulation_16","out","T>C",4,212,76.6562660623848,74
"S2_epigenome_v1","Simulation_16","out","T>C",5,440,199.760352049147,217
"S2_epigenome_v1","Simulation_16","out","T>C",6,525,288.633364387401,277
"S2_epigenome_v1","Simulation_16","out","T>C",7,548,356.380179973536,367
"S2_epigenome_v1","Simulation_16","out","T>C",8,552,413.539732016835,423
"S2_epigenome_v1","Simulation_16","out","T>C",9,711,606.288708366725,611
"S2_epigenome_v1","Simulation_16","out","T>G",10,177,168.432552117907,171
"S2_epigenome_v1","Simulation_16","out","T>G",3,8,2.14840680659164,3
"S2_epigenome_v1","Simulation_16","out","T>G",4,67,24.2104919610109,19
"S2_epigenome_v1","Simulation_16","out","T>G",5,138,62.1587748681149,60
"S2_epigenome_v1","Simulation_16","out","T>G",6,149,81.9809021976207,78
"S2_epigenome_v1","Simulation_16","out","T>G",7,160,103.846277954102,109
"S2_epigenome_v1","Simulation_16","out","T>G",8,157,118.626046597137,116
"S2_epigenome_v1","Simulation_16","out","T>G",9,180,153.419356963887,153
"S2_epigenome_v1","Simulation_17","in","C>A",10,6175,5852.84582377676,5867
"S2_epigenome_v1","Simulation_17","in","C>A",3,217,60.5059817033237,58
"S2_epigenome_v1","Simulation_17","in","C>A",4,2278,822.956818904427,858
"S2_epigenome_v1","Simulation_17","in","C>A",5,5214,2373.88408764798,2399
"S2_epigenome_v1","Simulation_17","in","C>A",6,5992,3291.64968543658,3310
"S2_epigenome_v1","Simulation_17","in","C>A",7,5614,3644.69844101011,3662
"S2_epigenome_v1","Simulation_17","in","C>A",8,5588,4193.36364835739,4265
"S2_epigenome_v1","Simulation_17","in","C>A",9,5828,4960.9512443339,4969
"S2_epigenome_v1","Simulation_17","in","C>G",10,18198,17546.0742823981,17572
"S2_epigenome_v1","Simulation_17","in","C>G",3,61,16.7549479048702,13
"S2_epigenome_v1","Simulation_17","in","C>G",4,557,202.151133144336,206
"S2_epigenome_v1","Simulation_17","in","C>G",5,1559,710.595384884466,714
"S2_epigenome_v1","Simulation_17","in","C>G",6,2316,1270.91224369269,1280
"S2_epigenome_v1","Simulation_17","in","C>G",7,2353,1528.89379026886,1521
"S2_epigenome_v1","Simulation_17","in","C>G",8,2946,2214.18032265662,2241
"S2_epigenome_v1","Simulation_17","in","C>G",9,4517,3868.81062044446,3924
"S2_epigenome_v1","Simulation_17","in","C>T",10,22743,21791.9793866084,21785
"S2_epigenome_v1","Simulation_17","in","C>T",3,258,70.4891484846689,81
"S2_epigenome_v1","Simulation_17","in","C>T",4,1765,633.082850079494,611
"S2_epigenome_v1","Simulation_17","in","C>T",5,4076,1859.1346022926,1881
"S2_epigenome_v1","Simulation_17","in","C>T",6,5639,3101.59351490821,3064
"S2_epigenome_v1","Simulation_17","in","C>T",7,5877,3823.1521166052,3811
"S2_epigenome_v1","Simulation_17","in","C>T",8,6952,5223.34170173864,5268
"S2_epigenome_v1","Simulation_17","in","C>T",9,9993,8537.11221080286,8577
"S2_epigenome_v1","Simulation_17","in","T>A",10,4983,4769.14054645812,4753
"S2_epigenome_v1","Simulation_17","in","T>A",3,76,20.7742105581291,16
"S2_epigenome_v1","Simulation_17","in","T>A",4,768,277.733538899922,270
"S2_epigenome_v1","Simulation_17","in","T>A",5,1883,859.663363444432,870
"S2_epigenome_v1","Simulation_17","in","T>A",6,2537,1394.44775618175,1455
"S2_epigenome_v1","Simulation_17","in","T>A",7,2420,1573.8263162857,1609
"S2_epigenome_v1","Simulation_17","in","T>A",8,2399,1797.90379415507,1787
"S2_epigenome_v1","Simulation_17","in","T>A",9,2839,2418.31391903695,2419
"S2_epigenome_v1","Simulation_17","in","T>C",10,7843,7491.23367132713,7546
"S2_epigenome_v1","Simulation_17","in","T>C",2,1,0.198986272361321,0
"S2_epigenome_v1","Simulation_17","in","T>C",3,81,22.6614572958638,27
"S2_epigenome_v1","Simulation_17","in","T>C",4,758,274.979614115423,266
"S2_epigenome_v1","Simulation_17","in","T>C",5,2254,1027.4015559741,1042
"S2_epigenome_v1","Simulation_17","in","T>C",6,2875,1578.63966755042,1605
"S2_epigenome_v1","Simulation_17","in","T>C",7,2959,1928.76857644592,1957
"S2_epigenome_v1","Simulation_17","in","T>C",8,3263,2454.92001808704,2541
"S2_epigenome_v1","Simulation_17","in","T>C",9,4425,3779.84060778735,3765
"S2_epigenome_v1","Simulation_17","in","T>G",10,1834,1746.58228570587,1767
"S2_epigenome_v1","Simulation_17","in","T>G",3,16,4.49276773279264,3
"S2_epigenome_v1","Simulation_17","in","T>G",4,207,74.9843078216323,76
"S2_epigenome_v1","Simulation_17","in","T>G",5,694,318.424310074503,353
"S2_epigenome_v1","Simulation_17","in","T>G",6,1125,619.500086995734,623
"S2_epigenome_v1","Simulation_17","in","T>G",7,1123,730.906240646952,770
"S2_epigenome_v1","Simulation_17","in","T>G",8,1156,868.011465859591,887
"S2_epigenome_v1","Simulation_17","in","T>G",9,1308,1113.9807086317,1124
"S2_epigenome_v1","Simulation_17","out","C>A",10,1098,1036.09094240044,1038
"S2_epigenome_v1","Simulation_17","out","C>A",3,48,13.3373743085402,10
"S2_epigenome_v1","Simulation_17","out","C>A",4,383,138.801432508383,146
"S2_epigenome_v1","Simulation_17","out","C>A",5,1012,459.072860437615,446
"S2_epigenome_v1","Simulation_17","out","C>A",6,1198,659.742216968738,687
"S2_epigenome_v1","Simulation_17","out","C>A",7,1139,739.065983481453,730
"S2_epigenome_v1","Simulation_17","out","C>A",8,1166,874.284221217956,886
"S2_epigenome_v1","Simulation_17","out","C>A",9,1198,1018.3546491394,1010
"S2_epigenome_v1","Simulation_17","out","C>G",10,3642,3517.25990529082,3524
"S2_epigenome_v1","Simulation_17","out","C>G",3,21,5.81222977806779,8
"S2_epigenome_v1","Simulation_17","out","C>G",4,141,50.8235232694417,43
"S2_epigenome_v1","Simulation_17","out","C>G",5,301,137.691763228873,139
"S2_epigenome_v1","Simulation_17","out","C>G",6,374,204.969296195463,205
"S2_epigenome_v1","Simulation_17","out","C>G",7,348,226.953298299582,253
"S2_epigenome_v1","Simulation_17","out","C>G",8,468,350.993784410461,360
"S2_epigenome_v1","Simulation_17","out","C>G",9,757,648.637184373122,658
"S2_epigenome_v1","Simulation_17","out","C>T",10,5974,5747.83136698119,5730
"S2_epigenome_v1","Simulation_17","out","C>T",2,1,0.188895070880139,0
"S2_epigenome_v1","Simulation_17","out","C>T",3,68,19.0991356503889,18
"S2_epigenome_v1","Simulation_17","out","C>T",4,439,157.22120629847,184
"S2_epigenome_v1","Simulation_17","out","C>T",5,844,383.395904372692,379
"S2_epigenome_v1","Simulation_17","out","C>T",6,975,536.493036776431,545
"S2_epigenome_v1","Simulation_17","out","C>T",7,1092,709.545919594154,698
"S2_epigenome_v1","Simulation_17","out","C>T",8,1241,933.187885693768,932
"S2_epigenome_v1","Simulation_17","out","C>T",9,1915,1635.74290171982,1618
"S2_epigenome_v1","Simulation_17","out","T>A",10,512,485.924179552684,481
"S2_epigenome_v1","Simulation_17","out","T>A",3,23,6.46825952941839,1
"S2_epigenome_v1","Simulation_17","out","T>A",4,167,59.9837973139872,54
"S2_epigenome_v1","Simulation_17","out","T>A",5,391,178.404943742619,190
"S2_epigenome_v1","Simulation_17","out","T>A",6,482,264.980000605033,263
"S2_epigenome_v1","Simulation_17","out","T>A",7,458,296.513748963081,289
"S2_epigenome_v1","Simulation_17","out","T>A",8,458,342.999266307516,350
"S2_epigenome_v1","Simulation_17","out","T>A",9,461,392.051076101914,387
"S2_epigenome_v1","Simulation_17","out","T>C",10,771,731.485294887929,724
"S2_epigenome_v1","Simulation_17","out","T>C",3,24,6.63168441822409,9
"S2_epigenome_v1","Simulation_17","out","T>C",4,207,74.8511804987843,78
"S2_epigenome_v1","Simulation_17","out","T>C",5,444,202.596872084773,194
"S2_epigenome_v1","Simulation_17","out","T>C",6,623,342.411191999037,342
"S2_epigenome_v1","Simulation_17","out","T>C",7,557,362.561979135871,354
"S2_epigenome_v1","Simulation_17","out","T>C",8,587,440.456577934229,439
"S2_epigenome_v1","Simulation_17","out","T>C",9,733,625.184000437653,628
"S2_epigenome_v1","Simulation_17","out","T>G",10,177,166.996285549185,165
"S2_epigenome_v1","Simulation_17","out","T>G",3,2,0.538663137052113,0
"S2_epigenome_v1","Simulation_17","out","T>G",4,41,14.95908464532,15
"S2_epigenome_v1","Simulation_17","out","T>G",5,156,70.9844630141325,76
"S2_epigenome_v1","Simulation_17","out","T>G",6,208,113.865811565018,122
"S2_epigenome_v1","Simulation_17","out","T>G",7,187,121.327984595253,114
"S2_epigenome_v1","Simulation_17","out","T>G",8,206,154.034120695383,141
"S2_epigenome_v1","Simulation_17","out","T>G",9,215,182.790205640215,189
"S2_epigenome_v1","Simulation_18","in","C>A",10,5596,5306.67619363205,5334
"S2_epigenome_v1","Simulation_18","in","C>A",3,153,42.8609266364038,48
"S2_epigenome_v1","Simulation_18","in","C>A",4,1512,545.263873046172,569
"S2_epigenome_v1","Simulation_18","in","C>A",5,3411,1550.79208474684,1596
"S2_epigenome_v1","Simulation_18","in","C>A",6,4059,2227.5177812892,2233
"S2_epigenome_v1","Simulation_18","in","C>A",7,3936,2561.39590973611,2548
"S2_epigenome_v1","Simulation_18","in","C>A",8,4179,3135.11136787355,3175
"S2_epigenome_v1","Simulation_18","in","C>A",9,4710,4014.47284987981,4016
"S2_epigenome_v1","Simulation_18","in","C>G",10,8428,8158.98977892514,8161
"S2_epigenome_v1","Simulation_18","in","C>G",3,39,10.9537687614157,8
"S2_epigenome_v1","Simulation_18","in","C>G",4,357,129.513465366827,147
"S2_epigenome_v1","Simulation_18","in","C>G",5,855,389.922211863586,372
"S2_epigenome_v1","Simulation_18","in","C>G",6,1263,693.333689311116,680
"S2_epigenome_v1","Simulation_18","in","C>G",7,1349,878.344596043753,889
"S2_epigenome_v1","Simulation_18","in","C>G",8,1600,1203.735864881,1198
"S2_epigenome_v1","Simulation_18","in","C>G",9,2402,2049.03986786908,2042
"S2_epigenome_v1","Simulation_18","in","C>T",10,21944,21085.9129358234,21100
"S2_epigenome_v1","Simulation_18","in","C>T",3,164,45.0855914213786,34
"S2_epigenome_v1","Simulation_18","in","C>T",4,1162,419.084928683835,441
"S2_epigenome_v1","Simulation_18","in","C>T",5,3121,1420.57604905684,1421
"S2_epigenome_v1","Simulation_18","in","C>T",6,4324,2378.33071464683,2385
"S2_epigenome_v1","Simulation_18","in","C>T",7,4345,2827.97209963881,2886
"S2_epigenome_v1","Simulation_18","in","C>T",8,5131,3857.74874011006,3859
"S2_epigenome_v1","Simulation_18","in","C>T",9,7590,6488.61012108645,6485
"S2_epigenome_v1","Simulation_18","in","T>A",10,3493,3349.80054451413,3367
"S2_epigenome_v1","Simulation_18","in","T>A",3,57,15.8559313005874,19
"S2_epigenome_v1","Simulation_18","in","T>A",4,533,192.586379588354,168
"S2_epigenome_v1","Simulation_18","in","T>A",5,1491,680.158138524593,714
"S2_epigenome_v1","Simulation_18","in","T>A",6,1852,1018.61027469958,1028
"S2_epigenome_v1","Simulation_18","in","T>A",7,1742,1131.54493441322,1126
"S2_epigenome_v1","Simulation_18","in","T>A",8,1878,1410.18028464083,1421
"S2_epigenome_v1","Simulation_18","in","T>A",9,2101,1789.87603876458,1793
"S2_epigenome_v1","Simulation_18","in","T>C",10,4753,4527.28959296951,4539
"S2_epigenome_v1","Simulation_18","in","T>C",3,90,25.3949469463358,23
"S2_epigenome_v1","Simulation_18","in","T>C",4,752,271.002147175494,255
"S2_epigenome_v1","Simulation_18","in","T>C",5,1783,812.797803953885,819
"S2_epigenome_v1","Simulation_18","in","T>C",6,2402,1318.74937242391,1339
"S2_epigenome_v1","Simulation_18","in","T>C",7,2245,1461.75352709449,1466
"S2_epigenome_v1","Simulation_18","in","T>C",8,2554,1919.90553313813,1940
"S2_epigenome_v1","Simulation_18","in","T>C",9,3174,2704.4340980422,2679
"S2_epigenome_v1","Simulation_18","in","T>G",10,2260,2177.58432050848,2177
"S2_epigenome_v1","Simulation_18","in","T>G",3,25,7.00664624909746,8
"S2_epigenome_v1","Simulation_18","in","T>G",4,201,73.0559486286797,72
"S2_epigenome_v1","Simulation_18","in","T>G",5,476,218.077000610158,218
"S2_epigenome_v1","Simulation_18","in","T>G",6,648,356.125822170836,348
"S2_epigenome_v1","Simulation_18","in","T>G",7,715,465.008617859634,479
"S2_epigenome_v1","Simulation_18","in","T>G",8,825,619.409456127892,604
"S2_epigenome_v1","Simulation_18","in","T>G",9,1003,854.184648297139,864
"S2_epigenome_v1","Simulation_18","out","C>A",10,1543,1459.29799158642,1474
"S2_epigenome_v1","Simulation_18","out","C>A",3,51,14.1739982308795,11
"S2_epigenome_v1","Simulation_18","out","C>A",4,371,134.23925947364,146
"S2_epigenome_v1","Simulation_18","out","C>A",5,895,406.896555323622,432
"S2_epigenome_v1","Simulation_18","out","C>A",6,1098,602.648328846516,590
"S2_epigenome_v1","Simulation_18","out","C>A",7,1068,694.053319232124,703
"S2_epigenome_v1","Simulation_18","out","C>A",8,1029,772.277347460631,757
"S2_epigenome_v1","Simulation_18","out","C>A",9,1375,1171.8879274606,1176
"S2_epigenome_v1","Simulation_18","out","C>G",10,2244,2169.50412879278,2160
"S2_epigenome_v1","Simulation_18","out","C>G",3,12,3.23150346650251,5
"S2_epigenome_v1","Simulation_18","out","C>G",4,79,28.9997046371805,29
"S2_epigenome_v1","Simulation_18","out","C>G",5,259,118.338407145768,113
"S2_epigenome_v1","Simulation_18","out","C>G",6,330,181.486405470747,173
"S2_epigenome_v1","Simulation_18","out","C>G",7,357,232.805345030284,230
"S2_epigenome_v1","Simulation_18","out","C>G",8,428,322.015032839822,305
"S2_epigenome_v1","Simulation_18","out","C>G",9,621,530.82420000387,533
"S2_epigenome_v1","Simulation_18","out","C>T",10,5294,5077.07664785273,5081
"S2_epigenome_v1","Simulation_18","out","C>T",3,52,14.4093860414095,12
"S2_epigenome_v1","Simulation_18","out","C>T",4,319,114.324303445619,126
"S2_epigenome_v1","Simulation_18","out","C>T",5,845,385.027849928983,408
"S2_epigenome_v1","Simulation_18","out","C>T",6,1110,611.938694014248,622
"S2_epigenome_v1","Simulation_18","out","C>T",7,1092,708.184881848772,721
"S2_epigenome_v1","Simulation_18","out","C>T",8,1226,923.540755653774,907
"S2_epigenome_v1","Simulation_18","out","C>T",9,1809,1546.07399974659,1533
"S2_epigenome_v1","Simulation_18","out","T>A",10,632,600.566429563874,610
"S2_epigenome_v1","Simulation_18","out","T>A",3,10,2.79001540046577,5
"S2_epigenome_v1","Simulation_18","out","T>A",4,147,52.8169633542599,55
"S2_epigenome_v1","Simulation_18","out","T>A",5,355,162.705207040543,153
"S2_epigenome_v1","Simulation_18","out","T>A",6,511,279.048472789285,259
"S2_epigenome_v1","Simulation_18","out","T>A",7,444,288.6382936357,277
"S2_epigenome_v1","Simulation_18","out","T>A",8,475,357.34145247896,373
"S2_epigenome_v1","Simulation_18","out","T>A",9,465,396.055845375273,389
"S2_epigenome_v1","Simulation_18","out","T>C",10,801,756.462177958572,761
"S2_epigenome_v1","Simulation_18","out","T>C",3,28,7.71966973025735,5
"S2_epigenome_v1","Simulation_18","out","T>C",4,208,75.828292219905,84
"S2_epigenome_v1","Simulation_18","out","T>C",5,481,218.590556758213,221
"S2_epigenome_v1","Simulation_18","out","T>C",6,551,302.761946268904,307
"S2_epigenome_v1","Simulation_18","out","T>C",7,546,355.348938896268,351
"S2_epigenome_v1","Simulation_18","out","T>C",8,632,475.12150162192,470
"S2_epigenome_v1","Simulation_18","out","T>C",9,717,610.723534986076,615
"S2_epigenome_v1","Simulation_18","out","T>G",10,377,362.036584586648,363
"S2_epigenome_v1","Simulation_18","out","T>G",3,3,0.847597349762237,0
"S2_epigenome_v1","Simulation_18","out","T>G",4,56,20.5075790797045,17
"S2_epigenome_v1","Simulation_18","out","T>G",5,146,66.0583659197764,62
"S2_epigenome_v1","Simulation_18","out","T>G",6,156,85.873824831952,89
"S2_epigenome_v1","Simulation_18","out","T>G",7,183,119.334018863177,127
"S2_epigenome_v1","Simulation_18","out","T>G",8,213,160.116302902991,150
"S2_epigenome_v1","Simulation_18","out","T>G",9,199,169.180969488963,172
"S2_epigenome_v1","Simulation_19","in","C>A",10,7360,6984.13206836291,7038
"S2_epigenome_v1","Simulation_19","in","C>A",3,154,43.460793261125,40
"S2_epigenome_v1","Simulation_19","in","C>A",4,1813,656.122833399726,627
"S2_epigenome_v1","Simulation_19","in","C>A",5,4435,2017.73308891032,2032
"S2_epigenome_v1","Simulation_19","in","C>A",6,5541,3043.89650691357,3112
"S2_epigenome_v1","Simulation_19","in","C>A",7,5358,3482.95127302639,3493
"S2_epigenome_v1","Simulation_19","in","C>A",8,5461,4102.35733402032,4184
"S2_epigenome_v1","Simulation_19","in","C>A",9,6022,5127.51178589282,5166
"S2_epigenome_v1","Simulation_19","in","C>G",10,16485,16036.6064202599,16024
"S2_epigenome_v1","Simulation_19","in","C>G",2,1,0.199780958081268,0
"S2_epigenome_v1","Simulation_19","in","C>G",3,73,20.2707819686588,26
"S2_epigenome_v1","Simulation_19","in","C>G",4,571,204.933079009739,240
"S2_epigenome_v1","Simulation_19","in","C>G",5,1207,549.220608894482,556
"S2_epigenome_v1","Simulation_19","in","C>G",6,1496,822.115142216473,855
"S2_epigenome_v1","Simulation_19","in","C>G",7,1636,1065.74038181476,1055
"S2_epigenome_v1","Simulation_19","in","C>G",8,2037,1532.52066251299,1549
"S2_epigenome_v1","Simulation_19","in","C>G",9,3287,2814.35016284318,2830
"S2_epigenome_v1","Simulation_19","in","C>T",10,42741,41514.5567922128,41522
"S2_epigenome_v1","Simulation_19","in","C>T",2,1,0.198238610495677,0
"S2_epigenome_v1","Simulation_19","in","C>T",3,328,89.6749077457333,86
"S2_epigenome_v1","Simulation_19","in","C>T",4,1723,618.573187130985,635
"S2_epigenome_v1","Simulation_19","in","C>T",5,3678,1673.68415377401,1706
"S2_epigenome_v1","Simulation_19","in","C>T",6,4543,2499.13419939944,2549
"S2_epigenome_v1","Simulation_19","in","C>T",7,4590,2986.97345016841,2991
"S2_epigenome_v1","Simulation_19","in","C>T",8,5715,4298.89909186612,4317
"S2_epigenome_v1","Simulation_19","in","C>T",9,8960,7667.66021117497,7707
"S2_epigenome_v1","Simulation_19","in","T>A",10,3529,3346.91958901588,3364
"S2_epigenome_v1","Simulation_19","in","T>A",3,93,25.6416036796573,38
"S2_epigenome_v1","Simulation_19","in","T>A",4,788,284.81446335887,266
"S2_epigenome_v1","Simulation_19","in","T>A",5,1608,731.768998381923,765
"S2_epigenome_v1","Simulation_19","in","T>A",6,2382,1309.90878538907,1338
"S2_epigenome_v1","Simulation_19","in","T>A",7,2304,1495.84782854055,1512
"S2_epigenome_v1","Simulation_19","in","T>A",8,2278,1704.63106909603,1732
"S2_epigenome_v1","Simulation_19","in","T>A",9,2630,2241.25414219907,2275
"S2_epigenome_v1","Simulation_19","in","T>C",10,2509,2366.55077555281,2388
"S2_epigenome_v1","Simulation_19","in","T>C",3,150,41.1387748651882,48
"S2_epigenome_v1","Simulation_19","in","T>C",4,1046,377.022766305569,312
"S2_epigenome_v1","Simulation_19","in","T>C",5,2126,967.15108792838,983
"S2_epigenome_v1","Simulation_19","in","T>C",6,2621,1439.8867892362,1470
"S2_epigenome_v1","Simulation_19","in","T>C",7,2421,1573.14021567369,1588
"S2_epigenome_v1","Simulation_19","in","T>C",8,2562,1924.20131207766,1955
"S2_epigenome_v1","Simulation_19","in","T>C",9,2661,2262.95074792436,2299
"S2_epigenome_v1","Simulation_19","in","T>G",10,969,917.237711842655,914
"S2_epigenome_v1","Simulation_19","in","T>G",3,44,12.1918974374661,13
"S2_epigenome_v1","Simulation_19","in","T>G",4,293,106.425712644891,98
"S2_epigenome_v1","Simulation_19","in","T>G",5,632,285.684561803985,309
"S2_epigenome_v1","Simulation_19","in","T>G",6,824,452.880376559961,462
"S2_epigenome_v1","Simulation_19","in","T>G",7,782,508.626080262833,511
"S2_epigenome_v1","Simulation_19","in","T>G",8,822,615.873845405416,603
"S2_epigenome_v1","Simulation_19","in","T>G",9,928,789.293308589174,801
"S2_epigenome_v1","Simulation_19","out","C>A",10,1645,1567.53176221165,1574
"S2_epigenome_v1","Simulation_19","out","C>A",3,39,10.9051974981244,7
"S2_epigenome_v1","Simulation_19","out","C>A",4,461,166.171427183371,184
"S2_epigenome_v1","Simulation_19","out","C>A",5,1055,479.946298421305,492
"S2_epigenome_v1","Simulation_19","out","C>A",6,1353,744.147022248932,754
"S2_epigenome_v1","Simulation_19","out","C>A",7,1330,863.632376924141,852
"S2_epigenome_v1","Simulation_19","out","C>A",8,1256,941.689029898169,973
"S2_epigenome_v1","Simulation_19","out","C>A",9,1241,1054.83264020827,1058
"S2_epigenome_v1","Simulation_19","out","C>G",10,4593,4477.25195049585,4484
"S2_epigenome_v1","Simulation_19","out","C>G",3,18,5.00116495797789,3
"S2_epigenome_v1","Simulation_19","out","C>G",4,114,40.9518234878058,38
"S2_epigenome_v1","Simulation_19","out","C>G",5,265,121.448086514605,109
"S2_epigenome_v1","Simulation_19","out","C>G",6,363,198.526925843154,200
"S2_epigenome_v1","Simulation_19","out","C>G",7,383,249.657363398282,247
"S2_epigenome_v1","Simulation_19","out","C>G",8,484,364.045523580358,372
"S2_epigenome_v1","Simulation_19","out","C>G",9,787,674.899432920333,668
"S2_epigenome_v1","Simulation_19","out","C>T",10,9214,8929.76219520972,8941
"S2_epigenome_v1","Simulation_19","out","C>T",3,66,17.9462086648672,24
"S2_epigenome_v1","Simulation_19","out","C>T",4,423,151.414441961834,149
"S2_epigenome_v1","Simulation_19","out","C>T",5,865,394.68918919871,412
"S2_epigenome_v1","Simulation_19","out","C>T",6,1158,634.854839007957,612
"S2_epigenome_v1","Simulation_19","out","C>T",7,1194,778.641770333712,798
"S2_epigenome_v1","Simulation_19","out","C>T",8,1507,1133.32147342755,1140
"S2_epigenome_v1","Simulation_19","out","C>T",9,2337,1998.29739408804,2005
"S2_epigenome_v1","Simulation_19","out","T>A",10,1022,971.78154471929,986
"S2_epigenome_v1","Simulation_19","out","T>A",3,15,4.17864517254282,5
"S2_epigenome_v1","Simulation_19","out","T>A",4,167,60.2936679471336,58
"S2_epigenome_v1","Simulation_19","out","T>A",5,371,169.522106735639,171
"S2_epigenome_v1","Simulation_19","out","T>A",6,497,273.081574164447,298
"S2_epigenome_v1","Simulation_19","out","T>A",7,500,324.316322880366,333
"S2_epigenome_v1","Simulation_19","out","T>A",8,532,399.890337647058,410
"S2_epigenome_v1","Simulation_19","out","T>A",9,621,529.326929878494,531
"S2_epigenome_v1","Simulation_19","out","T>C",10,925,877.409089082307,879
"S2_epigenome_v1","Simulation_19","out","T>C",3,28,7.74361170938555,8
"S2_epigenome_v1","Simulation_19","out","T>C",4,202,72.4309788669867,77
"S2_epigenome_v1","Simulation_19","out","T>C",5,511,233.651734798771,253
"S2_epigenome_v1","Simulation_19","out","T>C",6,628,344.407924252317,370
"S2_epigenome_v1","Simulation_19","out","T>C",7,604,393.261498398781,402
"S2_epigenome_v1","Simulation_19","out","T>C",8,694,521.367293454436,523
"S2_epigenome_v1","Simulation_19","out","T>C",9,815,693.841777082279,709
"S2_epigenome_v1","Simulation_19","out","T>G",10,182,171.704147882254,178
"S2_epigenome_v1","Simulation_19","out","T>G",3,4,1.15386276412968,1
"S2_epigenome_v1","Simulation_19","out","T>G",4,79,28.4354230709385,29
"S2_epigenome_v1","Simulation_19","out","T>G",5,149,67.4681216065221,69
"S2_epigenome_v1","Simulation_19","out","T>G",6,177,97.8526481008963,101
"S2_epigenome_v1","Simulation_19","out","T>G",7,172,111.888976662287,115
"S2_epigenome_v1","Simulation_19","out","T>G",8,208,155.419490235798,156
"S2_epigenome_v1","Simulation_19","out","T>G",9,237,202.340159226896,205
"S2_epigenome_v1","Simulation_20","in","C>A",10,14200,13572.8425035857,13563
"S2_epigenome_v1","Simulation_20","in","C>A",3,91,25.0033525706038,35
"S2_epigenome_v1","Simulation_20","in","C>A",4,1053,382.328926191502,380
"S2_epigenome_v1","Simulation_20","in","C>A",5,2882,1318.98040429913,1308
"S2_epigenome_v1","Simulation_20","in","C>A",6,4365,2398.85244872734,2413
"S2_epigenome_v1","Simulation_20","in","C>A",7,4545,2957.03045708317,3033
"S2_epigenome_v1","Simulation_20","in","C>A",8,5330,4005.81328451703,4033
"S2_epigenome_v1","Simulation_20","in","C>A",9,7583,6468.76729138464,6499
"S2_epigenome_v1","Simulation_20","in","C>G",10,23116,22640.5586008721,22652
"S2_epigenome_v1","Simulation_20","in","C>G",3,76,20.9116171526003,19
"S2_epigenome_v1","Simulation_20","in","C>G",4,471,170.013663507773,171
"S2_epigenome_v1","Simulation_20","in","C>G",5,997,453.968969223555,471
"S2_epigenome_v1","Simulation_20","in","C>G",6,1396,766.150045875908,791
"S2_epigenome_v1","Simulation_20","in","C>G",7,1526,992.773675232895,1016
"S2_epigenome_v1","Simulation_20","in","C>G",8,1790,1346.79249765691,1336
"S2_epigenome_v1","Simulation_20","in","C>G",9,2838,2429.70106839385,2441
"S2_epigenome_v1","Simulation_20","in","C>T",10,30358,29435.5423635045,29455
"S2_epigenome_v1","Simulation_20","in","C>T",3,213,58.4905210196582,60
"S2_epigenome_v1","Simulation_20","in","C>T",4,1527,548.890811614944,552
"S2_epigenome_v1","Simulation_20","in","C>T",5,3151,1432.61796286953,1395
"S2_epigenome_v1","Simulation_20","in","C>T",6,4077,2241.57580380805,2250
"S2_epigenome_v1","Simulation_20","in","C>T",7,4105,2672.31219189617,2653
"S2_epigenome_v1","Simulation_20","in","C>T",8,4778,3594.25689691389,3600
"S2_epigenome_v1","Simulation_20","in","C>T",9,7167,6125.50277781944,6154
"S2_epigenome_v1","Simulation_20","in","T>A",10,11523,11133.4803405596,11140
"S2_epigenome_v1","Simulation_20","in","T>A",3,48,13.3656398907773,10
"S2_epigenome_v1","Simulation_20","in","T>A",4,479,172.158754296807,156
"S2_epigenome_v1","Simulation_20","in","T>A",5,1147,524.282330880587,526
"S2_epigenome_v1","Simulation_20","in","T>A",6,1590,873.661505908382,861
"S2_epigenome_v1","Simulation_20","in","T>A",7,1678,1092.83142403982,1118
"S2_epigenome_v1","Simulation_20","in","T>A",8,2150,1618.16432900655,1599
"S2_epigenome_v1","Simulation_20","in","T>A",9,3341,2856.86554339188,2871
"S2_epigenome_v1","Simulation_20","in","T>C",10,3660,3493.56285666835,3476
"S2_epigenome_v1","Simulation_20","in","T>C",3,76,21.5514247645103,16
"S2_epigenome_v1","Simulation_20","in","T>C",4,761,275.67403800501,272
"S2_epigenome_v1","Simulation_20","in","T>C",5,1984,904.277895862765,865
"S2_epigenome_v1","Simulation_20","in","T>C",6,2502,1378.21376105429,1371
"S2_epigenome_v1","Simulation_20","in","T>C",7,2381,1547.84299069706,1569
"S2_epigenome_v1","Simulation_20","in","T>C",8,2508,1882.65002903065,1860
"S2_epigenome_v1","Simulation_20","in","T>C",9,2703,2299.23906450969,2315
"S2_epigenome_v1","Simulation_20","in","T>G",10,2056,1984.18433075454,1989
"S2_epigenome_v1","Simulation_20","in","T>G",3,23,6.21112656410691,4
"S2_epigenome_v1","Simulation_20","in","T>G",4,250,91.1766923550976,90
"S2_epigenome_v1","Simulation_20","in","T>G",5,583,263.805090145628,242
"S2_epigenome_v1","Simulation_20","in","T>G",6,725,399.471155485733,391
"S2_epigenome_v1","Simulation_20","in","T>G",7,736,478.798743824123,469
"S2_epigenome_v1","Simulation_20","in","T>G",8,712,534.371770343089,539
"S2_epigenome_v1","Simulation_20","in","T>G",9,876,748.892790203149,754
"S2_epigenome_v1","Simulation_20","out","C>A",10,5172,4962.57944397176,4937
"S2_epigenome_v1","Simulation_20","out","C>A",3,40,11.2508478591348,14
"S2_epigenome_v1","Simulation_20","out","C>A",4,324,117.258616821837,114
"S2_epigenome_v1","Simulation_20","out","C>A",5,838,382.948897536229,374
"S2_epigenome_v1","Simulation_20","out","C>A",6,1274,699.169633661657,663
"S2_epigenome_v1","Simulation_20","out","C>A",7,1295,841.149783042376,844
"S2_epigenome_v1","Simulation_20","out","C>A",8,1549,1163.49049771143,1182
"S2_epigenome_v1","Simulation_20","out","C>A",9,2256,1926.20272030318,1915
"S2_epigenome_v1","Simulation_20","out","C>G",10,4320,4197.0254710142,4196
"S2_epigenome_v1","Simulation_20","out","C>G",3,25,6.85740812867509,8
"S2_epigenome_v1","Simulation_20","out","C>G",4,141,50.7961100457717,43
"S2_epigenome_v1","Simulation_20","out","C>G",5,283,129.323007208755,123
"S2_epigenome_v1","Simulation_20","out","C>G",6,413,226.948678751145,225
"S2_epigenome_v1","Simulation_20","out","C>G",7,440,285.997476163961,293
"S2_epigenome_v1","Simulation_20","out","C>G",8,553,416.978049956401,422
"S2_epigenome_v1","Simulation_20","out","C>G",9,933,798.060517012946,814
"S2_epigenome_v1","Simulation_20","out","C>T",10,6077,5862.36188554106,5859
"S2_epigenome_v1","Simulation_20","out","C>T",2,1,0.193000145642494,0
"S2_epigenome_v1","Simulation_20","out","C>T",3,50,13.4997524769112,16
"S2_epigenome_v1","Simulation_20","out","C>T",4,472,170.209920154557,162
"S2_epigenome_v1","Simulation_20","out","C>T",5,1009,458.70390036497,485
"S2_epigenome_v1","Simulation_20","out","C>T",6,1134,621.937131917985,622
"S2_epigenome_v1","Simulation_20","out","C>T",7,1127,731.833787047265,725
"S2_epigenome_v1","Simulation_20","out","C>T",8,1297,975.231700269563,959
"S2_epigenome_v1","Simulation_20","out","C>T",9,1956,1672.09168061006,1694
"S2_epigenome_v1","Simulation_20","out","T>A",10,4946,4787.48475950495,4784
"S2_epigenome_v1","Simulation_20","out","T>A",3,9,2.49588114418405,3
"S2_epigenome_v1","Simulation_20","out","T>A",4,132,47.4746580947259,45
"S2_epigenome_v1","Simulation_20","out","T>A",5,327,150.15934638332,142
"S2_epigenome_v1","Simulation_20","out","T>A",6,477,261.833738256303,264
"S2_epigenome_v1","Simulation_20","out","T>A",7,484,315.349609963759,324
"S2_epigenome_v1","Simulation_20","out","T>A",8,623,468.784677577057,460
"S2_epigenome_v1","Simulation_20","out","T>A",9,1016,867.899572865185,875
"S2_epigenome_v1","Simulation_20","out","T>C",10,980,930.147683196324,934
"S2_epigenome_v1","Simulation_20","out","T>C",3,19,5.28382219130003,5
"S2_epigenome_v1","Simulation_20","out","T>C",4,266,96.7138638998588,105
"S2_epigenome_v1","Simulation_20","out","T>C",5,612,277.506606993694,271
"S2_epigenome_v1","Simulation_20","out","T>C",6,730,401.158427933665,397
"S2_epigenome_v1","Simulation_20","out","T>C",7,739,479.022705940041,483
"S2_epigenome_v1","Simulation_20","out","T>C",8,748,561.934610147954,540
"S2_epigenome_v1","Simulation_20","out","T>C",9,839,713.531859274687,723
"S2_epigenome_v1","Simulation_20","out","T>G",10,610,585.869128343009,595
"S2_epigenome_v1","Simulation_20","out","T>G",3,3,0.829511094558847,1
"S2_epigenome_v1","Simulation_20","out","T>G",4,83,30.0329537364983,33
"S2_epigenome_v1","Simulation_20","out","T>G",5,163,74.0806149765184,77
"S2_epigenome_v1","Simulation_20","out","T>G",6,228,125.193582137754,115
"S2_epigenome_v1","Simulation_20","out","T>G",7,194,126.10364349265,115
"S2_epigenome_v1","Simulation_20","out","T>G",8,210,158.182715029346,146
"S2_epigenome_v1","Simulation_20","out","T>G",9,303,258.478623202126,254
"S3_epigenome_v4","Simulation_01","in","C>A",10,7515,7116.80106154865,7131
"S3_epigenome_v4","Simulation_01","in","C>A",3,135,37.5993348740869,40
"S3_epigenome_v4","Simulation_01","in","C>A",4,1462,525.299048990898,526
"S3_epigenome_v4","Simulation_01","in","C>A",5,3520,1603.06299709963,1604
"S3_epigenome_v4","Simulation_01","in","C>A",6,4813,2647.66640409259,2631
"S3_epigenome_v4","Simulation_01","in","C>A",7,4797,3119.5243858153,3154
"S3_epigenome_v4","Simulation_01","in","C>A",8,5315,3991.18715603755,4029
"S3_epigenome_v4","Simulation_01","in","C>A",9,6612,5629.3226791014,5639
"S3_epigenome_v4","Simulation_01","in","C>G",10,17962,17536.8602318802,17503
"S3_epigenome_v4","Simulation_01","in","C>G",3,123,33.3509783682131,42
"S3_epigenome_v4","Simulation_01","in","C>G",4,601,213.769343009474,227
"S3_epigenome_v4","Simulation_01","in","C>G",5,1139,517.946778236622,527
"S3_epigenome_v4","Simulation_01","in","C>G",6,1216,667.790834417393,671
"S3_epigenome_v4","Simulation_01","in","C>G",7,1245,810.463937486026,797
"S3_epigenome_v4","Simulation_01","in","C>G",8,1401,1053.22605731395,1079
"S3_epigenome_v4","Simulation_01","in","C>G",9,2259,1936.02781399669,1950
"S3_epigenome_v4","Simulation_01","in","C>T",10,18392,17639.6451582358,17653
"S3_epigenome_v4","Simulation_01","in","C>T",2,2,0.389028465018219,1
"S3_epigenome_v4","Simulation_01","in","C>T",3,318,87.1866859957245,79
"S3_epigenome_v4","Simulation_01","in","C>T",4,1981,708.82721245838,702
"S3_epigenome_v4","Simulation_01","in","C>T",5,3474,1576.94696631921,1628
"S3_epigenome_v4","Simulation_01","in","C>T",6,4114,2259.36927362766,2278
"S3_epigenome_v4","Simulation_01","in","C>T",7,4282,2787.29056919855,2842
"S3_epigenome_v4","Simulation_01","in","C>T",8,5204,3919.52029135515,3942
"S3_epigenome_v4","Simulation_01","in","C>T",9,8123,6938.22762963242,6941
"S3_epigenome_v4","Simulation_01","in","T>A",10,2723,2579.66673251693,2573
"S3_epigenome_v4","Simulation_01","in","T>A",3,105,28.8533846950869,31
"S3_epigenome_v4","Simulation_01","in","T>A",4,733,262.539960392782,276
"S3_epigenome_v4","Simulation_01","in","T>A",5,1524,691.987888816715,674
"S3_epigenome_v4","Simulation_01","in","T>A",6,1642,901.366818822508,902
"S3_epigenome_v4","Simulation_01","in","T>A",7,1639,1066.84244806873,1070
"S3_epigenome_v4","Simulation_01","in","T>A",8,1796,1347.67862134787,1358
"S3_epigenome_v4","Simulation_01","in","T>A",9,2405,2050.80840408811,2057
"S3_epigenome_v4","Simulation_01","in","T>C",10,849,797.352825266831,787
"S3_epigenome_v4","Simulation_01","in","T>C",3,156,42.8704514072506,37
"S3_epigenome_v4","Simulation_01","in","T>C",4,1229,441.672805059785,433
"S3_epigenome_v4","Simulation_01","in","T>C",5,2391,1084.20541847996,1110
"S3_epigenome_v4","Simulation_01","in","T>C",6,2636,1446.88595842297,1474
"S3_epigenome_v4","Simulation_01","in","T>C",7,2385,1548.1519535992,1572
"S3_epigenome_v4","Simulation_01","in","T>C",8,2164,1619.80067058567,1632
"S3_epigenome_v4","Simulation_01","in","T>C",9,1762,1492.9594456866,1504
"S3_epigenome_v4","Simulation_01","in","T>G",10,320,298.413459074331,312
"S3_epigenome_v4","Simulation_01","in","T>G",3,41,11.5474394974483,13
"S3_epigenome_v4","Simulation_01","in","T>G",4,348,125.904522926109,129
"S3_epigenome_v4","Simulation_01","in","T>G",5,727,329.216390877671,325
"S3_epigenome_v4","Simulation_01","in","T>G",6,802,441.440070745686,461
"S3_epigenome_v4","Simulation_01","in","T>G",7,636,412.903088918864,426
"S3_epigenome_v4","Simulation_01","in","T>G",8,569,427.010948477001,433
"S3_epigenome_v4","Simulation_01","in","T>G",9,537,456.51581819296,452
"S3_epigenome_v4","Simulation_01","out","C>A",10,1634,1545.99098324188,1549
"S3_epigenome_v4","Simulation_01","out","C>A",3,34,9.50658873201398,11
"S3_epigenome_v4","Simulation_01","out","C>A",4,362,130.703264647943,138
"S3_epigenome_v4","Simulation_01","out","C>A",5,900,409.485008286116,415
"S3_epigenome_v4","Simulation_01","out","C>A",6,1116,614.73469602065,607
"S3_epigenome_v4","Simulation_01","out","C>A",7,1118,727.201470358791,729
"S3_epigenome_v4","Simulation_01","out","C>A",8,1220,915.955377601434,944
"S3_epigenome_v4","Simulation_01","out","C>A",9,1550,1320.39351273677,1330
"S3_epigenome_v4","Simulation_01","out","C>G",10,4328,4228.24104443066,4219
"S3_epigenome_v4","Simulation_01","out","C>G",3,25,6.89447233519661,5
"S3_epigenome_v4","Simulation_01","out","C>G",4,148,53.1473141458073,58
"S3_epigenome_v4","Simulation_01","out","C>G",5,289,130.222883739392,137
"S3_epigenome_v4","Simulation_01","out","C>G",6,290,159.741502945784,172
"S3_epigenome_v4","Simulation_01","out","C>G",7,321,208.530293117516,218
"S3_epigenome_v4","Simulation_01","out","C>G",8,328,246.824017844825,242
"S3_epigenome_v4","Simulation_01","out","C>G",9,597,510.798841711668,511
"S3_epigenome_v4","Simulation_01","out","C>T",10,4491,4315.57332414309,4313
"S3_epigenome_v4","Simulation_01","out","C>T",2,2,0.389225213033406,1
"S3_epigenome_v4","Simulation_01","out","C>T",3,92,25.0832510876951,21
"S3_epigenome_v4","Simulation_01","out","C>T",4,464,166.064663336121,157
"S3_epigenome_v4","Simulation_01","out","C>T",5,859,389.260733059732,415
"S3_epigenome_v4","Simulation_01","out","C>T",6,1006,554.518564963265,557
"S3_epigenome_v4","Simulation_01","out","C>T",7,932,605.985266184887,599
"S3_epigenome_v4","Simulation_01","out","C>T",8,1160,871.785822161636,871
"S3_epigenome_v4","Simulation_01","out","C>T",9,1872,1599.63897035967,1607
"S3_epigenome_v4","Simulation_01","out","T>A",10,548,517.994579630297,521
"S3_epigenome_v4","Simulation_01","out","T>A",3,27,7.4212498681959,11
"S3_epigenome_v4","Simulation_01","out","T>A",4,165,59.2906927562591,50
"S3_epigenome_v4","Simulation_01","out","T>A",5,361,163.496516919481,171
"S3_epigenome_v4","Simulation_01","out","T>A",6,413,226.248564025175,230
"S3_epigenome_v4","Simulation_01","out","T>A",7,364,236.561470765704,223
"S3_epigenome_v4","Simulation_01","out","T>A",8,417,313.720913560087,326
"S3_epigenome_v4","Simulation_01","out","T>A",9,546,464.278111154475,460
"S3_epigenome_v4","Simulation_01","out","T>C",10,133,124.023244622858,128
"S3_epigenome_v4","Simulation_01","out","T>C",3,39,10.9151584781444,10
"S3_epigenome_v4","Simulation_01","out","T>C",4,280,101.323073734137,99
"S3_epigenome_v4","Simulation_01","out","T>C",5,612,277.293285349739,280
"S3_epigenome_v4","Simulation_01","out","T>C",6,644,352.731493356007,373
"S3_epigenome_v4","Simulation_01","out","T>C",7,561,364.225415754968,361
"S3_epigenome_v4","Simulation_01","out","T>C",8,415,311.040335471684,326
"S3_epigenome_v4","Simulation_01","out","T>C",9,371,314.178708811549,324
"S3_epigenome_v4","Simulation_01","out","T>G",10,96,89.3067848564326,87
"S3_epigenome_v4","Simulation_01","out","T>G",3,11,3.08686191845415,2
"S3_epigenome_v4","Simulation_01","out","T>G",4,75,26.9010205817572,30
"S3_epigenome_v4","Simulation_01","out","T>G",5,174,78.6045898344016,80
"S3_epigenome_v4","Simulation_01","out","T>G",6,198,107.704954496811,110
"S3_epigenome_v4","Simulation_01","out","T>G",7,157,101.446634531275,99
"S3_epigenome_v4","Simulation_01","out","T>G",8,138,103.67362132305,112
"S3_epigenome_v4","Simulation_01","out","T>G",9,106,89.9037531518249,82
"S3_epigenome_v4","Simulation_02","in","C>A",10,6098,5751.99988793441,5758
"S3_epigenome_v4","Simulation_02","in","C>A",3,183,50.1129466062571,55
"S3_epigenome_v4","Simulation_02","in","C>A",4,1571,567.923361617717,571
"S3_epigenome_v4","Simulation_02","in","C>A",5,3882,1771.91600212227,1739
"S3_epigenome_v4","Simulation_02","in","C>A",6,5021,2762.1367306423,2764
"S3_epigenome_v4","Simulation_02","in","C>A",7,5239,3404.90387926149,3417
"S3_epigenome_v4","Simulation_02","in","C>A",8,5582,4192.10204937312,4163
"S3_epigenome_v4","Simulation_02","in","C>A",9,6414,5458.07042545493,5424
"S3_epigenome_v4","Simulation_02","in","C>G",10,9041,8738.96711409039,8727
"S3_epigenome_v4","Simulation_02","in","C>G",3,85,23.4473000783449,12
"S3_epigenome_v4","Simulation_02","in","C>G",4,591,213.516035177586,228
"S3_epigenome_v4","Simulation_02","in","C>G",5,1217,551.863709921936,546
"S3_epigenome_v4","Simulation_02","in","C>G",6,1445,794.885643906039,796
"S3_epigenome_v4","Simulation_02","in","C>G",7,1332,864.986736918647,854
"S3_epigenome_v4","Simulation_02","in","C>G",8,1606,1209.56891514431,1189
"S3_epigenome_v4","Simulation_02","in","C>G",9,2911,2486.72078554818,2491
"S3_epigenome_v4","Simulation_02","in","C>T",10,36015,34761.0286084278,34688
"S3_epigenome_v4","Simulation_02","in","C>T",2,3,0.56749774078794,0
"S3_epigenome_v4","Simulation_02","in","C>T",3,307,83.6726527753056,89
"S3_epigenome_v4","Simulation_02","in","C>T",4,2032,728.684079350242,761
"S3_epigenome_v4","Simulation_02","in","C>T",5,3676,1667.79537882729,1671
"S3_epigenome_v4","Simulation_02","in","C>T",6,4665,2563.27603577219,2567
"S3_epigenome_v4","Simulation_02","in","C>T",7,4874,3174.40968885851,3155
"S3_epigenome_v4","Simulation_02","in","C>T",8,5714,4298.96236942514,4321
"S3_epigenome_v4","Simulation_02","in","C>T",9,9500,8137.91958536623,8136
"S3_epigenome_v4","Simulation_02","in","T>A",10,2757,2607.13147624595,2616
"S3_epigenome_v4","Simulation_02","in","T>A",3,98,27.2138417960035,27
"S3_epigenome_v4","Simulation_02","in","T>A",4,803,287.859379525709,291
"S3_epigenome_v4","Simulation_02","in","T>A",5,1650,750.025446803487,796
"S3_epigenome_v4","Simulation_02","in","T>A",6,1926,1059.0234277223,1063
"S3_epigenome_v4","Simulation_02","in","T>A",7,2124,1382.58568793835,1353
"S3_epigenome_v4","Simulation_02","in","T>A",8,2432,1830.37843873452,1854
"S3_epigenome_v4","Simulation_02","in","T>A",9,2919,2482.49868921855,2509
"S3_epigenome_v4","Simulation_02","in","T>C",10,3167,2984.68585969893,2957
"S3_epigenome_v4","Simulation_02","in","T>C",3,158,43.4703465734459,38
"S3_epigenome_v4","Simulation_02","in","T>C",4,1219,435.817749868893,469
"S3_epigenome_v4","Simulation_02","in","T>C",5,2190,995.988251980126,1035
"S3_epigenome_v4","Simulation_02","in","T>C",6,2535,1392.63751135411,1408
"S3_epigenome_v4","Simulation_02","in","T>C",7,2510,1632.2460461719,1617
"S3_epigenome_v4","Simulation_02","in","T>C",8,2747,2063.11443649288,2070
"S3_epigenome_v4","Simulation_02","in","T>C",9,3040,2588.98196144071,2590
"S3_epigenome_v4","Simulation_02","in","T>G",10,513,479.732446693577,478
"S3_epigenome_v4","Simulation_02","in","T>G",2,1,0.196058647511582,1
"S3_epigenome_v4","Simulation_02","in","T>G",3,29,7.93655568062776,9
"S3_epigenome_v4","Simulation_02","in","T>G",4,351,127.263903556839,109
"S3_epigenome_v4","Simulation_02","in","T>G",5,801,362.451647390308,369
"S3_epigenome_v4","Simulation_02","in","T>G",6,834,457.062239668536,441
"S3_epigenome_v4","Simulation_02","in","T>G",7,780,506.759690087156,515
"S3_epigenome_v4","Simulation_02","in","T>G",8,711,532.76169471592,542
"S3_epigenome_v4","Simulation_02","in","T>G",9,738,626.551382163668,646
"S3_epigenome_v4","Simulation_02","out","C>A",10,1614,1524.77472606185,1511
"S3_epigenome_v4","Simulation_02","out","C>A",3,44,12.2842486552246,12
"S3_epigenome_v4","Simulation_02","out","C>A",4,372,134.736210745863,135
"S3_epigenome_v4","Simulation_02","out","C>A",5,952,433.506010483167,436
"S3_epigenome_v4","Simulation_02","out","C>A",6,1221,671.185979099012,713
"S3_epigenome_v4","Simulation_02","out","C>A",7,1224,797.023089275892,774
"S3_epigenome_v4","Simulation_02","out","C>A",8,1400,1051.61591673927,1058
"S3_epigenome_v4","Simulation_02","out","C>A",9,1605,1367.80705297929,1391
"S3_epigenome_v4","Simulation_02","out","C>G",10,2368,2291.92511263365,2307
"S3_epigenome_v4","Simulation_02","out","C>G",3,24,6.5299611240098,7
"S3_epigenome_v4","Simulation_02","out","C>G",4,148,52.8430142545251,46
"S3_epigenome_v4","Simulation_02","out","C>G",5,309,139.606163688912,148
"S3_epigenome_v4","Simulation_02","out","C>G",6,388,212.449649864298,211
"S3_epigenome_v4","Simulation_02","out","C>G",7,321,207.575601113971,217
"S3_epigenome_v4","Simulation_02","out","C>G",8,407,306.101371659449,302
"S3_epigenome_v4","Simulation_02","out","C>G",9,674,576.985190547006,582
"S3_epigenome_v4","Simulation_02","out","C>T",10,9064,8735.50893006262,8725
"S3_epigenome_v4","Simulation_02","out","C>T",3,68,18.9810676852186,21
"S3_epigenome_v4","Simulation_02","out","C>T",4,476,170.416014980477,174
"S3_epigenome_v4","Simulation_02","out","C>T",5,930,422.458363380741,401
"S3_epigenome_v4","Simulation_02","out","C>T",6,1105,607.007815274846,621
"S3_epigenome_v4","Simulation_02","out","C>T",7,1169,758.413105676504,769
"S3_epigenome_v4","Simulation_02","out","C>T",8,1439,1081.27041009493,1079
"S3_epigenome_v4","Simulation_02","out","C>T",9,2313,1979.72506147393,1995
"S3_epigenome_v4","Simulation_02","out","T>A",10,694,657.427329874124,654
"S3_epigenome_v4","Simulation_02","out","T>A",3,19,5.26405187111542,7
"S3_epigenome_v4","Simulation_02","out","T>A",4,222,80.3558734450956,89
"S3_epigenome_v4","Simulation_02","out","T>A",5,389,176.603401333044,160
"S3_epigenome_v4","Simulation_02","out","T>A",6,501,274.436996389767,288
"S3_epigenome_v4","Simulation_02","out","T>A",7,498,324.562971707008,318
"S3_epigenome_v4","Simulation_02","out","T>A",8,600,451.359590218166,447
"S3_epigenome_v4","Simulation_02","out","T>A",9,633,539.465210972755,551
"S3_epigenome_v4","Simulation_02","out","T>C",10,988,936.125987355112,925
"S3_epigenome_v4","Simulation_02","out","T>C",3,40,10.9953914951541,12
"S3_epigenome_v4","Simulation_02","out","T>C",4,325,116.46270797362,118
"S3_epigenome_v4","Simulation_02","out","T>C",5,575,260.508983812176,255
"S3_epigenome_v4","Simulation_02","out","T>C",6,583,321.336446308415,319
"S3_epigenome_v4","Simulation_02","out","T>C",7,571,371.366253960137,366
"S3_epigenome_v4","Simulation_02","out","T>C",8,643,483.784900282304,472
"S3_epigenome_v4","Simulation_02","out","T>C",9,781,665.949757795059,637
"S3_epigenome_v4","Simulation_02","out","T>G",10,156,146.000442727671,148
"S3_epigenome_v4","Simulation_02","out","T>G",3,9,2.51081471990306,1
"S3_epigenome_v4","Simulation_02","out","T>G",4,98,35.1497528863956,36
"S3_epigenome_v4","Simulation_02","out","T>G",5,206,93.4937005680382,100
"S3_epigenome_v4","Simulation_02","out","T>G",6,177,96.7616544902682,105
"S3_epigenome_v4","Simulation_02","out","T>G",7,167,108.841897423004,114
"S3_epigenome_v4","Simulation_02","out","T>G",8,182,136.687370693102,137
"S3_epigenome_v4","Simulation_02","out","T>G",9,184,156.884904949267,156
"S3_epigenome_v4","Simulation_03","in","C>A",10,3623,3419.62936824811,3415
"S3_epigenome_v4","Simulation_03","in","C>A",3,205,56.9109176535252,67
"S3_epigenome_v4","Simulation_03","in","C>A",4,1925,696.457141795929,689
"S3_epigenome_v4","Simulation_03","in","C>A",5,4195,1903.66352752406,1964
"S3_epigenome_v4","Simulation_03","in","C>A",6,4728,2594.44215748478,2640
"S3_epigenome_v4","Simulation_03","in","C>A",7,4445,2884.50604270674,2934
"S3_epigenome_v4","Simulation_03","in","C>A",8,4261,3193.76032765339,3219
"S3_epigenome_v4","Simulation_03","in","C>A",9,4255,3616.62532909873,3656
"S3_epigenome_v4","Simulation_03","in","C>G",10,10878,10555.0038955548,10521
"S3_epigenome_v4","Simulation_03","in","C>G",3,96,26.2482643082127,34
"S3_epigenome_v4","Simulation_03","in","C>G",4,565,203.71212993077,212
"S3_epigenome_v4","Simulation_03","in","C>G",5,1142,520.019519389948,506
"S3_epigenome_v4","Simulation_03","in","C>G",6,1299,713.07943676524,706
"S3_epigenome_v4","Simulation_03","in","C>G",7,1254,815.218148113693,841
"S3_epigenome_v4","Simulation_03","in","C>G",8,1378,1036.17204703955,1033
"S3_epigenome_v4","Simulation_03","in","C>G",9,2199,1883.74479843251,1888
"S3_epigenome_v4","Simulation_03","in","C>T",10,35255,34020.089427357,33954
"S3_epigenome_v4","Simulation_03","in","C>T",3,256,70.7412824633077,66
"S3_epigenome_v4","Simulation_03","in","C>T",4,1683,601.928381068671,616
"S3_epigenome_v4","Simulation_03","in","C>T",5,3264,1484.5576173589,1502
"S3_epigenome_v4","Simulation_03","in","C>T",6,3962,2173.17242749624,2209
"S3_epigenome_v4","Simulation_03","in","C>T",7,4199,2734.5885833964,2731
"S3_epigenome_v4","Simulation_03","in","C>T",8,5145,3873.02274313334,3867
"S3_epigenome_v4","Simulation_03","in","C>T",9,8763,7504.05199722807,7459
"S3_epigenome_v4","Simulation_03","in","T>A",10,2484,2348.88141059995,2344
"S3_epigenome_v4","Simulation_03","in","T>A",3,86,23.6327744767484,21
"S3_epigenome_v4","Simulation_03","in","T>A",4,727,261.192810027974,254
"S3_epigenome_v4","Simulation_03","in","T>A",5,1679,762.275331350426,766
"S3_epigenome_v4","Simulation_03","in","T>A",6,2031,1117.67638654604,1120
"S3_epigenome_v4","Simulation_03","in","T>A",7,2081,1354.20654607036,1394
"S3_epigenome_v4","Simulation_03","in","T>A",8,2150,1613.30399982599,1636
"S3_epigenome_v4","Simulation_03","in","T>A",9,2426,2066.44198721527,2064
"S3_epigenome_v4","Simulation_03","in","T>C",10,3447,3254.11214442213,3266
"S3_epigenome_v4","Simulation_03","in","T>C",3,132,36.6142561949891,38
"S3_epigenome_v4","Simulation_03","in","T>C",4,1128,407.634581442847,404
"S3_epigenome_v4","Simulation_03","in","T>C",5,2512,1138.1807585537,1128
"S3_epigenome_v4","Simulation_03","in","T>C",6,2652,1451.53924978254,1506
"S3_epigenome_v4","Simulation_03","in","T>C",7,2392,1554.14835223557,1594
"S3_epigenome_v4","Simulation_03","in","T>C",8,2428,1823.79682680569,1872
"S3_epigenome_v4","Simulation_03","in","T>C",9,3173,2707.78472895933,2740
"S3_epigenome_v4","Simulation_03","in","T>G",10,251,233.538450393114,239
"S3_epigenome_v4","Simulation_03","in","T>G",3,39,11.0088843780342,7
"S3_epigenome_v4","Simulation_03","in","T>G",4,356,127.621705252639,121
"S3_epigenome_v4","Simulation_03","in","T>G",5,738,334.084970580719,355
"S3_epigenome_v4","Simulation_03","in","T>G",6,794,436.543514042123,445
"S3_epigenome_v4","Simulation_03","in","T>G",7,784,511.04874588656,528
"S3_epigenome_v4","Simulation_03","in","T>G",8,788,591.867818807446,597
"S3_epigenome_v4","Simulation_03","in","T>G",9,606,513.793312363841,528
"S3_epigenome_v4","Simulation_03","out","C>A",10,774,731.189548635942,730
"S3_epigenome_v4","Simulation_03","out","C>A",3,63,17.5141102260165,15
"S3_epigenome_v4","Simulation_03","out","C>A",4,486,176.543299010771,186
"S3_epigenome_v4","Simulation_03","out","C>A",5,1066,484.465665713374,476
"S3_epigenome_v4","Simulation_03","out","C>A",6,1179,648.56839888707,657
"S3_epigenome_v4","Simulation_03","out","C>A",7,1075,698.012165517113,700
"S3_epigenome_v4","Simulation_03","out","C>A",8,1010,757.74076609046,773
"S3_epigenome_v4","Simulation_03","out","C>A",9,939,798.696194725329,804
"S3_epigenome_v4","Simulation_03","out","C>G",10,2637,2563.20415954125,2570
"S3_epigenome_v4","Simulation_03","out","C>G",3,24,6.51470684447277,8
"S3_epigenome_v4","Simulation_03","out","C>G",4,124,44.7616869484681,44
"S3_epigenome_v4","Simulation_03","out","C>G",5,281,127.93115152132,129
"S3_epigenome_v4","Simulation_03","out","C>G",6,318,174.624460263537,176
"S3_epigenome_v4","Simulation_03","out","C>G",7,335,217.919539550238,209
"S3_epigenome_v4","Simulation_03","out","C>G",8,358,269.706853644846,275
"S3_epigenome_v4","Simulation_03","out","C>G",9,561,480.669183903693,491
"S3_epigenome_v4","Simulation_03","out","C>T",10,9603,9275.04414666421,9277
"S3_epigenome_v4","Simulation_03","out","C>T",3,80,21.6925866765926,20
"S3_epigenome_v4","Simulation_03","out","C>T",4,437,157.42836712411,151
"S3_epigenome_v4","Simulation_03","out","C>T",5,883,400.586886283059,408
"S3_epigenome_v4","Simulation_03","out","C>T",6,1023,561.122196137449,559
"S3_epigenome_v4","Simulation_03","out","C>T",7,1108,720.362298776604,710
"S3_epigenome_v4","Simulation_03","out","C>T",8,1274,959.626133289868,959
"S3_epigenome_v4","Simulation_03","out","C>T",9,2275,1949.61613925252,1926
"S3_epigenome_v4","Simulation_03","out","T>A",10,522,493.329729363252,493
"S3_epigenome_v4","Simulation_03","out","T>A",3,17,4.6646488544654,6
"S3_epigenome_v4","Simulation_03","out","T>A",4,188,67.512551203821,66
"S3_epigenome_v4","Simulation_03","out","T>A",5,429,194.668873214199,200
"S3_epigenome_v4","Simulation_03","out","T>A",6,489,268.020564126169,289
"S3_epigenome_v4","Simulation_03","out","T>A",7,500,324.277568082948,313
"S3_epigenome_v4","Simulation_03","out","T>A",8,515,386.812714617454,410
"S3_epigenome_v4","Simulation_03","out","T>A",9,592,505.091977509805,507
"S3_epigenome_v4","Simulation_03","out","T>C",10,801,756.201256566187,755
"S3_epigenome_v4","Simulation_03","out","T>C",3,46,12.7447536361596,15
"S3_epigenome_v4","Simulation_03","out","T>C",4,344,124.883680741543,117
"S3_epigenome_v4","Simulation_03","out","T>C",5,650,295.386140961797,324
"S3_epigenome_v4","Simulation_03","out","T>C",6,661,362.51168313194,388
"S3_epigenome_v4","Simulation_03","out","T>C",7,632,410.213909861293,398
"S3_epigenome_v4","Simulation_03","out","T>C",8,631,474.734135842818,479
"S3_epigenome_v4","Simulation_03","out","T>C",9,874,745.082985069198,737
"S3_epigenome_v4","Simulation_03","out","T>G",10,59,54.7041594325294,57
"S3_epigenome_v4","Simulation_03","out","T>G",3,9,2.42198101105449,2
"S3_epigenome_v4","Simulation_03","out","T>G",4,79,28.9344669898926,30
"S3_epigenome_v4","Simulation_03","out","T>G",5,169,76.7488116549551,83
"S3_epigenome_v4","Simulation_03","out","T>G",6,218,119.294877853747,131
"S3_epigenome_v4","Simulation_03","out","T>G",7,213,138.251358102115,132
"S3_epigenome_v4","Simulation_03","out","T>G",8,204,152.578853587317,153
"S3_epigenome_v4","Simulation_03","out","T>G",9,144,121.712290710761,127
"S3_epigenome_v4","Simulation_04","in","C>A",10,3719,3497.24882647806,3522
"S3_epigenome_v4","Simulation_04","in","C>A",3,235,65.2891999518209,67
"S3_epigenome_v4","Simulation_04","in","C>A",4,1797,644.648973895751,644
"S3_epigenome_v4","Simulation_04","in","C>A",5,3721,1692.80448143852,1717
"S3_epigenome_v4","Simulation_04","in","C>A",6,4340,2385.06291375673,2376
"S3_epigenome_v4","Simulation_04","in","C>A",7,4117,2676.47261982001,2702
"S3_epigenome_v4","Simulation_04","in","C>A",8,4394,3298.68234813067,3365
"S3_epigenome_v4","Simulation_04","in","C>A",9,4699,3991.56377162093,4026
"S3_epigenome_v4","Simulation_04","in","C>G",10,13287,12955.1692091781,12968
"S3_epigenome_v4","Simulation_04","in","C>G",3,131,35.7134526894442,42
"S3_epigenome_v4","Simulation_04","in","C>G",4,701,249.567644620508,254
"S3_epigenome_v4","Simulation_04","in","C>G",5,1183,535.288929669725,554
"S3_epigenome_v4","Simulation_04","in","C>G",6,1256,688.616028974823,679
"S3_epigenome_v4","Simulation_04","in","C>G",7,1181,765.722548009199,779
"S3_epigenome_v4","Simulation_04","in","C>G",8,1197,899.840224752182,915
"S3_epigenome_v4","Simulation_04","in","C>G",9,1925,1650.46722345196,1637
"S3_epigenome_v4","Simulation_04","in","C>T",10,24369,23357.8635417422,23327
"S3_epigenome_v4","Simulation_04","in","C>T",2,1,0.195417584117347,1
"S3_epigenome_v4","Simulation_04","in","C>T",3,424,115.899055464919,105
"S3_epigenome_v4","Simulation_04","in","C>T",4,2142,765.295948982933,739
"S3_epigenome_v4","Simulation_04","in","C>T",5,3670,1657.06107068061,1649
"S3_epigenome_v4","Simulation_04","in","C>T",6,3940,2162.20975746045,2182
"S3_epigenome_v4","Simulation_04","in","C>T",7,4130,2687.25644069495,2655
"S3_epigenome_v4","Simulation_04","in","C>T",8,4628,3476.72180772144,3450
"S3_epigenome_v4","Simulation_04","in","C>T",9,7909,6781.75360770828,6760
"S3_epigenome_v4","Simulation_04","in","T>A",10,1097,1035.49514164527,1042
"S3_epigenome_v4","Simulation_04","in","T>A",2,1,0.19486690485882,0
"S3_epigenome_v4","Simulation_04","in","T>A",3,117,32.3029368325778,35
"S3_epigenome_v4","Simulation_04","in","T>A",4,898,321.26043906196,331
"S3_epigenome_v4","Simulation_04","in","T>A",5,1759,796.199865663897,815
"S3_epigenome_v4","Simulation_04","in","T>A",6,1833,1006.96356694133,1025
"S3_epigenome_v4","Simulation_04","in","T>A",7,1681,1093.06593877658,1071
"S3_epigenome_v4","Simulation_04","in","T>A",8,1697,1273.19870880342,1233
"S3_epigenome_v4","Simulation_04","in","T>A",9,1652,1401.45817308321,1407
"S3_epigenome_v4","Simulation_04","in","T>C",10,1665,1576.48296395063,1587
"S3_epigenome_v4","Simulation_04","in","T>C",3,181,50.1841401037627,55
"S3_epigenome_v4","Simulation_04","in","T>C",4,1409,505.700376614457,553
"S3_epigenome_v4","Simulation_04","in","T>C",5,2545,1151.76833777425,1174
"S3_epigenome_v4","Simulation_04","in","T>C",6,2506,1375.70051352755,1423
"S3_epigenome_v4","Simulation_04","in","T>C",7,2141,1390.09719649077,1441
"S3_epigenome_v4","Simulation_04","in","T>C",8,2004,1504.37907405644,1543
"S3_epigenome_v4","Simulation_04","in","T>C",9,1757,1491.47938028521,1485
"S3_epigenome_v4","Simulation_04","in","T>G",10,446,421.099936874983,415
"S3_epigenome_v4","Simulation_04","in","T>G",3,41,11.4471952332147,10
"S3_epigenome_v4","Simulation_04","in","T>G",4,378,136.471646469281,134
"S3_epigenome_v4","Simulation_04","in","T>G",5,748,340.337815020504,354
"S3_epigenome_v4","Simulation_04","in","T>G",6,867,475.018652860871,461
"S3_epigenome_v4","Simulation_04","in","T>G",7,706,457.75802177012,471
"S3_epigenome_v4","Simulation_04","in","T>G",8,540,402.712835419539,410
"S3_epigenome_v4","Simulation_04","in","T>G",9,436,370.615958988298,385
"S3_epigenome_v4","Simulation_04","out","C>A",10,700,656.260464332635,659
"S3_epigenome_v4","Simulation_04","out","C>A",3,56,15.5297162944309,19
"S3_epigenome_v4","Simulation_04","out","C>A",4,416,148.85718345709,148
"S3_epigenome_v4","Simulation_04","out","C>A",5,962,436.858957470025,441
"S3_epigenome_v4","Simulation_04","out","C>A",6,1081,593.806769174262,592
"S3_epigenome_v4","Simulation_04","out","C>A",7,1056,686.286895600213,691
"S3_epigenome_v4","Simulation_04","out","C>A",8,1068,801.663549003693,814
"S3_epigenome_v4","Simulation_04","out","C>A",9,1147,973.90367320771,992
"S3_epigenome_v4","Simulation_04","out","C>G",10,3034,2952.37496066242,2953
"S3_epigenome_v4","Simulation_04","out","C>G",3,30,8.04772079093215,12
"S3_epigenome_v4","Simulation_04","out","C>G",4,180,64.1177951650787,69
"S3_epigenome_v4","Simulation_04","out","C>G",5,259,117.634877330951,136
"S3_epigenome_v4","Simulation_04","out","C>G",6,274,150.873391359175,166
"S3_epigenome_v4","Simulation_04","out","C>G",7,277,179.410554806217,184
"S3_epigenome_v4","Simulation_04","out","C>G",8,245,184.159229790029,191
"S3_epigenome_v4","Simulation_04","out","C>G",9,410,351.430538367282,355
"S3_epigenome_v4","Simulation_04","out","C>T",10,5260,5025.45937918939,5010
"S3_epigenome_v4","Simulation_04","out","C>T",3,113,30.9379207811089,19
"S3_epigenome_v4","Simulation_04","out","C>T",4,535,190.587117447884,208
"S3_epigenome_v4","Simulation_04","out","C>T",5,903,409.153198047203,411
"S3_epigenome_v4","Simulation_04","out","C>T",6,990,542.872008976918,560
"S3_epigenome_v4","Simulation_04","out","C>T",7,924,602.363790659603,582
"S3_epigenome_v4","Simulation_04","out","C>T",8,1021,768.994782512943,799
"S3_epigenome_v4","Simulation_04","out","C>T",9,2019,1733.12992247226,1758
"S3_epigenome_v4","Simulation_04","out","T>A",10,277,259.759461195964,264
"S3_epigenome_v4","Simulation_04","out","T>A",3,35,9.60398724769882,10
"S3_epigenome_v4","Simulation_04","out","T>A",4,236,85.3175063631061,89
"S3_epigenome_v4","Simulation_04","out","T>A",5,439,199.364348482484,218
"S3_epigenome_v4","Simulation_04","out","T>A",6,435,239.209576161181,221
"S3_epigenome_v4","Simulation_04","out","T>A",7,373,241.837392349018,245
"S3_epigenome_v4","Simulation_04","out","T>A",8,410,307.44160047042,298
"S3_epigenome_v4","Simulation_04","out","T>A",9,415,352.685395636747,351
"S3_epigenome_v4","Simulation_04","out","T>C",10,345,324.477548830977,329
"S3_epigenome_v4","Simulation_04","out","T>C",3,44,12.2989035464381,13
"S3_epigenome_v4","Simulation_04","out","T>C",4,345,123.912415715364,135
"S3_epigenome_v4","Simulation_04","out","T>C",5,592,267.257870478786,290
"S3_epigenome_v4","Simulation_04","out","T>C",6,552,303.576863041601,302
"S3_epigenome_v4","Simulation_04","out","T>C",7,488,316.961625603982,321
"S3_epigenome_v4","Simulation_04","out","T>C",8,465,350.058461529123,369
"S3_epigenome_v4","Simulation_04","out","T>C",9,439,372.117145867356,371
"S3_epigenome_v4","Simulation_04","out","T>G",10,50,47.0766833544462,47
"S3_epigenome_v4","Simulation_04","out","T>G",3,6,1.700500383322,3
"S3_epigenome_v4","Simulation_04","out","T>G",4,85,30.8981468926155,28
"S3_epigenome_v4","Simulation_04","out","T>G",5,197,88.8577435332432,92
"S3_epigenome_v4","Simulation_04","out","T>G",6,199,109.872838179998,118
"S3_epigenome_v4","Simulation_04","out","T>G",7,166,107.635283705017,109
"S3_epigenome_v4","Simulation_04","out","T>G",8,113,84.0766389689326,86
"S3_epigenome_v4","Simulation_04","out","T>G",9,85,72.0482713581406,72
"S3_epigenome_v4","Simulation_05","in","C>A",10,8692,8226.52339090959,8233
"S3_epigenome_v4","Simulation_05","in","C>A",3,177,48.7061157771165,49
"S3_epigenome_v4","Simulation_05","in","C>A",4,1452,523.586884243382,539
"S3_epigenome_v4","Simulation_05","in","C>A",5,3367,1532.27289920102,1641
"S3_epigenome_v4","Simulation_05","in","C>A",6,4211,2310.5523032094,2315
"S3_epigenome_v4","Simulation_05","in","C>A",7,4324,2812.32381379259,2836
"S3_epigenome_v4","Simulation_05","in","C>A",8,4820,3626.35072143392,3657
"S3_epigenome_v4","Simulation_05","in","C>A",9,6440,5491.58016994455,5553
"S3_epigenome_v4","Simulation_05","in","C>G",10,10050,9749.20606588531,9774
"S3_epigenome_v4","Simulation_05","in","C>G",3,108,29.6420129931207,33
"S3_epigenome_v4","Simulation_05","in","C>G",4,662,236.812719160381,227
"S3_epigenome_v4","Simulation_05","in","C>G",5,1127,509.727277083352,503
"S3_epigenome_v4","Simulation_05","in","C>G",6,1117,614.146391545605,663
"S3_epigenome_v4","Simulation_05","in","C>G",7,1106,720.542592067077,747
"S3_epigenome_v4","Simulation_05","in","C>G",8,1390,1045.46526457485,1082
"S3_epigenome_v4","Simulation_05","in","C>G",9,2259,1933.66722060812,1935
"S3_epigenome_v4","Simulation_05","in","C>T",10,33953,32951.9307337604,32961
"S3_epigenome_v4","Simulation_05","in","C>T",2,2,0.376344165664592,0
"S3_epigenome_v4","Simulation_05","in","C>T",3,333,91.5100815249842,99
"S3_epigenome_v4","Simulation_05","in","C>T",4,1985,707.885195113914,681
"S3_epigenome_v4","Simulation_05","in","C>T",5,3808,1727.01048782848,1774
"S3_epigenome_v4","Simulation_05","in","C>T",6,4130,2267.27571717281,2309
"S3_epigenome_v4","Simulation_05","in","C>T",7,3983,2588.67763719359,2584
"S3_epigenome_v4","Simulation_05","in","C>T",8,4387,3298.78214359103,3340
"S3_epigenome_v4","Simulation_05","in","C>T",9,7516,6433.4071664811,6453
"S3_epigenome_v4","Simulation_05","in","T>A",10,1806,1715.95657569811,1741
"S3_epigenome_v4","Simulation_05","in","T>A",3,133,36.9189854546615,46
"S3_epigenome_v4","Simulation_05","in","T>A",4,987,353.309568702122,365
"S3_epigenome_v4","Simulation_05","in","T>A",5,1729,779.751562609854,815
"S3_epigenome_v4","Simulation_05","in","T>A",6,1798,986.050328746873,990
"S3_epigenome_v4","Simulation_05","in","T>A",7,1605,1041.67861808708,1047
"S3_epigenome_v4","Simulation_05","in","T>A",8,1475,1106.06895488317,1138
"S3_epigenome_v4","Simulation_05","in","T>A",9,1456,1237.85631497258,1236
"S3_epigenome_v4","Simulation_05","in","T>C",10,534,496.894917734507,512
"S3_epigenome_v4","Simulation_05","in","T>C",3,219,60.4111004928486,58
"S3_epigenome_v4","Simulation_05","in","T>C",4,1339,479.424323056056,533
"S3_epigenome_v4","Simulation_05","in","T>C",5,2310,1044.24366648317,1063
"S3_epigenome_v4","Simulation_05","in","T>C",6,2312,1271.45534013013,1297
"S3_epigenome_v4","Simulation_05","in","T>C",7,2127,1378.48912491319,1416
"S3_epigenome_v4","Simulation_05","in","T>C",8,1590,1188.31729978055,1212
"S3_epigenome_v4","Simulation_05","in","T>C",9,1108,938.907378856715,959
"S3_epigenome_v4","Simulation_05","in","T>G",10,188,175.47989813274,178
"S3_epigenome_v4","Simulation_05","in","T>G",3,43,11.9439668230374,12
"S3_epigenome_v4","Simulation_05","in","T>G",4,356,129.242549210397,119
"S3_epigenome_v4","Simulation_05","in","T>G",5,688,312.660416414363,323
"S3_epigenome_v4","Simulation_05","in","T>G",6,686,376.875354444722,422
"S3_epigenome_v4","Simulation_05","in","T>G",7,649,421.848630188346,437
"S3_epigenome_v4","Simulation_05","in","T>G",8,599,448.452084788388,458
"S3_epigenome_v4","Simulation_05","in","T>G",9,501,424.944110035668,444
"S3_epigenome_v4","Simulation_05","out","C>A",10,1625,1537.67350410469,1533
"S3_epigenome_v4","Simulation_05","out","C>A",3,72,19.6973734129548,21
"S3_epigenome_v4","Simulation_05","out","C>A",4,486,176.155572269691,168
"S3_epigenome_v4","Simulation_05","out","C>A",5,984,448.220792127505,452
"S3_epigenome_v4","Simulation_05","out","C>A",6,1205,663.46012099347,638
"S3_epigenome_v4","Simulation_05","out","C>A",7,1175,764.460782481604,799
"S3_epigenome_v4","Simulation_05","out","C>A",8,1233,924.774945730182,927
"S3_epigenome_v4","Simulation_05","out","C>A",9,1477,1257.95953863647,1272
"S3_epigenome_v4","Simulation_05","out","C>G",10,2819,2737.1272282866,2744
"S3_epigenome_v4","Simulation_05","out","C>G",3,41,11.1628312671798,16
"S3_epigenome_v4","Simulation_05","out","C>G",4,193,69.6833361577597,69
"S3_epigenome_v4","Simulation_05","out","C>G",5,298,135.48077203107,143
"S3_epigenome_v4","Simulation_05","out","C>G",6,335,183.335706970309,190
"S3_epigenome_v4","Simulation_05","out","C>G",7,285,185.91445484681,191
"S3_epigenome_v4","Simulation_05","out","C>G",8,400,301.056514534329,298
"S3_epigenome_v4","Simulation_05","out","C>G",9,638,545.091888095643,545
"S3_epigenome_v4","Simulation_05","out","C>T",10,10868,10569.4107420036,10585
"S3_epigenome_v4","Simulation_05","out","C>T",3,94,26.0751245796279,36
"S3_epigenome_v4","Simulation_05","out","C>T",4,558,199.347500872939,183
"S3_epigenome_v4","Simulation_05","out","C>T",5,960,432.933707485472,452
"S3_epigenome_v4","Simulation_05","out","C>T",6,1099,603.770865262491,602
"S3_epigenome_v4","Simulation_05","out","C>T",7,960,624.40068426313,615
"S3_epigenome_v4","Simulation_05","out","C>T",8,1189,895.066488721318,882
"S3_epigenome_v4","Simulation_05","out","C>T",9,2034,1741.71003736142,1762
"S3_epigenome_v4","Simulation_05","out","T>A",10,574,545.182233254385,549
"S3_epigenome_v4","Simulation_05","out","T>A",3,36,9.72653956205653,13
"S3_epigenome_v4","Simulation_05","out","T>A",4,251,90.1229223259426,93
"S3_epigenome_v4","Simulation_05","out","T>A",5,490,220.573534160847,233
"S3_epigenome_v4","Simulation_05","out","T>A",6,464,255.146191047005,268
"S3_epigenome_v4","Simulation_05","out","T>A",7,415,270.806014016138,273
"S3_epigenome_v4","Simulation_05","out","T>A",8,418,313.254233155043,317
"S3_epigenome_v4","Simulation_05","out","T>A",9,426,363.575315789873,366
"S3_epigenome_v4","Simulation_05","out","T>C",10,140,130.627486641819,137
"S3_epigenome_v4","Simulation_05","out","T>C",3,38,10.5813147995759,10
"S3_epigenome_v4","Simulation_05","out","T>C",4,365,129.938600450674,126
"S3_epigenome_v4","Simulation_05","out","T>C",5,646,291.944207019118,299
"S3_epigenome_v4","Simulation_05","out","T>C",6,609,335.600561724585,343
"S3_epigenome_v4","Simulation_05","out","T>C",7,550,357.982491323708,383
"S3_epigenome_v4","Simulation_05","out","T>C",8,491,367.072299674383,362
"S3_epigenome_v4","Simulation_05","out","T>C",9,338,285.512596748132,284
"S3_epigenome_v4","Simulation_05","out","T>G",10,55,50.9099813179192,52
"S3_epigenome_v4","Simulation_05","out","T>G",3,12,3.32538895511796,4
"S3_epigenome_v4","Simulation_05","out","T>G",4,92,33.2695637936458,34
"S3_epigenome_v4","Simulation_05","out","T>G",5,179,80.8436190583827,72
"S3_epigenome_v4","Simulation_05","out","T>G",6,185,101.402395784379,112
"S3_epigenome_v4","Simulation_05","out","T>G",7,163,106.245328747455,112
"S3_epigenome_v4","Simulation_05","out","T>G",8,144,108.422623288642,109
"S3_epigenome_v4","Simulation_05","out","T>G",9,123,103.65381028771,110
"S3_epigenome_v4","Simulation_06","in","C>A",10,5039,4772.19648091758,4776
"S3_epigenome_v4","Simulation_06","in","C>A",3,231,63.9444032369083,56
"S3_epigenome_v4","Simulation_06","in","C>A",4,2061,740.87543708075,740
"S3_epigenome_v4","Simulation_06","in","C>A",5,4077,1846.31145922799,1909
"S3_epigenome_v4","Simulation_06","in","C>A",6,4060,2222.51878787578,2269
"S3_epigenome_v4","Simulation_06","in","C>A",7,3598,2338.90859495054,2366
"S3_epigenome_v4","Simulation_06","in","C>A",8,3764,2825.28656524627,2814
"S3_epigenome_v4","Simulation_06","in","C>A",9,4442,3783.01966305017,3801
"S3_epigenome_v4","Simulation_06","in","C>G",10,12386,12050.2588447547,12060
"S3_epigenome_v4","Simulation_06","in","C>G",3,65,17.8266466166352,21
"S3_epigenome_v4","Simulation_06","in","C>G",4,470,168.257335904608,177
"S3_epigenome_v4","Simulation_06","in","C>G",5,1134,515.763071081165,531
"S3_epigenome_v4","Simulation_06","in","C>G",6,1404,772.448553177117,795
"S3_epigenome_v4","Simulation_06","in","C>G",7,1512,984.648467018548,1000
"S3_epigenome_v4","Simulation_06","in","C>G",8,2040,1537.40257721995,1581
"S3_epigenome_v4","Simulation_06","in","C>G",9,2685,2290.35823712214,2309
"S3_epigenome_v4","Simulation_06","in","C>T",10,39728,38446.0310733529,38463
"S3_epigenome_v4","Simulation_06","in","C>T",2,1,0.197508135818769,0
"S3_epigenome_v4","Simulation_06","in","C>T",3,234,64.664807377616,65
"S3_epigenome_v4","Simulation_06","in","C>T",4,1740,626.778339471128,659
"S3_epigenome_v4","Simulation_06","in","C>T",5,3828,1742.05657713417,1787
"S3_epigenome_v4","Simulation_06","in","C>T",6,5148,2830.93214008164,2907
"S3_epigenome_v4","Simulation_06","in","C>T",7,5210,3391.50469390658,3495
"S3_epigenome_v4","Simulation_06","in","C>T",8,6275,4720.83085922674,4705
"S3_epigenome_v4","Simulation_06","in","C>T",9,10103,8645.58357996712,8674
"S3_epigenome_v4","Simulation_06","in","T>A",10,528,495.883722189544,502
"S3_epigenome_v4","Simulation_06","in","T>A",2,1,0.192083106386305,1
"S3_epigenome_v4","Simulation_06","in","T>A",3,121,33.6155673769977,36
"S3_epigenome_v4","Simulation_06","in","T>A",4,974,349.575017292351,372
"S3_epigenome_v4","Simulation_06","in","T>A",5,2026,917.014826332005,954
"S3_epigenome_v4","Simulation_06","in","T>A",6,2057,1129.040943281,1151
"S3_epigenome_v4","Simulation_06","in","T>A",7,1650,1071.46012673889,1097
"S3_epigenome_v4","Simulation_06","in","T>A",8,1628,1221.08244421633,1244
"S3_epigenome_v4","Simulation_06","in","T>A",9,1097,927.289732033616,935
"S3_epigenome_v4","Simulation_06","in","T>C",10,2898,2742.6367172298,2757
"S3_epigenome_v4","Simulation_06","in","T>C",2,1,0.19496828640156,1
"S3_epigenome_v4","Simulation_06","in","T>C",3,99,27.0114147502808,32
"S3_epigenome_v4","Simulation_06","in","T>C",4,807,290.652279544215,307
"S3_epigenome_v4","Simulation_06","in","T>C",5,2204,1004.13774145493,1025
"S3_epigenome_v4","Simulation_06","in","T>C",6,2783,1529.52693106871,1587
"S3_epigenome_v4","Simulation_06","in","T>C",7,2605,1693.08461560964,1693
"S3_epigenome_v4","Simulation_06","in","T>C",8,2584,1937.33512238491,1986
"S3_epigenome_v4","Simulation_06","in","T>C",9,2996,2552.6781683417,2607
"S3_epigenome_v4","Simulation_06","in","T>G",10,491,460.216527812835,461
"S3_epigenome_v4","Simulation_06","in","T>G",3,29,8.17386976594194,12
"S3_epigenome_v4","Simulation_06","in","T>G",4,241,86.8458109909061,93
"S3_epigenome_v4","Simulation_06","in","T>G",5,594,270.990868272037,269
"S3_epigenome_v4","Simulation_06","in","T>G",6,760,419.379857147211,434
"S3_epigenome_v4","Simulation_06","in","T>G",7,868,567.192805573812,589
"S3_epigenome_v4","Simulation_06","in","T>G",8,995,745.208323777828,742
"S3_epigenome_v4","Simulation_06","in","T>G",9,856,726.159898690344,743
"S3_epigenome_v4","Simulation_06","out","C>A",10,1896,1804.87858995718,1804
"S3_epigenome_v4","Simulation_06","out","C>A",3,67,18.697727609023,11
"S3_epigenome_v4","Simulation_06","out","C>A",4,492,176.168412841825,178
"S3_epigenome_v4","Simulation_06","out","C>A",5,951,429.836086941464,432
"S3_epigenome_v4","Simulation_06","out","C>A",6,985,539.351349142085,530
"S3_epigenome_v4","Simulation_06","out","C>A",7,879,571.742730289292,583
"S3_epigenome_v4","Simulation_06","out","C>A",8,887,665.171966707502,674
"S3_epigenome_v4","Simulation_06","out","C>A",9,1244,1063.05226862486,1049
"S3_epigenome_v4","Simulation_06","out","C>G",10,3566,3480.22004626717,3495
"S3_epigenome_v4","Simulation_06","out","C>G",3,22,5.83796610188027,4
"S3_epigenome_v4","Simulation_06","out","C>G",4,131,47.446749461824,43
"S3_epigenome_v4","Simulation_06","out","C>G",5,256,117.201932884977,124
"S3_epigenome_v4","Simulation_06","out","C>G",6,345,188.826042103148,199
"S3_epigenome_v4","Simulation_06","out","C>G",7,396,258.214208958103,256
"S3_epigenome_v4","Simulation_06","out","C>G",8,448,336.798497814615,347
"S3_epigenome_v4","Simulation_06","out","C>G",9,666,568.300643978136,557
"S3_epigenome_v4","Simulation_06","out","C>T",10,10097,9780.63550713761,9772
"S3_epigenome_v4","Simulation_06","out","C>T",2,1,0.197111615840391,0
"S3_epigenome_v4","Simulation_06","out","C>T",3,67,18.4561472099667,24
"S3_epigenome_v4","Simulation_06","out","C>T",4,477,173.278758305184,178
"S3_epigenome_v4","Simulation_06","out","C>T",5,958,436.673227839596,454
"S3_epigenome_v4","Simulation_06","out","C>T",6,1181,649.347516282878,629
"S3_epigenome_v4","Simulation_06","out","C>T",7,1218,790.629164965518,801
"S3_epigenome_v4","Simulation_06","out","C>T",8,1442,1085.0136073904,1095
"S3_epigenome_v4","Simulation_06","out","C>T",9,2466,2111.5280049157,2073
"S3_epigenome_v4","Simulation_06","out","T>A",10,128,120.358500088208,122
"S3_epigenome_v4","Simulation_06","out","T>A",3,28,7.85651308282992,6
"S3_epigenome_v4","Simulation_06","out","T>A",4,253,90.9313238645083,98
"S3_epigenome_v4","Simulation_06","out","T>A",5,476,214.631618740857,229
"S3_epigenome_v4","Simulation_06","out","T>A",6,419,229.976809730694,224
"S3_epigenome_v4","Simulation_06","out","T>A",7,402,261.039546052032,263
"S3_epigenome_v4","Simulation_06","out","T>A",8,357,267.935881599162,278
"S3_epigenome_v4","Simulation_06","out","T>A",9,260,219.721034363626,226
"S3_epigenome_v4","Simulation_06","out","T>C",10,686,650.648047040104,661
"S3_epigenome_v4","Simulation_06","out","T>C",2,2,0.371908816781571,0
"S3_epigenome_v4","Simulation_06","out","T>C",3,24,6.4922174479669,6
"S3_epigenome_v4","Simulation_06","out","T>C",4,235,85.5118892894437,97
"S3_epigenome_v4","Simulation_06","out","T>C",5,552,250.920213090644,265
"S3_epigenome_v4","Simulation_06","out","T>C",6,705,386.782585526252,388
"S3_epigenome_v4","Simulation_06","out","T>C",7,640,415.734462783746,428
"S3_epigenome_v4","Simulation_06","out","T>C",8,555,416.176467464209,414
"S3_epigenome_v4","Simulation_06","out","T>C",9,650,553.573793630664,563
"S3_epigenome_v4","Simulation_06","out","T>G",10,101,94.761229315367,99
"S3_epigenome_v4","Simulation_06","out","T>G",3,3,0.82550745067792,0
"S3_epigenome_v4","Simulation_06","out","T>G",4,67,24.0516661632029,28
"S3_epigenome_v4","Simulation_06","out","T>G",5,137,61.9815682507133,54
"S3_epigenome_v4","Simulation_06","out","T>G",6,193,106.354482504629,123
"S3_epigenome_v4","Simulation_06","out","T>G",7,187,121.637902947295,134
"S3_epigenome_v4","Simulation_06","out","T>G",8,231,173.309063385217,178
"S3_epigenome_v4","Simulation_06","out","T>G",9,207,175.432307558061,176
"S3_epigenome_v4","Simulation_07","in","C>A",10,2942,2760.65038648073,2753
"S3_epigenome_v4","Simulation_07","in","C>A",2,1,0.199393788971637,0
"S3_epigenome_v4","Simulation_07","in","C>A",3,265,72.8902267810827,72
"S3_epigenome_v4","Simulation_07","in","C>A",4,1833,656.296016083844,687
"S3_epigenome_v4","Simulation_07","in","C>A",5,3659,1661.86394383998,1707
"S3_epigenome_v4","Simulation_07","in","C>A",6,4328,2376.07334039631,2385
"S3_epigenome_v4","Simulation_07","in","C>A",7,4157,2703.52577781057,2699
"S3_epigenome_v4","Simulation_07","in","C>A",8,4371,3282.19346608648,3353
"S3_epigenome_v4","Simulation_07","in","C>A",9,4589,3897.17378906722,3933
"S3_epigenome_v4","Simulation_07","in","C>G",10,9515,9132.42672323704,9128
"S3_epigenome_v4","Simulation_07","in","C>G",3,78,21.2461409692222,24
"S3_epigenome_v4","Simulation_07","in","C>G",4,507,181.495237512752,172
"S3_epigenome_v4","Simulation_07","in","C>G",5,1165,532.584907829642,517
"S3_epigenome_v4","Simulation_07","in","C>G",6,1413,774.814765994835,749
"S3_epigenome_v4","Simulation_07","in","C>G",7,1491,971.690881941948,941
"S3_epigenome_v4","Simulation_07","in","C>G",8,2015,1518.4624220317,1548
"S3_epigenome_v4","Simulation_07","in","C>G",9,3108,2658.66172042626,2680
"S3_epigenome_v4","Simulation_07","in","C>T",10,41791,40551.0301483938,40609
"S3_epigenome_v4","Simulation_07","in","C>T",3,281,77.8092639796578,77
"S3_epigenome_v4","Simulation_07","in","C>T",4,1601,574.317608437441,605
"S3_epigenome_v4","Simulation_07","in","C>T",5,3499,1588.19124482666,1562
"S3_epigenome_v4","Simulation_07","in","C>T",6,4632,2544.65621316739,2563
"S3_epigenome_v4","Simulation_07","in","C>T",7,5082,3313.62846352591,3370
"S3_epigenome_v4","Simulation_07","in","C>T",8,6494,4888.11500020094,4940
"S3_epigenome_v4","Simulation_07","in","C>T",9,10348,8845.12557586209,8873
"S3_epigenome_v4","Simulation_07","in","T>A",10,1655,1557.26780330456,1571
"S3_epigenome_v4","Simulation_07","in","T>A",3,164,45.3252907412454,50
"S3_epigenome_v4","Simulation_07","in","T>A",4,925,329.690730373922,311
"S3_epigenome_v4","Simulation_07","in","T>A",5,1552,701.991586996478,720
"S3_epigenome_v4","Simulation_07","in","T>A",6,1771,973.890329187384,964
"S3_epigenome_v4","Simulation_07","in","T>A",7,1724,1120.47982502912,1126
"S3_epigenome_v4","Simulation_07","in","T>A",8,1821,1364.35350875451,1379
"S3_epigenome_v4","Simulation_07","in","T>A",9,2083,1772.53583402294,1765
"S3_epigenome_v4","Simulation_07","in","T>C",10,4135,3918.6061480782,3929
"S3_epigenome_v4","Simulation_07","in","T>C",2,1,0.196737796198336,0
"S3_epigenome_v4","Simulation_07","in","T>C",3,115,31.7230621590856,32
"S3_epigenome_v4","Simulation_07","in","T>C",4,969,350.752209546816,357
"S3_epigenome_v4","Simulation_07","in","T>C",5,2197,999.183786476788,983
"S3_epigenome_v4","Simulation_07","in","T>C",6,2652,1457.53958787107,1465
"S3_epigenome_v4","Simulation_07","in","T>C",7,2508,1631.1439819383,1638
"S3_epigenome_v4","Simulation_07","in","T>C",8,2563,1925.71066723109,1935
"S3_epigenome_v4","Simulation_07","in","T>C",9,3261,2778.55918662484,2788
"S3_epigenome_v4","Simulation_07","in","T>G",10,1566,1484.12993285945,1476
"S3_epigenome_v4","Simulation_07","in","T>G",3,27,7.44420236621132,9
"S3_epigenome_v4","Simulation_07","in","T>G",4,238,85.4809790733735,87
"S3_epigenome_v4","Simulation_07","in","T>G",5,633,288.609972552201,290
"S3_epigenome_v4","Simulation_07","in","T>G",6,746,408.894808965692,427
"S3_epigenome_v4","Simulation_07","in","T>G",7,731,476.162019587671,500
"S3_epigenome_v4","Simulation_07","in","T>G",8,778,585.44243663607,604
"S3_epigenome_v4","Simulation_07","in","T>G",9,993,846.293559724449,868
"S3_epigenome_v4","Simulation_07","out","C>A",10,684,642.063541059987,645
"S3_epigenome_v4","Simulation_07","out","C>A",3,35,9.67876901943306,8
"S3_epigenome_v4","Simulation_07","out","C>A",4,417,150.073808588778,155
"S3_epigenome_v4","Simulation_07","out","C>A",5,811,367.915256892538,374
"S3_epigenome_v4","Simulation_07","out","C>A",6,943,518.184606871665,531
"S3_epigenome_v4","Simulation_07","out","C>A",7,928,603.591847931394,603
"S3_epigenome_v4","Simulation_07","out","C>A",8,953,715.1479926646,706
"S3_epigenome_v4","Simulation_07","out","C>A",9,1048,889.853613441792,895
"S3_epigenome_v4","Simulation_07","out","C>G",10,1841,1765.5231958529,1780
"S3_epigenome_v4","Simulation_07","out","C>G",3,22,5.90802247943401,6
"S3_epigenome_v4","Simulation_07","out","C>G",4,124,44.4739877698666,34
"S3_epigenome_v4","Simulation_07","out","C>G",5,242,110.316144081718,106
"S3_epigenome_v4","Simulation_07","out","C>G",6,325,179.407921202207,174
"S3_epigenome_v4","Simulation_07","out","C>G",7,287,186.602838175691,189
"S3_epigenome_v4","Simulation_07","out","C>G",8,379,285.805251860549,283
"S3_epigenome_v4","Simulation_07","out","C>G",9,654,558.635799707839,556
"S3_epigenome_v4","Simulation_07","out","C>T",10,9544,9248.99377355586,9277
"S3_epigenome_v4","Simulation_07","out","C>T",3,56,15.6143626626321,15
"S3_epigenome_v4","Simulation_07","out","C>T",4,356,127.423782112289,124
"S3_epigenome_v4","Simulation_07","out","C>T",5,773,351.091671446261,343
"S3_epigenome_v4","Simulation_07","out","C>T",6,946,520.667014990652,527
"S3_epigenome_v4","Simulation_07","out","C>T",7,1072,696.77305874516,724
"S3_epigenome_v4","Simulation_07","out","C>T",8,1476,1111.72564223141,1107
"S3_epigenome_v4","Simulation_07","out","C>T",9,2443,2091.46484586787,2087
"S3_epigenome_v4","Simulation_07","out","T>A",10,291,273.625739600452,273
"S3_epigenome_v4","Simulation_07","out","T>A",3,31,8.64812271720939,9
"S3_epigenome_v4","Simulation_07","out","T>A",4,206,74.0054623341795,76
"S3_epigenome_v4","Simulation_07","out","T>A",5,370,168.817505238383,160
"S3_epigenome_v4","Simulation_07","out","T>A",6,400,219.456350589399,209
"S3_epigenome_v4","Simulation_07","out","T>A",7,405,262.865711478557,272
"S3_epigenome_v4","Simulation_07","out","T>A",8,428,320.724164847067,330
"S3_epigenome_v4","Simulation_07","out","T>A",9,401,340.100718679285,347
"S3_epigenome_v4","Simulation_07","out","T>C",10,771,728.751154174374,728
"S3_epigenome_v4","Simulation_07","out","T>C",3,21,5.79989613035063,8
"S3_epigenome_v4","Simulation_07","out","T>C",4,214,76.7788335282606,79
"S3_epigenome_v4","Simulation_07","out","T>C",5,395,179.47257298835,180
"S3_epigenome_v4","Simulation_07","out","T>C",6,541,295.961863437128,283
"S3_epigenome_v4","Simulation_07","out","T>C",7,572,371.118184494588,352
"S3_epigenome_v4","Simulation_07","out","T>C",8,587,442.038612344802,437
"S3_epigenome_v4","Simulation_07","out","T>C",9,741,632.376599773023,625
"S3_epigenome_v4","Simulation_07","out","T>G",10,232,219.205280985506,222
"S3_epigenome_v4","Simulation_07","out","T>G",3,7,1.93514078428651,1
"S3_epigenome_v4","Simulation_07","out","T>G",4,64,23.2230525282708,23
"S3_epigenome_v4","Simulation_07","out","T>G",5,127,57.902779807718,62
"S3_epigenome_v4","Simulation_07","out","T>G",6,168,92.309122570703,107
"S3_epigenome_v4","Simulation_07","out","T>G",7,149,96.7581161129581,100
"S3_epigenome_v4","Simulation_07","out","T>G",8,169,126.458689007764,125
"S3_epigenome_v4","Simulation_07","out","T>G",9,162,137.95724633588,135
"S3_epigenome_v4","Simulation_08","in","C>A",10,2038,1904.01454923294,1905
"S3_epigenome_v4","Simulation_08","in","C>A",2,1,0.193703627079639,0
"S3_epigenome_v4","Simulation_08","in","C>A",3,273,76.0838602705683,87
"S3_epigenome_v4","Simulation_08","in","C>A",4,2498,901.685274709309,935
"S3_epigenome_v4","Simulation_08","in","C>A",5,4825,2190.25870846714,2198
"S3_epigenome_v4","Simulation_08","in","C>A",6,4911,2694.46364307421,2663
"S3_epigenome_v4","Simulation_08","in","C>A",7,4481,2908.4669773078,2926
"S3_epigenome_v4","Simulation_08","in","C>A",8,4200,3150.12552045094,3188
"S3_epigenome_v4","Simulation_08","in","C>A",9,4054,3441.43047670125,3461
"S3_epigenome_v4","Simulation_08","in","C>G",10,7640,7296.8488961905,7292
"S3_epigenome_v4","Simulation_08","in","C>G",3,56,15.1876560041762,15
"S3_epigenome_v4","Simulation_08","in","C>G",4,434,157.036859461174,169
"S3_epigenome_v4","Simulation_08","in","C>G",5,1160,533.232022065659,549
"S3_epigenome_v4","Simulation_08","in","C>G",6,1842,1014.96540812101,998
"S3_epigenome_v4","Simulation_08","in","C>G",7,2078,1351.65577570622,1325
"S3_epigenome_v4","Simulation_08","in","C>G",8,2598,1954.16680220462,1968
"S3_epigenome_v4","Simulation_08","in","C>G",9,3743,3199.2341557675,3188
"S3_epigenome_v4","Simulation_08","in","C>T",10,16143,15388.7255145977,15418
"S3_epigenome_v4","Simulation_08","in","C>T",3,194,53.3826818854186,55
"S3_epigenome_v4","Simulation_08","in","C>T",4,1849,667.625128400728,666
"S3_epigenome_v4","Simulation_08","in","C>T",5,4056,1845.81487620331,1790
"S3_epigenome_v4","Simulation_08","in","C>T",6,4836,2656.89624906539,2657
"S3_epigenome_v4","Simulation_08","in","C>T",7,4791,3118.21095072527,3084
"S3_epigenome_v4","Simulation_08","in","C>T",8,5712,4296.97962572096,4336
"S3_epigenome_v4","Simulation_08","in","C>T",9,8713,7447.09215826094,7462
"S3_epigenome_v4","Simulation_08","in","T>A",10,1934,1836.76662537521,1848
"S3_epigenome_v4","Simulation_08","in","T>A",3,99,27.6391108681997,30
"S3_epigenome_v4","Simulation_08","in","T>A",4,982,353.639830119417,355
"S3_epigenome_v4","Simulation_08","in","T>A",5,2065,935.870204948776,990
"S3_epigenome_v4","Simulation_08","in","T>A",6,2117,1160.71156306612,1206
"S3_epigenome_v4","Simulation_08","in","T>A",7,2014,1306.97698391307,1336
"S3_epigenome_v4","Simulation_08","in","T>A",8,1864,1399.18863798014,1422
"S3_epigenome_v4","Simulation_08","in","T>A",9,1831,1558.38769380057,1585
"S3_epigenome_v4","Simulation_08","in","T>C",10,2363,2223.42701258194,2248
"S3_epigenome_v4","Simulation_08","in","T>C",3,76,21.0883116468272,25
"S3_epigenome_v4","Simulation_08","in","T>C",4,874,316.7418647032,334
"S3_epigenome_v4","Simulation_08","in","T>C",5,2485,1134.90356049728,1188
"S3_epigenome_v4","Simulation_08","in","T>C",6,3280,1801.38630393756,1799
"S3_epigenome_v4","Simulation_08","in","T>C",7,3197,2078.93186720688,2044
"S3_epigenome_v4","Simulation_08","in","T>C",8,3192,2395.01902563473,2415
"S3_epigenome_v4","Simulation_08","in","T>C",9,3205,2721.97998062426,2770
"S3_epigenome_v4","Simulation_08","in","T>G",10,1497,1423.62985433975,1419
"S3_epigenome_v4","Simulation_08","in","T>G",3,15,4.17958825487032,3
"S3_epigenome_v4","Simulation_08","in","T>G",4,223,80.8687697617807,69
"S3_epigenome_v4","Simulation_08","in","T>G",5,651,297.631670041157,304
"S3_epigenome_v4","Simulation_08","in","T>G",6,975,534.776180477836,528
"S3_epigenome_v4","Simulation_08","in","T>G",7,907,589.411726481173,598
"S3_epigenome_v4","Simulation_08","in","T>G",8,964,722.690633867676,756
"S3_epigenome_v4","Simulation_08","in","T>G",9,1179,1005.92142386721,1011
"S3_epigenome_v4","Simulation_08","out","C>A",10,375,348.794000943583,347
"S3_epigenome_v4","Simulation_08","out","C>A",3,61,16.9405204786896,13
"S3_epigenome_v4","Simulation_08","out","C>A",4,644,231.115834285076,200
"S3_epigenome_v4","Simulation_08","out","C>A",5,1146,518.374806662911,503
"S3_epigenome_v4","Simulation_08","out","C>A",6,1299,712.796903070617,699
"S3_epigenome_v4","Simulation_08","out","C>A",7,1213,786.402235647711,813
"S3_epigenome_v4","Simulation_08","out","C>A",8,1042,779.572793023776,774
"S3_epigenome_v4","Simulation_08","out","C>A",9,911,771.496666947749,795
"S3_epigenome_v4","Simulation_08","out","C>G",10,1752,1670.41418275426,1657
"S3_epigenome_v4","Simulation_08","out","C>G",2,1,0.1851159169582,0
"S3_epigenome_v4","Simulation_08","out","C>G",3,12,3.23592851714973,3
"S3_epigenome_v4","Simulation_08","out","C>G",4,95,34.5846654554523,40
"S3_epigenome_v4","Simulation_08","out","C>G",5,290,132.851552816716,125
"S3_epigenome_v4","Simulation_08","out","C>G",6,509,281.291619466695,278
"S3_epigenome_v4","Simulation_08","out","C>G",7,577,375.094792302353,363
"S3_epigenome_v4","Simulation_08","out","C>G",8,682,513.221739849606,514
"S3_epigenome_v4","Simulation_08","out","C>G",9,934,797.194606634683,808
"S3_epigenome_v4","Simulation_08","out","C>T",10,3863,3679.15794364728,3694
"S3_epigenome_v4","Simulation_08","out","C>T",3,46,12.7375692861026,12
"S3_epigenome_v4","Simulation_08","out","C>T",4,433,156.473567240654,152
"S3_epigenome_v4","Simulation_08","out","C>T",5,986,450.657247925197,485
"S3_epigenome_v4","Simulation_08","out","C>T",6,1237,677.131430607424,683
"S3_epigenome_v4","Simulation_08","out","C>T",7,1312,852.407396905536,863
"S3_epigenome_v4","Simulation_08","out","C>T",8,1571,1181.60883581748,1194
"S3_epigenome_v4","Simulation_08","out","C>T",9,2198,1877.12226239748,1880
"S3_epigenome_v4","Simulation_08","out","T>A",10,411,387.557027464188,387
"S3_epigenome_v4","Simulation_08","out","T>A",3,23,6.17199391865214,7
"S3_epigenome_v4","Simulation_08","out","T>A",4,228,82.1177317195587,77
"S3_epigenome_v4","Simulation_08","out","T>A",5,533,241.349081612608,230
"S3_epigenome_v4","Simulation_08","out","T>A",6,580,317.721477665862,322
"S3_epigenome_v4","Simulation_08","out","T>A",7,512,331.252127767646,338
"S3_epigenome_v4","Simulation_08","out","T>A",8,436,327.189862977336,329
"S3_epigenome_v4","Simulation_08","out","T>A",9,456,387.101811144105,390
"S3_epigenome_v4","Simulation_08","out","T>C",10,603,565.68395605132,571
"S3_epigenome_v4","Simulation_08","out","T>C",3,20,5.52720101677414,6
"S3_epigenome_v4","Simulation_08","out","T>C",4,195,70.7430654943432,80
"S3_epigenome_v4","Simulation_08","out","T>C",5,620,281.35040704685,297
"S3_epigenome_v4","Simulation_08","out","T>C",6,781,427.899552824951,410
"S3_epigenome_v4","Simulation_08","out","T>C",7,779,505.516564857032,497
"S3_epigenome_v4","Simulation_08","out","T>C",8,851,638.351585988143,656
"S3_epigenome_v4","Simulation_08","out","T>C",9,904,767.82797899115,777
"S3_epigenome_v4","Simulation_08","out","T>G",10,348,328.866386070586,334
"S3_epigenome_v4","Simulation_08","out","T>G",3,2,0.587592316184391,2
"S3_epigenome_v4","Simulation_08","out","T>G",4,50,17.9209396614171,18
"S3_epigenome_v4","Simulation_08","out","T>G",5,157,71.6811660755006,72
"S3_epigenome_v4","Simulation_08","out","T>G",6,268,146.670806192337,147
"S3_epigenome_v4","Simulation_08","out","T>G",7,241,156.906370455237,159
"S3_epigenome_v4","Simulation_08","out","T>G",8,247,185.772061992873,185
"S3_epigenome_v4","Simulation_08","out","T>G",9,311,264.463848263291,267
"S3_epigenome_v4","Simulation_09","in","C>A",10,11560,11029.3393747592,11060
"S3_epigenome_v4","Simulation_09","in","C>A",3,172,47.9835277623767,56
"S3_epigenome_v4","Simulation_09","in","C>A",4,1843,669.443775952591,689
"S3_epigenome_v4","Simulation_09","in","C>A",5,5093,2328.11801150968,2325
"S3_epigenome_v4","Simulation_09","in","C>A",6,7545,4145.3136339046,4152
"S3_epigenome_v4","Simulation_09","in","C>A",7,7224,4697.90625305992,4729
"S3_epigenome_v4","Simulation_09","in","C>A",8,7682,5763.50831050337,5772
"S3_epigenome_v4","Simulation_09","in","C>A",9,8346,7098.89022193299,7148
"S3_epigenome_v4","Simulation_09","in","C>G",10,10963,10617.0828996551,10627
"S3_epigenome_v4","Simulation_09","in","C>G",3,114,31.3108025816852,33
"S3_epigenome_v4","Simulation_09","in","C>G",4,777,279.103892965985,280
"S3_epigenome_v4","Simulation_09","in","C>G",5,1685,765.646554986613,751
"S3_epigenome_v4","Simulation_09","in","C>G",6,2043,1118.69473701576,1132
"S3_epigenome_v4","Simulation_09","in","C>G",7,1978,1286.1671506742,1278
"S3_epigenome_v4","Simulation_09","in","C>G",8,2120,1592.60084716716,1605
"S3_epigenome_v4","Simulation_09","in","C>G",9,2762,2357.43006304787,2374
"S3_epigenome_v4","Simulation_09","in","C>T",10,41530,40217.0169859899,40235
"S3_epigenome_v4","Simulation_09","in","C>T",2,1,0.198841239242081,0
"S3_epigenome_v4","Simulation_09","in","C>T",3,320,88.0778357179513,92
"S3_epigenome_v4","Simulation_09","in","C>T",4,2253,808.280507891376,822
"S3_epigenome_v4","Simulation_09","in","C>T",5,4985,2268.22255743997,2279
"S3_epigenome_v4","Simulation_09","in","C>T",6,6494,3572.83860479244,3593
"S3_epigenome_v4","Simulation_09","in","C>T",7,6526,4246.67478893179,4299
"S3_epigenome_v4","Simulation_09","in","C>T",8,7594,5715.4095753226,5690
"S3_epigenome_v4","Simulation_09","in","C>T",9,11068,9451.08868783922,9482
"S3_epigenome_v4","Simulation_09","in","T>A",10,4444,4190.2654914628,4179
"S3_epigenome_v4","Simulation_09","in","T>A",3,77,21.2004938815227,17
"S3_epigenome_v4","Simulation_09","in","T>A",4,834,301.978880370964,282
"S3_epigenome_v4","Simulation_09","in","T>A",5,2111,961.633288787723,960
"S3_epigenome_v4","Simulation_09","in","T>A",6,2546,1397.16868917561,1457
"S3_epigenome_v4","Simulation_09","in","T>A",7,2774,1804.66952214902,1804
"S3_epigenome_v4","Simulation_09","in","T>A",8,2938,2207.26237840038,2197
"S3_epigenome_v4","Simulation_09","in","T>A",9,3961,3382.01226132146,3393
"S3_epigenome_v4","Simulation_09","in","T>C",10,2603,2438.68050918738,2454
"S3_epigenome_v4","Simulation_09","in","T>C",3,153,42.1796708777614,50
"S3_epigenome_v4","Simulation_09","in","T>C",4,1236,445.577364773807,424
"S3_epigenome_v4","Simulation_09","in","T>C",5,2678,1217.91780912486,1194
"S3_epigenome_v4","Simulation_09","in","T>C",6,3190,1751.92537694443,1760
"S3_epigenome_v4","Simulation_09","in","T>C",7,3237,2106.16047252463,2084
"S3_epigenome_v4","Simulation_09","in","T>C",8,3537,2657.25829941972,2710
"S3_epigenome_v4","Simulation_09","in","T>C",9,3886,3310.16769312159,3305
"S3_epigenome_v4","Simulation_09","in","T>G",10,885,830.692504238837,832
"S3_epigenome_v4","Simulation_09","in","T>G",3,27,7.65155599387992,9
"S3_epigenome_v4","Simulation_09","in","T>G",4,354,128.456349471665,128
"S3_epigenome_v4","Simulation_09","in","T>G",5,873,397.895549867336,399
"S3_epigenome_v4","Simulation_09","in","T>G",6,1178,647.582517400647,657
"S3_epigenome_v4","Simulation_09","in","T>G",7,1127,730.943911806307,734
"S3_epigenome_v4","Simulation_09","in","T>G",8,1113,835.915281805365,857
"S3_epigenome_v4","Simulation_09","in","T>G",9,1153,980.857632904548,977
"S3_epigenome_v4","Simulation_09","out","C>A",10,2964,2824.50042290513,2818
"S3_epigenome_v4","Simulation_09","out","C>A",3,42,11.8644981526524,11
"S3_epigenome_v4","Simulation_09","out","C>A",4,463,167.95337566694,154
"S3_epigenome_v4","Simulation_09","out","C>A",5,1413,645.842385304144,660
"S3_epigenome_v4","Simulation_09","out","C>A",6,1871,1029.13094773688,998
"S3_epigenome_v4","Simulation_09","out","C>A",7,1805,1170.95069721565,1186
"S3_epigenome_v4","Simulation_09","out","C>A",8,1920,1442.10297396596,1453
"S3_epigenome_v4","Simulation_09","out","C>A",9,2191,1865.20986352862,1878
"S3_epigenome_v4","Simulation_09","out","C>G",10,2983,2887.03247027059,2873
"S3_epigenome_v4","Simulation_09","out","C>G",3,31,8.40538513959203,10
"S3_epigenome_v4","Simulation_09","out","C>G",4,212,76.0096085765804,76
"S3_epigenome_v4","Simulation_09","out","C>G",5,376,170.292195936217,185
"S3_epigenome_v4","Simulation_09","out","C>G",6,510,280.383726474287,278
"S3_epigenome_v4","Simulation_09","out","C>G",7,517,335.959412046103,335
"S3_epigenome_v4","Simulation_09","out","C>G",8,512,383.767045953652,397
"S3_epigenome_v4","Simulation_09","out","C>G",9,697,595.226632293886,608
"S3_epigenome_v4","Simulation_09","out","C>T",10,14080,13696.0512898979,13715
"S3_epigenome_v4","Simulation_09","out","C>T",3,81,21.8452070277782,23
"S3_epigenome_v4","Simulation_09","out","C>T",4,604,216.63031827626,199
"S3_epigenome_v4","Simulation_09","out","C>T",5,1341,610.133087553229,612
"S3_epigenome_v4","Simulation_09","out","C>T",6,1633,897.5592589639,916
"S3_epigenome_v4","Simulation_09","out","C>T",7,1650,1074.06569311454,1066
"S3_epigenome_v4","Simulation_09","out","C>T",8,2018,1516.23982565494,1516
"S3_epigenome_v4","Simulation_09","out","C>T",9,2813,2403.60208823247,2403
"S3_epigenome_v4","Simulation_09","out","T>A",10,1214,1146.02206654931,1151
"S3_epigenome_v4","Simulation_09","out","T>A",3,31,8.66298191390708,8
"S3_epigenome_v4","Simulation_09","out","T>A",4,238,86.5401202784077,99
"S3_epigenome_v4","Simulation_09","out","T>A",5,561,255.685325070162,269
"S3_epigenome_v4","Simulation_09","out","T>A",6,670,368.592657429149,348
"S3_epigenome_v4","Simulation_09","out","T>A",7,663,431.774996319779,417
"S3_epigenome_v4","Simulation_09","out","T>A",8,747,559.54601566926,568
"S3_epigenome_v4","Simulation_09","out","T>A",9,893,760.666121069631,756
"S3_epigenome_v4","Simulation_09","out","T>C",10,627,586.623402377136,592
"S3_epigenome_v4","Simulation_09","out","T>C",3,45,12.417798966371,10
"S3_epigenome_v4","Simulation_09","out","T>C",4,314,112.302955745507,109
"S3_epigenome_v4","Simulation_09","out","T>C",5,668,303.221464413984,303
"S3_epigenome_v4","Simulation_09","out","T>C",6,809,444.472434868499,434
"S3_epigenome_v4","Simulation_09","out","T>C",7,845,550.011254791218,531
"S3_epigenome_v4","Simulation_09","out","T>C",8,903,677.430441014863,661
"S3_epigenome_v4","Simulation_09","out","T>C",9,964,820.860549412918,819
"S3_epigenome_v4","Simulation_09","out","T>G",10,178,166.918890398026,164
"S3_epigenome_v4","Simulation_09","out","T>G",3,7,1.81399228203811,1
"S3_epigenome_v4","Simulation_09","out","T>G",4,125,44.996037471113,44
"S3_epigenome_v4","Simulation_09","out","T>G",5,222,100.660038053153,101
"S3_epigenome_v4","Simulation_09","out","T>G",6,289,159.495527906349,153
"S3_epigenome_v4","Simulation_09","out","T>G",7,273,177.242646061145,183
"S3_epigenome_v4","Simulation_09","out","T>G",8,272,203.599141359139,219
"S3_epigenome_v4","Simulation_09","out","T>G",9,264,224.090562189307,225
"S3_epigenome_v4","Simulation_10","in","C>A",10,2711,2541.75374142892,2558
"S3_epigenome_v4","Simulation_10","in","C>A",3,234,64.6529975879402,70
"S3_epigenome_v4","Simulation_10","in","C>A",4,1902,686.199658734753,688
"S3_epigenome_v4","Simulation_10","in","C>A",5,3920,1778.62495187274,1790
"S3_epigenome_v4","Simulation_10","in","C>A",6,4403,2415.84429246683,2472
"S3_epigenome_v4","Simulation_10","in","C>A",7,4094,2655.75116332426,2657
"S3_epigenome_v4","Simulation_10","in","C>A",8,4021,3017.02735909945,3074
"S3_epigenome_v4","Simulation_10","in","C>A",9,4015,3409.72649016617,3465
"S3_epigenome_v4","Simulation_10","in","C>G",10,8982,8633.2988768796,8629
"S3_epigenome_v4","Simulation_10","in","C>G",2,1,0.198147537534968,0
"S3_epigenome_v4","Simulation_10","in","C>G",3,94,25.8556174303132,26
"S3_epigenome_v4","Simulation_10","in","C>G",4,563,201.746172605345,204
"S3_epigenome_v4","Simulation_10","in","C>G",5,1112,506.88309634067,526
"S3_epigenome_v4","Simulation_10","in","C>G",6,1456,800.89766378518,809
"S3_epigenome_v4","Simulation_10","in","C>G",7,1533,998.456985132697,990
"S3_epigenome_v4","Simulation_10","in","C>G",8,1775,1335.70921793991,1349
"S3_epigenome_v4","Simulation_10","in","C>G",9,3097,2653.56829234581,2667
"S3_epigenome_v4","Simulation_10","in","C>T",10,78233,76452.4088410741,76415
"S3_epigenome_v4","Simulation_10","in","C>T",2,2,0.396983456471418,0
"S3_epigenome_v4","Simulation_10","in","C>T",3,273,74.6350543919852,72
"S3_epigenome_v4","Simulation_10","in","C>T",4,1528,547.707414721742,567
"S3_epigenome_v4","Simulation_10","in","C>T",5,3220,1463.75523939783,1477
"S3_epigenome_v4","Simulation_10","in","C>T",6,3992,2193.21198556868,2194
"S3_epigenome_v4","Simulation_10","in","C>T",7,4064,2647.2813956867,2642
"S3_epigenome_v4","Simulation_10","in","C>T",8,4937,3713.41492910391,3725
"S3_epigenome_v4","Simulation_10","in","C>T",9,8469,7259.07866797695,7241
"S3_epigenome_v4","Simulation_10","in","T>A",10,1150,1074.40181587746,1077
"S3_epigenome_v4","Simulation_10","in","T>A",3,121,33.6748812751275,34
"S3_epigenome_v4","Simulation_10","in","T>A",4,772,276.01144641802,274
"S3_epigenome_v4","Simulation_10","in","T>A",5,1611,731.63276326761,735
"S3_epigenome_v4","Simulation_10","in","T>A",6,1824,1002.96981029555,1033
"S3_epigenome_v4","Simulation_10","in","T>A",7,1960,1273.50670187543,1292
"S3_epigenome_v4","Simulation_10","in","T>A",8,2127,1595.46884591386,1630
"S3_epigenome_v4","Simulation_10","in","T>A",9,2106,1789.55074433749,1795
"S3_epigenome_v4","Simulation_10","in","T>C",10,1258,1172.8980049042,1164
"S3_epigenome_v4","Simulation_10","in","T>C",3,161,44.3862480838563,40
"S3_epigenome_v4","Simulation_10","in","T>C",4,1053,376.9368730337,363
"S3_epigenome_v4","Simulation_10","in","T>C",5,2104,956.762388371689,995
"S3_epigenome_v4","Simulation_10","in","T>C",6,2438,1337.79504754475,1344
"S3_epigenome_v4","Simulation_10","in","T>C",7,2381,1547.31497213257,1544
"S3_epigenome_v4","Simulation_10","in","T>C",8,2399,1798.64443701909,1813
"S3_epigenome_v4","Simulation_10","in","T>C",9,2446,2075.10731882906,2071
"S3_epigenome_v4","Simulation_10","in","T>G",10,547,511.526845425518,504
"S3_epigenome_v4","Simulation_10","in","T>G",3,45,12.5336321221055,17
"S3_epigenome_v4","Simulation_10","in","T>G",4,321,115.374990174486,123
"S3_epigenome_v4","Simulation_10","in","T>G",5,601,273.537179524452,269
"S3_epigenome_v4","Simulation_10","in","T>G",6,704,387.094710787947,404
"S3_epigenome_v4","Simulation_10","in","T>G",7,663,430.687382857874,439
"S3_epigenome_v4","Simulation_10","in","T>G",8,689,517.388758480915,523
"S3_epigenome_v4","Simulation_10","in","T>G",9,823,700.043995128529,699
"S3_epigenome_v4","Simulation_10","out","C>A",10,705,660.51999971946,666
"S3_epigenome_v4","Simulation_10","out","C>A",3,44,12.4543150295201,13
"S3_epigenome_v4","Simulation_10","out","C>A",4,467,167.931638540612,168
"S3_epigenome_v4","Simulation_10","out","C>A",5,915,414.476803863273,412
"S3_epigenome_v4","Simulation_10","out","C>A",6,1022,561.026115442794,580
"S3_epigenome_v4","Simulation_10","out","C>A",7,1023,665.542609833854,690
"S3_epigenome_v4","Simulation_10","out","C>A",8,966,726.426337721078,760
"S3_epigenome_v4","Simulation_10","out","C>A",9,1018,863.819234513105,874
"S3_epigenome_v4","Simulation_10","out","C>G",10,2261,2175.11018845293,2160
"S3_epigenome_v4","Simulation_10","out","C>G",2,1,0.193656828885724,0
"S3_epigenome_v4","Simulation_10","out","C>G",3,14,3.83375384927717,3
"S3_epigenome_v4","Simulation_10","out","C>G",4,144,51.9585292475902,54
"S3_epigenome_v4","Simulation_10","out","C>G",5,241,109.988277971516,113
"S3_epigenome_v4","Simulation_10","out","C>G",6,331,181.440928686953,179
"S3_epigenome_v4","Simulation_10","out","C>G",7,338,219.150818596444,217
"S3_epigenome_v4","Simulation_10","out","C>G",8,390,293.727902989614,296
"S3_epigenome_v4","Simulation_10","out","C>G",9,691,592.822681553987,590
"S3_epigenome_v4","Simulation_10","out","C>T",10,18820,18382.8721663202,18383
"S3_epigenome_v4","Simulation_10","out","C>T",3,64,17.6712352144739,19
"S3_epigenome_v4","Simulation_10","out","C>T",4,379,135.915108612405,135
"S3_epigenome_v4","Simulation_10","out","C>T",5,742,336.516939840953,345
"S3_epigenome_v4","Simulation_10","out","C>T",6,912,500.719474080464,485
"S3_epigenome_v4","Simulation_10","out","C>T",7,960,626.203595215448,637
"S3_epigenome_v4","Simulation_10","out","C>T",8,1091,821.563235589141,809
"S3_epigenome_v4","Simulation_10","out","C>T",9,1982,1699.65146140883,1693
"S3_epigenome_v4","Simulation_10","out","T>A",10,302,282.899809247112,285
"S3_epigenome_v4","Simulation_10","out","T>A",3,23,6.31677270731145,5
"S3_epigenome_v4","Simulation_10","out","T>A",4,200,71.2013646375225,74
"S3_epigenome_v4","Simulation_10","out","T>A",5,372,169.210025109495,201
"S3_epigenome_v4","Simulation_10","out","T>A",6,395,217.749584183673,229
"S3_epigenome_v4","Simulation_10","out","T>A",7,446,290.601606327494,290
"S3_epigenome_v4","Simulation_10","out","T>A",8,472,354.648885509735,348
"S3_epigenome_v4","Simulation_10","out","T>A",9,501,425.571514993666,433
"S3_epigenome_v4","Simulation_10","out","T>C",10,326,304.461140374597,303
"S3_epigenome_v4","Simulation_10","out","T>C",3,41,11.2451619163218,11
"S3_epigenome_v4","Simulation_10","out","T>C",4,238,85.8363270988752,85
"S3_epigenome_v4","Simulation_10","out","T>C",5,504,228.671978084559,234
"S3_epigenome_v4","Simulation_10","out","T>C",6,586,322.050123236905,344
"S3_epigenome_v4","Simulation_10","out","T>C",7,578,375.253227405234,383
"S3_epigenome_v4","Simulation_10","out","T>C",8,519,389.601599565041,383
"S3_epigenome_v4","Simulation_10","out","T>C",9,521,441.226522896063,443
"S3_epigenome_v4","Simulation_10","out","T>G",10,63,58.6971224676061,54
"S3_epigenome_v4","Simulation_10","out","T>G",3,16,4.39375482914491,6
"S3_epigenome_v4","Simulation_10","out","T>G",4,70,25.012996409727,21
"S3_epigenome_v4","Simulation_10","out","T>G",5,144,65.5599467557782,66
"S3_epigenome_v4","Simulation_10","out","T>G",6,161,87.7549406825236,85
"S3_epigenome_v4","Simulation_10","out","T>G",7,161,105.254536128293,112
"S3_epigenome_v4","Simulation_10","out","T>G",8,160,120.749587836156,121
"S3_epigenome_v4","Simulation_10","out","T>G",9,149,126.573071187417,126
"S3_epigenome_v4","Simulation_11","in","C>A",10,11184,10655.2853668872,10667
"S3_epigenome_v4","Simulation_11","in","C>A",3,240,66.7730293492791,67
"S3_epigenome_v4","Simulation_11","in","C>A",4,2438,878.247300550744,897
"S3_epigenome_v4","Simulation_11","in","C>A",5,5206,2360.06074580893,2382
"S3_epigenome_v4","Simulation_11","in","C>A",6,6027,3309.95337149557,3364
"S3_epigenome_v4","Simulation_11","in","C>A",7,5785,3761.77371180088,3879
"S3_epigenome_v4","Simulation_11","in","C>A",8,6524,4905.9046482864,4910
"S3_epigenome_v4","Simulation_11","in","C>A",9,7901,6735.10984263724,6738
"S3_epigenome_v4","Simulation_11","in","C>G",10,8729,8307.15961647016,8291
"S3_epigenome_v4","Simulation_11","in","C>G",2,1,0.170109251591671,0
"S3_epigenome_v4","Simulation_11","in","C>G",3,60,16.4598590662671,15
"S3_epigenome_v4","Simulation_11","in","C>G",4,646,233.409506994256,239
"S3_epigenome_v4","Simulation_11","in","C>G",5,1719,784.812416277146,778
"S3_epigenome_v4","Simulation_11","in","C>G",6,2431,1336.55927121981,1307
"S3_epigenome_v4","Simulation_11","in","C>G",7,2558,1665.4830833873,1681
"S3_epigenome_v4","Simulation_11","in","C>G",8,3053,2299.49810470395,2323
"S3_epigenome_v4","Simulation_11","in","C>G",9,4535,3874.40078115233,3877
"S3_epigenome_v4","Simulation_11","in","C>T",10,30327,29249.9795240339,29260
"S3_epigenome_v4","Simulation_11","in","C>T",3,313,86.649808568485,85
"S3_epigenome_v4","Simulation_11","in","C>T",4,2773,997.777795181338,1030
"S3_epigenome_v4","Simulation_11","in","C>T",5,5708,2595.1264050361,2654
"S3_epigenome_v4","Simulation_11","in","C>T",6,6926,3807.74743915669,3905
"S3_epigenome_v4","Simulation_11","in","C>T",7,7052,4587.33983043117,4643
"S3_epigenome_v4","Simulation_11","in","C>T",8,7857,5900.57715061382,5981
"S3_epigenome_v4","Simulation_11","in","C>T",9,10547,9003.4493379345,9001
"S3_epigenome_v4","Simulation_11","in","T>A",10,1898,1777.84025111284,1802
"S3_epigenome_v4","Simulation_11","in","T>A",3,157,43.7833045931038,45
"S3_epigenome_v4","Simulation_11","in","T>A",4,1505,542.16573383236,578
"S3_epigenome_v4","Simulation_11","in","T>A",5,2792,1265.03856423772,1296
"S3_epigenome_v4","Simulation_11","in","T>A",6,2913,1599.04953379275,1675
"S3_epigenome_v4","Simulation_11","in","T>A",7,2518,1630.41656979598,1668
"S3_epigenome_v4","Simulation_11","in","T>A",8,2375,1783.22837963905,1854
"S3_epigenome_v4","Simulation_11","in","T>A",9,2574,2192.34968354213,2226
"S3_epigenome_v4","Simulation_11","in","T>C",10,2308,2162.28337210704,2195
"S3_epigenome_v4","Simulation_11","in","T>C",3,96,26.5730455654493,24
"S3_epigenome_v4","Simulation_11","in","T>C",4,1327,481.034903334006,475
"S3_epigenome_v4","Simulation_11","in","T>C",5,3296,1500.72016383972,1582
"S3_epigenome_v4","Simulation_11","in","T>C",6,4049,2223.15361154083,2239
"S3_epigenome_v4","Simulation_11","in","T>C",7,3941,2556.97262398913,2640
"S3_epigenome_v4","Simulation_11","in","T>C",8,3751,2814.40490357033,2829
"S3_epigenome_v4","Simulation_11","in","T>C",9,3732,3172.70386172781,3202
"S3_epigenome_v4","Simulation_11","in","T>G",10,1047,987.338880107454,998
"S3_epigenome_v4","Simulation_11","in","T>G",3,15,4.0725664955482,3
"S3_epigenome_v4","Simulation_11","in","T>G",4,347,125.298796996888,136
"S3_epigenome_v4","Simulation_11","in","T>G",5,974,446.001555197647,466
"S3_epigenome_v4","Simulation_11","in","T>G",6,1276,701.479203721068,682
"S3_epigenome_v4","Simulation_11","in","T>G",7,1231,800.423018032326,817
"S3_epigenome_v4","Simulation_11","in","T>G",8,1241,929.97139289566,952
"S3_epigenome_v4","Simulation_11","in","T>G",9,1236,1052.11369550069,1055
"S3_epigenome_v4","Simulation_11","out","C>A",10,3247,3108.91418300543,3104
"S3_epigenome_v4","Simulation_11","out","C>A",2,1,0.183904126000981,0
"S3_epigenome_v4","Simulation_11","out","C>A",3,62,17.1925347999073,16
"S3_epigenome_v4","Simulation_11","out","C>A",4,610,221.531290920821,203
"S3_epigenome_v4","Simulation_11","out","C>A",5,1355,614.435813348419,645
"S3_epigenome_v4","Simulation_11","out","C>A",6,1441,790.418347334933,842
"S3_epigenome_v4","Simulation_11","out","C>A",7,1465,952.150681185071,966
"S3_epigenome_v4","Simulation_11","out","C>A",8,1549,1163.86949042313,1188
"S3_epigenome_v4","Simulation_11","out","C>A",9,1905,1621.77689872793,1633
"S3_epigenome_v4","Simulation_11","out","C>G",10,2080,1982.26717785868,1979
"S3_epigenome_v4","Simulation_11","out","C>G",3,13,3.65723936847819,4
"S3_epigenome_v4","Simulation_11","out","C>G",4,159,57.5927146891685,57
"S3_epigenome_v4","Simulation_11","out","C>G",5,451,206.563110214899,213
"S3_epigenome_v4","Simulation_11","out","C>G",6,691,380.047963931551,364
"S3_epigenome_v4","Simulation_11","out","C>G",7,635,413.421622812251,433
"S3_epigenome_v4","Simulation_11","out","C>G",8,809,608.09880989102,609
"S3_epigenome_v4","Simulation_11","out","C>G",9,1199,1023.68588727888,1011
"S3_epigenome_v4","Simulation_11","out","C>T",10,7072,6812.18958389444,6819
"S3_epigenome_v4","Simulation_11","out","C>T",3,68,18.6750948110992,16
"S3_epigenome_v4","Simulation_11","out","C>T",4,664,240.019242317208,229
"S3_epigenome_v4","Simulation_11","out","C>T",5,1483,675.276047260123,648
"S3_epigenome_v4","Simulation_11","out","C>T",6,1866,1026.71382971748,1035
"S3_epigenome_v4","Simulation_11","out","C>T",7,1797,1167.91024337905,1179
"S3_epigenome_v4","Simulation_11","out","C>T",8,2001,1501.15618779439,1530
"S3_epigenome_v4","Simulation_11","out","C>T",9,2748,2343.37265328451,2358
"S3_epigenome_v4","Simulation_11","out","T>A",10,531,498.747515614912,505
"S3_epigenome_v4","Simulation_11","out","T>A",3,36,9.81449921887982,10
"S3_epigenome_v4","Simulation_11","out","T>A",4,320,115.635618925869,123
"S3_epigenome_v4","Simulation_11","out","T>A",5,689,312.202264726875,312
"S3_epigenome_v4","Simulation_11","out","T>A",6,765,418.883874698427,445
"S3_epigenome_v4","Simulation_11","out","T>A",7,663,430.626961556582,461
"S3_epigenome_v4","Simulation_11","out","T>A",8,617,463.607513776029,486
"S3_epigenome_v4","Simulation_11","out","T>A",9,765,650.989793307237,662
"S3_epigenome_v4","Simulation_11","out","T>C",10,496,464.508134078957,468
"S3_epigenome_v4","Simulation_11","out","T>C",3,32,9.00307840322717,7
"S3_epigenome_v4","Simulation_11","out","T>C",4,351,127.520327065752,124
"S3_epigenome_v4","Simulation_11","out","T>C",5,791,360.115621668968,357
"S3_epigenome_v4","Simulation_11","out","T>C",6,1071,587.885266423595,610
"S3_epigenome_v4","Simulation_11","out","T>C",7,988,643.372112147287,662
"S3_epigenome_v4","Simulation_11","out","T>C",8,945,707.79537506895,731
"S3_epigenome_v4","Simulation_11","out","T>C",9,912,774.755900379961,794
"S3_epigenome_v4","Simulation_11","out","T>G",10,343,323.977074213004,328
"S3_epigenome_v4","Simulation_11","out","T>G",3,5,1.44398453638239,1
"S3_epigenome_v4","Simulation_11","out","T>G",4,93,33.5954982347864,37
"S3_epigenome_v4","Simulation_11","out","T>G",5,228,103.463029550171,114
"S3_epigenome_v4","Simulation_11","out","T>G",6,294,162.295603338076,164
"S3_epigenome_v4","Simulation_11","out","T>G",7,321,208.883135817105,214
"S3_epigenome_v4","Simulation_11","out","T>G",8,315,236.428716529127,236
"S3_epigenome_v4","Simulation_11","out","T>G",9,355,301.518364505111,301
"S3_epigenome_v4","Simulation_12","in","C>A",10,9030,8597.16373614308,8604
"S3_epigenome_v4","Simulation_12","in","C>A",3,244,67.810297836946,70
"S3_epigenome_v4","Simulation_12","in","C>A",4,2337,841.159670984933,873
"S3_epigenome_v4","Simulation_12","in","C>A",5,4094,1851.74284826544,1907
"S3_epigenome_v4","Simulation_12","in","C>A",6,4020,2207.03973641703,2214
"S3_epigenome_v4","Simulation_12","in","C>A",7,3929,2557.11722645639,2585
"S3_epigenome_v4","Simulation_12","in","C>A",8,4305,3232.45043573265,3226
"S3_epigenome_v4","Simulation_12","in","C>A",9,5603,4782.62554605892,4814
"S3_epigenome_v4","Simulation_12","in","C>G",10,4843,4619.58118591882,4629
"S3_epigenome_v4","Simulation_12","in","C>G",3,75,20.708852741145,22
"S3_epigenome_v4","Simulation_12","in","C>G",4,695,249.754373334299,272
"S3_epigenome_v4","Simulation_12","in","C>G",5,1351,611.297800197853,576
"S3_epigenome_v4","Simulation_12","in","C>G",6,1522,837.064456903903,822
"S3_epigenome_v4","Simulation_12","in","C>G",7,1455,946.994352159721,967
"S3_epigenome_v4","Simulation_12","in","C>G",8,1557,1168.42627485199,1183
"S3_epigenome_v4","Simulation_12","in","C>G",9,2362,2020.1197178939,2005
"S3_epigenome_v4","Simulation_12","in","C>T",10,22546,21490.1891529721,21540
"S3_epigenome_v4","Simulation_12","in","C>T",3,256,69.9010897338342,70
"S3_epigenome_v4","Simulation_12","in","C>T",4,1950,701.203001478217,707
"S3_epigenome_v4","Simulation_12","in","C>T",5,3983,1806.41576754233,1786
"S3_epigenome_v4","Simulation_12","in","C>T",6,4853,2669.0400073043,2675
"S3_epigenome_v4","Simulation_12","in","C>T",7,4880,3173.4367749183,3101
"S3_epigenome_v4","Simulation_12","in","C>T",8,5860,4410.20730655257,4378
"S3_epigenome_v4","Simulation_12","in","C>T",9,10064,8620.58194280449,8637
"S3_epigenome_v4","Simulation_12","in","T>A",10,544,505.453789044705,515
"S3_epigenome_v4","Simulation_12","in","T>A",3,134,37.3352280071273,43
"S3_epigenome_v4","Simulation_12","in","T>A",4,1225,440.257695448225,417
"S3_epigenome_v4","Simulation_12","in","T>A",5,2423,1096.85870078978,1127
"S3_epigenome_v4","Simulation_12","in","T>A",6,2315,1266.57316953595,1317
"S3_epigenome_v4","Simulation_12","in","T>A",7,1782,1157.7419498986,1147
"S3_epigenome_v4","Simulation_12","in","T>A",8,1455,1089.74480509608,1146
"S3_epigenome_v4","Simulation_12","in","T>A",9,1204,1020.33358914434,1027
"S3_epigenome_v4","Simulation_12","in","T>C",10,1938,1807.80857366307,1816
"S3_epigenome_v4","Simulation_12","in","T>C",3,147,40.7953483067417,37
"S3_epigenome_v4","Simulation_12","in","T>C",4,1260,454.120348594149,487
"S3_epigenome_v4","Simulation_12","in","T>C",5,2485,1125.23710128218,1128
"S3_epigenome_v4","Simulation_12","in","T>C",6,2637,1447.73722736933,1475
"S3_epigenome_v4","Simulation_12","in","T>C",7,2527,1644.1458278897,1686
"S3_epigenome_v4","Simulation_12","in","T>C",8,2873,2160.0724561874,2177
"S3_epigenome_v4","Simulation_12","in","T>C",9,3606,3069.98467533811,3152
"S3_epigenome_v4","Simulation_12","in","T>G",10,326,304.32608853927,303
"S3_epigenome_v4","Simulation_12","in","T>G",3,30,8.44663239526359,9
"S3_epigenome_v4","Simulation_12","in","T>G",4,360,129.891820118937,138
"S3_epigenome_v4","Simulation_12","in","T>G",5,827,375.279248057733,391
"S3_epigenome_v4","Simulation_12","in","T>G",6,960,528.182447330884,531
"S3_epigenome_v4","Simulation_12","in","T>G",7,879,571.247702946191,567
"S3_epigenome_v4","Simulation_12","in","T>G",8,706,528.563903404117,547
"S3_epigenome_v4","Simulation_12","in","T>G",9,663,563.086109687916,572
"S3_epigenome_v4","Simulation_12","out","C>A",10,1627,1547.90538961951,1534
"S3_epigenome_v4","Simulation_12","out","C>A",3,90,24.9892071028915,19
"S3_epigenome_v4","Simulation_12","out","C>A",4,657,236.788684934352,250
"S3_epigenome_v4","Simulation_12","out","C>A",5,1114,503.213610955238,547
"S3_epigenome_v4","Simulation_12","out","C>A",6,1017,557.172331804871,551
"S3_epigenome_v4","Simulation_12","out","C>A",7,973,632.766144906533,641
"S3_epigenome_v4","Simulation_12","out","C>A",8,1034,775.879209292437,783
"S3_epigenome_v4","Simulation_12","out","C>A",9,1241,1057.33690144467,1078
"S3_epigenome_v4","Simulation_12","out","C>G",10,1115,1064.77427425093,1063
"S3_epigenome_v4","Simulation_12","out","C>G",3,26,7.1684660427654,4
"S3_epigenome_v4","Simulation_12","out","C>G",4,157,56.622251620628,58
"S3_epigenome_v4","Simulation_12","out","C>G",5,343,155.530475954241,144
"S3_epigenome_v4","Simulation_12","out","C>G",6,400,220.594285331516,233
"S3_epigenome_v4","Simulation_12","out","C>G",7,371,242.033221658966,242
"S3_epigenome_v4","Simulation_12","out","C>G",8,458,345.155234245894,345
"S3_epigenome_v4","Simulation_12","out","C>G",9,573,490.048449260277,495
"S3_epigenome_v4","Simulation_12","out","C>T",10,5879,5601.35362076485,5578
"S3_epigenome_v4","Simulation_12","out","C>T",3,64,17.8095034227851,16
"S3_epigenome_v4","Simulation_12","out","C>T",4,478,171.909101570421,184
"S3_epigenome_v4","Simulation_12","out","C>T",5,1026,466.1790992148,471
"S3_epigenome_v4","Simulation_12","out","C>T",6,1275,701.146039047796,749
"S3_epigenome_v4","Simulation_12","out","C>T",7,1235,801.257440035835,834
"S3_epigenome_v4","Simulation_12","out","C>T",8,1471,1104.84710079438,1101
"S3_epigenome_v4","Simulation_12","out","C>T",9,2688,2302.34260582327,2308
"S3_epigenome_v4","Simulation_12","out","T>A",10,148,137.328076878099,140
"S3_epigenome_v4","Simulation_12","out","T>A",3,25,6.99834246091755,9
"S3_epigenome_v4","Simulation_12","out","T>A",4,307,110.417293312724,111
"S3_epigenome_v4","Simulation_12","out","T>A",5,631,284.854410831621,299
"S3_epigenome_v4","Simulation_12","out","T>A",6,637,348.963277101426,354
"S3_epigenome_v4","Simulation_12","out","T>A",7,465,301.562089338273,303
"S3_epigenome_v4","Simulation_12","out","T>A",8,376,281.589103982687,274
"S3_epigenome_v4","Simulation_12","out","T>A",9,340,290.015678260061,292
"S3_epigenome_v4","Simulation_12","out","T>C",10,529,494.437185114155,504
"S3_epigenome_v4","Simulation_12","out","T>C",3,28,7.88553135560802,11
"S3_epigenome_v4","Simulation_12","out","T>C",4,297,106.735353449161,117
"S3_epigenome_v4","Simulation_12","out","T>C",5,635,287.604793464928,316
"S3_epigenome_v4","Simulation_12","out","T>C",6,702,386.324640006542,410
"S3_epigenome_v4","Simulation_12","out","T>C",7,728,472.598010601757,479
"S3_epigenome_v4","Simulation_12","out","T>C",8,835,626.584810893394,655
"S3_epigenome_v4","Simulation_12","out","T>C",9,967,822.375678804622,853
"S3_epigenome_v4","Simulation_12","out","T>G",10,65,60.737167178431,61
"S3_epigenome_v4","Simulation_12","out","T>G",3,13,3.75766677198073,3
"S3_epigenome_v4","Simulation_12","out","T>G",4,80,29.1808695774231,30
"S3_epigenome_v4","Simulation_12","out","T>G",5,220,100.448411673224,114
"S3_epigenome_v4","Simulation_12","out","T>G",6,249,136.712546798643,153
"S3_epigenome_v4","Simulation_12","out","T>G",7,241,155.818950675356,156
"S3_epigenome_v4","Simulation_12","out","T>G",8,216,161.654910210585,164
"S3_epigenome_v4","Simulation_12","out","T>G",9,200,169.642262063695,177
"S3_epigenome_v4","Simulation_13","in","C>A",10,5189,4904.8930222388,4945
"S3_epigenome_v4","Simulation_13","in","C>A",3,221,61.0585262920238,69
"S3_epigenome_v4","Simulation_13","in","C>A",4,1650,595.569991956463,609
"S3_epigenome_v4","Simulation_13","in","C>A",5,3664,1661.15982279681,1615
"S3_epigenome_v4","Simulation_13","in","C>A",6,4078,2239.58659717604,2240
"S3_epigenome_v4","Simulation_13","in","C>A",7,4025,2613.95146430507,2621
"S3_epigenome_v4","Simulation_13","in","C>A",8,4258,3195.56690485412,3211
"S3_epigenome_v4","Simulation_13","in","C>A",9,5022,4282.40279302047,4307
"S3_epigenome_v4","Simulation_13","in","C>G",10,9875,9570.22188666362,9574
"S3_epigenome_v4","Simulation_13","in","C>G",3,99,26.9968071457242,31
"S3_epigenome_v4","Simulation_13","in","C>G",4,582,208.127314575024,212
"S3_epigenome_v4","Simulation_13","in","C>G",5,1164,527.365199619914,547
"S3_epigenome_v4","Simulation_13","in","C>G",6,1379,756.932086631812,726
"S3_epigenome_v4","Simulation_13","in","C>G",7,1353,879.127774207605,897
"S3_epigenome_v4","Simulation_13","in","C>G",8,1282,963.509993741317,981
"S3_epigenome_v4","Simulation_13","in","C>G",9,1974,1687.77458015484,1699
"S3_epigenome_v4","Simulation_13","in","C>T",10,52891,51444.3818614127,51478
"S3_epigenome_v4","Simulation_13","in","C>T",3,323,88.4578382596794,101
"S3_epigenome_v4","Simulation_13","in","C>T",4,1895,679.092319492031,692
"S3_epigenome_v4","Simulation_13","in","C>T",5,3273,1483.26590818941,1505
"S3_epigenome_v4","Simulation_13","in","C>T",6,3968,2183.54477020548,2220
"S3_epigenome_v4","Simulation_13","in","C>T",7,4122,2681.13574828875,2688
"S3_epigenome_v4","Simulation_13","in","C>T",8,5232,3935.31329405114,3941
"S3_epigenome_v4","Simulation_13","in","C>T",9,8926,7647.52477904522,7641
"S3_epigenome_v4","Simulation_13","in","T>A",10,1345,1267.75875467729,1274
"S3_epigenome_v4","Simulation_13","in","T>A",3,194,52.8784334477049,58
"S3_epigenome_v4","Simulation_13","in","T>A",4,971,348.194148074507,353
"S3_epigenome_v4","Simulation_13","in","T>A",5,1788,809.954893937226,829
"S3_epigenome_v4","Simulation_13","in","T>A",6,1907,1046.40077038116,1051
"S3_epigenome_v4","Simulation_13","in","T>A",7,1572,1019.48356455401,1044
"S3_epigenome_v4","Simulation_13","in","T>A",8,1413,1059.92047188083,1061
"S3_epigenome_v4","Simulation_13","in","T>A",9,1213,1031.807406828,1032
"S3_epigenome_v4","Simulation_13","in","T>C",10,3496,3324.17884331004,3316
"S3_epigenome_v4","Simulation_13","in","T>C",2,7,1.34715960140044,1
"S3_epigenome_v4","Simulation_13","in","T>C",3,217,59.4622892323158,56
"S3_epigenome_v4","Simulation_13","in","T>C",4,1257,450.621496853239,438
"S3_epigenome_v4","Simulation_13","in","T>C",5,2162,974.718392533822,971
"S3_epigenome_v4","Simulation_13","in","T>C",6,2109,1156.81030135263,1172
"S3_epigenome_v4","Simulation_13","in","T>C",7,1981,1284.94688288824,1303
"S3_epigenome_v4","Simulation_13","in","T>C",8,2083,1562.70652912947,1530
"S3_epigenome_v4","Simulation_13","in","T>C",9,2474,2107.32015745243,2094
"S3_epigenome_v4","Simulation_13","in","T>G",10,261,244.517223004648,244
"S3_epigenome_v4","Simulation_13","in","T>G",3,37,10.0874552404076,11
"S3_epigenome_v4","Simulation_13","in","T>G",4,397,142.71839917944,151
"S3_epigenome_v4","Simulation_13","in","T>G",5,774,349.232881815076,354
"S3_epigenome_v4","Simulation_13","in","T>G",6,784,428.565647931853,469
"S3_epigenome_v4","Simulation_13","in","T>G",7,561,363.323512919194,368
"S3_epigenome_v4","Simulation_13","in","T>G",8,539,403.813113533554,426
"S3_epigenome_v4","Simulation_13","in","T>G",9,500,424.891162488232,435
"S3_epigenome_v4","Simulation_13","out","C>A",10,1189,1122.58782139,1130
"S3_epigenome_v4","Simulation_13","out","C>A",3,50,13.786007915347,11
"S3_epigenome_v4","Simulation_13","out","C>A",4,365,132.129064798697,128
"S3_epigenome_v4","Simulation_13","out","C>A",5,857,389.129798492172,376
"S3_epigenome_v4","Simulation_13","out","C>A",6,979,537.191242623038,544
"S3_epigenome_v4","Simulation_13","out","C>A",7,982,639.425614767187,634
"S3_epigenome_v4","Simulation_13","out","C>A",8,987,741.806914901238,745
"S3_epigenome_v4","Simulation_13","out","C>A",9,1153,981.214103403046,985
"S3_epigenome_v4","Simulation_13","out","C>G",10,2160,2093.33661047622,2101
"S3_epigenome_v4","Simulation_13","out","C>G",3,26,7.11660968355331,6
"S3_epigenome_v4","Simulation_13","out","C>G",4,158,56.6061653929363,61
"S3_epigenome_v4","Simulation_13","out","C>G",5,303,137.52353205806,138
"S3_epigenome_v4","Simulation_13","out","C>G",6,318,174.843836832338,171
"S3_epigenome_v4","Simulation_13","out","C>G",7,284,184.27548463424,182
"S3_epigenome_v4","Simulation_13","out","C>G",8,318,238.508133657424,248
"S3_epigenome_v4","Simulation_13","out","C>G",9,473,405.014936536672,407
"S3_epigenome_v4","Simulation_13","out","C>T",10,13631,13276.0935000293,13257
"S3_epigenome_v4","Simulation_13","out","C>T",3,100,26.8619469499736,35
"S3_epigenome_v4","Simulation_13","out","C>T",4,472,169.659834959753,181
"S3_epigenome_v4","Simulation_13","out","C>T",5,799,362.024718432667,394
"S3_epigenome_v4","Simulation_13","out","C>T",6,932,511.647539196001,520
"S3_epigenome_v4","Simulation_13","out","C>T",7,999,649.85833300764,629
"S3_epigenome_v4","Simulation_13","out","C>T",8,1327,1001.24672552064,990
"S3_epigenome_v4","Simulation_13","out","C>T",9,2133,1824.96376225902,1810
"S3_epigenome_v4","Simulation_13","out","T>A",10,293,275.538093699763,281
"S3_epigenome_v4","Simulation_13","out","T>A",3,36,9.8675594564257,9
"S3_epigenome_v4","Simulation_13","out","T>A",4,225,81.1113297032213,79
"S3_epigenome_v4","Simulation_13","out","T>A",5,428,193.879124297352,201
"S3_epigenome_v4","Simulation_13","out","T>A",6,451,247.064491641763,249
"S3_epigenome_v4","Simulation_13","out","T>A",7,358,232.805025405925,231
"S3_epigenome_v4","Simulation_13","out","T>A",8,339,253.766131016375,251
"S3_epigenome_v4","Simulation_13","out","T>A",9,314,267.420623112944,259
"S3_epigenome_v4","Simulation_13","out","T>C",10,874,829.047858754518,829
"S3_epigenome_v4","Simulation_13","out","T>C",2,1,0.186853283871776,1
"S3_epigenome_v4","Simulation_13","out","T>C",3,60,16.234401838048,16
"S3_epigenome_v4","Simulation_13","out","T>C",4,294,106.134021558877,106
"S3_epigenome_v4","Simulation_13","out","T>C",5,510,229.536472151597,238
"S3_epigenome_v4","Simulation_13","out","T>C",6,471,257.817683357256,242
"S3_epigenome_v4","Simulation_13","out","T>C",7,471,305.075590150782,312
"S3_epigenome_v4","Simulation_13","out","T>C",8,493,370.333431276811,363
"S3_epigenome_v4","Simulation_13","out","T>C",9,610,518.0852886885,516
"S3_epigenome_v4","Simulation_13","out","T>G",10,52,48.4097326499525,52
"S3_epigenome_v4","Simulation_13","out","T>G",3,15,4.22182399425408,7
"S3_epigenome_v4","Simulation_13","out","T>G",4,104,36.8043996632979,33
"S3_epigenome_v4","Simulation_13","out","T>G",5,188,84.7817296286736,96
"S3_epigenome_v4","Simulation_13","out","T>G",6,205,111.772136507708,109
"S3_epigenome_v4","Simulation_13","out","T>G",7,166,107.1670081428,99
"S3_epigenome_v4","Simulation_13","out","T>G",8,120,89.5297887006749,92
"S3_epigenome_v4","Simulation_13","out","T>G",9,118,100.00967958487,102
"S3_epigenome_v4","Simulation_14","in","C>A",10,7240,6857.64455808202,6876
"S3_epigenome_v4","Simulation_14","in","C>A",3,286,79.3360407464664,87
"S3_epigenome_v4","Simulation_14","in","C>A",4,2561,926.213465194663,963
"S3_epigenome_v4","Simulation_14","in","C>A",5,5966,2711.79115910529,2740
"S3_epigenome_v4","Simulation_14","in","C>A",6,6839,3756.39082135066,3746
"S3_epigenome_v4","Simulation_14","in","C>A",7,6414,4166.26284441178,4193
"S3_epigenome_v4","Simulation_14","in","C>A",8,6389,4799.41839370119,4855
"S3_epigenome_v4","Simulation_14","in","C>A",9,6786,5779.31072620459,5825
"S3_epigenome_v4","Simulation_14","in","C>G",10,19519,18816.210700076,18837
"S3_epigenome_v4","Simulation_14","in","C>G",3,49,13.515383683984,11
"S3_epigenome_v4","Simulation_14","in","C>G",4,463,167.640113892049,163
"S3_epigenome_v4","Simulation_14","in","C>G",5,1502,690.101731456763,697
"S3_epigenome_v4","Simulation_14","in","C>G",6,2582,1417.31846641581,1434
"S3_epigenome_v4","Simulation_14","in","C>G",7,2950,1923.30299898738,1935
"S3_epigenome_v4","Simulation_14","in","C>G",8,3676,2765.30136217316,2790
"S3_epigenome_v4","Simulation_14","in","C>G",9,5775,4938.47631650824,4922
"S3_epigenome_v4","Simulation_14","in","C>T",10,29627,28357.0332818176,28347
"S3_epigenome_v4","Simulation_14","in","C>T",3,235,64.3810105873273,66
"S3_epigenome_v4","Simulation_14","in","C>T",4,2160,781.996229173199,790
"S3_epigenome_v4","Simulation_14","in","C>T",5,6140,2804.73797955883,2798
"S3_epigenome_v4","Simulation_14","in","C>T",6,8554,4701.12911435186,4696
"S3_epigenome_v4","Simulation_14","in","C>T",7,8266,5372.30451560564,5328
"S3_epigenome_v4","Simulation_14","in","C>T",8,9186,6905.57422654178,6959
"S3_epigenome_v4","Simulation_14","in","C>T",9,13377,11425.2776228215,11438
"S3_epigenome_v4","Simulation_14","in","T>A",10,7689,7324.47526539467,7343
"S3_epigenome_v4","Simulation_14","in","T>A",3,73,20.2946692124063,20
"S3_epigenome_v4","Simulation_14","in","T>A",4,804,291.984194581871,316
"S3_epigenome_v4","Simulation_14","in","T>A",5,2386,1088.44430341274,1131
"S3_epigenome_v4","Simulation_14","in","T>A",6,3276,1803.94815963244,1861
"S3_epigenome_v4","Simulation_14","in","T>A",7,3350,2179.29138651261,2175
"S3_epigenome_v4","Simulation_14","in","T>A",8,3708,2786.4643567868,2796
"S3_epigenome_v4","Simulation_14","in","T>A",9,4930,4211.10070014524,4238
"S3_epigenome_v4","Simulation_14","in","T>C",10,9596,9129.08258829974,9083
"S3_epigenome_v4","Simulation_14","in","T>C",3,74,20.3115540857039,20
"S3_epigenome_v4","Simulation_14","in","T>C",4,927,337.432028124806,354
"S3_epigenome_v4","Simulation_14","in","T>C",5,2948,1347.59244055876,1388
"S3_epigenome_v4","Simulation_14","in","T>C",6,4372,2402.6204235338,2426
"S3_epigenome_v4","Simulation_14","in","T>C",7,4590,2986.64803507265,2999
"S3_epigenome_v4","Simulation_14","in","T>C",8,5256,3951.86765856607,3948
"S3_epigenome_v4","Simulation_14","in","T>C",9,7047,6005.90498835839,6008
"S3_epigenome_v4","Simulation_14","in","T>G",10,5714,5474.76353010625,5445
"S3_epigenome_v4","Simulation_14","in","T>G",3,16,4.47473428100372,1
"S3_epigenome_v4","Simulation_14","in","T>G",4,197,71.3145990462442,70
"S3_epigenome_v4","Simulation_14","in","T>G",5,721,331.910190018674,330
"S3_epigenome_v4","Simulation_14","in","T>G",6,1243,682.51560923665,684
"S3_epigenome_v4","Simulation_14","in","T>G",7,1417,923.234489800818,926
"S3_epigenome_v4","Simulation_14","in","T>G",8,1723,1297.99978136824,1301
"S3_epigenome_v4","Simulation_14","in","T>G",9,2598,2223.34258191505,2247
"S3_epigenome_v4","Simulation_14","out","C>A",10,1836,1733.52380606513,1746
"S3_epigenome_v4","Simulation_14","out","C>A",3,62,17.0497816913484,9
"S3_epigenome_v4","Simulation_14","out","C>A",4,630,226.099196722426,215
"S3_epigenome_v4","Simulation_14","out","C>A",5,1457,664.404097032524,653
"S3_epigenome_v4","Simulation_14","out","C>A",6,1738,956.118806812792,947
"S3_epigenome_v4","Simulation_14","out","C>A",7,1665,1081.97469708133,1085
"S3_epigenome_v4","Simulation_14","out","C>A",8,1653,1240.99547406866,1240
"S3_epigenome_v4","Simulation_14","out","C>A",9,1866,1589.15393031189,1596
"S3_epigenome_v4","Simulation_14","out","C>G",10,5266,5076.69141971677,5094
"S3_epigenome_v4","Simulation_14","out","C>G",3,17,4.78159810891654,5
"S3_epigenome_v4","Simulation_14","out","C>G",4,122,44.1063906544923,53
"S3_epigenome_v4","Simulation_14","out","C>G",5,363,166.540142454159,164
"S3_epigenome_v4","Simulation_14","out","C>G",6,709,388.795891229161,391
"S3_epigenome_v4","Simulation_14","out","C>G",7,721,469.788363346411,477
"S3_epigenome_v4","Simulation_14","out","C>G",8,959,720.816224638873,731
"S3_epigenome_v4","Simulation_14","out","C>G",9,1573,1347.54654063471,1357
"S3_epigenome_v4","Simulation_14","out","C>T",10,6717,6419.47160246758,6408
"S3_epigenome_v4","Simulation_14","out","C>T",3,59,16.4367289701108,17
"S3_epigenome_v4","Simulation_14","out","C>T",4,598,216.039432234575,199
"S3_epigenome_v4","Simulation_14","out","C>T",5,1472,672.44716594497,645
"S3_epigenome_v4","Simulation_14","out","C>T",6,2069,1136.84915525674,1095
"S3_epigenome_v4","Simulation_14","out","C>T",7,1956,1272.23227272099,1303
"S3_epigenome_v4","Simulation_14","out","C>T",8,2267,1704.16236918196,1727
"S3_epigenome_v4","Simulation_14","out","C>T",9,3198,2729.79830775553,2744
"S3_epigenome_v4","Simulation_14","out","T>A",10,2071,1972.38090044817,1989
"S3_epigenome_v4","Simulation_14","out","T>A",3,17,4.66183218872516,10
"S3_epigenome_v4","Simulation_14","out","T>A",4,187,68.7058743108629,71
"S3_epigenome_v4","Simulation_14","out","T>A",5,597,272.590955650227,273
"S3_epigenome_v4","Simulation_14","out","T>A",6,852,468.46314763685,483
"S3_epigenome_v4","Simulation_14","out","T>A",7,855,557.393641355361,575
"S3_epigenome_v4","Simulation_14","out","T>A",8,989,742.238453106592,763
"S3_epigenome_v4","Simulation_14","out","T>A",9,1411,1204.82882515451,1212
"S3_epigenome_v4","Simulation_14","out","T>C",10,2179,2065.18303002319,2046
"S3_epigenome_v4","Simulation_14","out","T>C",3,16,4.51629913106959,4
"S3_epigenome_v4","Simulation_14","out","T>C",4,271,97.7546898614533,99
"S3_epigenome_v4","Simulation_14","out","T>C",5,765,349.701908928226,354
"S3_epigenome_v4","Simulation_14","out","T>C",6,1118,614.788611840646,601
"S3_epigenome_v4","Simulation_14","out","T>C",7,1196,778.94358399106,772
"S3_epigenome_v4","Simulation_14","out","T>C",8,1328,998.977941509172,1000
"S3_epigenome_v4","Simulation_14","out","T>C",9,1779,1517.84842446868,1511
"S3_epigenome_v4","Simulation_14","out","T>G",10,1476,1410.94480169172,1421
"S3_epigenome_v4","Simulation_14","out","T>G",3,2,0.506772780031852,0
"S3_epigenome_v4","Simulation_14","out","T>G",4,46,16.6375114446487,22
"S3_epigenome_v4","Simulation_14","out","T>G",5,155,71.0170683590051,62
"S3_epigenome_v4","Simulation_14","out","T>G",6,299,165.542364317049,158
"S3_epigenome_v4","Simulation_14","out","T>G",7,338,220.293891854192,229
"S3_epigenome_v4","Simulation_14","out","T>G",8,399,299.911170590023,300
"S3_epigenome_v4","Simulation_14","out","T>G",9,610,521.368823087561,545
"S3_epigenome_v4","Simulation_15","in","C>A",10,5477,5173.19940304529,5215
"S3_epigenome_v4","Simulation_15","in","C>A",3,244,67.2421404054484,70
"S3_epigenome_v4","Simulation_15","in","C>A",4,1754,631.331030893322,668
"S3_epigenome_v4","Simulation_15","in","C>A",5,3862,1758.34350593058,1792
"S3_epigenome_v4","Simulation_15","in","C>A",6,4427,2430.77461915964,2519
"S3_epigenome_v4","Simulation_15","in","C>A",7,4378,2847.51545549976,2907
"S3_epigenome_v4","Simulation_15","in","C>A",8,4730,3551.9063935695,3630
"S3_epigenome_v4","Simulation_15","in","C>A",9,5318,4525.53092418706,4597
"S3_epigenome_v4","Simulation_15","in","C>G",10,9671,9352.76270555136,9343
"S3_epigenome_v4","Simulation_15","in","C>G",3,121,33.0641854756914,31
"S3_epigenome_v4","Simulation_15","in","C>G",4,672,240.262093184105,246
"S3_epigenome_v4","Simulation_15","in","C>G",5,1212,551.018702750315,612
"S3_epigenome_v4","Simulation_15","in","C>G",6,1482,815.269287862821,833
"S3_epigenome_v4","Simulation_15","in","C>G",7,1373,892.847049238559,914
"S3_epigenome_v4","Simulation_15","in","C>G",8,1374,1031.90058035028,1058
"S3_epigenome_v4","Simulation_15","in","C>G",9,2245,1921.66295739336,1917
"S3_epigenome_v4","Simulation_15","in","C>T",10,87586,85732.8335308323,85712
"S3_epigenome_v4","Simulation_15","in","C>T",3,338,92.2482223432372,97
"S3_epigenome_v4","Simulation_15","in","C>T",4,1732,622.11568014463,646
"S3_epigenome_v4","Simulation_15","in","C>T",5,3525,1599.3124224155,1605
"S3_epigenome_v4","Simulation_15","in","C>T",6,4220,2320.46105506429,2368
"S3_epigenome_v4","Simulation_15","in","C>T",7,4588,2985.87404640934,2994
"S3_epigenome_v4","Simulation_15","in","C>T",8,5469,4122.04860074679,4175
"S3_epigenome_v4","Simulation_15","in","C>T",9,9505,8145.05045810258,8164
"S3_epigenome_v4","Simulation_15","in","T>A",10,2364,2240.30789499281,2251
"S3_epigenome_v4","Simulation_15","in","T>A",3,96,26.4594712453966,20
"S3_epigenome_v4","Simulation_15","in","T>A",4,809,290.428775217531,305
"S3_epigenome_v4","Simulation_15","in","T>A",5,1695,769.121008938243,798
"S3_epigenome_v4","Simulation_15","in","T>A",6,2032,1118.19108784213,1170
"S3_epigenome_v4","Simulation_15","in","T>A",7,1810,1176.95006403593,1241
"S3_epigenome_v4","Simulation_15","in","T>A",8,1954,1467.27751149425,1502
"S3_epigenome_v4","Simulation_15","in","T>A",9,2363,2011.18544545958,2022
"S3_epigenome_v4","Simulation_15","in","T>C",10,1126,1053.15182135451,1061
"S3_epigenome_v4","Simulation_15","in","T>C",3,193,53.6550344052759,50
"S3_epigenome_v4","Simulation_15","in","T>C",4,1303,465.916848675582,467
"S3_epigenome_v4","Simulation_15","in","T>C",5,2515,1140.5035433952,1171
"S3_epigenome_v4","Simulation_15","in","T>C",6,2666,1460.84668759263,1512
"S3_epigenome_v4","Simulation_15","in","T>C",7,2396,1555.50245299114,1635
"S3_epigenome_v4","Simulation_15","in","T>C",8,2328,1744.56879161705,1789
"S3_epigenome_v4","Simulation_15","in","T>C",9,2051,1739.75032110183,1775
"S3_epigenome_v4","Simulation_15","in","T>G",10,194,178.992852153371,184
"S3_epigenome_v4","Simulation_15","in","T>G",2,1,0.182589134816417,0
"S3_epigenome_v4","Simulation_15","in","T>G",3,39,10.78101824766,13
"S3_epigenome_v4","Simulation_15","in","T>G",4,329,118.605110497968,126
"S3_epigenome_v4","Simulation_15","in","T>G",5,715,325.015725184036,354
"S3_epigenome_v4","Simulation_15","in","T>G",6,841,462.013274335117,472
"S3_epigenome_v4","Simulation_15","in","T>G",7,769,498.7092948641,517
"S3_epigenome_v4","Simulation_15","in","T>G",8,686,513.185907312439,539
"S3_epigenome_v4","Simulation_15","in","T>G",9,594,502.896160646956,531
"S3_epigenome_v4","Simulation_15","out","C>A",10,1490,1409.73178865431,1409
"S3_epigenome_v4","Simulation_15","out","C>A",3,82,22.6876136361239,34
"S3_epigenome_v4","Simulation_15","out","C>A",4,451,161.969579371525,167
"S3_epigenome_v4","Simulation_15","out","C>A",5,1033,467.888567221593,479
"S3_epigenome_v4","Simulation_15","out","C>A",6,1198,657.985486470156,632
"S3_epigenome_v4","Simulation_15","out","C>A",7,1190,773.752798063224,761
"S3_epigenome_v4","Simulation_15","out","C>A",8,1249,939.206556160691,961
"S3_epigenome_v4","Simulation_15","out","C>A",9,1374,1172.03242813417,1184
"S3_epigenome_v4","Simulation_15","out","C>G",10,2113,2038.30040601236,2023
"S3_epigenome_v4","Simulation_15","out","C>G",3,22,6.00076908887412,5
"S3_epigenome_v4","Simulation_15","out","C>G",4,176,63.400546907084,68
"S3_epigenome_v4","Simulation_15","out","C>G",5,350,159.731547811656,166
"S3_epigenome_v4","Simulation_15","out","C>G",6,418,229.282606304063,223
"S3_epigenome_v4","Simulation_15","out","C>G",7,395,255.826564983584,253
"S3_epigenome_v4","Simulation_15","out","C>G",8,360,269.93992539983,276
"S3_epigenome_v4","Simulation_15","out","C>G",9,620,530.500097796738,532
"S3_epigenome_v4","Simulation_15","out","C>T",10,21114,20667.3498303249,20673
"S3_epigenome_v4","Simulation_15","out","C>T",3,80,21.9526868300014,22
"S3_epigenome_v4","Simulation_15","out","C>T",4,482,173.051214923084,177
"S3_epigenome_v4","Simulation_15","out","C>T",5,952,432.269425150871,410
"S3_epigenome_v4","Simulation_15","out","C>T",6,1187,652.850419386254,634
"S3_epigenome_v4","Simulation_15","out","C>T",7,1208,784.819235950261,766
"S3_epigenome_v4","Simulation_15","out","C>T",8,1368,1027.62739939956,1040
"S3_epigenome_v4","Simulation_15","out","C>T",9,2317,1982.60335652104,1998
"S3_epigenome_v4","Simulation_15","out","T>A",10,663,629.020950827377,633
"S3_epigenome_v4","Simulation_15","out","T>A",3,31,8.56943655569058,11
"S3_epigenome_v4","Simulation_15","out","T>A",4,227,82.4353557494229,97
"S3_epigenome_v4","Simulation_15","out","T>A",5,478,216.715831437893,232
"S3_epigenome_v4","Simulation_15","out","T>A",6,494,270.602283054794,273
"S3_epigenome_v4","Simulation_15","out","T>A",7,537,348.762267360348,346
"S3_epigenome_v4","Simulation_15","out","T>A",8,492,370.051413885568,387
"S3_epigenome_v4","Simulation_15","out","T>A",9,628,533.873963700551,539
"S3_epigenome_v4","Simulation_15","out","T>C",10,263,245.514201625783,252
"S3_epigenome_v4","Simulation_15","out","T>C",3,56,15.7131162173843,11
"S3_epigenome_v4","Simulation_15","out","T>C",4,345,123.939186913165,135
"S3_epigenome_v4","Simulation_15","out","T>C",5,703,317.996002897466,324
"S3_epigenome_v4","Simulation_15","out","T>C",6,773,425.459907777948,451
"S3_epigenome_v4","Simulation_15","out","T>C",7,612,397.118147828703,404
"S3_epigenome_v4","Simulation_15","out","T>C",8,599,447.803746807711,467
"S3_epigenome_v4","Simulation_15","out","T>C",9,505,428.05871317287,436
"S3_epigenome_v4","Simulation_15","out","T>G",10,50,46.1595389827092,45
"S3_epigenome_v4","Simulation_15","out","T>G",3,15,4.10676229364366,7
"S3_epigenome_v4","Simulation_15","out","T>G",4,93,33.8233794147435,33
"S3_epigenome_v4","Simulation_15","out","T>G",5,226,102.940722894364,107
"S3_epigenome_v4","Simulation_15","out","T>G",6,223,123.066067521475,128
"S3_epigenome_v4","Simulation_15","out","T>G",7,230,149.165763309309,150
"S3_epigenome_v4","Simulation_15","out","T>G",8,161,121.016802566952,132
"S3_epigenome_v4","Simulation_15","out","T>G",9,146,123.688433016253,132
"S3_epigenome_v4","Simulation_16","in","C>A",10,3119,2920.24579878296,2913
"S3_epigenome_v4","Simulation_16","in","C>A",3,278,77.0919816750716,84
"S3_epigenome_v4","Simulation_16","in","C>A",4,2569,927.388165913717,911
"S3_epigenome_v4","Simulation_16","in","C>A",5,5614,2548.29344379329,2560
"S3_epigenome_v4","Simulation_16","in","C>A",6,5956,3273.33655687361,3291
"S3_epigenome_v4","Simulation_16","in","C>A",7,5401,3508.92816778776,3538
"S3_epigenome_v4","Simulation_16","in","C>A",8,5387,4039.77495322091,4029
"S3_epigenome_v4","Simulation_16","in","C>A",9,5115,4343.58440175808,4363
"S3_epigenome_v4","Simulation_16","in","C>G",10,12162,11687.7909866604,11732
"S3_epigenome_v4","Simulation_16","in","C>G",3,55,15.2704507771017,15
"S3_epigenome_v4","Simulation_16","in","C>G",4,558,200.181871381221,205
"S3_epigenome_v4","Simulation_16","in","C>G",5,1474,671.17263925643,656
"S3_epigenome_v4","Simulation_16","in","C>G",6,2047,1124.65378890912,1171
"S3_epigenome_v4","Simulation_16","in","C>G",7,2200,1431.74944673698,1443
"S3_epigenome_v4","Simulation_16","in","C>G",8,2675,2013.91028779838,2053
"S3_epigenome_v4","Simulation_16","in","C>G",9,4348,3719.38155159003,3757
"S3_epigenome_v4","Simulation_16","in","C>T",10,37904,36604.8758756186,36571
"S3_epigenome_v4","Simulation_16","in","C>T",2,1,0.175289864402778,0
"S3_epigenome_v4","Simulation_16","in","C>T",3,255,69.9249628455573,73
"S3_epigenome_v4","Simulation_16","in","C>T",4,1887,677.765182327744,692
"S3_epigenome_v4","Simulation_16","in","C>T",5,4402,2004.58166001998,2005
"S3_epigenome_v4","Simulation_16","in","C>T",6,6049,3327.07533824877,3362
"S3_epigenome_v4","Simulation_16","in","C>T",7,6105,3972.17396008116,4021
"S3_epigenome_v4","Simulation_16","in","C>T",8,7138,5366.72590434466,5361
"S3_epigenome_v4","Simulation_16","in","C>T",9,10526,8998.0631311427,9044
"S3_epigenome_v4","Simulation_16","in","T>A",10,2806,2639.15752029204,2625
"S3_epigenome_v4","Simulation_16","in","T>A",3,81,22.5709106345025,16
"S3_epigenome_v4","Simulation_16","in","T>A",4,851,306.530709061092,296
"S3_epigenome_v4","Simulation_16","in","T>A",5,2031,927.210685384977,919
"S3_epigenome_v4","Simulation_16","in","T>A",6,2699,1484.3268837399,1426
"S3_epigenome_v4","Simulation_16","in","T>A",7,2806,1824.53284680218,1805
"S3_epigenome_v4","Simulation_16","in","T>A",8,2968,2227.52120172998,2265
"S3_epigenome_v4","Simulation_16","in","T>A",9,3426,2914.2774203627,2934
"S3_epigenome_v4","Simulation_16","in","T>C",10,5838,5539.04691318321,5554
"S3_epigenome_v4","Simulation_16","in","T>C",3,70,19.7628554847089,19
"S3_epigenome_v4","Simulation_16","in","T>C",4,918,334.358885515417,333
"S3_epigenome_v4","Simulation_16","in","T>C",5,2545,1160.58842067712,1150
"S3_epigenome_v4","Simulation_16","in","T>C",6,3730,2049.65849858222,2055
"S3_epigenome_v4","Simulation_16","in","T>C",7,3582,2330.22868498335,2326
"S3_epigenome_v4","Simulation_16","in","T>C",8,3836,2880.34915845128,2928
"S3_epigenome_v4","Simulation_16","in","T>C",9,4784,4075.91509932307,4092
"S3_epigenome_v4","Simulation_16","in","T>G",10,1323,1246.82497356002,1258
"S3_epigenome_v4","Simulation_16","in","T>G",3,24,6.61125835676112,4
"S3_epigenome_v4","Simulation_16","in","T>G",4,278,101.267819968196,112
"S3_epigenome_v4","Simulation_16","in","T>G",5,746,339.554750818577,338
"S3_epigenome_v4","Simulation_16","in","T>G",6,1071,587.733839038722,605
"S3_epigenome_v4","Simulation_16","in","T>G",7,1137,739.566237031542,752
"S3_epigenome_v4","Simulation_16","in","T>G",8,1179,885.493800999379,914
"S3_epigenome_v4","Simulation_16","in","T>G",9,1319,1122.52039186416,1122
"S3_epigenome_v4","Simulation_16","out","C>A",10,978,917.267166369658,917
"S3_epigenome_v4","Simulation_16","out","C>A",3,69,18.9987980045539,20
"S3_epigenome_v4","Simulation_16","out","C>A",4,561,202.521085684933,189
"S3_epigenome_v4","Simulation_16","out","C>A",5,1258,571.725055843832,581
"S3_epigenome_v4","Simulation_16","out","C>A",6,1406,772.731942546466,783
"S3_epigenome_v4","Simulation_16","out","C>A",7,1370,889.911904309867,923
"S3_epigenome_v4","Simulation_16","out","C>A",8,1356,1018.45135559111,1020
"S3_epigenome_v4","Simulation_16","out","C>A",9,1401,1189.32439421371,1162
"S3_epigenome_v4","Simulation_16","out","C>G",10,3610,3470.28730120506,3463
"S3_epigenome_v4","Simulation_16","out","C>G",3,18,5.07789060488353,6
"S3_epigenome_v4","Simulation_16","out","C>G",4,132,47.4304723942938,47
"S3_epigenome_v4","Simulation_16","out","C>G",5,343,156.28596244799,146
"S3_epigenome_v4","Simulation_16","out","C>G",6,481,263.824905590705,265
"S3_epigenome_v4","Simulation_16","out","C>G",7,493,321.219563089506,335
"S3_epigenome_v4","Simulation_16","out","C>G",8,627,472.201293276938,471
"S3_epigenome_v4","Simulation_16","out","C>G",9,1049,898.69904466022,912
"S3_epigenome_v4","Simulation_16","out","C>T",10,8134,7841.06541548515,7830
"S3_epigenome_v4","Simulation_16","out","C>T",3,72,19.7868735985775,19
"S3_epigenome_v4","Simulation_16","out","C>T",4,483,173.639994483518,182
"S3_epigenome_v4","Simulation_16","out","C>T",5,1084,493.577265285141,515
"S3_epigenome_v4","Simulation_16","out","C>T",6,1395,767.896848487413,756
"S3_epigenome_v4","Simulation_16","out","C>T",7,1336,867.382660096435,889
"S3_epigenome_v4","Simulation_16","out","C>T",8,1689,1270.01675719721,1287
"S3_epigenome_v4","Simulation_16","out","C>T",9,2366,2022.31862322934,2017
"S3_epigenome_v4","Simulation_16","out","T>A",10,916,863.916633142475,860
"S3_epigenome_v4","Simulation_16","out","T>A",3,31,8.6953792162868,8
"S3_epigenome_v4","Simulation_16","out","T>A",4,197,71.4896521840707,69
"S3_epigenome_v4","Simulation_16","out","T>A",5,474,216.794107823746,201
"S3_epigenome_v4","Simulation_16","out","T>A",6,588,322.172518425031,327
"S3_epigenome_v4","Simulation_16","out","T>A",7,670,436.050415197484,434
"S3_epigenome_v4","Simulation_16","out","T>A",8,730,549.31711852247,546
"S3_epigenome_v4","Simulation_16","out","T>A",9,895,762.041344208031,760
"S3_epigenome_v4","Simulation_16","out","T>C",10,1016,961.75029171257,972
"S3_epigenome_v4","Simulation_16","out","T>C",3,17,4.66895400764789,2
"S3_epigenome_v4","Simulation_16","out","T>C",4,228,82.021907569228,91
"S3_epigenome_v4","Simulation_16","out","T>C",5,646,293.75842121073,302
"S3_epigenome_v4","Simulation_16","out","T>C",6,909,498.757966413681,493
"S3_epigenome_v4","Simulation_16","out","T>C",7,961,624.548224204101,642
"S3_epigenome_v4","Simulation_16","out","T>C",8,914,685.899763246551,682
"S3_epigenome_v4","Simulation_16","out","T>C",9,1057,900.196572631618,898
"S3_epigenome_v4","Simulation_16","out","T>G",10,303,284.530255703251,287
"S3_epigenome_v4","Simulation_16","out","T>G",3,9,2.56504404662709,1
"S3_epigenome_v4","Simulation_16","out","T>G",4,86,30.7669032405038,34
"S3_epigenome_v4","Simulation_16","out","T>G",5,179,81.2694791828731,77
"S3_epigenome_v4","Simulation_16","out","T>G",6,252,138.653703709847,134
"S3_epigenome_v4","Simulation_16","out","T>G",7,257,166.978995248209,181
"S3_epigenome_v4","Simulation_16","out","T>G",8,235,176.712344727807,182
"S3_epigenome_v4","Simulation_16","out","T>G",9,316,268.69323372857,270
"S3_epigenome_v4","Simulation_17","in","C>A",10,8523,8122.79998390015,8147
"S3_epigenome_v4","Simulation_17","in","C>A",3,318,88.0357567701541,97
"S3_epigenome_v4","Simulation_17","in","C>A",4,2144,772.92768242197,768
"S3_epigenome_v4","Simulation_17","in","C>A",5,4626,2096.50191934461,2072
"S3_epigenome_v4","Simulation_17","in","C>A",6,5113,2806.22931786877,2802
"S3_epigenome_v4","Simulation_17","in","C>A",7,4869,3161.51111284965,3147
"S3_epigenome_v4","Simulation_17","in","C>A",8,5001,3754.97039375766,3721
"S3_epigenome_v4","Simulation_17","in","C>A",9,5674,4834.09194996546,4835
"S3_epigenome_v4","Simulation_17","in","C>G",10,13043,12627.3597563081,12636
"S3_epigenome_v4","Simulation_17","in","C>G",3,191,52.3761455446865,58
"S3_epigenome_v4","Simulation_17","in","C>G",4,984,350.34209894329,359
"S3_epigenome_v4","Simulation_17","in","C>G",5,1396,631.575110129106,636
"S3_epigenome_v4","Simulation_17","in","C>G",6,1400,769.059160944602,797
"S3_epigenome_v4","Simulation_17","in","C>G",7,1268,824.684213565583,842
"S3_epigenome_v4","Simulation_17","in","C>G",8,1468,1104.7913655349,1123
"S3_epigenome_v4","Simulation_17","in","C>G",9,2649,2269.1187289764,2255
"S3_epigenome_v4","Simulation_17","in","C>T",10,36509,35365.6475935106,35434
"S3_epigenome_v4","Simulation_17","in","C>T",2,2,0.375415447159531,0
"S3_epigenome_v4","Simulation_17","in","C>T",3,487,132.865413087681,136
"S3_epigenome_v4","Simulation_17","in","C>T",4,2293,818.429080935926,831
"S3_epigenome_v4","Simulation_17","in","C>T",5,4342,1971.98987880416,1971
"S3_epigenome_v4","Simulation_17","in","C>T",6,5069,2785.13442605095,2790
"S3_epigenome_v4","Simulation_17","in","C>T",7,5342,3475.64113878302,3523
"S3_epigenome_v4","Simulation_17","in","C>T",8,6139,4618.64440405699,4666
"S3_epigenome_v4","Simulation_17","in","C>T",9,9053,7736.82411573848,7751
"S3_epigenome_v4","Simulation_17","in","T>A",10,326,303.28177941796,296
"S3_epigenome_v4","Simulation_17","in","T>A",3,164,45.549450227852,33
"S3_epigenome_v4","Simulation_17","in","T>A",4,1255,452.04901274681,487
"S3_epigenome_v4","Simulation_17","in","T>A",5,2371,1073.22241520491,1104
"S3_epigenome_v4","Simulation_17","in","T>A",6,2383,1307.97213055717,1341
"S3_epigenome_v4","Simulation_17","in","T>A",7,2110,1371.89644608038,1363
"S3_epigenome_v4","Simulation_17","in","T>A",8,2220,1667.66089640638,1717
"S3_epigenome_v4","Simulation_17","in","T>A",9,1470,1240.86033259395,1218
"S3_epigenome_v4","Simulation_17","in","T>C",10,985,916.202289979192,929
"S3_epigenome_v4","Simulation_17","in","T>C",2,2,0.387177000389718,0
"S3_epigenome_v4","Simulation_17","in","T>C",3,296,81.1665441053765,80
"S3_epigenome_v4","Simulation_17","in","T>C",4,1622,580.615170098682,604
"S3_epigenome_v4","Simulation_17","in","T>C",5,2756,1245.36482996094,1322
"S3_epigenome_v4","Simulation_17","in","T>C",6,2709,1484.73376669071,1531
"S3_epigenome_v4","Simulation_17","in","T>C",7,2494,1619.16746532711,1612
"S3_epigenome_v4","Simulation_17","in","T>C",8,2384,1790.3989224879,1823
"S3_epigenome_v4","Simulation_17","in","T>C",9,2294,1944.08753653619,1931
"S3_epigenome_v4","Simulation_17","in","T>G",10,397,371.796953035379,373
"S3_epigenome_v4","Simulation_17","in","T>G",3,60,16.6986667337148,15
"S3_epigenome_v4","Simulation_17","in","T>G",4,528,188.587103362737,180
"S3_epigenome_v4","Simulation_17","in","T>G",5,841,378.707249630371,365
"S3_epigenome_v4","Simulation_17","in","T>G",6,850,468.318397383171,505
"S3_epigenome_v4","Simulation_17","in","T>G",7,709,460.981863084713,485
"S3_epigenome_v4","Simulation_17","in","T>G",8,695,519.85859807659,534
"S3_epigenome_v4","Simulation_17","in","T>G",9,635,540.39931877544,543
"S3_epigenome_v4","Simulation_17","out","C>A",10,2063,1966.72822548015,1976
"S3_epigenome_v4","Simulation_17","out","C>A",3,70,19.7154680480662,19
"S3_epigenome_v4","Simulation_17","out","C>A",4,581,208.819774346084,216
"S3_epigenome_v4","Simulation_17","out","C>A",5,1037,469.282327589989,457
"S3_epigenome_v4","Simulation_17","out","C>A",6,1260,690.999514587523,717
"S3_epigenome_v4","Simulation_17","out","C>A",7,1184,769.999972807694,776
"S3_epigenome_v4","Simulation_17","out","C>A",8,1245,936.567442900038,931
"S3_epigenome_v4","Simulation_17","out","C>A",9,1322,1125.22288807668,1131
"S3_epigenome_v4","Simulation_17","out","C>G",10,2814,2725.94222424028,2713
"S3_epigenome_v4","Simulation_17","out","C>G",3,49,13.435793894046,10
"S3_epigenome_v4","Simulation_17","out","C>G",4,232,82.4756884394948,83
"S3_epigenome_v4","Simulation_17","out","C>G",5,347,156.862520534139,150
"S3_epigenome_v4","Simulation_17","out","C>G",6,326,179.494177080657,191
"S3_epigenome_v4","Simulation_17","out","C>G",7,352,228.966438110539,229
"S3_epigenome_v4","Simulation_17","out","C>G",8,379,284.852746874381,300
"S3_epigenome_v4","Simulation_17","out","C>G",9,595,508.672731168198,500
"S3_epigenome_v4","Simulation_17","out","C>T",10,10833,10532.1032052304,10546
"S3_epigenome_v4","Simulation_17","out","C>T",2,1,0.192278461693073,0
"S3_epigenome_v4","Simulation_17","out","C>T",3,104,28.6321703747553,30
"S3_epigenome_v4","Simulation_17","out","C>T",4,561,200.081053290242,206
"S3_epigenome_v4","Simulation_17","out","C>T",5,1010,459.137027688286,471
"S3_epigenome_v4","Simulation_17","out","C>T",6,1152,634.827952540967,638
"S3_epigenome_v4","Simulation_17","out","C>T",7,1250,814.632862306154,790
"S3_epigenome_v4","Simulation_17","out","C>T",8,1490,1118.88561809205,1107
"S3_epigenome_v4","Simulation_17","out","C>T",9,2323,1988.61004244767,2022
"S3_epigenome_v4","Simulation_17","out","T>A",10,101,93.6145480508086,87
"S3_epigenome_v4","Simulation_17","out","T>A",3,39,10.6982589699276,10
"S3_epigenome_v4","Simulation_17","out","T>A",4,302,109.098240640692,117
"S3_epigenome_v4","Simulation_17","out","T>A",5,523,236.544616216592,245
"S3_epigenome_v4","Simulation_17","out","T>A",6,629,345.396532198717,344
"S3_epigenome_v4","Simulation_17","out","T>A",7,523,339.406724650739,376
"S3_epigenome_v4","Simulation_17","out","T>A",8,525,393.559522977009,414
"S3_epigenome_v4","Simulation_17","out","T>A",9,442,372.789791672422,382
"S3_epigenome_v4","Simulation_17","out","T>C",10,240,222.68312317619,225
"S3_epigenome_v4","Simulation_17","out","T>C",3,58,15.6912341646497,18
"S3_epigenome_v4","Simulation_17","out","T>C",4,387,138.309178376344,134
"S3_epigenome_v4","Simulation_17","out","T>C",5,649,293.651831133257,279
"S3_epigenome_v4","Simulation_17","out","T>C",6,649,356.850295701467,353
"S3_epigenome_v4","Simulation_17","out","T>C",7,618,401.398339068166,390
"S3_epigenome_v4","Simulation_17","out","T>C",8,568,426.71726803577,430
"S3_epigenome_v4","Simulation_17","out","T>C",9,548,465.356698432916,449
"S3_epigenome_v4","Simulation_17","out","T>G",10,100,93.8400528261477,95
"S3_epigenome_v4","Simulation_17","out","T>G",3,19,5.33553028844977,9
"S3_epigenome_v4","Simulation_17","out","T>G",4,129,46.1947356950798,46
"S3_epigenome_v4","Simulation_17","out","T>G",5,201,90.4990819806624,91
"S3_epigenome_v4","Simulation_17","out","T>G",6,175,96.4983708252822,98
"S3_epigenome_v4","Simulation_17","out","T>G",7,174,112.148734389945,117
"S3_epigenome_v4","Simulation_17","out","T>G",8,176,132.565954256864,136
"S3_epigenome_v4","Simulation_17","out","T>G",9,157,133.187389588377,139
"S3_epigenome_v4","Simulation_18","in","C>A",10,3162,2962.99971524759,2972
"S3_epigenome_v4","Simulation_18","in","C>A",3,277,76.9890939446272,72
"S3_epigenome_v4","Simulation_18","in","C>A",4,2450,879.527146534451,895
"S3_epigenome_v4","Simulation_18","in","C>A",5,4669,2111.92142852582,2132
"S3_epigenome_v4","Simulation_18","in","C>A",6,4689,2573.78904132039,2635
"S3_epigenome_v4","Simulation_18","in","C>A",7,4379,2844.6547784226,2912
"S3_epigenome_v4","Simulation_18","in","C>A",8,4271,3204.84312784592,3246
"S3_epigenome_v4","Simulation_18","in","C>A",9,4547,3862.73751216235,3844
"S3_epigenome_v4","Simulation_18","in","C>G",10,18213,17661.1145422657,17672
"S3_epigenome_v4","Simulation_18","in","C>G",2,1,0.186586164972279,0
"S3_epigenome_v4","Simulation_18","in","C>G",3,50,13.671949620304,10
"S3_epigenome_v4","Simulation_18","in","C>G",4,487,177.773881196724,184
"S3_epigenome_v4","Simulation_18","in","C>G",5,1396,640.821223766451,596
"S3_epigenome_v4","Simulation_18","in","C>G",6,2045,1123.2603674787,1106
"S3_epigenome_v4","Simulation_18","in","C>G",7,2221,1447.92777232759,1462
"S3_epigenome_v4","Simulation_18","in","C>G",8,2605,1958.38566469573,1978
"S3_epigenome_v4","Simulation_18","in","C>G",9,4134,3535.82754549409,3555
"S3_epigenome_v4","Simulation_18","in","C>T",10,29886,28891.2060942366,28890
"S3_epigenome_v4","Simulation_18","in","C>T",3,207,56.9251455431214,59
"S3_epigenome_v4","Simulation_18","in","C>T",4,2038,736.139795921736,749
"S3_epigenome_v4","Simulation_18","in","C>T",5,4978,2265.38099754788,2207
"S3_epigenome_v4","Simulation_18","in","C>T",6,6128,3369.14946583754,3383
"S3_epigenome_v4","Simulation_18","in","C>T",7,5968,3877.84968625051,3895
"S3_epigenome_v4","Simulation_18","in","C>T",8,6555,4924.01404951085,4996
"S3_epigenome_v4","Simulation_18","in","C>T",9,9009,7695.6622739614,7729
"S3_epigenome_v4","Simulation_18","in","T>A",10,2318,2184.36051610342,2167
"S3_epigenome_v4","Simulation_18","in","T>A",3,109,30.1117705997877,27
"S3_epigenome_v4","Simulation_18","in","T>A",4,968,350.310543666406,356
"S3_epigenome_v4","Simulation_18","in","T>A",5,2221,1005.79060938841,1001
"S3_epigenome_v4","Simulation_18","in","T>A",6,2362,1294.75819281876,1286
"S3_epigenome_v4","Simulation_18","in","T>A",7,2100,1364.6513856044,1385
"S3_epigenome_v4","Simulation_18","in","T>A",8,2151,1613.45160661318,1636
"S3_epigenome_v4","Simulation_18","in","T>A",9,2293,1952.30082664722,1950
"S3_epigenome_v4","Simulation_18","in","T>C",10,2904,2730.81478746448,2728
"S3_epigenome_v4","Simulation_18","in","T>C",2,1,0.188458085472456,0
"S3_epigenome_v4","Simulation_18","in","T>C",3,76,21.2162077199251,18
"S3_epigenome_v4","Simulation_18","in","T>C",4,880,319.854207415913,305
"S3_epigenome_v4","Simulation_18","in","T>C",5,2774,1270.49581772126,1288
"S3_epigenome_v4","Simulation_18","in","T>C",6,3953,2169.58978144184,2187
"S3_epigenome_v4","Simulation_18","in","T>C",7,3874,2514.3046597949,2545
"S3_epigenome_v4","Simulation_18","in","T>C",8,3803,2853.60568879296,2899
"S3_epigenome_v4","Simulation_18","in","T>C",9,3803,3232.3937104567,3255
"S3_epigenome_v4","Simulation_18","in","T>G",10,1619,1530.2782171888,1544
"S3_epigenome_v4","Simulation_18","in","T>G",3,20,5.61586423754008,7
"S3_epigenome_v4","Simulation_18","in","T>G",4,243,87.6864439458697,88
"S3_epigenome_v4","Simulation_18","in","T>G",5,657,301.805865964851,300
"S3_epigenome_v4","Simulation_18","in","T>G",6,1109,609.543098225251,633
"S3_epigenome_v4","Simulation_18","in","T>G",7,1145,744.820361754994,737
"S3_epigenome_v4","Simulation_18","in","T>G",8,1269,955.416174758072,964
"S3_epigenome_v4","Simulation_18","in","T>G",9,1387,1180.81646862261,1158
"S3_epigenome_v4","Simulation_18","out","C>A",10,672,628.653561011372,638
"S3_epigenome_v4","Simulation_18","out","C>A",3,74,20.6082825725906,20
"S3_epigenome_v4","Simulation_18","out","C>A",4,644,231.605933406288,228
"S3_epigenome_v4","Simulation_18","out","C>A",5,1217,551.277578947873,557
"S3_epigenome_v4","Simulation_18","out","C>A",6,1224,671.873853932468,671
"S3_epigenome_v4","Simulation_18","out","C>A",7,1105,717.913495298735,704
"S3_epigenome_v4","Simulation_18","out","C>A",8,1065,799.165116251368,808
"S3_epigenome_v4","Simulation_18","out","C>A",9,1102,937.624850180323,949
"S3_epigenome_v4","Simulation_18","out","C>G",10,3847,3707.26480762932,3703
"S3_epigenome_v4","Simulation_18","out","C>G",3,8,2.14951579982909,1
"S3_epigenome_v4","Simulation_18","out","C>G",4,113,41.3138533139814,44
"S3_epigenome_v4","Simulation_18","out","C>G",5,352,160.910419516958,166
"S3_epigenome_v4","Simulation_18","out","C>G",6,552,302.961884760276,300
"S3_epigenome_v4","Simulation_18","out","C>G",7,574,372.94272184188,380
"S3_epigenome_v4","Simulation_18","out","C>G",8,721,543.077385495179,571
"S3_epigenome_v4","Simulation_18","out","C>G",9,1130,966.735566481242,949
"S3_epigenome_v4","Simulation_18","out","C>T",10,8458,8193.53545738417,8157
"S3_epigenome_v4","Simulation_18","out","C>T",3,51,14.1513219879763,12
"S3_epigenome_v4","Simulation_18","out","C>T",4,521,187.25562879017,193
"S3_epigenome_v4","Simulation_18","out","C>T",5,1247,568.718187481237,590
"S3_epigenome_v4","Simulation_18","out","C>T",6,1635,900.654462653673,875
"S3_epigenome_v4","Simulation_18","out","C>T",7,1600,1041.05497758341,1038
"S3_epigenome_v4","Simulation_18","out","C>T",8,1636,1229.7147721509,1230
"S3_epigenome_v4","Simulation_18","out","C>T",9,2339,1997.11259420325,2007
"S3_epigenome_v4","Simulation_18","out","T>A",10,666,629.29683907678,631
"S3_epigenome_v4","Simulation_18","out","T>A",3,16,4.49276378034524,4
"S3_epigenome_v4","Simulation_18","out","T>A",4,226,81.9428860688666,87
"S3_epigenome_v4","Simulation_18","out","T>A",5,607,274.834973218864,290
"S3_epigenome_v4","Simulation_18","out","T>A",6,597,327.521454813745,342
"S3_epigenome_v4","Simulation_18","out","T>A",7,598,389.60721495874,402
"S3_epigenome_v4","Simulation_18","out","T>A",8,538,404.592489421093,391
"S3_epigenome_v4","Simulation_18","out","T>A",9,570,485.233071526577,481
"S3_epigenome_v4","Simulation_18","out","T>C",10,814,764.059154338028,770
"S3_epigenome_v4","Simulation_18","out","T>C",3,18,5.06034650819046,3
"S3_epigenome_v4","Simulation_18","out","T>C",4,231,83.771357184512,84
"S3_epigenome_v4","Simulation_18","out","T>C",5,686,313.93470507856,328
"S3_epigenome_v4","Simulation_18","out","T>C",6,1058,580.502512156498,558
"S3_epigenome_v4","Simulation_18","out","T>C",7,1006,653.759218322334,672
"S3_epigenome_v4","Simulation_18","out","T>C",8,1060,794.987177660857,803
"S3_epigenome_v4","Simulation_18","out","T>C",9,1136,963.825867440977,947
"S3_epigenome_v4","Simulation_18","out","T>G",10,478,451.663659809143,442
"S3_epigenome_v4","Simulation_18","out","T>G",3,3,0.775874809542686,2
"S3_epigenome_v4","Simulation_18","out","T>G",4,41,15.0635594492195,17
"S3_epigenome_v4","Simulation_18","out","T>G",5,158,72.3528664106666,66
"S3_epigenome_v4","Simulation_18","out","T>G",6,260,143.015845249545,151
"S3_epigenome_v4","Simulation_18","out","T>G",7,311,201.870108353878,192
"S3_epigenome_v4","Simulation_18","out","T>G",8,337,253.08504699079,254
"S3_epigenome_v4","Simulation_18","out","T>G",9,382,326.079820996509,331
"S3_epigenome_v4","Simulation_19","in","C>A",10,6261,5921.60282516051,5948
"S3_epigenome_v4","Simulation_19","in","C>A",3,146,41.2395904102865,39
"S3_epigenome_v4","Simulation_19","in","C>A",4,1915,696.468439148532,671
"S3_epigenome_v4","Simulation_19","in","C>A",5,4897,2231.42982599086,2243
"S3_epigenome_v4","Simulation_19","in","C>A",6,6010,3303.62790819689,3327
"S3_epigenome_v4","Simulation_19","in","C>A",7,6062,3937.35065085715,3991
"S3_epigenome_v4","Simulation_19","in","C>A",8,6256,4697.14866470906,4673
"S3_epigenome_v4","Simulation_19","in","C>A",9,6629,5643.9877583751,5667
"S3_epigenome_v4","Simulation_19","in","C>G",10,9888,9527.52476051313,9512
"S3_epigenome_v4","Simulation_19","in","C>G",3,147,40.2063503700472,41
"S3_epigenome_v4","Simulation_19","in","C>G",4,693,246.889554572404,257
"S3_epigenome_v4","Simulation_19","in","C>G",5,1295,588.256309898877,587
"S3_epigenome_v4","Simulation_19","in","C>G",6,1453,798.545896531679,801
"S3_epigenome_v4","Simulation_19","in","C>G",7,1330,865.548257514725,879
"S3_epigenome_v4","Simulation_19","in","C>G",8,1551,1166.3506734173,1171
"S3_epigenome_v4","Simulation_19","in","C>G",9,2579,2210.21793321888,2216
"S3_epigenome_v4","Simulation_19","in","C>T",10,17719,17015.9801904335,17063
"S3_epigenome_v4","Simulation_19","in","C>T",3,339,92.8762904847112,87
"S3_epigenome_v4","Simulation_19","in","C>T",4,2130,764.372987316417,741
"S3_epigenome_v4","Simulation_19","in","C>T",5,4094,1857.91281520734,1895
"S3_epigenome_v4","Simulation_19","in","C>T",6,4767,2624.07882015265,2691
"S3_epigenome_v4","Simulation_19","in","C>T",7,5133,3342.05674726273,3393
"S3_epigenome_v4","Simulation_19","in","C>T",8,6090,4579.395999978,4573
"S3_epigenome_v4","Simulation_19","in","C>T",9,8662,7401.26498203699,7450
"S3_epigenome_v4","Simulation_19","in","T>A",10,4108,3890.37406942038,3916
"S3_epigenome_v4","Simulation_19","in","T>A",2,1,0.199762763914092,0
"S3_epigenome_v4","Simulation_19","in","T>A",3,105,28.7829486371657,34
"S3_epigenome_v4","Simulation_19","in","T>A",4,861,308.723289139551,287
"S3_epigenome_v4","Simulation_19","in","T>A",5,1722,783.602598217215,788
"S3_epigenome_v4","Simulation_19","in","T>A",6,2131,1168.92120729354,1145
"S3_epigenome_v4","Simulation_19","in","T>A",7,2113,1376.0254328964,1346
"S3_epigenome_v4","Simulation_19","in","T>A",8,2446,1838.78873852703,1787
"S3_epigenome_v4","Simulation_19","in","T>A",9,3388,2894.25291083976,2854
"S3_epigenome_v4","Simulation_19","in","T>C",10,1174,1102.73803283938,1113
"S3_epigenome_v4","Simulation_19","in","T>C",3,147,41.0477438265499,50
"S3_epigenome_v4","Simulation_19","in","T>C",4,1248,447.716790220184,442
"S3_epigenome_v4","Simulation_19","in","T>C",5,2680,1218.64339649773,1184
"S3_epigenome_v4","Simulation_19","in","T>C",6,2973,1632.71132745337,1641
"S3_epigenome_v4","Simulation_19","in","T>C",7,2898,1883.33267042286,1929
"S3_epigenome_v4","Simulation_19","in","T>C",8,2655,1987.94246412461,2014
"S3_epigenome_v4","Simulation_19","in","T>C",9,2322,1967.36426203028,1986
"S3_epigenome_v4","Simulation_19","in","T>G",10,374,349.384407051932,358
"S3_epigenome_v4","Simulation_19","in","T>G",3,48,13.4325432192064,20
"S3_epigenome_v4","Simulation_19","in","T>G",4,447,160.658590733288,164
"S3_epigenome_v4","Simulation_19","in","T>G",5,867,393.810186987878,412
"S3_epigenome_v4","Simulation_19","in","T>G",6,911,498.676539014429,483
"S3_epigenome_v4","Simulation_19","in","T>G",7,845,546.644862541657,538
"S3_epigenome_v4","Simulation_19","in","T>G",8,738,552.282288842047,558
"S3_epigenome_v4","Simulation_19","in","T>G",9,671,569.158263980089,587
"S3_epigenome_v4","Simulation_19","out","C>A",10,1444,1363.58238101544,1363
"S3_epigenome_v4","Simulation_19","out","C>A",3,46,12.7106406364943,11
"S3_epigenome_v4","Simulation_19","out","C>A",4,474,171.722122376842,144
"S3_epigenome_v4","Simulation_19","out","C>A",5,1139,519.323483678397,533
"S3_epigenome_v4","Simulation_19","out","C>A",6,1442,793.840442488016,769
"S3_epigenome_v4","Simulation_19","out","C>A",7,1368,887.321014201592,850
"S3_epigenome_v4","Simulation_19","out","C>A",8,1475,1107.02992557683,1095
"S3_epigenome_v4","Simulation_19","out","C>A",9,1445,1227.8124013115,1245
"S3_epigenome_v4","Simulation_19","out","C>G",10,2577,2488.43317819763,2490
"S3_epigenome_v4","Simulation_19","out","C>G",3,51,14.014563238186,25
"S3_epigenome_v4","Simulation_19","out","C>G",4,178,64.0325628541112,58
"S3_epigenome_v4","Simulation_19","out","C>G",5,306,138.572643202191,143
"S3_epigenome_v4","Simulation_19","out","C>G",6,354,194.731659467073,191
"S3_epigenome_v4","Simulation_19","out","C>G",7,296,193.054355623068,187
"S3_epigenome_v4","Simulation_19","out","C>G",8,408,306.027531336399,304
"S3_epigenome_v4","Simulation_19","out","C>G",9,633,543.235018236324,552
"S3_epigenome_v4","Simulation_19","out","C>T",10,4436,4247.52474399137,4254
"S3_epigenome_v4","Simulation_19","out","C>T",3,78,21.3171887654479,18
"S3_epigenome_v4","Simulation_19","out","C>T",4,494,177.076505614088,197
"S3_epigenome_v4","Simulation_19","out","C>T",5,986,446.845630670693,478
"S3_epigenome_v4","Simulation_19","out","C>T",6,1094,602.27547827689,597
"S3_epigenome_v4","Simulation_19","out","C>T",7,1154,752.952795648395,761
"S3_epigenome_v4","Simulation_19","out","C>T",8,1395,1048.50497668961,1076
"S3_epigenome_v4","Simulation_19","out","C>T",9,2185,1864.92457552343,1877
"S3_epigenome_v4","Simulation_19","out","T>A",10,898,851.585163575351,851
"S3_epigenome_v4","Simulation_19","out","T>A",3,36,9.92839498977828,11
"S3_epigenome_v4","Simulation_19","out","T>A",4,188,67.3159006961748,54
"S3_epigenome_v4","Simulation_19","out","T>A",5,415,188.60768449776,208
"S3_epigenome_v4","Simulation_19","out","T>A",6,493,270.778872122944,270
"S3_epigenome_v4","Simulation_19","out","T>A",7,465,301.567050003551,304
"S3_epigenome_v4","Simulation_19","out","T>A",8,535,402.781400384379,410
"S3_epigenome_v4","Simulation_19","out","T>A",9,821,699.742453606562,682
"S3_epigenome_v4","Simulation_19","out","T>C",10,253,237.738371752303,243
"S3_epigenome_v4","Simulation_19","out","T>C",3,43,11.9760581134139,13
"S3_epigenome_v4","Simulation_19","out","T>C",4,332,119.812974132625,122
"S3_epigenome_v4","Simulation_19","out","T>C",5,627,284.60382936203,283
"S3_epigenome_v4","Simulation_19","out","T>C",6,665,365.502484688379,386
"S3_epigenome_v4","Simulation_19","out","T>C",7,652,424.559696465601,426
"S3_epigenome_v4","Simulation_19","out","T>C",8,660,495.039560026324,514
"S3_epigenome_v4","Simulation_19","out","T>C",9,531,449.892586742532,458
"S3_epigenome_v4","Simulation_19","out","T>G",10,65,60.941791367738,61
"S3_epigenome_v4","Simulation_19","out","T>G",3,9,2.58361422178433,3
"S3_epigenome_v4","Simulation_19","out","T>G",4,124,44.8097514975423,53
"S3_epigenome_v4","Simulation_19","out","T>G",5,187,85.125947432341,81
"S3_epigenome_v4","Simulation_19","out","T>G",6,231,126.682118945817,133
"S3_epigenome_v4","Simulation_19","out","T>G",7,185,119.60329392404,109
"S3_epigenome_v4","Simulation_19","out","T>G",8,197,147.524775111547,145
"S3_epigenome_v4","Simulation_19","out","T>G",9,149,126.424925562232,124
"S3_epigenome_v4","Simulation_20","in","C>A",10,6969,6571.33974879725,6599
"S3_epigenome_v4","Simulation_20","in","C>A",3,163,44.3256189427536,53
"S3_epigenome_v4","Simulation_20","in","C>A",4,1594,575.301085162837,588
"S3_epigenome_v4","Simulation_20","in","C>A",5,3954,1800.55764359755,1809
"S3_epigenome_v4","Simulation_20","in","C>A",6,4863,2673.61527800239,2680
"S3_epigenome_v4","Simulation_20","in","C>A",7,4921,3199.74881217186,3243
"S3_epigenome_v4","Simulation_20","in","C>A",8,5385,4048.24967450339,4056
"S3_epigenome_v4","Simulation_20","in","C>A",9,6915,5892.99129012306,5921
"S3_epigenome_v4","Simulation_20","in","C>G",10,7256,7002.77013523481,7034
"S3_epigenome_v4","Simulation_20","in","C>G",3,51,14.196574544649,17
"S3_epigenome_v4","Simulation_20","in","C>G",4,640,231.601614087303,235
"S3_epigenome_v4","Simulation_20","in","C>G",5,1490,675.327824291436,686
"S3_epigenome_v4","Simulation_20","in","C>G",6,1650,905.596986830554,976
"S3_epigenome_v4","Simulation_20","in","C>G",7,1511,982.481115431613,972
"S3_epigenome_v4","Simulation_20","in","C>G",8,1582,1191.17457071022,1197
"S3_epigenome_v4","Simulation_20","in","C>G",9,2360,2013.3357717595,2048
"S3_epigenome_v4","Simulation_20","in","C>T",10,35162,34093.6579795465,34099
"S3_epigenome_v4","Simulation_20","in","C>T",2,1,0.194398943948029,0
"S3_epigenome_v4","Simulation_20","in","C>T",3,286,78.7266164092378,77
"S3_epigenome_v4","Simulation_20","in","C>T",4,2087,747.727914202549,738
"S3_epigenome_v4","Simulation_20","in","C>T",5,3830,1733.24091308932,1796
"S3_epigenome_v4","Simulation_20","in","C>T",6,3838,2109.72306447958,2137
"S3_epigenome_v4","Simulation_20","in","C>T",7,3708,2412.71877313173,2466
"S3_epigenome_v4","Simulation_20","in","C>T",8,4111,3090.37219176493,3102
"S3_epigenome_v4","Simulation_20","in","C>T",9,6923,5922.13294763542,5971
"S3_epigenome_v4","Simulation_20","in","T>A",10,8713,8326.08125008214,8360
"S3_epigenome_v4","Simulation_20","in","T>A",3,59,16.311441489885,15
"S3_epigenome_v4","Simulation_20","in","T>A",4,606,219.300159950131,223
"S3_epigenome_v4","Simulation_20","in","T>A",5,1304,592.867895600689,623
"S3_epigenome_v4","Simulation_20","in","T>A",6,1673,923.82364672909,893
"S3_epigenome_v4","Simulation_20","in","T>A",7,1790,1166.53746925172,1166
"S3_epigenome_v4","Simulation_20","in","T>A",8,2534,1910.88049155629,1897
"S3_epigenome_v4","Simulation_20","in","T>A",9,4101,3506.58019802754,3496
"S3_epigenome_v4","Simulation_20","in","T>C",10,686,636.935934426398,634
"S3_epigenome_v4","Simulation_20","in","T>C",3,110,30.5142915682602,35
"S3_epigenome_v4","Simulation_20","in","T>C",4,1125,405.647919535186,447
"S3_epigenome_v4","Simulation_20","in","T>C",5,2533,1150.64705719157,1243
"S3_epigenome_v4","Simulation_20","in","T>C",6,2971,1631.99670746467,1647
"S3_epigenome_v4","Simulation_20","in","T>C",7,2713,1759.2918362315,1830
"S3_epigenome_v4","Simulation_20","in","T>C",8,2514,1881.95465967669,1888
"S3_epigenome_v4","Simulation_20","in","T>C",9,1884,1595.27737882954,1636
"S3_epigenome_v4","Simulation_20","in","T>G",10,346,322.929304705335,339
"S3_epigenome_v4","Simulation_20","in","T>G",2,1,0.182143843973664,0
"S3_epigenome_v4","Simulation_20","in","T>G",3,22,6.17255780949128,7
"S3_epigenome_v4","Simulation_20","in","T>G",4,335,121.858812364011,122
"S3_epigenome_v4","Simulation_20","in","T>G",5,845,384.157049015726,396
"S3_epigenome_v4","Simulation_20","in","T>G",6,973,534.087023702117,565
"S3_epigenome_v4","Simulation_20","in","T>G",7,798,518.372159463247,534
"S3_epigenome_v4","Simulation_20","in","T>G",8,740,555.793047515202,588
"S3_epigenome_v4","Simulation_20","in","T>G",9,705,597.984932274067,608
"S3_epigenome_v4","Simulation_20","out","C>A",10,1803,1699.48609305569,1708
"S3_epigenome_v4","Simulation_20","out","C>A",3,46,12.6763600231709,11
"S3_epigenome_v4","Simulation_20","out","C>A",4,390,140.025004259047,127
"S3_epigenome_v4","Simulation_20","out","C>A",5,869,394.394050684753,371
"S3_epigenome_v4","Simulation_20","out","C>A",6,1041,572.819636228856,556
"S3_epigenome_v4","Simulation_20","out","C>A",7,1119,729.627251465862,747
"S3_epigenome_v4","Simulation_20","out","C>A",8,1285,963.682370553849,971
"S3_epigenome_v4","Simulation_20","out","C>A",9,1816,1549.53857632908,1539
"S3_epigenome_v4","Simulation_20","out","C>G",10,1750,1691.80004703033,1693
"S3_epigenome_v4","Simulation_20","out","C>G",3,13,3.54773714516508,2
"S3_epigenome_v4","Simulation_20","out","C>G",4,156,56.5621142704019,56
"S3_epigenome_v4","Simulation_20","out","C>G",5,332,151.018852244247,161
"S3_epigenome_v4","Simulation_20","out","C>G",6,378,206.767209882396,221
"S3_epigenome_v4","Simulation_20","out","C>G",7,313,202.743466527425,189
"S3_epigenome_v4","Simulation_20","out","C>G",8,397,299.057629058055,303
"S3_epigenome_v4","Simulation_20","out","C>G",9,604,514.249722095729,521
"S3_epigenome_v4","Simulation_20","out","C>T",10,10827,10546.6657714447,10553
"S3_epigenome_v4","Simulation_20","out","C>T",3,77,21.0356869510338,21
"S3_epigenome_v4","Simulation_20","out","C>T",4,537,193.377130609764,205
"S3_epigenome_v4","Simulation_20","out","C>T",5,884,400.970708685836,433
"S3_epigenome_v4","Simulation_20","out","C>T",6,892,489.488081710563,505
"S3_epigenome_v4","Simulation_20","out","C>T",7,875,569.988339349252,578
"S3_epigenome_v4","Simulation_20","out","C>T",8,1021,766.583744539926,784
"S3_epigenome_v4","Simulation_20","out","C>T",9,1713,1467.63157029565,1474
"S3_epigenome_v4","Simulation_20","out","T>A",10,2171,2071.00240109799,2078
"S3_epigenome_v4","Simulation_20","out","T>A",3,23,6.26369990840431,6
"S3_epigenome_v4","Simulation_20","out","T>A",4,108,39.0999875276943,38
"S3_epigenome_v4","Simulation_20","out","T>A",5,290,131.817652345654,135
"S3_epigenome_v4","Simulation_20","out","T>A",6,416,229.996128603097,237
"S3_epigenome_v4","Simulation_20","out","T>A",7,440,286.560709853377,279
"S3_epigenome_v4","Simulation_20","out","T>A",8,588,444.110689413395,443
"S3_epigenome_v4","Simulation_20","out","T>A",9,866,740.422887928634,728
"S3_epigenome_v4","Simulation_20","out","T>C",10,169,156.793227733957,159
"S3_epigenome_v4","Simulation_20","out","T>C",3,23,6.37542671896925,8
"S3_epigenome_v4","Simulation_20","out","T>C",4,249,89.7223661729239,93
"S3_epigenome_v4","Simulation_20","out","T>C",5,584,264.02214670988,271
"S3_epigenome_v4","Simulation_20","out","T>C",6,635,348.420600498843,354
"S3_epigenome_v4","Simulation_20","out","T>C",7,681,441.880115893623,463
"S3_epigenome_v4","Simulation_20","out","T>C",8,652,487.575674763805,505
"S3_epigenome_v4","Simulation_20","out","T>C",9,467,396.014676523231,379
"S3_epigenome_v4","Simulation_20","out","T>G",10,77,71.6586417511645,72
"S3_epigenome_v4","Simulation_20","out","T>G",3,5,1.35390336613228,1
"S3_epigenome_v4","Simulation_20","out","T>G",4,74,26.6584725423985,22
"S3_epigenome_v4","Simulation_20","out","T>G",5,180,81.7908817342207,79
"S3_epigenome_v4","Simulation_20","out","T>G",6,228,124.670600061929,113
"S3_epigenome_v4","Simulation_20","out","T>G",7,173,112.186837845676,119
"S3_epigenome_v4","Simulation_20","out","T>G",8,167,125.45295883395,124
"S3_epigenome_v4","Simulation_20","out","T>G",9,204,172.685272293216,183
"S4_hotspots","Simulation_01","in","C>A",10,4648,4380.52572326825,4382
"S4_hotspots","Simulation_01","in","C>A",3,275,76.6868141560134,81
"S4_hotspots","Simulation_01","in","C>A",4,2521,909.803266926288,917
"S4_hotspots","Simulation_01","in","C>A",5,5871,2662.69006322669,2677
"S4_hotspots","Simulation_01","in","C>A",6,6324,3472.19616208644,3497
"S4_hotspots","Simulation_01","in","C>A",7,5653,3669.88995652601,3702
"S4_hotspots","Simulation_01","in","C>A",8,5320,3989.79695122606,3992
"S4_hotspots","Simulation_01","in","C>A",9,5588,4755.96440284225,4765
"S4_hotspots","Simulation_01","in","C>G",10,10122,9689.67512336159,9704
"S4_hotspots","Simulation_01","in","C>G",2,1,0.199526421654146,1
"S4_hotspots","Simulation_01","in","C>G",3,87,23.8554367291261,21
"S4_hotspots","Simulation_01","in","C>G",4,570,204.474361176605,220
"S4_hotspots","Simulation_01","in","C>G",5,1276,582.794437563322,566
"S4_hotspots","Simulation_01","in","C>G",6,1795,988.709120940503,951
"S4_hotspots","Simulation_01","in","C>G",7,2024,1319.07951542818,1308
"S4_hotspots","Simulation_01","in","C>G",8,2777,2092.00840210074,2057
"S4_hotspots","Simulation_01","in","C>G",9,4271,3650.8019526079,3658
"S4_hotspots","Simulation_01","in","C>T",10,35252,34038.442787944,33967
"S4_hotspots","Simulation_01","in","C>T",2,2,0.352073692629084,0
"S4_hotspots","Simulation_01","in","C>T",3,379,104.540023718586,84
"S4_hotspots","Simulation_01","in","C>T",4,2241,803.013647972544,784
"S4_hotspots","Simulation_01","in","C>T",5,4375,1985.30632538887,1966
"S4_hotspots","Simulation_01","in","C>T",6,5196,2856.28554425716,2898
"S4_hotspots","Simulation_01","in","C>T",7,5421,3528.90077037761,3508
"S4_hotspots","Simulation_01","in","C>T",8,6782,5104.7636446424,5095
"S4_hotspots","Simulation_01","in","C>T",9,10721,9170.02305911591,9172
"S4_hotspots","Simulation_01","in","T>A",10,5867,5599.66858812954,5569
"S4_hotspots","Simulation_01","in","T>A",3,87,24.0702007652478,26
"S4_hotspots","Simulation_01","in","T>A",4,828,298.571002767002,308
"S4_hotspots","Simulation_01","in","T>A",5,1983,909.76917341559,892
"S4_hotspots","Simulation_01","in","T>A",6,2852,1568.16414840121,1549
"S4_hotspots","Simulation_01","in","T>A",7,2839,1847.73323270155,1851
"S4_hotspots","Simulation_01","in","T>A",8,2963,2226.04494492933,2193
"S4_hotspots","Simulation_01","in","T>A",9,3569,3040.11943071348,3076
"S4_hotspots","Simulation_01","in","T>C",10,1370,1280.31178929983,1279
"S4_hotspots","Simulation_01","in","T>C",3,152,42.5051406465119,38
"S4_hotspots","Simulation_01","in","T>C",4,1495,540.511053601076,559
"S4_hotspots","Simulation_01","in","T>C",5,3514,1596.6423520931,1641
"S4_hotspots","Simulation_01","in","T>C",6,3966,2174.88384687804,2205
"S4_hotspots","Simulation_01","in","T>C",7,3581,2323.32476649754,2384
"S4_hotspots","Simulation_01","in","T>C",8,3336,2499.412794662,2491
"S4_hotspots","Simulation_01","in","T>C",9,2729,2313.58471129166,2298
"S4_hotspots","Simulation_01","in","T>G",10,1295,1221.65428873189,1215
"S4_hotspots","Simulation_01","in","T>G",3,31,8.73792620254124,12
"S4_hotspots","Simulation_01","in","T>G",4,346,125.063034342238,100
"S4_hotspots","Simulation_01","in","T>G",5,839,381.05106736726,408
"S4_hotspots","Simulation_01","in","T>G",6,948,521.357847256411,541
"S4_hotspots","Simulation_01","in","T>G",7,932,607.387156723063,588
"S4_hotspots","Simulation_01","in","T>G",8,1144,858.48934907509,855
"S4_hotspots","Simulation_01","in","T>G",9,1372,1168.83485707733,1140
"S4_hotspots","Simulation_01","out","C>A",10,989,931.02325120846,936
"S4_hotspots","Simulation_01","out","C>A",3,70,19.6895556558501,18
"S4_hotspots","Simulation_01","out","C>A",4,639,230.167776195754,256
"S4_hotspots","Simulation_01","out","C>A",5,1409,640.340990552328,608
"S4_hotspots","Simulation_01","out","C>A",6,1597,875.905009731126,879
"S4_hotspots","Simulation_01","out","C>A",7,1361,883.766369859852,894
"S4_hotspots","Simulation_01","out","C>A",8,1249,937.142169709071,943
"S4_hotspots","Simulation_01","out","C>A",9,1224,1041.55502873431,1027
"S4_hotspots","Simulation_01","out","C>G",10,2283,2184.94703688352,2190
"S4_hotspots","Simulation_01","out","C>G",3,22,6.04471178768864,7
"S4_hotspots","Simulation_01","out","C>G",4,149,53.1399330767117,36
"S4_hotspots","Simulation_01","out","C>G",5,320,147.125538277045,141
"S4_hotspots","Simulation_01","out","C>G",6,438,241.035514339749,232
"S4_hotspots","Simulation_01","out","C>G",7,529,345.339321707821,338
"S4_hotspots","Simulation_01","out","C>G",8,803,606.491847976243,582
"S4_hotspots","Simulation_01","out","C>G",9,1098,937.874557030608,940
"S4_hotspots","Simulation_01","out","C>T",10,7784,7507.67811869709,7482
"S4_hotspots","Simulation_01","out","C>T",3,109,29.8259006567975,24
"S4_hotspots","Simulation_01","out","C>T",4,603,215.714108300682,233
"S4_hotspots","Simulation_01","out","C>T",5,1128,512.3053975025,509
"S4_hotspots","Simulation_01","out","C>T",6,1335,731.818559196388,742
"S4_hotspots","Simulation_01","out","C>T",7,1407,916.783880102834,919
"S4_hotspots","Simulation_01","out","C>T",8,1751,1315.27410491424,1307
"S4_hotspots","Simulation_01","out","C>T",9,2576,2198.15708079224,2205
"S4_hotspots","Simulation_01","out","T>A",10,1062,1010.86377375175,1000
"S4_hotspots","Simulation_01","out","T>A",2,1,0.190186727817818,1
"S4_hotspots","Simulation_01","out","T>A",3,32,8.96049307103429,8
"S4_hotspots","Simulation_01","out","T>A",4,238,85.4881213093017,98
"S4_hotspots","Simulation_01","out","T>A",5,480,218.58652721441,212
"S4_hotspots","Simulation_01","out","T>A",6,732,401.63632211407,388
"S4_hotspots","Simulation_01","out","T>A",7,654,424.489850547387,437
"S4_hotspots","Simulation_01","out","T>A",8,679,510.134307652937,511
"S4_hotspots","Simulation_01","out","T>A",9,743,633.278561703494,645
"S4_hotspots","Simulation_01","out","T>C",10,228,212.625872122814,214
"S4_hotspots","Simulation_01","out","T>C",3,42,11.7392546920831,11
"S4_hotspots","Simulation_01","out","T>C",4,339,122.221375300612,131
"S4_hotspots","Simulation_01","out","T>C",5,878,399.139428709716,415
"S4_hotspots","Simulation_01","out","T>C",6,992,544.53471649058,564
"S4_hotspots","Simulation_01","out","T>C",7,889,577.83133410248,598
"S4_hotspots","Simulation_01","out","T>C",8,838,628.393923648665,642
"S4_hotspots","Simulation_01","out","T>C",9,567,479.434796995404,473
"S4_hotspots","Simulation_01","out","T>G",10,181,169.811351138569,165
"S4_hotspots","Simulation_01","out","T>G",2,1,0.198076384494895,0
"S4_hotspots","Simulation_01","out","T>G",3,9,2.42612264090565,2
"S4_hotspots","Simulation_01","out","T>G",4,80,29.1745044845264,34
"S4_hotspots","Simulation_01","out","T>G",5,164,74.4470287998464,74
"S4_hotspots","Simulation_01","out","T>G",6,250,136.6539804584,142
"S4_hotspots","Simulation_01","out","T>G",7,228,149.181435991178,153
"S4_hotspots","Simulation_01","out","T>G",8,278,209.756026575656,209
"S4_hotspots","Simulation_01","out","T>G",9,355,300.28926561649,303
"S4_hotspots","Simulation_02","in","C>A",10,3822,3594.86633685994,3585
"S4_hotspots","Simulation_02","in","C>A",3,211,58.550940844316,53
"S4_hotspots","Simulation_02","in","C>A",4,1915,690.111127458212,681
"S4_hotspots","Simulation_02","in","C>A",5,4466,2035.46613205531,2069
"S4_hotspots","Simulation_02","in","C>A",6,5309,2914.46607003868,2971
"S4_hotspots","Simulation_02","in","C>A",7,5123,3326.69070112061,3407
"S4_hotspots","Simulation_02","in","C>A",8,5277,3960.12026909164,4026
"S4_hotspots","Simulation_02","in","C>A",9,5015,4266.01380830957,4276
"S4_hotspots","Simulation_02","in","C>G",10,22758,22149.5500702639,22198
"S4_hotspots","Simulation_02","in","C>G",3,82,22.2862428371705,27
"S4_hotspots","Simulation_02","in","C>G",4,468,168.730554333996,171
"S4_hotspots","Simulation_02","in","C>G",5,998,454.318046350482,445
"S4_hotspots","Simulation_02","in","C>G",6,1677,922.300908545473,888
"S4_hotspots","Simulation_02","in","C>G",7,1881,1224.57359017663,1203
"S4_hotspots","Simulation_02","in","C>G",8,2257,1697.70290847429,1701
"S4_hotspots","Simulation_02","in","C>G",9,3876,3318.37148373509,3247
"S4_hotspots","Simulation_02","in","C>T",10,28874,27806.5090024223,27791
"S4_hotspots","Simulation_02","in","C>T",2,3,0.579437811522125,0
"S4_hotspots","Simulation_02","in","C>T",3,340,92.1868616393843,89
"S4_hotspots","Simulation_02","in","C>T",4,2023,723.504354313088,759
"S4_hotspots","Simulation_02","in","C>T",5,3744,1698.38614804199,1682
"S4_hotspots","Simulation_02","in","C>T",6,4370,2402.06589307608,2416
"S4_hotspots","Simulation_02","in","C>T",7,4414,2874.35552566061,2880
"S4_hotspots","Simulation_02","in","C>T",8,5323,4004.94554633766,4035
"S4_hotspots","Simulation_02","in","C>T",9,9074,7760.559986643,7753
"S4_hotspots","Simulation_02","in","T>A",10,1976,1861.01179645869,1856
"S4_hotspots","Simulation_02","in","T>A",3,85,23.7381348751764,21
"S4_hotspots","Simulation_02","in","T>A",4,788,282.665553725678,281
"S4_hotspots","Simulation_02","in","T>A",5,1764,802.329686154941,785
"S4_hotspots","Simulation_02","in","T>A",6,2098,1151.97462258724,1174
"S4_hotspots","Simulation_02","in","T>A",7,2046,1332.04516355465,1323
"S4_hotspots","Simulation_02","in","T>A",8,2044,1532.70124852907,1525
"S4_hotspots","Simulation_02","in","T>A",9,2425,2064.86072070246,2048
"S4_hotspots","Simulation_02","in","T>C",10,1652,1541.96642487067,1528
"S4_hotspots","Simulation_02","in","T>C",3,138,37.683557022318,40
"S4_hotspots","Simulation_02","in","T>C",4,1001,362.496910615471,364
"S4_hotspots","Simulation_02","in","T>C",5,2132,968.361574666308,980
"S4_hotspots","Simulation_02","in","T>C",6,2492,1370.58611482178,1408
"S4_hotspots","Simulation_02","in","T>C",7,2393,1553.70906114595,1567
"S4_hotspots","Simulation_02","in","T>C",8,2466,1847.51310568933,1834
"S4_hotspots","Simulation_02","in","T>C",9,2854,2427.75141458283,2410
"S4_hotspots","Simulation_02","in","T>G",10,1040,986.128056788257,966
"S4_hotspots","Simulation_02","in","T>G",3,22,6.16975701763907,2
"S4_hotspots","Simulation_02","in","T>G",4,229,82.4927581006418,87
"S4_hotspots","Simulation_02","in","T>G",5,608,276.637669886495,264
"S4_hotspots","Simulation_02","in","T>G",6,714,391.859751838924,359
"S4_hotspots","Simulation_02","in","T>G",7,749,487.891134342271,501
"S4_hotspots","Simulation_02","in","T>G",8,825,619.242244780969,616
"S4_hotspots","Simulation_02","in","T>G",9,999,849.498193365723,830
"S4_hotspots","Simulation_02","out","C>A",10,856,804.183468604419,799
"S4_hotspots","Simulation_02","out","C>A",3,47,13.094159375131,17
"S4_hotspots","Simulation_02","out","C>A",4,477,172.726902232949,168
"S4_hotspots","Simulation_02","out","C>A",5,1048,476.787210199387,485
"S4_hotspots","Simulation_02","out","C>A",6,1236,679.054693814067,682
"S4_hotspots","Simulation_02","out","C>A",7,1138,740.920199152922,767
"S4_hotspots","Simulation_02","out","C>A",8,1184,886.854858813841,881
"S4_hotspots","Simulation_02","out","C>A",9,1188,1010.8019257178,1013
"S4_hotspots","Simulation_02","out","C>G",10,5394,5240.69790281041,5226
"S4_hotspots","Simulation_02","out","C>G",3,16,4.3550637560282,4
"S4_hotspots","Simulation_02","out","C>G",4,98,34.9810885530725,33
"S4_hotspots","Simulation_02","out","C>G",5,240,109.678133451618,108
"S4_hotspots","Simulation_02","out","C>G",6,390,215.249681273542,230
"S4_hotspots","Simulation_02","out","C>G",7,431,281.408498697404,295
"S4_hotspots","Simulation_02","out","C>G",8,590,444.602760548409,450
"S4_hotspots","Simulation_02","out","C>G",9,967,828.006953857131,857
"S4_hotspots","Simulation_02","out","C>T",10,7403,7141.84548297711,7125
"S4_hotspots","Simulation_02","out","C>T",2,3,0.56971766992808,0
"S4_hotspots","Simulation_02","out","C>T",3,79,21.5990005519092,23
"S4_hotspots","Simulation_02","out","C>T",4,447,159.558009884355,143
"S4_hotspots","Simulation_02","out","C>T",5,856,388.311889088608,393
"S4_hotspots","Simulation_02","out","C>T",6,1041,572.893140714333,595
"S4_hotspots","Simulation_02","out","C>T",7,1083,705.005897246227,702
"S4_hotspots","Simulation_02","out","C>T",8,1331,1000.74796844846,986
"S4_hotspots","Simulation_02","out","C>T",9,1995,1708.39036117614,1663
"S4_hotspots","Simulation_02","out","T>A",10,532,500.237517047632,498
"S4_hotspots","Simulation_02","out","T>A",3,12,3.31919902631384,2
"S4_hotspots","Simulation_02","out","T>A",4,166,60.0752165827766,65
"S4_hotspots","Simulation_02","out","T>A",5,429,195.648078859927,202
"S4_hotspots","Simulation_02","out","T>A",6,506,277.416185190209,265
"S4_hotspots","Simulation_02","out","T>A",7,494,320.449583765481,316
"S4_hotspots","Simulation_02","out","T>A",8,517,388.357605314949,395
"S4_hotspots","Simulation_02","out","T>A",9,597,507.506513186791,502
"S4_hotspots","Simulation_02","out","T>C",10,383,357.761476413805,354
"S4_hotspots","Simulation_02","out","T>C",3,34,9.30466907065188,12
"S4_hotspots","Simulation_02","out","T>C",4,235,84.2672204207961,91
"S4_hotspots","Simulation_02","out","T>C",5,482,219.608495153063,217
"S4_hotspots","Simulation_02","out","T>C",6,629,345.368688400465,339
"S4_hotspots","Simulation_02","out","T>C",7,584,379.595292762193,381
"S4_hotspots","Simulation_02","out","T>C",8,609,456.214349678663,456
"S4_hotspots","Simulation_02","out","T>C",9,605,513.182380191234,518
"S4_hotspots","Simulation_02","out","T>G",10,339,321.524157129807,313
"S4_hotspots","Simulation_02","out","T>G",3,1,0.267929789570931,1
"S4_hotspots","Simulation_02","out","T>G",4,66,23.5492569462756,23
"S4_hotspots","Simulation_02","out","T>G",5,141,64.706310966108,65
"S4_hotspots","Simulation_02","out","T>G",6,178,97.9533617349773,94
"S4_hotspots","Simulation_02","out","T>G",7,157,102.736420424158,104
"S4_hotspots","Simulation_02","out","T>G",8,183,137.726365261045,142
"S4_hotspots","Simulation_02","out","T>G",9,253,215.369658391088,215
"S4_hotspots","Simulation_03","in","C>A",10,11571,10998.3439886113,11003
"S4_hotspots","Simulation_03","in","C>A",3,164,45.8803302306574,48
"S4_hotspots","Simulation_03","in","C>A",4,1889,681.325815593465,699
"S4_hotspots","Simulation_03","in","C>A",5,4395,1999.57800682624,2080
"S4_hotspots","Simulation_03","in","C>A",6,5744,3153.34276662684,3235
"S4_hotspots","Simulation_03","in","C>A",7,5453,3546.36495562464,3580
"S4_hotspots","Simulation_03","in","C>A",8,6218,4673.07703678155,4736
"S4_hotspots","Simulation_03","in","C>A",9,8109,6919.56675942206,6931
"S4_hotspots","Simulation_03","in","C>G",10,22127,21473.820716161,21438
"S4_hotspots","Simulation_03","in","C>G",2,1,0.173205919898194,0
"S4_hotspots","Simulation_03","in","C>G",3,81,22.0942799283586,26
"S4_hotspots","Simulation_03","in","C>G",4,793,286.5403932624,319
"S4_hotspots","Simulation_03","in","C>G",5,1602,726.659364833451,758
"S4_hotspots","Simulation_03","in","C>G",6,1664,913.84136574511,918
"S4_hotspots","Simulation_03","in","C>G",7,1631,1060.13813434963,1077
"S4_hotspots","Simulation_03","in","C>G",8,1853,1392.35905679917,1397
"S4_hotspots","Simulation_03","in","C>G",9,3310,2838.88593833676,2898
"S4_hotspots","Simulation_03","in","C>T",10,33743,32399.8735636153,32386
"S4_hotspots","Simulation_03","in","C>T",3,428,117.503238604216,133
"S4_hotspots","Simulation_03","in","C>T",4,2783,997.696311673236,1024
"S4_hotspots","Simulation_03","in","C>T",5,5207,2358.5831227844,2399
"S4_hotspots","Simulation_03","in","C>T",6,5387,2953.87914041154,3007
"S4_hotspots","Simulation_03","in","C>T",7,4950,3218.92590209055,3219
"S4_hotspots","Simulation_03","in","C>T",8,5826,4385.75681145166,4394
"S4_hotspots","Simulation_03","in","C>T",9,10448,8950.10937770993,9004
"S4_hotspots","Simulation_03","in","T>A",10,3045,2872.12390026458,2884
"S4_hotspots","Simulation_03","in","T>A",3,93,25.8697899643488,26
"S4_hotspots","Simulation_03","in","T>A",4,970,348.833699407162,362
"S4_hotspots","Simulation_03","in","T>A",5,2065,935.56825489491,964
"S4_hotspots","Simulation_03","in","T>A",6,2191,1202.35096085828,1189
"S4_hotspots","Simulation_03","in","T>A",7,2075,1347.71895760579,1369
"S4_hotspots","Simulation_03","in","T>A",8,2270,1703.8199309564,1678
"S4_hotspots","Simulation_03","in","T>A",9,2802,2391.32194022225,2423
"S4_hotspots","Simulation_03","in","T>C",10,1634,1534.98632892555,1552
"S4_hotspots","Simulation_03","in","T>C",3,174,47.9012009598051,51
"S4_hotspots","Simulation_03","in","T>C",4,1485,536.355290416228,523
"S4_hotspots","Simulation_03","in","T>C",5,2910,1315.43755406158,1343
"S4_hotspots","Simulation_03","in","T>C",6,3071,1686.47597414003,1684
"S4_hotspots","Simulation_03","in","T>C",7,2697,1753.98842407759,1812
"S4_hotspots","Simulation_03","in","T>C",8,2596,1945.48477922067,1976
"S4_hotspots","Simulation_03","in","T>C",9,2480,2105.90652211142,2128
"S4_hotspots","Simulation_03","in","T>G",10,540,507.37404848345,505
"S4_hotspots","Simulation_03","in","T>G",3,34,9.55011145298892,9
"S4_hotspots","Simulation_03","in","T>G",4,403,147.111541315709,165
"S4_hotspots","Simulation_03","in","T>G",5,925,420.31722027097,436
"S4_hotspots","Simulation_03","in","T>G",6,1014,557.576504427655,585
"S4_hotspots","Simulation_03","in","T>G",7,890,576.554531569595,584
"S4_hotspots","Simulation_03","in","T>G",8,829,620.321562022073,630
"S4_hotspots","Simulation_03","in","T>G",9,818,694.717240036733,709
"S4_hotspots","Simulation_03","out","C>A",10,6144,5910.83297527824,5922
"S4_hotspots","Simulation_03","out","C>A",3,39,10.7501051634009,11
"S4_hotspots","Simulation_03","out","C>A",4,460,166.551713119662,158
"S4_hotspots","Simulation_03","out","C>A",5,1198,546.604328277123,563
"S4_hotspots","Simulation_03","out","C>A",6,1705,937.83490673672,950
"S4_hotspots","Simulation_03","out","C>A",7,1610,1048.48668618745,1082
"S4_hotspots","Simulation_03","out","C>A",8,1991,1499.83265171324,1532
"S4_hotspots","Simulation_03","out","C>A",9,2602,2220.80200212798,2244
"S4_hotspots","Simulation_03","out","C>G",10,8660,8444.66504650841,8440
"S4_hotspots","Simulation_03","out","C>G",3,20,5.54078642097156,3
"S4_hotspots","Simulation_03","out","C>G",4,210,75.4301658922406,74
"S4_hotspots","Simulation_03","out","C>G",5,403,183.321226660998,194
"S4_hotspots","Simulation_03","out","C>G",6,506,279.020575310915,291
"S4_hotspots","Simulation_03","out","C>G",7,503,327.451453052211,327
"S4_hotspots","Simulation_03","out","C>G",8,551,413.296895234349,414
"S4_hotspots","Simulation_03","out","C>G",9,986,847.249832525927,866
"S4_hotspots","Simulation_03","out","C>T",10,7957,7636.5466642151,7623
"S4_hotspots","Simulation_03","out","C>T",2,1,0.181987727663119,0
"S4_hotspots","Simulation_03","out","C>T",3,121,33.1334655523253,24
"S4_hotspots","Simulation_03","out","C>T",4,757,271.564971651919,300
"S4_hotspots","Simulation_03","out","C>T",5,1434,650.58104507086,705
"S4_hotspots","Simulation_03","out","C>T",6,1646,903.886787891331,955
"S4_hotspots","Simulation_03","out","C>T",7,1679,1091.65170170473,1108
"S4_hotspots","Simulation_03","out","C>T",8,1861,1403.84311805955,1386
"S4_hotspots","Simulation_03","out","C>T",9,2983,2555.09395293276,2536
"S4_hotspots","Simulation_03","out","T>A",10,829,780.839669194647,786
"S4_hotspots","Simulation_03","out","T>A",3,26,7.12830125047944,7
"S4_hotspots","Simulation_03","out","T>A",4,251,89.7253658019915,91
"S4_hotspots","Simulation_03","out","T>A",5,531,240.106030365569,265
"S4_hotspots","Simulation_03","out","T>A",6,600,330.624908255306,339
"S4_hotspots","Simulation_03","out","T>A",7,664,431.970342052894,443
"S4_hotspots","Simulation_03","out","T>A",8,625,468.551856395684,458
"S4_hotspots","Simulation_03","out","T>A",9,870,742.142811591214,751
"S4_hotspots","Simulation_03","out","T>C",10,429,403.585693660927,406
"S4_hotspots","Simulation_03","out","T>C",3,51,14.0382940888612,9
"S4_hotspots","Simulation_03","out","T>C",4,447,160.86893963269,157
"S4_hotspots","Simulation_03","out","T>C",5,760,344.817870612364,374
"S4_hotspots","Simulation_03","out","T>C",6,808,443.593396407776,452
"S4_hotspots","Simulation_03","out","T>C",7,710,461.31376027871,463
"S4_hotspots","Simulation_03","out","T>C",8,638,477.375093604812,474
"S4_hotspots","Simulation_03","out","T>C",9,608,516.809528164749,517
"S4_hotspots","Simulation_03","out","T>G",10,227,214.332948748242,214
"S4_hotspots","Simulation_03","out","T>G",3,4,1.13185939367772,1
"S4_hotspots","Simulation_03","out","T>G",4,84,30.8374939296325,32
"S4_hotspots","Simulation_03","out","T>G",5,198,90.0368360519745,99
"S4_hotspots","Simulation_03","out","T>G",6,263,144.498036744317,148
"S4_hotspots","Simulation_03","out","T>G",7,277,180.417373149008,187
"S4_hotspots","Simulation_03","out","T>G",8,284,213.191929119456,217
"S4_hotspots","Simulation_03","out","T>G",9,280,237.982862055305,244
"S4_hotspots","Simulation_04","in","C>A",10,6841,6471.36820470817,6475
"S4_hotspots","Simulation_04","in","C>A",2,1,0.1941626905913,0
"S4_hotspots","Simulation_04","in","C>A",3,229,63.2867997188335,71
"S4_hotspots","Simulation_04","in","C>A",4,1941,699.618173795519,719
"S4_hotspots","Simulation_04","in","C>A",5,4159,1891.23998959262,1882
"S4_hotspots","Simulation_04","in","C>A",6,4836,2656.12837737177,2712
"S4_hotspots","Simulation_04","in","C>A",7,4616,3000.92214306781,2979
"S4_hotspots","Simulation_04","in","C>A",8,4788,3591.8499463643,3568
"S4_hotspots","Simulation_04","in","C>A",9,5584,4761.50889497327,4792
"S4_hotspots","Simulation_04","in","C>G",10,20349,19811.2115145529,19796
"S4_hotspots","Simulation_04","in","C>G",3,81,22.4707792669962,25
"S4_hotspots","Simulation_04","in","C>G",4,760,272.36269059457,281
"S4_hotspots","Simulation_04","in","C>G",5,1408,635.011323361442,663
"S4_hotspots","Simulation_04","in","C>G",6,1388,760.985994289759,793
"S4_hotspots","Simulation_04","in","C>G",7,1322,859.999372953853,877
"S4_hotspots","Simulation_04","in","C>G",8,1565,1178.09601207278,1198
"S4_hotspots","Simulation_04","in","C>G",9,2853,2443.00188670139,2451
"S4_hotspots","Simulation_04","in","C>T",10,40325,39068.9249344186,39109
"S4_hotspots","Simulation_04","in","C>T",2,1,0.192684712495548,0
"S4_hotspots","Simulation_04","in","C>T",3,470,127.358853160909,128
"S4_hotspots","Simulation_04","in","C>T",4,2132,760.56247528856,816
"S4_hotspots","Simulation_04","in","C>T",5,3577,1620.64697697176,1621
"S4_hotspots","Simulation_04","in","C>T",6,4198,2309.81104902929,2387
"S4_hotspots","Simulation_04","in","C>T",7,4294,2795.13627055926,2794
"S4_hotspots","Simulation_04","in","C>T",8,5269,3960.97139476198,4019
"S4_hotspots","Simulation_04","in","C>T",9,8296,7103.20222733376,7186
"S4_hotspots","Simulation_04","in","T>A",10,6783,6460.46483630655,6447
"S4_hotspots","Simulation_04","in","T>A",3,112,30.7865916392415,30
"S4_hotspots","Simulation_04","in","T>A",4,622,223.350980873722,225
"S4_hotspots","Simulation_04","in","T>A",5,1426,646.144488643246,648
"S4_hotspots","Simulation_04","in","T>A",6,1590,875.355900042296,883
"S4_hotspots","Simulation_04","in","T>A",7,1748,1137.5907455303,1145
"S4_hotspots","Simulation_04","in","T>A",8,2231,1680.38417638894,1622
"S4_hotspots","Simulation_04","in","T>A",9,3424,2924.63852495247,2911
"S4_hotspots","Simulation_04","in","T>C",10,1196,1126.71784141464,1136
"S4_hotspots","Simulation_04","in","T>C",3,192,52.2898631322638,59
"S4_hotspots","Simulation_04","in","T>C",4,1239,445.039141297314,439
"S4_hotspots","Simulation_04","in","T>C",5,2538,1149.01521721007,1170
"S4_hotspots","Simulation_04","in","T>C",6,2810,1545.20395414399,1555
"S4_hotspots","Simulation_04","in","T>C",7,2516,1633.89015813661,1666
"S4_hotspots","Simulation_04","in","T>C",8,2351,1761.36800490188,1833
"S4_hotspots","Simulation_04","in","T>C",9,2093,1772.77429912954,1821
"S4_hotspots","Simulation_04","in","T>G",10,204,189.15982259639,194
"S4_hotspots","Simulation_04","in","T>G",3,42,11.6377363320302,12
"S4_hotspots","Simulation_04","in","T>G",4,389,140.271309783393,147
"S4_hotspots","Simulation_04","in","T>G",5,748,337.332245160311,338
"S4_hotspots","Simulation_04","in","T>G",6,730,402.520967912378,430
"S4_hotspots","Simulation_04","in","T>G",7,736,478.753089253209,492
"S4_hotspots","Simulation_04","in","T>G",8,801,599.161656954819,628
"S4_hotspots","Simulation_04","in","T>G",9,673,570.238167836226,599
"S4_hotspots","Simulation_04","out","C>A",10,1811,1717.08098977605,1726
"S4_hotspots","Simulation_04","out","C>A",3,64,17.8421257662159,14
"S4_hotspots","Simulation_04","out","C>A",4,469,169.06380618666,140
"S4_hotspots","Simulation_04","out","C>A",5,1020,463.873509552864,479
"S4_hotspots","Simulation_04","out","C>A",6,1204,662.083252709848,643
"S4_hotspots","Simulation_04","out","C>A",7,1101,716.44871974082,720
"S4_hotspots","Simulation_04","out","C>A",8,1225,919.275786240689,895
"S4_hotspots","Simulation_04","out","C>A",9,1443,1229.23351920297,1224
"S4_hotspots","Simulation_04","out","C>G",10,5962,5833.16527787231,5829
"S4_hotspots","Simulation_04","out","C>G",3,16,4.24881979277994,2
"S4_hotspots","Simulation_04","out","C>G",4,194,69.623317093055,77
"S4_hotspots","Simulation_04","out","C>G",5,336,151.275376300808,151
"S4_hotspots","Simulation_04","out","C>G",6,286,156.46771712322,158
"S4_hotspots","Simulation_04","out","C>G",7,279,182.155425982257,183
"S4_hotspots","Simulation_04","out","C>G",8,362,272.162627251024,300
"S4_hotspots","Simulation_04","out","C>G",9,691,591.464972300526,592
"S4_hotspots","Simulation_04","out","C>T",10,8543,8252.53736335504,8223
"S4_hotspots","Simulation_04","out","C>T",3,92,25.1807742094055,20
"S4_hotspots","Simulation_04","out","C>T",4,504,179.096380275962,190
"S4_hotspots","Simulation_04","out","C>T",5,891,403.224728480697,416
"S4_hotspots","Simulation_04","out","C>T",6,1024,562.816122240275,597
"S4_hotspots","Simulation_04","out","C>T",7,1139,742.873604176083,778
"S4_hotspots","Simulation_04","out","C>T",8,1267,953.087131974719,929
"S4_hotspots","Simulation_04","out","C>T",9,2123,1815.88788298333,1836
"S4_hotspots","Simulation_04","out","T>A",10,1619,1543.42939221838,1537
"S4_hotspots","Simulation_04","out","T>A",3,21,5.95029059799893,7
"S4_hotspots","Simulation_04","out","T>A",4,158,56.581518044331,61
"S4_hotspots","Simulation_04","out","T>A",5,333,150.471888985267,149
"S4_hotspots","Simulation_04","out","T>A",6,391,214.448587589576,220
"S4_hotspots","Simulation_04","out","T>A",7,421,275.048168892275,284
"S4_hotspots","Simulation_04","out","T>A",8,517,389.920110108514,366
"S4_hotspots","Simulation_04","out","T>A",9,764,652.702707548769,657
"S4_hotspots","Simulation_04","out","T>C",10,305,286.64913715406,285
"S4_hotspots","Simulation_04","out","T>C",2,1,0.1889057988732,0
"S4_hotspots","Simulation_04","out","T>C",3,54,14.9180125748589,17
"S4_hotspots","Simulation_04","out","T>C",4,269,96.872069277589,112
"S4_hotspots","Simulation_04","out","T>C",5,563,255.45182239675,258
"S4_hotspots","Simulation_04","out","T>C",6,717,393.479217975332,417
"S4_hotspots","Simulation_04","out","T>C",7,654,425.734499522729,445
"S4_hotspots","Simulation_04","out","T>C",8,599,448.496698775933,460
"S4_hotspots","Simulation_04","out","T>C",9,505,427.313752150816,449
"S4_hotspots","Simulation_04","out","T>G",10,64,59.2937756200229,61
"S4_hotspots","Simulation_04","out","T>G",3,10,2.75694990319549,3
"S4_hotspots","Simulation_04","out","T>G",4,88,31.8229938374306,37
"S4_hotspots","Simulation_04","out","T>G",5,174,78.5896571889505,83
"S4_hotspots","Simulation_04","out","T>G",6,198,108.841034685397,95
"S4_hotspots","Simulation_04","out","T>G",7,175,114.12523172966,112
"S4_hotspots","Simulation_04","out","T>G",8,211,157.720923001662,170
"S4_hotspots","Simulation_04","out","T>G",9,187,158.613502035593,163
"S4_hotspots","Simulation_05","in","C>A",10,6592,6234.24194374767,6256
"S4_hotspots","Simulation_05","in","C>A",2,1,0.183225570115598,1
"S4_hotspots","Simulation_05","in","C>A",3,274,76.3574162805136,79
"S4_hotspots","Simulation_05","in","C>A",4,2589,932.983028626109,950
"S4_hotspots","Simulation_05","in","C>A",5,5749,2608.37622684325,2666
"S4_hotspots","Simulation_05","in","C>A",6,6522,3579.05308719412,3623
"S4_hotspots","Simulation_05","in","C>A",7,6217,4042.82056702948,4101
"S4_hotspots","Simulation_05","in","C>A",8,6020,4516.66175672532,4552
"S4_hotspots","Simulation_05","in","C>A",9,6346,5397.26676162849,5436
"S4_hotspots","Simulation_05","in","C>G",10,27311,26608.7339755892,26612
"S4_hotspots","Simulation_05","in","C>G",3,91,24.8995427548035,16
"S4_hotspots","Simulation_05","in","C>G",4,784,281.885535121274,278
"S4_hotspots","Simulation_05","in","C>G",5,1777,807.103394909819,764
"S4_hotspots","Simulation_05","in","C>G",6,2132,1168.68523931549,1175
"S4_hotspots","Simulation_05","in","C>G",7,2242,1456.96931940093,1479
"S4_hotspots","Simulation_05","in","C>G",8,2607,1963.8339875775,1945
"S4_hotspots","Simulation_05","in","C>G",9,4176,3575.33472482596,3535
"S4_hotspots","Simulation_05","in","C>T",10,20211,19270.5946201769,19295
"S4_hotspots","Simulation_05","in","C>T",3,354,97.1340463823287,93
"S4_hotspots","Simulation_05","in","C>T",4,2523,908.315947138251,919
"S4_hotspots","Simulation_05","in","C>T",5,5361,2434.36385172719,2486
"S4_hotspots","Simulation_05","in","C>T",6,6222,3414.21368542347,3454
"S4_hotspots","Simulation_05","in","C>T",7,6423,4180.33920551199,4124
"S4_hotspots","Simulation_05","in","C>T",8,7210,5419.27972188594,5479
"S4_hotspots","Simulation_05","in","C>T",9,10466,8947.03780867791,8933
"S4_hotspots","Simulation_05","in","T>A",10,3266,3099.70743856156,3104
"S4_hotspots","Simulation_05","in","T>A",3,112,31.3501106699879,37
"S4_hotspots","Simulation_05","in","T>A",4,883,318.557616980498,317
"S4_hotspots","Simulation_05","in","T>A",5,2182,994.273140803171,992
"S4_hotspots","Simulation_05","in","T>A",6,2702,1484.36218136104,1505
"S4_hotspots","Simulation_05","in","T>A",7,2715,1764.32778431251,1840
"S4_hotspots","Simulation_05","in","T>A",8,2830,2122.99053614002,2144
"S4_hotspots","Simulation_05","in","T>A",9,3153,2682.50611743585,2707
"S4_hotspots","Simulation_05","in","T>C",10,4414,4153.37758840468,4140
"S4_hotspots","Simulation_05","in","T>C",2,2,0.371706393886022,2
"S4_hotspots","Simulation_05","in","T>C",3,149,41.5633544773791,40
"S4_hotspots","Simulation_05","in","T>C",4,1142,412.466933994128,416
"S4_hotspots","Simulation_05","in","T>C",5,2550,1155.23488105114,1155
"S4_hotspots","Simulation_05","in","T>C",6,2936,1615.53846297912,1586
"S4_hotspots","Simulation_05","in","T>C",7,2984,1942.8063072322,1936
"S4_hotspots","Simulation_05","in","T>C",8,3650,2747.35344628795,2735
"S4_hotspots","Simulation_05","in","T>C",9,4770,4065.94741010006,4066
"S4_hotspots","Simulation_05","in","T>G",10,1280,1201.23407642525,1215
"S4_hotspots","Simulation_05","in","T>G",3,32,8.93222152541102,6
"S4_hotspots","Simulation_05","in","T>G",4,321,116.930419399332,124
"S4_hotspots","Simulation_05","in","T>G",5,857,389.337373626245,395
"S4_hotspots","Simulation_05","in","T>G",6,1016,557.475752361734,535
"S4_hotspots","Simulation_05","in","T>G",7,1045,681.819742292857,710
"S4_hotspots","Simulation_05","in","T>G",8,1093,820.683635640638,829
"S4_hotspots","Simulation_05","in","T>G",9,1386,1182.28541027784,1192
"S4_hotspots","Simulation_05","out","C>A",10,1975,1871.35861033395,1859
"S4_hotspots","Simulation_05","out","C>A",3,95,26.4479058064575,28
"S4_hotspots","Simulation_05","out","C>A",4,753,272.522732987973,270
"S4_hotspots","Simulation_05","out","C>A",5,1415,641.184754455247,672
"S4_hotspots","Simulation_05","out","C>A",6,1715,942.300855356972,974
"S4_hotspots","Simulation_05","out","C>A",7,1686,1095.08754468505,1078
"S4_hotspots","Simulation_05","out","C>A",8,1680,1259.89365087113,1247
"S4_hotspots","Simulation_05","out","C>A",9,1834,1559.59995779561,1550
"S4_hotspots","Simulation_05","out","C>G",10,5250,5085.59812589385,5075
"S4_hotspots","Simulation_05","out","C>G",3,23,6.6289008864897,5
"S4_hotspots","Simulation_05","out","C>G",4,218,78.8186937703013,70
"S4_hotspots","Simulation_05","out","C>G",5,487,221.569659281319,227
"S4_hotspots","Simulation_05","out","C>G",6,675,370.640019651543,350
"S4_hotspots","Simulation_05","out","C>G",7,714,465.361707236523,470
"S4_hotspots","Simulation_05","out","C>G",8,741,557.269242013912,569
"S4_hotspots","Simulation_05","out","C>G",9,1257,1074.54264768139,1063
"S4_hotspots","Simulation_05","out","C>T",10,5390,5135.94701838659,5145
"S4_hotspots","Simulation_05","out","C>T",3,96,26.1026940922343,27
"S4_hotspots","Simulation_05","out","C>T",4,679,243.992468583336,255
"S4_hotspots","Simulation_05","out","C>T",5,1477,672.15005461944,682
"S4_hotspots","Simulation_05","out","C>T",6,1734,952.853212788949,952
"S4_hotspots","Simulation_05","out","C>T",7,1868,1212.37686287125,1200
"S4_hotspots","Simulation_05","out","C>T",8,2071,1559.01797521227,1574
"S4_hotspots","Simulation_05","out","C>T",9,2924,2497.34872032216,2491
"S4_hotspots","Simulation_05","out","T>A",10,779,735.052121761432,741
"S4_hotspots","Simulation_05","out","T>A",3,29,8.03465208505906,11
"S4_hotspots","Simulation_05","out","T>A",4,279,101.148313997388,95
"S4_hotspots","Simulation_05","out","T>A",5,630,287.440968691539,291
"S4_hotspots","Simulation_05","out","T>A",6,825,452.367949299116,474
"S4_hotspots","Simulation_05","out","T>A",7,741,483.412522733141,466
"S4_hotspots","Simulation_05","out","T>A",8,749,562.217567248465,574
"S4_hotspots","Simulation_05","out","T>A",9,829,706.021250426742,695
"S4_hotspots","Simulation_05","out","T>C",10,1867,1770.75577491805,1776
"S4_hotspots","Simulation_05","out","T>C",3,32,8.82269897597098,8
"S4_hotspots","Simulation_05","out","T>C",4,269,97.4601801896174,103
"S4_hotspots","Simulation_05","out","T>C",5,674,306.389035248647,307
"S4_hotspots","Simulation_05","out","T>C",6,831,456.584021431794,463
"S4_hotspots","Simulation_05","out","T>C",7,833,540.926937266767,537
"S4_hotspots","Simulation_05","out","T>C",8,1019,766.541899459263,763
"S4_hotspots","Simulation_05","out","T>C",9,1403,1197.02033957769,1224
"S4_hotspots","Simulation_05","out","T>G",10,546,515.972911824209,519
"S4_hotspots","Simulation_05","out","T>G",3,4,1.09624688816719,1
"S4_hotspots","Simulation_05","out","T>G",4,73,26.691785196605,31
"S4_hotspots","Simulation_05","out","T>G",5,236,107.819123701989,104
"S4_hotspots","Simulation_05","out","T>G",6,292,161.282758911611,169
"S4_hotspots","Simulation_05","out","T>G",7,311,202.662676231643,201
"S4_hotspots","Simulation_05","out","T>G",8,374,280.936106243374,280
"S4_hotspots","Simulation_05","out","T>G",9,416,355.023391724938,359
"S4_hotspots","Simulation_06","in","C>A",10,4282,4045.43890366292,4047
"S4_hotspots","Simulation_06","in","C>A",3,110,30.584069488037,35
"S4_hotspots","Simulation_06","in","C>A",4,1518,547.709310178402,607
"S4_hotspots","Simulation_06","in","C>A",5,4088,1862.25545285915,1856
"S4_hotspots","Simulation_06","in","C>A",6,4612,2528.19874790589,2485
"S4_hotspots","Simulation_06","in","C>A",7,4628,3005.19197777544,3086
"S4_hotspots","Simulation_06","in","C>A",8,4646,3486.7619400444,3476
"S4_hotspots","Simulation_06","in","C>A",9,4690,3990.3290407381,4017
"S4_hotspots","Simulation_06","in","C>G",10,13659,13182.818058999,13169
"S4_hotspots","Simulation_06","in","C>G",3,49,13.4830491989404,15
"S4_hotspots","Simulation_06","in","C>G",4,605,218.718289083883,201
"S4_hotspots","Simulation_06","in","C>G",5,1172,531.004333595965,519
"S4_hotspots","Simulation_06","in","C>G",6,1299,713.36632651296,722
"S4_hotspots","Simulation_06","in","C>G",7,1314,853.91272928579,888
"S4_hotspots","Simulation_06","in","C>G",8,1778,1338.04133572554,1391
"S4_hotspots","Simulation_06","in","C>G",9,3098,2658.73193400784,2700
"S4_hotspots","Simulation_06","in","C>T",10,19774,18906.8639594371,18927
"S4_hotspots","Simulation_06","in","C>T",2,4,0.783102495490528,2
"S4_hotspots","Simulation_06","in","C>T",3,293,80.1101176826546,86
"S4_hotspots","Simulation_06","in","C>T",4,1704,614.594171309752,620
"S4_hotspots","Simulation_06","in","C>T",5,3573,1623.07548882785,1644
"S4_hotspots","Simulation_06","in","C>T",6,4327,2379.2915738765,2393
"S4_hotspots","Simulation_06","in","C>T",7,4732,3083.79564130111,3067
"S4_hotspots","Simulation_06","in","C>T",8,5871,4418.96095279353,4467
"S4_hotspots","Simulation_06","in","C>T",9,8529,7290.4244014209,7258
"S4_hotspots","Simulation_06","in","T>A",10,1203,1127.24566283006,1133
"S4_hotspots","Simulation_06","in","T>A",3,81,22.6696296956677,26
"S4_hotspots","Simulation_06","in","T>A",4,658,237.12172552487,225
"S4_hotspots","Simulation_06","in","T>A",5,1636,745.840129934546,774
"S4_hotspots","Simulation_06","in","T>A",6,1937,1063.70547711571,1083
"S4_hotspots","Simulation_06","in","T>A",7,1952,1267.29755972109,1269
"S4_hotspots","Simulation_06","in","T>A",8,2121,1590.98297163854,1605
"S4_hotspots","Simulation_06","in","T>A",9,2212,1880.02280675474,1866
"S4_hotspots","Simulation_06","in","T>C",10,2283,2139.98496349531,2142
"S4_hotspots","Simulation_06","in","T>C",3,136,37.394485632498,39
"S4_hotspots","Simulation_06","in","T>C",4,981,351.668810921351,359
"S4_hotspots","Simulation_06","in","T>C",5,1972,897.998713422423,925
"S4_hotspots","Simulation_06","in","T>C",6,2371,1303.50301502564,1326
"S4_hotspots","Simulation_06","in","T>C",7,2277,1480.68690995554,1516
"S4_hotspots","Simulation_06","in","T>C",8,2508,1885.21276602271,1921
"S4_hotspots","Simulation_06","in","T>C",9,3093,2634.70729834403,2672
"S4_hotspots","Simulation_06","in","T>G",10,464,433.174686723767,449
"S4_hotspots","Simulation_06","in","T>G",3,12,3.39451455982657,3
"S4_hotspots","Simulation_06","in","T>G",4,261,94.9140116105153,84
"S4_hotspots","Simulation_06","in","T>G",5,650,295.506940481382,289
"S4_hotspots","Simulation_06","in","T>G",6,752,413.896461924342,403
"S4_hotspots","Simulation_06","in","T>G",7,742,482.552277099289,469
"S4_hotspots","Simulation_06","in","T>G",8,772,579.757934916272,601
"S4_hotspots","Simulation_06","in","T>G",9,851,723.975984075922,743
"S4_hotspots","Simulation_06","out","C>A",10,1216,1150.90787945373,1143
"S4_hotspots","Simulation_06","out","C>A",3,35,9.7530630129671,8
"S4_hotspots","Simulation_06","out","C>A",4,373,135.39878745752,125
"S4_hotspots","Simulation_06","out","C>A",5,983,447.969191725002,451
"S4_hotspots","Simulation_06","out","C>A",6,1079,592.368306927469,605
"S4_hotspots","Simulation_06","out","C>A",7,1099,714.800556673755,735
"S4_hotspots","Simulation_06","out","C>A",8,1161,871.912223310765,895
"S4_hotspots","Simulation_06","out","C>A",9,1169,993.652474782264,1009
"S4_hotspots","Simulation_06","out","C>G",10,2789,2685.50697789006,2685
"S4_hotspots","Simulation_06","out","C>G",3,16,4.48594348393244,9
"S4_hotspots","Simulation_06","out","C>G",4,138,49.4968150727069,56
"S4_hotspots","Simulation_06","out","C>G",5,287,129.295422451176,126
"S4_hotspots","Simulation_06","out","C>G",6,292,160.760576746312,147
"S4_hotspots","Simulation_06","out","C>G",7,316,206.348106757861,214
"S4_hotspots","Simulation_06","out","C>G",8,384,289.433549663213,296
"S4_hotspots","Simulation_06","out","C>G",9,706,606.606206023052,623
"S4_hotspots","Simulation_06","out","C>T",10,3711,3540.47021839958,3547
"S4_hotspots","Simulation_06","out","C>T",3,49,13.3062187622656,14
"S4_hotspots","Simulation_06","out","C>T",4,415,148.942926700847,148
"S4_hotspots","Simulation_06","out","C>T",5,865,394.212312631207,410
"S4_hotspots","Simulation_06","out","C>T",6,1043,574.2883213209,586
"S4_hotspots","Simulation_06","out","C>T",7,1139,743.962231336343,734
"S4_hotspots","Simulation_06","out","C>T",8,1407,1057.25031549597,1056
"S4_hotspots","Simulation_06","out","C>T",9,2084,1782.48586666562,1804
"S4_hotspots","Simulation_06","out","T>A",10,183,171.15252934803,178
"S4_hotspots","Simulation_06","out","T>A",3,21,5.92696572685263,6
"S4_hotspots","Simulation_06","out","T>A",4,175,62.8800996643992,60
"S4_hotspots","Simulation_06","out","T>A",5,405,184.667411399681,191
"S4_hotspots","Simulation_06","out","T>A",6,470,258.302143786195,277
"S4_hotspots","Simulation_06","out","T>A",7,507,330.352503548617,334
"S4_hotspots","Simulation_06","out","T>A",8,451,337.619833287128,331
"S4_hotspots","Simulation_06","out","T>A",9,418,354.201816294803,355
"S4_hotspots","Simulation_06","out","T>C",10,529,495.174013852216,505
"S4_hotspots","Simulation_06","out","T>C",3,26,7.28755631214799,6
"S4_hotspots","Simulation_06","out","T>C",4,218,78.2894863012591,88
"S4_hotspots","Simulation_06","out","T>C",5,483,219.384359034702,222
"S4_hotspots","Simulation_06","out","T>C",6,552,303.483578341572,322
"S4_hotspots","Simulation_06","out","T>C",7,552,359.132964355095,352
"S4_hotspots","Simulation_06","out","T>C",8,587,441.893455075495,456
"S4_hotspots","Simulation_06","out","T>C",9,757,645.644040108032,647
"S4_hotspots","Simulation_06","out","T>G",10,113,105.066965863389,105
"S4_hotspots","Simulation_06","out","T>G",3,3,0.892401654187498,1
"S4_hotspots","Simulation_06","out","T>G",4,69,25.0764274831894,25
"S4_hotspots","Simulation_06","out","T>G",5,126,57.4257772489876,61
"S4_hotspots","Simulation_06","out","T>G",6,195,107.256741904759,111
"S4_hotspots","Simulation_06","out","T>G",7,169,110.249844495145,122
"S4_hotspots","Simulation_06","out","T>G",8,178,134.281475720623,146
"S4_hotspots","Simulation_06","out","T>G",9,219,186.346249779329,198
"S4_hotspots","Simulation_07","in","C>A",10,2996,2815.22421522735,2806
"S4_hotspots","Simulation_07","in","C>A",3,309,86.1210527293525,106
"S4_hotspots","Simulation_07","in","C>A",4,2430,872.308606370652,876
"S4_hotspots","Simulation_07","in","C>A",5,4633,2096.02504830403,2111
"S4_hotspots","Simulation_07","in","C>A",6,4727,2594.52511483876,2649
"S4_hotspots","Simulation_07","in","C>A",7,4308,2799.29300979871,2847
"S4_hotspots","Simulation_07","in","C>A",8,4215,3158.84850921169,3209
"S4_hotspots","Simulation_07","in","C>A",9,3973,3378.00168361595,3345
"S4_hotspots","Simulation_07","in","C>G",10,17633,17181.0734310687,17143
"S4_hotspots","Simulation_07","in","C>G",3,110,29.9765981079256,30
"S4_hotspots","Simulation_07","in","C>G",4,653,234.323203483571,268
"S4_hotspots","Simulation_07","in","C>G",5,1390,629.520922640532,637
"S4_hotspots","Simulation_07","in","C>G",6,1662,914.518803129733,933
"S4_hotspots","Simulation_07","in","C>G",7,1619,1054.49105976851,1045
"S4_hotspots","Simulation_07","in","C>G",8,2016,1520.67061832058,1536
"S4_hotspots","Simulation_07","in","C>G",9,3184,2722.69128053006,2756
"S4_hotspots","Simulation_07","in","C>T",10,70553,68924.8813491201,68901
"S4_hotspots","Simulation_07","in","C>T",2,4,0.719957790448198,0
"S4_hotspots","Simulation_07","in","C>T",3,312,83.8385100950715,99
"S4_hotspots","Simulation_07","in","C>T",4,1920,690.295728741797,681
"S4_hotspots","Simulation_07","in","C>T",5,4184,1906.22999094108,1885
"S4_hotspots","Simulation_07","in","C>T",6,5052,2780.79044628221,2827
"S4_hotspots","Simulation_07","in","C>T",7,5458,3553.40827049946,3576
"S4_hotspots","Simulation_07","in","C>T",8,6317,4755.94166210254,4715
"S4_hotspots","Simulation_07","in","C>T",9,9877,8453.36244508184,8422
"S4_hotspots","Simulation_07","in","T>A",10,1855,1739.60099255673,1745
"S4_hotspots","Simulation_07","in","T>A",2,1,0.192585497247163,0
"S4_hotspots","Simulation_07","in","T>A",3,136,37.4387587885545,41
"S4_hotspots","Simulation_07","in","T>A",4,1033,370.930575528169,376
"S4_hotspots","Simulation_07","in","T>A",5,1953,889.216067240443,898
"S4_hotspots","Simulation_07","in","T>A",6,2139,1174.0561119864,1218
"S4_hotspots","Simulation_07","in","T>A",7,2004,1303.22333046804,1346
"S4_hotspots","Simulation_07","in","T>A",8,2070,1553.54951014161,1543
"S4_hotspots","Simulation_07","in","T>A",9,2270,1931.15203576769,1927
"S4_hotspots","Simulation_07","in","T>C",10,644,598.950972576612,603
"S4_hotspots","Simulation_07","in","T>C",3,113,31.6485077874201,38
"S4_hotspots","Simulation_07","in","T>C",4,1328,479.976669778616,482
"S4_hotspots","Simulation_07","in","T>C",5,3245,1478.83497256219,1476
"S4_hotspots","Simulation_07","in","T>C",6,3944,2165.36841162116,2191
"S4_hotspots","Simulation_07","in","T>C",7,3429,2224.39587373653,2230
"S4_hotspots","Simulation_07","in","T>C",8,2970,2217.45728270269,2234
"S4_hotspots","Simulation_07","in","T>C",9,1887,1593.00888836898,1619
"S4_hotspots","Simulation_07","in","T>G",10,288,267.809095868958,271
"S4_hotspots","Simulation_07","in","T>G",3,39,10.8724722101161,9
"S4_hotspots","Simulation_07","in","T>G",4,292,105.294009677049,113
"S4_hotspots","Simulation_07","in","T>G",5,728,332.19277722868,332
"S4_hotspots","Simulation_07","in","T>G",6,890,489.842780559055,470
"S4_hotspots","Simulation_07","in","T>G",7,879,570.987718223878,585
"S4_hotspots","Simulation_07","in","T>G",8,833,624.894034662487,643
"S4_hotspots","Simulation_07","in","T>G",9,750,635.072723783309,650
"S4_hotspots","Simulation_07","out","C>A",10,592,556.114737322604,556
"S4_hotspots","Simulation_07","out","C>A",3,88,24.123760193876,19
"S4_hotspots","Simulation_07","out","C>A",4,718,258.449473679471,277
"S4_hotspots","Simulation_07","out","C>A",5,1242,560.63736558432,559
"S4_hotspots","Simulation_07","out","C>A",6,1197,658.296541178051,676
"S4_hotspots","Simulation_07","out","C>A",7,1075,697.401338201502,708
"S4_hotspots","Simulation_07","out","C>A",8,1039,778.291786852401,772
"S4_hotspots","Simulation_07","out","C>A",9,945,802.326579190281,817
"S4_hotspots","Simulation_07","out","C>G",10,4201,4084.85030772144,4077
"S4_hotspots","Simulation_07","out","C>G",3,32,8.76588575512058,16
"S4_hotspots","Simulation_07","out","C>G",4,186,67.0247944834204,66
"S4_hotspots","Simulation_07","out","C>G",5,391,177.333630000031,193
"S4_hotspots","Simulation_07","out","C>G",6,427,235.192062562103,245
"S4_hotspots","Simulation_07","out","C>G",7,456,295.78160040487,322
"S4_hotspots","Simulation_07","out","C>G",8,545,409.474725768744,411
"S4_hotspots","Simulation_07","out","C>G",9,769,656.474755877203,661
"S4_hotspots","Simulation_07","out","C>T",10,20097,19632.6791329803,19598
"S4_hotspots","Simulation_07","out","C>T",3,68,18.5603153345934,20
"S4_hotspots","Simulation_07","out","C>T",4,533,191.620327323589,194
"S4_hotspots","Simulation_07","out","C>T",5,1139,518.556838485262,537
"S4_hotspots","Simulation_07","out","C>T",6,1445,794.987379761426,820
"S4_hotspots","Simulation_07","out","C>T",7,1628,1061.57018532813,1067
"S4_hotspots","Simulation_07","out","C>T",8,1860,1397.96988709493,1397
"S4_hotspots","Simulation_07","out","C>T",9,2960,2529.14669986153,2535
"S4_hotspots","Simulation_07","out","T>A",10,293,273.837608697323,274
"S4_hotspots","Simulation_07","out","T>A",3,41,11.2780401121226,13
"S4_hotspots","Simulation_07","out","T>A",4,289,102.433105167661,101
"S4_hotspots","Simulation_07","out","T>A",5,524,239.218073469913,254
"S4_hotspots","Simulation_07","out","T>A",6,560,306.517304033452,323
"S4_hotspots","Simulation_07","out","T>A",7,502,327.847755661987,320
"S4_hotspots","Simulation_07","out","T>A",8,545,408.799289573395,411
"S4_hotspots","Simulation_07","out","T>A",9,518,439.387787238288,438
"S4_hotspots","Simulation_07","out","T>C",10,259,242.482901233527,244
"S4_hotspots","Simulation_07","out","T>C",3,32,8.97501009939846,12
"S4_hotspots","Simulation_07","out","T>C",4,352,127.89316350211,142
"S4_hotspots","Simulation_07","out","T>C",5,884,404.218791346795,403
"S4_hotspots","Simulation_07","out","T>C",6,1162,638.793819607838,652
"S4_hotspots","Simulation_07","out","T>C",7,1059,687.756279959475,720
"S4_hotspots","Simulation_07","out","T>C",8,833,624.070082292989,640
"S4_hotspots","Simulation_07","out","T>C",9,619,523.401040701736,538
"S4_hotspots","Simulation_07","out","T>G",10,84,78.3722905910263,79
"S4_hotspots","Simulation_07","out","T>G",3,8,2.2272794134645,5
"S4_hotspots","Simulation_07","out","T>G",4,89,32.2523273948215,38
"S4_hotspots","Simulation_07","out","T>G",5,208,94.8748391612032,96
"S4_hotspots","Simulation_07","out","T>G",6,242,133.713626155102,154
"S4_hotspots","Simulation_07","out","T>G",7,256,166.298602464138,177
"S4_hotspots","Simulation_07","out","T>G",8,246,184.021031345814,177
"S4_hotspots","Simulation_07","out","T>G",9,184,155.738569756918,154
"S4_hotspots","Simulation_08","in","C>A",10,4100,3880.31867097313,3886
"S4_hotspots","Simulation_08","in","C>A",3,190,52.7703135059335,60
"S4_hotspots","Simulation_08","in","C>A",4,1957,705.831949934734,766
"S4_hotspots","Simulation_08","in","C>A",5,4427,2007.71912617842,1945
"S4_hotspots","Simulation_08","in","C>A",6,5124,2815.7021747212,2801
"S4_hotspots","Simulation_08","in","C>A",7,5028,3266.77108286882,3276
"S4_hotspots","Simulation_08","in","C>A",8,4828,3616.84337752437,3643
"S4_hotspots","Simulation_08","in","C>A",9,4844,4120.57368445099,4109
"S4_hotspots","Simulation_08","in","C>G",10,21324,20858.0411529181,20875
"S4_hotspots","Simulation_08","in","C>G",3,110,30.3925291728493,26
"S4_hotspots","Simulation_08","in","C>G",4,561,201.247898615561,178
"S4_hotspots","Simulation_08","in","C>G",5,1099,500.565507916878,508
"S4_hotspots","Simulation_08","in","C>G",6,1382,763.668984914462,763
"S4_hotspots","Simulation_08","in","C>G",7,1503,978.748961500069,1022
"S4_hotspots","Simulation_08","in","C>G",8,1827,1373.63255985731,1411
"S4_hotspots","Simulation_08","in","C>G",9,2939,2514.55933456112,2531
"S4_hotspots","Simulation_08","in","C>T",10,25491,24622.8541841112,24620
"S4_hotspots","Simulation_08","in","C>T",2,1,0.192596856116874,1
"S4_hotspots","Simulation_08","in","C>T",3,322,88.3197688292992,88
"S4_hotspots","Simulation_08","in","C>T",4,1841,661.194823195883,685
"S4_hotspots","Simulation_08","in","C>T",5,3628,1646.8993155669,1676
"S4_hotspots","Simulation_08","in","C>T",6,4327,2376.92604427358,2355
"S4_hotspots","Simulation_08","in","C>T",7,4319,2812.61399900009,2805
"S4_hotspots","Simulation_08","in","C>T",8,5243,3943.57087249013,3971
"S4_hotspots","Simulation_08","in","C>T",9,7697,6582.00188634941,6561
"S4_hotspots","Simulation_08","in","T>A",10,577,533.77442704405,540
"S4_hotspots","Simulation_08","in","T>A",3,78,21.2023715507349,22
"S4_hotspots","Simulation_08","in","T>A",4,770,277.749154675133,267
"S4_hotspots","Simulation_08","in","T>A",5,1759,800.02338741415,820
"S4_hotspots","Simulation_08","in","T>A",6,2378,1306.27684291761,1325
"S4_hotspots","Simulation_08","in","T>A",7,2091,1358.2774923407,1344
"S4_hotspots","Simulation_08","in","T>A",8,1694,1268.58427089221,1291
"S4_hotspots","Simulation_08","in","T>A",9,1919,1629.78571366637,1695
"S4_hotspots","Simulation_08","in","T>C",10,450,415.188051424251,417
"S4_hotspots","Simulation_08","in","T>C",2,1,0.178129600120327,0
"S4_hotspots","Simulation_08","in","T>C",3,111,30.4930383559764,28
"S4_hotspots","Simulation_08","in","T>C",4,886,320.448200142645,325
"S4_hotspots","Simulation_08","in","T>C",5,2351,1068.93041701122,1108
"S4_hotspots","Simulation_08","in","T>C",6,2761,1518.58863777576,1556
"S4_hotspots","Simulation_08","in","T>C",7,2753,1788.8981536796,1799
"S4_hotspots","Simulation_08","in","T>C",8,2541,1902.93094467088,1931
"S4_hotspots","Simulation_08","in","T>C",9,1875,1584.01070861467,1595
"S4_hotspots","Simulation_08","in","T>G",10,150,139.364583252803,140
"S4_hotspots","Simulation_08","in","T>G",3,32,8.89913374193089,11
"S4_hotspots","Simulation_08","in","T>G",4,310,112.381879934135,113
"S4_hotspots","Simulation_08","in","T>G",5,685,311.064138876795,336
"S4_hotspots","Simulation_08","in","T>G",6,812,448.264267228959,436
"S4_hotspots","Simulation_08","in","T>G",7,792,514.769435677799,511
"S4_hotspots","Simulation_08","in","T>G",8,801,600.879008463795,613
"S4_hotspots","Simulation_08","in","T>G",9,665,562.179834381385,559
"S4_hotspots","Simulation_08","out","C>A",10,1000,946.18881174459,952
"S4_hotspots","Simulation_08","out","C>A",3,46,12.7600016618626,13
"S4_hotspots","Simulation_08","out","C>A",4,571,206.832663507506,215
"S4_hotspots","Simulation_08","out","C>A",5,1311,597.225674416171,595
"S4_hotspots","Simulation_08","out","C>A",6,1411,774.89895359637,769
"S4_hotspots","Simulation_08","out","C>A",7,1278,829.99104501611,834
"S4_hotspots","Simulation_08","out","C>A",8,1226,918.654412976142,946
"S4_hotspots","Simulation_08","out","C>A",9,1225,1040.69354692112,1081
"S4_hotspots","Simulation_08","out","C>G",10,4030,3922.06826702479,3898
"S4_hotspots","Simulation_08","out","C>G",3,27,7.26650585852585,5
"S4_hotspots","Simulation_08","out","C>G",4,171,61.262957199964,53
"S4_hotspots","Simulation_08","out","C>G",5,296,134.063521681209,141
"S4_hotspots","Simulation_08","out","C>G",6,352,194.41972171302,197
"S4_hotspots","Simulation_08","out","C>G",7,348,226.335684920021,228
"S4_hotspots","Simulation_08","out","C>G",8,515,387.912698983937,407
"S4_hotspots","Simulation_08","out","C>G",9,809,692.236178353699,703
"S4_hotspots","Simulation_08","out","C>T",10,7218,6950.76702102874,6979
"S4_hotspots","Simulation_08","out","C>T",3,70,18.9865847413642,17
"S4_hotspots","Simulation_08","out","C>T",4,462,165.872676979609,168
"S4_hotspots","Simulation_08","out","C>T",5,968,438.602045610748,438
"S4_hotspots","Simulation_08","out","C>T",6,1166,641.245476480274,638
"S4_hotspots","Simulation_08","out","C>T",7,1167,761.71446254537,777
"S4_hotspots","Simulation_08","out","C>T",8,1437,1083.29649919016,1132
"S4_hotspots","Simulation_08","out","C>T",9,2420,2070.0268699152,2112
"S4_hotspots","Simulation_08","out","T>A",10,154,142.051206189245,148
"S4_hotspots","Simulation_08","out","T>A",3,13,3.62714798549202,4
"S4_hotspots","Simulation_08","out","T>A",4,230,83.0349660685458,100
"S4_hotspots","Simulation_08","out","T>A",5,551,251.169774308143,256
"S4_hotspots","Simulation_08","out","T>A",6,655,359.526932828478,360
"S4_hotspots","Simulation_08","out","T>A",7,560,363.753377845577,381
"S4_hotspots","Simulation_08","out","T>A",8,478,359.241172035407,355
"S4_hotspots","Simulation_08","out","T>A",9,487,413.43959718615,430
"S4_hotspots","Simulation_08","out","T>C",10,171,157.824647826953,161
"S4_hotspots","Simulation_08","out","T>C",2,1,0.188183812996564,0
"S4_hotspots","Simulation_08","out","T>C",3,34,9.36978754219757,11
"S4_hotspots","Simulation_08","out","T>C",4,238,86.2368349410061,87
"S4_hotspots","Simulation_08","out","T>C",5,632,286.875289637777,291
"S4_hotspots","Simulation_08","out","T>C",6,792,436.393644576509,460
"S4_hotspots","Simulation_08","out","T>C",7,749,486.598288179776,501
"S4_hotspots","Simulation_08","out","T>C",8,729,545.736345149562,564
"S4_hotspots","Simulation_08","out","T>C",9,583,494.308198383725,499
"S4_hotspots","Simulation_08","out","T>G",10,46,42.5242628232122,41
"S4_hotspots","Simulation_08","out","T>G",3,10,2.77442406345586,4
"S4_hotspots","Simulation_08","out","T>G",4,83,30.2401317534272,31
"S4_hotspots","Simulation_08","out","T>G",5,185,84.298483601191,82
"S4_hotspots","Simulation_08","out","T>G",6,231,127.417010385878,134
"S4_hotspots","Simulation_08","out","T>G",7,209,136.011132283845,125
"S4_hotspots","Simulation_08","out","T>G",8,241,180.744569090781,186
"S4_hotspots","Simulation_08","out","T>G",9,178,150.82760514085,151
"S4_hotspots","Simulation_09","in","C>A",10,5156,4854.89832687896,4858
"S4_hotspots","Simulation_09","in","C>A",3,204,56.6898428144172,62
"S4_hotspots","Simulation_09","in","C>A",4,2382,861.841899704592,900
"S4_hotspots","Simulation_09","in","C>A",5,5598,2545.20407906509,2588
"S4_hotspots","Simulation_09","in","C>A",6,6030,3312.26436916497,3283
"S4_hotspots","Simulation_09","in","C>A",7,5485,3557.79884753199,3518
"S4_hotspots","Simulation_09","in","C>A",8,5390,4042.21210198414,4070
"S4_hotspots","Simulation_09","in","C>A",9,5878,5002.51562069428,5032
"S4_hotspots","Simulation_09","in","C>G",10,14340,13903.7490162817,13918
"S4_hotspots","Simulation_09","in","C>G",3,125,34.2365670359255,35
"S4_hotspots","Simulation_09","in","C>G",4,789,282.772027834282,273
"S4_hotspots","Simulation_09","in","C>G",5,1317,596.115566589302,572
"S4_hotspots","Simulation_09","in","C>G",6,1485,814.928588163732,811
"S4_hotspots","Simulation_09","in","C>G",7,1424,927.023236611198,915
"S4_hotspots","Simulation_09","in","C>G",8,1841,1385.51493278973,1364
"S4_hotspots","Simulation_09","in","C>G",9,2912,2495.78120413363,2493
"S4_hotspots","Simulation_09","in","C>T",10,98900,96359.3694518037,96270
"S4_hotspots","Simulation_09","in","C>T",2,5,0.957138848749335,1
"S4_hotspots","Simulation_09","in","C>T",3,303,82.3283166851651,79
"S4_hotspots","Simulation_09","in","C>T",4,1641,587.885605623252,589
"S4_hotspots","Simulation_09","in","C>T",5,3666,1671.64766162241,1596
"S4_hotspots","Simulation_09","in","C>T",6,5004,2750.80124186764,2718
"S4_hotspots","Simulation_09","in","C>T",7,5468,3559.04969920693,3538
"S4_hotspots","Simulation_09","in","C>T",8,7088,5340.47068765301,5306
"S4_hotspots","Simulation_09","in","C>T",9,13660,11704.6910615216,11694
"S4_hotspots","Simulation_09","in","T>A",10,2033,1906.32590975671,1903
"S4_hotspots","Simulation_09","in","T>A",3,134,37.2418103703466,39
"S4_hotspots","Simulation_09","in","T>A",4,979,349.452703262399,354
"S4_hotspots","Simulation_09","in","T>A",5,2064,939.230963897365,889
"S4_hotspots","Simulation_09","in","T>A",6,2594,1426.28122879788,1360
"S4_hotspots","Simulation_09","in","T>A",7,2514,1633.72417252095,1624
"S4_hotspots","Simulation_09","in","T>A",8,2746,2061.48393492532,2066
"S4_hotspots","Simulation_09","in","T>A",9,2744,2333.9019102685,2353
"S4_hotspots","Simulation_09","in","T>C",10,4295,4056.00749591952,4033
"S4_hotspots","Simulation_09","in","T>C",2,1,0.199971542972647,0
"S4_hotspots","Simulation_09","in","T>C",3,163,44.5706927630251,46
"S4_hotspots","Simulation_09","in","T>C",4,1339,480.674132439745,474
"S4_hotspots","Simulation_09","in","T>C",5,2711,1228.89109216212,1240
"S4_hotspots","Simulation_09","in","T>C",6,2966,1630.40431877931,1594
"S4_hotspots","Simulation_09","in","T>C",7,2805,1823.76467117376,1787
"S4_hotspots","Simulation_09","in","T>C",8,3001,2258.39235441003,2208
"S4_hotspots","Simulation_09","in","T>C",9,3630,3098.00299509878,3077
"S4_hotspots","Simulation_09","in","T>G",10,415,387.158325060326,386
"S4_hotspots","Simulation_09","in","T>G",3,47,12.9276676366569,14
"S4_hotspots","Simulation_09","in","T>G",4,393,141.159017674408,159
"S4_hotspots","Simulation_09","in","T>G",5,844,383.910056192556,375
"S4_hotspots","Simulation_09","in","T>G",6,825,453.3030505043,455
"S4_hotspots","Simulation_09","in","T>G",7,782,507.25709883802,477
"S4_hotspots","Simulation_09","in","T>G",8,820,615.028005485705,604
"S4_hotspots","Simulation_09","in","T>G",9,715,606.337986667288,590
"S4_hotspots","Simulation_09","out","C>A",10,1590,1503.58925730248,1488
"S4_hotspots","Simulation_09","out","C>A",3,47,12.8788305959328,13
"S4_hotspots","Simulation_09","out","C>A",4,594,214.479431455726,206
"S4_hotspots","Simulation_09","out","C>A",5,1354,615.356150816725,627
"S4_hotspots","Simulation_09","out","C>A",6,1609,883.36107757097,908
"S4_hotspots","Simulation_09","out","C>A",7,1482,961.238613217228,934
"S4_hotspots","Simulation_09","out","C>A",8,1492,1118.35827520243,1121
"S4_hotspots","Simulation_09","out","C>A",9,1606,1365.49226476534,1364
"S4_hotspots","Simulation_09","out","C>G",10,3403,3297.55587971856,3306
"S4_hotspots","Simulation_09","out","C>G",3,30,8.22952421769148,8
"S4_hotspots","Simulation_09","out","C>G",4,211,75.6185992568065,81
"S4_hotspots","Simulation_09","out","C>G",5,334,150.33965103667,164
"S4_hotspots","Simulation_09","out","C>G",6,351,192.939005020151,183
"S4_hotspots","Simulation_09","out","C>G",7,357,232.524014305941,210
"S4_hotspots","Simulation_09","out","C>G",8,386,290.847462602271,279
"S4_hotspots","Simulation_09","out","C>G",9,723,619.823502602793,624
"S4_hotspots","Simulation_09","out","C>T",10,21704,21147.3042382063,21099
"S4_hotspots","Simulation_09","out","C>T",3,79,21.7212220423167,23
"S4_hotspots","Simulation_09","out","C>T",4,459,165.167239291895,182
"S4_hotspots","Simulation_09","out","C>T",5,905,411.919779208241,422
"S4_hotspots","Simulation_09","out","C>T",6,1182,649.257282951089,680
"S4_hotspots","Simulation_09","out","C>T",7,1315,855.981541268024,824
"S4_hotspots","Simulation_09","out","C>T",8,1771,1334.7383084182,1357
"S4_hotspots","Simulation_09","out","C>T",9,3187,2728.53941591896,2748
"S4_hotspots","Simulation_09","out","T>A",10,555,522.810684252656,526
"S4_hotspots","Simulation_09","out","T>A",3,27,7.49547100962362,10
"S4_hotspots","Simulation_09","out","T>A",4,240,86.6279163125662,87
"S4_hotspots","Simulation_09","out","T>A",5,519,237.09446372639,223
"S4_hotspots","Simulation_09","out","T>A",6,629,343.438402671437,316
"S4_hotspots","Simulation_09","out","T>A",7,617,400.660818119147,391
"S4_hotspots","Simulation_09","out","T>A",8,665,498.631353392729,507
"S4_hotspots","Simulation_09","out","T>A",9,713,605.947017358216,590
"S4_hotspots","Simulation_09","out","T>C",10,1079,1025.51676486533,1014
"S4_hotspots","Simulation_09","out","T>C",2,1,0.1968557499796,0
"S4_hotspots","Simulation_09","out","T>C",3,62,17.2031317243184,18
"S4_hotspots","Simulation_09","out","T>C",4,383,136.448777852457,143
"S4_hotspots","Simulation_09","out","T>C",5,673,304.180598398386,305
"S4_hotspots","Simulation_09","out","T>C",6,716,392.669359107805,387
"S4_hotspots","Simulation_09","out","T>C",7,649,422.468642314841,430
"S4_hotspots","Simulation_09","out","T>C",8,670,502.01020998566,491
"S4_hotspots","Simulation_09","out","T>C",9,838,713.663690615693,705
"S4_hotspots","Simulation_09","out","T>G",10,97,90.4418063400033,92
"S4_hotspots","Simulation_09","out","T>G",3,10,2.71224309435446,3
"S4_hotspots","Simulation_09","out","T>G",4,129,46.6483775240225,40
"S4_hotspots","Simulation_09","out","T>G",5,256,115.669336549169,108
"S4_hotspots","Simulation_09","out","T>G",6,227,123.930717129258,125
"S4_hotspots","Simulation_09","out","T>G",7,195,126.150092996265,122
"S4_hotspots","Simulation_09","out","T>G",8,168,125.947439728773,124
"S4_hotspots","Simulation_09","out","T>G",9,165,139.445641346777,143
"S4_hotspots","Simulation_10","in","C>A",10,12232,11678.4366572733,11726
"S4_hotspots","Simulation_10","in","C>A",2,2,0.397295740864591,0
"S4_hotspots","Simulation_10","in","C>A",3,207,57.7965102246705,60
"S4_hotspots","Simulation_10","in","C>A",4,2062,743.758887729703,759
"S4_hotspots","Simulation_10","in","C>A",5,4752,2164.42841471464,2217
"S4_hotspots","Simulation_10","in","C>A",6,5636,3093.43738886837,2994
"S4_hotspots","Simulation_10","in","C>A",7,5364,3485.36760747762,3422
"S4_hotspots","Simulation_10","in","C>A",8,5557,4169.43287255702,4218
"S4_hotspots","Simulation_10","in","C>A",9,6954,5931.9832081872,5936
"S4_hotspots","Simulation_10","in","C>G",10,19193,18602.7423475124,18543
"S4_hotspots","Simulation_10","in","C>G",3,66,17.8540038296668,21
"S4_hotspots","Simulation_10","in","C>G",4,544,195.258829350133,185
"S4_hotspots","Simulation_10","in","C>G",5,1246,569.424309051089,581
"S4_hotspots","Simulation_10","in","C>G",6,1979,1085.97604062351,1065
"S4_hotspots","Simulation_10","in","C>G",7,2089,1361.42744765848,1388
"S4_hotspots","Simulation_10","in","C>G",8,2835,2136.60957100405,2179
"S4_hotspots","Simulation_10","in","C>G",9,4599,3931.87097135512,3950
"S4_hotspots","Simulation_10","in","C>T",10,37662,36441.9436183039,36467
"S4_hotspots","Simulation_10","in","C>T",3,339,93.5492086229528,98
"S4_hotspots","Simulation_10","in","C>T",4,2261,813.421884573465,811
"S4_hotspots","Simulation_10","in","C>T",5,4661,2117.6817226021,2167
"S4_hotspots","Simulation_10","in","C>T",6,5678,3120.42046275786,3112
"S4_hotspots","Simulation_10","in","C>T",7,5567,3620.80683320066,3613
"S4_hotspots","Simulation_10","in","C>T",8,6492,4880.95160214637,4984
"S4_hotspots","Simulation_10","in","C>T",9,9821,8399.60223712075,8458
"S4_hotspots","Simulation_10","in","T>A",10,1765,1677.99836050581,1675
"S4_hotspots","Simulation_10","in","T>A",3,114,31.6971436940911,28
"S4_hotspots","Simulation_10","in","T>A",4,978,351.548128317915,362
"S4_hotspots","Simulation_10","in","T>A",5,2108,959.238786409161,996
"S4_hotspots","Simulation_10","in","T>A",6,2472,1357.11411047125,1379
"S4_hotspots","Simulation_10","in","T>A",7,2258,1470.18016947627,1502
"S4_hotspots","Simulation_10","in","T>A",8,2135,1599.76751268062,1603
"S4_hotspots","Simulation_10","in","T>A",9,2060,1749.51692842591,1786
"S4_hotspots","Simulation_10","in","T>C",10,2469,2338.32456986618,2336
"S4_hotspots","Simulation_10","in","T>C",2,2,0.381235232679102,0
"S4_hotspots","Simulation_10","in","T>C",3,139,38.2682740476881,43
"S4_hotspots","Simulation_10","in","T>C",4,1102,396.514678600625,423
"S4_hotspots","Simulation_10","in","T>C",5,2469,1123.46061651413,1128
"S4_hotspots","Simulation_10","in","T>C",6,3064,1682.40996827428,1720
"S4_hotspots","Simulation_10","in","T>C",7,2924,1899.58007802501,1940
"S4_hotspots","Simulation_10","in","T>C",8,2749,2061.88145974142,2111
"S4_hotspots","Simulation_10","in","T>C",9,2636,2239.53020367351,2272
"S4_hotspots","Simulation_10","in","T>G",10,1575,1503.22593457333,1509
"S4_hotspots","Simulation_10","in","T>G",3,30,8.33803054264757,10
"S4_hotspots","Simulation_10","in","T>G",4,238,86.4997367183804,84
"S4_hotspots","Simulation_10","in","T>G",5,676,308.691608190278,306
"S4_hotspots","Simulation_10","in","T>G",6,974,535.783108779024,520
"S4_hotspots","Simulation_10","in","T>G",7,977,634.413057662446,637
"S4_hotspots","Simulation_10","in","T>G",8,1160,870.567497092593,900
"S4_hotspots","Simulation_10","in","T>G",9,1344,1143.26750747644,1149
"S4_hotspots","Simulation_10","out","C>A",10,3103,2964.94988250264,2963
"S4_hotspots","Simulation_10","out","C>A",3,36,10.1552612636864,9
"S4_hotspots","Simulation_10","out","C>A",4,480,174.780924904476,174
"S4_hotspots","Simulation_10","out","C>A",5,1240,564.138483000706,569
"S4_hotspots","Simulation_10","out","C>A",6,1467,806.870506194632,812
"S4_hotspots","Simulation_10","out","C>A",7,1450,942.938938096359,951
"S4_hotspots","Simulation_10","out","C>A",8,1425,1068.72765706329,1050
"S4_hotspots","Simulation_10","out","C>A",9,1743,1488.07137030729,1515
"S4_hotspots","Simulation_10","out","C>G",10,4777,4617.0427155619,4611
"S4_hotspots","Simulation_10","out","C>G",3,12,3.21905543854268,6
"S4_hotspots","Simulation_10","out","C>G",4,117,42.2686114717321,43
"S4_hotspots","Simulation_10","out","C>G",5,310,142.830265884611,138
"S4_hotspots","Simulation_10","out","C>G",6,512,283.070662981637,278
"S4_hotspots","Simulation_10","out","C>G",7,563,367.049786077622,365
"S4_hotspots","Simulation_10","out","C>G",8,739,556.523580319933,549
"S4_hotspots","Simulation_10","out","C>G",9,1352,1157.43447842958,1160
"S4_hotspots","Simulation_10","out","C>T",10,6680,6432.94278848655,6412
"S4_hotspots","Simulation_10","out","C>T",2,1,0.199666221608599,1
"S4_hotspots","Simulation_10","out","C>T",3,85,23.6837050617825,31
"S4_hotspots","Simulation_10","out","C>T",4,581,207.934438598957,212
"S4_hotspots","Simulation_10","out","C>T",5,1142,520.659072951875,536
"S4_hotspots","Simulation_10","out","C>T",6,1413,776.715530740904,776
"S4_hotspots","Simulation_10","out","C>T",7,1475,959.936566417288,1004
"S4_hotspots","Simulation_10","out","C>T",8,1709,1288.0598657469,1299
"S4_hotspots","Simulation_10","out","C>T",9,2321,1981.76908984434,1958
"S4_hotspots","Simulation_10","out","T>A",10,503,474.229417118962,478
"S4_hotspots","Simulation_10","out","T>A",3,35,9.59007427664167,7
"S4_hotspots","Simulation_10","out","T>A",4,217,78.5021280196353,84
"S4_hotspots","Simulation_10","out","T>A",5,466,212.441035637089,215
"S4_hotspots","Simulation_10","out","T>A",6,569,313.686368225637,314
"S4_hotspots","Simulation_10","out","T>A",7,608,395.666444886326,415
"S4_hotspots","Simulation_10","out","T>A",8,576,431.918019481298,435
"S4_hotspots","Simulation_10","out","T>A",9,660,562.770159379775,544
"S4_hotspots","Simulation_10","out","T>C",10,642,603.166218279374,622
"S4_hotspots","Simulation_10","out","T>C",3,31,8.5748146282032,14
"S4_hotspots","Simulation_10","out","T>C",4,243,87.3592799131419,98
"S4_hotspots","Simulation_10","out","T>C",5,579,264.675254354627,256
"S4_hotspots","Simulation_10","out","T>C",6,750,412.24488625541,441
"S4_hotspots","Simulation_10","out","T>C",7,748,485.577531010895,476
"S4_hotspots","Simulation_10","out","T>C",8,774,580.296160253622,597
"S4_hotspots","Simulation_10","out","T>C",9,744,632.259936615356,642
"S4_hotspots","Simulation_10","out","T>G",10,432,409.614687160219,413
"S4_hotspots","Simulation_10","out","T>G",3,3,0.828504801452487,2
"S4_hotspots","Simulation_10","out","T>G",4,47,16.6772324473261,16
"S4_hotspots","Simulation_10","out","T>G",5,152,69.5835667372507,71
"S4_hotspots","Simulation_10","out","T>G",6,234,128.703440250894,130
"S4_hotspots","Simulation_10","out","T>G",7,264,172.884779506932,175
"S4_hotspots","Simulation_10","out","T>G",8,328,246.075132888298,246
"S4_hotspots","Simulation_10","out","T>G",9,414,352.730033410315,354
"S4_hotspots","Simulation_11","in","C>A",10,7339,6955.3412495543,6971
"S4_hotspots","Simulation_11","in","C>A",3,139,38.8195910619623,34
"S4_hotspots","Simulation_11","in","C>A",4,1995,725.774418143679,736
"S4_hotspots","Simulation_11","in","C>A",5,5827,2652.77646337713,2672
"S4_hotspots","Simulation_11","in","C>A",6,7023,3861.76730959943,3898
"S4_hotspots","Simulation_11","in","C>A",7,6533,4250.95000050122,4183
"S4_hotspots","Simulation_11","in","C>A",8,6695,5023.87038125675,5016
"S4_hotspots","Simulation_11","in","C>A",9,7472,6360.87440779345,6395
"S4_hotspots","Simulation_11","in","C>G",10,21057,20482.5378983341,20483
"S4_hotspots","Simulation_11","in","C>G",3,102,27.7176103714857,25
"S4_hotspots","Simulation_11","in","C>G",4,957,343.691427195482,341
"S4_hotspots","Simulation_11","in","C>G",5,1781,806.958600118222,843
"S4_hotspots","Simulation_11","in","C>G",6,1867,1022.92430365708,1055
"S4_hotspots","Simulation_11","in","C>G",7,1725,1121.05462974636,1124
"S4_hotspots","Simulation_11","in","C>G",8,1769,1330.26593233895,1364
"S4_hotspots","Simulation_11","in","C>G",9,2868,2456.63670147555,2474
"S4_hotspots","Simulation_11","in","C>T",10,36575,35195.863406263,35130
"S4_hotspots","Simulation_11","in","C>T",2,3,0.562348507757166,1
"S4_hotspots","Simulation_11","in","C>T",3,554,150.598416902943,141
"S4_hotspots","Simulation_11","in","C>T",4,2681,960.681612223183,949
"S4_hotspots","Simulation_11","in","C>T",5,5059,2293.40868417661,2282
"S4_hotspots","Simulation_11","in","C>T",6,5772,3170.12590963272,3207
"S4_hotspots","Simulation_11","in","C>T",7,5787,3763.79927152808,3717
"S4_hotspots","Simulation_11","in","C>T",8,7199,5418.79467048725,5437
"S4_hotspots","Simulation_11","in","C>T",9,11780,10080.153325435,10112
"S4_hotspots","Simulation_11","in","T>A",10,2193,2056.71721140754,2069
"S4_hotspots","Simulation_11","in","T>A",3,143,39.6757778672447,33
"S4_hotspots","Simulation_11","in","T>A",4,1063,383.228846022416,398
"S4_hotspots","Simulation_11","in","T>A",5,2054,932.114688074784,928
"S4_hotspots","Simulation_11","in","T>A",6,2446,1345.99644690365,1390
"S4_hotspots","Simulation_11","in","T>A",7,2550,1660.42165857652,1658
"S4_hotspots","Simulation_11","in","T>A",8,3108,2338.75707050111,2341
"S4_hotspots","Simulation_11","in","T>A",9,3563,3030.64854100233,3007
"S4_hotspots","Simulation_11","in","T>C",10,4456,4208.17438049382,4208
"S4_hotspots","Simulation_11","in","T>C",3,222,61.4122237775457,64
"S4_hotspots","Simulation_11","in","T>C",4,1526,547.64866568695,584
"S4_hotspots","Simulation_11","in","T>C",5,3034,1379.97882310438,1434
"S4_hotspots","Simulation_11","in","T>C",6,3287,1805.0187949816,1799
"S4_hotspots","Simulation_11","in","T>C",7,2978,1933.51617525418,1931
"S4_hotspots","Simulation_11","in","T>C",8,3048,2286.92360755731,2293
"S4_hotspots","Simulation_11","in","T>C",9,3713,3169.18352504914,3186
"S4_hotspots","Simulation_11","in","T>G",10,547,510.720766298505,514
"S4_hotspots","Simulation_11","in","T>G",3,40,10.7484362478179,19
"S4_hotspots","Simulation_11","in","T>G",4,449,161.974241970383,165
"S4_hotspots","Simulation_11","in","T>G",5,987,447.555224467081,449
"S4_hotspots","Simulation_11","in","T>G",6,1163,638.288836830653,630
"S4_hotspots","Simulation_11","in","T>G",7,990,642.718628015267,661
"S4_hotspots","Simulation_11","in","T>G",8,814,608.583054503667,608
"S4_hotspots","Simulation_11","in","T>G",9,781,663.487697323435,674
"S4_hotspots","Simulation_11","out","C>A",10,2535,2411.58812963618,2427
"S4_hotspots","Simulation_11","out","C>A",3,40,11.2058746606087,10
"S4_hotspots","Simulation_11","out","C>A",4,555,201.445167052709,197
"S4_hotspots","Simulation_11","out","C>A",5,1343,610.648790769348,641
"S4_hotspots","Simulation_11","out","C>A",6,1600,878.982029180196,887
"S4_hotspots","Simulation_11","out","C>A",7,1629,1058.71762308033,1064
"S4_hotspots","Simulation_11","out","C>A",8,1767,1326.51747913372,1328
"S4_hotspots","Simulation_11","out","C>A",9,2096,1782.30852431506,1800
"S4_hotspots","Simulation_11","out","C>G",10,4521,4391.15089833422,4394
"S4_hotspots","Simulation_11","out","C>G",3,39,10.7002761878389,16
"S4_hotspots","Simulation_11","out","C>G",4,219,78.9676127284606,74
"S4_hotspots","Simulation_11","out","C>G",5,442,201.639919128326,206
"S4_hotspots","Simulation_11","out","C>G",6,469,258.200838542197,270
"S4_hotspots","Simulation_11","out","C>G",7,413,269.215302747931,279
"S4_hotspots","Simulation_11","out","C>G",8,493,369.957555183978,374
"S4_hotspots","Simulation_11","out","C>G",9,782,668.562355844152,674
"S4_hotspots","Simulation_11","out","C>T",10,9977,9627.14227570584,9613
"S4_hotspots","Simulation_11","out","C>T",2,1,0.197558578135297,0
"S4_hotspots","Simulation_11","out","C>T",3,115,31.9104892017291,39
"S4_hotspots","Simulation_11","out","C>T",4,691,247.608970807322,233
"S4_hotspots","Simulation_11","out","C>T",5,1300,589.909381591473,575
"S4_hotspots","Simulation_11","out","C>T",6,1420,780.419050440155,811
"S4_hotspots","Simulation_11","out","C>T",7,1522,990.505969528924,1012
"S4_hotspots","Simulation_11","out","C>T",8,1729,1299.43504244209,1338
"S4_hotspots","Simulation_11","out","C>T",9,2950,2524.73890877332,2540
"S4_hotspots","Simulation_11","out","T>A",10,630,591.362887183445,583
"S4_hotspots","Simulation_11","out","T>A",3,29,8.29235705920409,12
"S4_hotspots","Simulation_11","out","T>A",4,216,77.9022020818934,75
"S4_hotspots","Simulation_11","out","T>A",5,489,221.618764551412,216
"S4_hotspots","Simulation_11","out","T>A",6,686,377.870931501338,362
"S4_hotspots","Simulation_11","out","T>A",7,641,415.988783066885,418
"S4_hotspots","Simulation_11","out","T>A",8,685,515.659764739368,515
"S4_hotspots","Simulation_11","out","T>A",9,804,684.122881297916,681
"S4_hotspots","Simulation_11","out","T>C",10,923,871.289375611049,872
"S4_hotspots","Simulation_11","out","T>C",3,51,14.3364668052198,15
"S4_hotspots","Simulation_11","out","T>C",4,389,140.396668960473,132
"S4_hotspots","Simulation_11","out","T>C",5,756,342.970655485289,342
"S4_hotspots","Simulation_11","out","T>C",6,803,441.707154603109,443
"S4_hotspots","Simulation_11","out","T>C",7,806,523.720302091856,528
"S4_hotspots","Simulation_11","out","T>C",8,765,573.465069906272,594
"S4_hotspots","Simulation_11","out","T>C",9,839,714.881021882987,717
"S4_hotspots","Simulation_11","out","T>G",10,132,123.62958355431,126
"S4_hotspots","Simulation_11","out","T>G",3,9,2.48316176478444,2
"S4_hotspots","Simulation_11","out","T>G",4,106,38.5197396543424,39
"S4_hotspots","Simulation_11","out","T>G",5,265,121.311164437721,118
"S4_hotspots","Simulation_11","out","T>G",6,272,150.212533083224,150
"S4_hotspots","Simulation_11","out","T>G",7,251,162.933805440173,178
"S4_hotspots","Simulation_11","out","T>G",8,225,168.578555270013,179
"S4_hotspots","Simulation_11","out","T>G",9,228,194.660064121984,205
"S4_hotspots","Simulation_12","in","C>A",10,7070,6712.87486677524,6748
"S4_hotspots","Simulation_12","in","C>A",3,188,52.3878018466639,59
"S4_hotspots","Simulation_12","in","C>A",4,2257,814.452607196436,843
"S4_hotspots","Simulation_12","in","C>A",5,5128,2328.68815488331,2343
"S4_hotspots","Simulation_12","in","C>A",6,6018,3304.29856631758,3218
"S4_hotspots","Simulation_12","in","C>A",7,5747,3732.93114742259,3722
"S4_hotspots","Simulation_12","in","C>A",8,5764,4324.07029689595,4353
"S4_hotspots","Simulation_12","in","C>A",9,6209,5279.33401200098,5265
"S4_hotspots","Simulation_12","in","C>G",10,19466,18992.5166897538,18978
"S4_hotspots","Simulation_12","in","C>G",2,1,0.188382959180392,0
"S4_hotspots","Simulation_12","in","C>G",3,101,27.7048852944226,21
"S4_hotspots","Simulation_12","in","C>G",4,646,231.537117150962,236
"S4_hotspots","Simulation_12","in","C>G",5,1533,697.235498290334,704
"S4_hotspots","Simulation_12","in","C>G",6,1725,950.038902442823,988
"S4_hotspots","Simulation_12","in","C>G",7,1691,1097.99297241257,1111
"S4_hotspots","Simulation_12","in","C>G",8,1884,1417.96299634966,1429
"S4_hotspots","Simulation_12","in","C>G",9,3150,2697.60204069281,2685
"S4_hotspots","Simulation_12","in","C>T",10,22817,21780.3010437783,21858
"S4_hotspots","Simulation_12","in","C>T",2,3,0.55549828479481,2
"S4_hotspots","Simulation_12","in","C>T",3,439,120.52107528551,120
"S4_hotspots","Simulation_12","in","C>T",4,2242,798.434225588066,766
"S4_hotspots","Simulation_12","in","C>T",5,4167,1887.81607731712,1927
"S4_hotspots","Simulation_12","in","C>T",6,4754,2614.1551439372,2659
"S4_hotspots","Simulation_12","in","C>T",7,4870,3171.47181505102,3197
"S4_hotspots","Simulation_12","in","C>T",8,5638,4238.10213169839,4258
"S4_hotspots","Simulation_12","in","C>T",9,9131,7807.61986618432,7835
"S4_hotspots","Simulation_12","in","T>A",10,5544,5306.48949512318,5292
"S4_hotspots","Simulation_12","in","T>A",3,125,34.3692770683578,43
"S4_hotspots","Simulation_12","in","T>A",4,813,292.087351529048,276
"S4_hotspots","Simulation_12","in","T>A",5,1739,789.340082596081,825
"S4_hotspots","Simulation_12","in","T>A",6,2132,1171.27605084211,1159
"S4_hotspots","Simulation_12","in","T>A",7,1975,1283.49764044587,1292
"S4_hotspots","Simulation_12","in","T>A",8,2420,1819.07251593832,1809
"S4_hotspots","Simulation_12","in","T>A",9,3092,2634.76271010019,2641
"S4_hotspots","Simulation_12","in","T>C",10,1831,1720.07201032016,1735
"S4_hotspots","Simulation_12","in","T>C",2,2,0.390526273182797,0
"S4_hotspots","Simulation_12","in","T>C",3,173,48.1300128982508,51
"S4_hotspots","Simulation_12","in","T>C",4,1316,472.579204004005,519
"S4_hotspots","Simulation_12","in","T>C",5,2533,1149.39656937567,1178
"S4_hotspots","Simulation_12","in","T>C",6,2706,1483.36051471293,1509
"S4_hotspots","Simulation_12","in","T>C",7,2513,1633.80660682133,1703
"S4_hotspots","Simulation_12","in","T>C",8,2275,1707.33609591638,1707
"S4_hotspots","Simulation_12","in","T>C",9,2417,2056.99898367603,2076
"S4_hotspots","Simulation_12","in","T>G",10,679,638.128209481631,633
"S4_hotspots","Simulation_12","in","T>G",3,37,10.4454625438422,12
"S4_hotspots","Simulation_12","in","T>G",4,394,142.647093711967,133
"S4_hotspots","Simulation_12","in","T>G",5,885,403.240769940656,396
"S4_hotspots","Simulation_12","in","T>G",6,942,516.493619261111,553
"S4_hotspots","Simulation_12","in","T>G",7,764,495.704839839593,511
"S4_hotspots","Simulation_12","in","T>G",8,718,538.812098541121,542
"S4_hotspots","Simulation_12","in","T>G",9,741,631.37238747605,637
"S4_hotspots","Simulation_12","out","C>A",10,2162,2057.03004873075,2064
"S4_hotspots","Simulation_12","out","C>A",2,1,0.194511422886945,0
"S4_hotspots","Simulation_12","out","C>A",3,48,13.4564679224694,12
"S4_hotspots","Simulation_12","out","C>A",4,576,208.225365409754,204
"S4_hotspots","Simulation_12","out","C>A",5,1259,571.254396010437,559
"S4_hotspots","Simulation_12","out","C>A",6,1564,860.933950864775,870
"S4_hotspots","Simulation_12","out","C>A",7,1535,994.478905743179,1014
"S4_hotspots","Simulation_12","out","C>A",8,1479,1112.06436341912,1115
"S4_hotspots","Simulation_12","out","C>A",9,1640,1394.58127075533,1411
"S4_hotspots","Simulation_12","out","C>G",10,3844,3740.76828938948,3733
"S4_hotspots","Simulation_12","out","C>G",3,20,5.40129233121183,8
"S4_hotspots","Simulation_12","out","C>G",4,170,60.8826371670051,57
"S4_hotspots","Simulation_12","out","C>G",5,380,172.587092949412,170
"S4_hotspots","Simulation_12","out","C>G",6,472,259.732892834683,272
"S4_hotspots","Simulation_12","out","C>G",7,447,291.043333991948,293
"S4_hotspots","Simulation_12","out","C>G",8,480,359.720825881925,366
"S4_hotspots","Simulation_12","out","C>G",9,670,573.210241556839,564
"S4_hotspots","Simulation_12","out","C>T",10,5438,5193.08398288228,5176
"S4_hotspots","Simulation_12","out","C>T",2,1,0.17607742113712,0
"S4_hotspots","Simulation_12","out","C>T",3,103,28.0511732609356,24
"S4_hotspots","Simulation_12","out","C>T",4,595,212.735361362103,223
"S4_hotspots","Simulation_12","out","C>T",5,1070,485.305506936333,481
"S4_hotspots","Simulation_12","out","C>T",6,1241,682.905825026905,711
"S4_hotspots","Simulation_12","out","C>T",7,1252,814.114299342407,813
"S4_hotspots","Simulation_12","out","C>T",8,1587,1194.4308283872,1205
"S4_hotspots","Simulation_12","out","C>T",9,2331,1993.22362646374,1979
"S4_hotspots","Simulation_12","out","T>A",10,1854,1780.7151235495,1782
"S4_hotspots","Simulation_12","out","T>A",3,28,7.71137056640254,10
"S4_hotspots","Simulation_12","out","T>A",4,173,62.3244838389663,60
"S4_hotspots","Simulation_12","out","T>A",5,434,197.239792368179,207
"S4_hotspots","Simulation_12","out","T>A",6,559,307.535900143954,321
"S4_hotspots","Simulation_12","out","T>A",7,555,360.487224893331,339
"S4_hotspots","Simulation_12","out","T>A",8,622,466.826914057575,484
"S4_hotspots","Simulation_12","out","T>A",9,856,731.062960442041,730
"S4_hotspots","Simulation_12","out","T>C",10,475,445.869002545034,448
"S4_hotspots","Simulation_12","out","T>C",3,59,16.1761071217303,12
"S4_hotspots","Simulation_12","out","T>C",4,329,117.591482304309,119
"S4_hotspots","Simulation_12","out","T>C",5,635,288.081125667886,290
"S4_hotspots","Simulation_12","out","T>C",6,732,403.338174663691,371
"S4_hotspots","Simulation_12","out","T>C",7,679,440.545002209048,430
"S4_hotspots","Simulation_12","out","T>C",8,620,464.941198592787,461
"S4_hotspots","Simulation_12","out","T>C",9,621,528.34676431167,533
"S4_hotspots","Simulation_12","out","T>G",10,206,193.507655007581,198
"S4_hotspots","Simulation_12","out","T>G",3,5,1.37890869062639,4
"S4_hotspots","Simulation_12","out","T>G",4,98,35.1333858280519,37
"S4_hotspots","Simulation_12","out","T>G",5,236,107.355504174652,102
"S4_hotspots","Simulation_12","out","T>G",6,250,136.609533721712,142
"S4_hotspots","Simulation_12","out","T>G",7,221,142.263601141971,151
"S4_hotspots","Simulation_12","out","T>G",8,199,148.991905612446,144
"S4_hotspots","Simulation_12","out","T>G",9,190,161.299529394545,166
"S4_hotspots","Simulation_13","in","C>A",10,4424,4203.66833701229,4202
"S4_hotspots","Simulation_13","in","C>A",2,1,0.192590673901761,0
"S4_hotspots","Simulation_13","in","C>A",3,345,95.0749795316764,101
"S4_hotspots","Simulation_13","in","C>A",4,2663,958.516909123757,961
"S4_hotspots","Simulation_13","in","C>A",5,5135,2327.16250777593,2319
"S4_hotspots","Simulation_13","in","C>A",6,5317,2919.30454282263,2925
"S4_hotspots","Simulation_13","in","C>A",7,4524,2928.72652878475,2915
"S4_hotspots","Simulation_13","in","C>A",8,3815,2860.33690241645,2883
"S4_hotspots","Simulation_13","in","C>A",9,3635,3086.91630685893,3092
"S4_hotspots","Simulation_13","in","C>G",10,7795,7468.81202221353,7490
"S4_hotspots","Simulation_13","in","C>G",3,83,22.5887980843169,23
"S4_hotspots","Simulation_13","in","C>G",4,513,184.408090440909,163
"S4_hotspots","Simulation_13","in","C>G",5,1220,558.653561636815,553
"S4_hotspots","Simulation_13","in","C>G",6,1804,993.291440950174,1003
"S4_hotspots","Simulation_13","in","C>G",7,1938,1261.48936870862,1227
"S4_hotspots","Simulation_13","in","C>G",8,2626,1978.01991043875,1947
"S4_hotspots","Simulation_13","in","C>G",9,4007,3426.87496527522,3430
"S4_hotspots","Simulation_13","in","C>T",10,118836,116782.858480676,116881
"S4_hotspots","Simulation_13","in","C>T",3,237,65.463143733902,62
"S4_hotspots","Simulation_13","in","C>T",4,1660,598.078804119524,611
"S4_hotspots","Simulation_13","in","C>T",5,4056,1851.71883505446,1903
"S4_hotspots","Simulation_13","in","C>T",6,5950,3273.52913224713,3296
"S4_hotspots","Simulation_13","in","C>T",7,6375,4150.08762556373,4132
"S4_hotspots","Simulation_13","in","C>T",8,8321,6262.54311556335,6330
"S4_hotspots","Simulation_13","in","C>T",9,13468,11527.0949702981,11612
"S4_hotspots","Simulation_13","in","T>A",10,1442,1357.68040112261,1371
"S4_hotspots","Simulation_13","in","T>A",2,1,0.192520567331718,0
"S4_hotspots","Simulation_13","in","T>A",3,138,37.9723798602779,35
"S4_hotspots","Simulation_13","in","T>A",4,961,343.993781919821,344
"S4_hotspots","Simulation_13","in","T>A",5,2073,938.65564613975,990
"S4_hotspots","Simulation_13","in","T>A",6,2355,1293.18798019191,1289
"S4_hotspots","Simulation_13","in","T>A",7,2357,1534.72303502153,1517
"S4_hotspots","Simulation_13","in","T>A",8,2451,1837.38352408375,1826
"S4_hotspots","Simulation_13","in","T>A",9,2360,1999.69562875286,2026
"S4_hotspots","Simulation_13","in","T>C",10,5782,5501.45698604483,5527
"S4_hotspots","Simulation_13","in","T>C",3,77,21.1453188751252,16
"S4_hotspots","Simulation_13","in","T>C",4,836,302.612166636899,298
"S4_hotspots","Simulation_13","in","T>C",5,2418,1106.54850378393,1149
"S4_hotspots","Simulation_13","in","T>C",6,3265,1794.0994154302,1846
"S4_hotspots","Simulation_13","in","T>C",7,3371,2192.38290151783,2223
"S4_hotspots","Simulation_13","in","T>C",8,3643,2739.22306581877,2792
"S4_hotspots","Simulation_13","in","T>C",9,4559,3885.78725324095,3916
"S4_hotspots","Simulation_13","in","T>G",10,1288,1218.68487557291,1214
"S4_hotspots","Simulation_13","in","T>G",3,42,11.8635935378174,12
"S4_hotspots","Simulation_13","in","T>G",4,310,111.444389733014,118
"S4_hotspots","Simulation_13","in","T>G",5,707,323.336393854697,310
"S4_hotspots","Simulation_13","in","T>G",6,923,506.218700229128,527
"S4_hotspots","Simulation_13","in","T>G",7,938,610.307256114635,627
"S4_hotspots","Simulation_13","in","T>G",8,1112,835.276776338745,842
"S4_hotspots","Simulation_13","in","T>G",9,1278,1088.18302621252,1094
"S4_hotspots","Simulation_13","out","C>A",10,857,810.157062954664,813
"S4_hotspots","Simulation_13","out","C>A",3,107,29.8058988795276,30
"S4_hotspots","Simulation_13","out","C>A",4,667,239.272029642247,265
"S4_hotspots","Simulation_13","out","C>A",5,1267,572.750899714167,576
"S4_hotspots","Simulation_13","out","C>A",6,1347,737.148307313734,761
"S4_hotspots","Simulation_13","out","C>A",7,1130,732.684051304606,694
"S4_hotspots","Simulation_13","out","C>A",8,988,739.890938780179,770
"S4_hotspots","Simulation_13","out","C>A",9,871,739.298563395147,743
"S4_hotspots","Simulation_13","out","C>G",10,1781,1707.58441185053,1711
"S4_hotspots","Simulation_13","out","C>G",2,1,0.198934526689519,0
"S4_hotspots","Simulation_13","out","C>G",3,23,6.35701261480802,9
"S4_hotspots","Simulation_13","out","C>G",4,148,53.270105303308,47
"S4_hotspots","Simulation_13","out","C>G",5,309,142.03817450174,152
"S4_hotspots","Simulation_13","out","C>G",6,498,273.656443278327,292
"S4_hotspots","Simulation_13","out","C>G",7,519,337.401923604719,333
"S4_hotspots","Simulation_13","out","C>G",8,712,537.24088702461,534
"S4_hotspots","Simulation_13","out","C>G",9,1132,968.914519912218,990
"S4_hotspots","Simulation_13","out","C>T",10,38101,37536.7373894797,37530
"S4_hotspots","Simulation_13","out","C>T",3,57,15.4882526321445,19
"S4_hotspots","Simulation_13","out","C>T",4,462,167.101555239488,175
"S4_hotspots","Simulation_13","out","C>T",5,1063,483.598710274392,496
"S4_hotspots","Simulation_13","out","C>T",6,1568,864.695762287292,901
"S4_hotspots","Simulation_13","out","C>T",7,1615,1054.98013034992,1052
"S4_hotspots","Simulation_13","out","C>T",8,2012,1514.03432717738,1524
"S4_hotspots","Simulation_13","out","C>T",9,3554,3042.55560652503,3081
"S4_hotspots","Simulation_13","out","T>A",10,326,305.558238131203,303
"S4_hotspots","Simulation_13","out","T>A",3,41,11.3234549041074,9
"S4_hotspots","Simulation_13","out","T>A",4,275,99.3593317973148,109
"S4_hotspots","Simulation_13","out","T>A",5,548,248.04305719074,269
"S4_hotspots","Simulation_13","out","T>A",6,619,340.121986198497,356
"S4_hotspots","Simulation_13","out","T>A",7,619,401.323699540306,395
"S4_hotspots","Simulation_13","out","T>A",8,659,494.326737128971,510
"S4_hotspots","Simulation_13","out","T>A",9,536,453.174567189427,452
"S4_hotspots","Simulation_13","out","T>C",10,1038,984.356456415881,969
"S4_hotspots","Simulation_13","out","T>C",3,19,5.34593752239279,8
"S4_hotspots","Simulation_13","out","T>C",4,211,76.3402672958353,68
"S4_hotspots","Simulation_13","out","T>C",5,680,311.176632740271,320
"S4_hotspots","Simulation_13","out","T>C",6,894,491.575117976474,509
"S4_hotspots","Simulation_13","out","T>C",7,853,554.05274727957,560
"S4_hotspots","Simulation_13","out","T>C",8,875,656.675008422687,665
"S4_hotspots","Simulation_13","out","T>C",9,972,827.191032862229,827
"S4_hotspots","Simulation_13","out","T>G",10,291,274.360197948289,275
"S4_hotspots","Simulation_13","out","T>G",2,1,0.196187339481337,0
"S4_hotspots","Simulation_13","out","T>G",3,11,2.90258003773948,4
"S4_hotspots","Simulation_13","out","T>G",4,101,35.9084898829373,39
"S4_hotspots","Simulation_13","out","T>G",5,194,88.3184164379417,92
"S4_hotspots","Simulation_13","out","T>G",6,261,144.067173218639,150
"S4_hotspots","Simulation_13","out","T>G",7,262,170.261551982374,169
"S4_hotspots","Simulation_13","out","T>G",8,244,183.613201528267,195
"S4_hotspots","Simulation_13","out","T>G",9,279,237.624344598845,240
"S4_hotspots","Simulation_14","in","C>A",10,13418,12857.5566736075,12871
"S4_hotspots","Simulation_14","in","C>A",2,1,0.196391093041051,1
"S4_hotspots","Simulation_14","in","C>A",3,129,35.8462886315993,40
"S4_hotspots","Simulation_14","in","C>A",4,1601,581.417781067028,629
"S4_hotspots","Simulation_14","in","C>A",5,4645,2121.91454482465,2136
"S4_hotspots","Simulation_14","in","C>A",6,6292,3456.13905348395,3469
"S4_hotspots","Simulation_14","in","C>A",7,6238,4052.78544581246,4103
"S4_hotspots","Simulation_14","in","C>A",8,6694,5026.54651957231,5020
"S4_hotspots","Simulation_14","in","C>A",9,7768,6624.57412156755,6644
"S4_hotspots","Simulation_14","in","C>G",10,18649,18034.0838165575,18039
"S4_hotspots","Simulation_14","in","C>G",3,130,35.8805777197285,39
"S4_hotspots","Simulation_14","in","C>G",4,802,287.137557284993,303
"S4_hotspots","Simulation_14","in","C>G",5,1397,633.229841723768,628
"S4_hotspots","Simulation_14","in","C>G",6,1469,808.692115303809,845
"S4_hotspots","Simulation_14","in","C>G",7,1579,1028.87821890763,1044
"S4_hotspots","Simulation_14","in","C>G",8,1821,1369.63345650854,1362
"S4_hotspots","Simulation_14","in","C>G",9,3158,2705.2735070487,2729
"S4_hotspots","Simulation_14","in","C>T",10,29487,28417.2097378864,28429
"S4_hotspots","Simulation_14","in","C>T",3,548,150.848186448455,156
"S4_hotspots","Simulation_14","in","C>T",4,2836,1007.47028525907,1024
"S4_hotspots","Simulation_14","in","C>T",5,4011,1812.15930900352,1842
"S4_hotspots","Simulation_14","in","C>T",6,4329,2382.45573223875,2398
"S4_hotspots","Simulation_14","in","C>T",7,4694,3057.92198534357,3085
"S4_hotspots","Simulation_14","in","C>T",8,5569,4188.94153950406,4199
"S4_hotspots","Simulation_14","in","C>T",9,9183,7862.01386370306,7886
"S4_hotspots","Simulation_14","in","T>A",10,12255,11838.0871188153,11849
"S4_hotspots","Simulation_14","in","T>A",3,93,25.9165302992108,21
"S4_hotspots","Simulation_14","in","T>A",4,599,215.378470625968,225
"S4_hotspots","Simulation_14","in","T>A",5,1432,652.494784440799,630
"S4_hotspots","Simulation_14","in","T>A",6,1925,1059.84867432123,1055
"S4_hotspots","Simulation_14","in","T>A",7,2059,1341.25805563712,1363
"S4_hotspots","Simulation_14","in","T>A",8,2614,1966.21192367801,1928
"S4_hotspots","Simulation_14","in","T>A",9,4029,3441.40057566645,3444
"S4_hotspots","Simulation_14","in","T>C",10,1434,1350.54572109406,1356
"S4_hotspots","Simulation_14","in","T>C",2,1,0.197845108387918,0
"S4_hotspots","Simulation_14","in","T>C",3,270,74.5864541884796,84
"S4_hotspots","Simulation_14","in","T>C",4,1852,662.292220324704,689
"S4_hotspots","Simulation_14","in","T>C",5,2992,1350.46214855644,1350
"S4_hotspots","Simulation_14","in","T>C",6,2700,1482.52351178633,1491
"S4_hotspots","Simulation_14","in","T>C",7,2365,1536.92228742517,1579
"S4_hotspots","Simulation_14","in","T>C",8,2243,1683.58271329068,1717
"S4_hotspots","Simulation_14","in","T>C",9,2275,1930.93910664895,1950
"S4_hotspots","Simulation_14","in","T>G",10,624,591.241366412272,594
"S4_hotspots","Simulation_14","in","T>G",3,40,11.0003597885858,9
"S4_hotspots","Simulation_14","in","T>G",4,500,180.304615712255,198
"S4_hotspots","Simulation_14","in","T>G",5,941,424.955150679342,417
"S4_hotspots","Simulation_14","in","T>G",6,910,499.645756679619,500
"S4_hotspots","Simulation_14","in","T>G",7,801,519.926818163233,508
"S4_hotspots","Simulation_14","in","T>G",8,824,616.826278803599,641
"S4_hotspots","Simulation_14","in","T>G",9,811,689.708147641143,705
"S4_hotspots","Simulation_14","out","C>A",10,3396,3253.79545853643,3255
"S4_hotspots","Simulation_14","out","C>A",3,30,8.18409588005372,12
"S4_hotspots","Simulation_14","out","C>A",4,444,161.177496109757,177
"S4_hotspots","Simulation_14","out","C>A",5,1369,626.63651745264,622
"S4_hotspots","Simulation_14","out","C>A",6,1832,1009.78652652993,1044
"S4_hotspots","Simulation_14","out","C>A",7,1698,1104.49296345746,1121
"S4_hotspots","Simulation_14","out","C>A",8,1813,1359.43038112763,1325
"S4_hotspots","Simulation_14","out","C>A",9,2018,1720.17324079421,1720
"S4_hotspots","Simulation_14","out","C>G",10,4495,4336.61086246283,4331
"S4_hotspots","Simulation_14","out","C>G",3,31,8.64132939062144,9
"S4_hotspots","Simulation_14","out","C>G",4,185,66.1521892690155,72
"S4_hotspots","Simulation_14","out","C>G",5,394,180.412849269429,222
"S4_hotspots","Simulation_14","out","C>G",6,420,230.380660707792,222
"S4_hotspots","Simulation_14","out","C>G",7,414,269.969111650888,273
"S4_hotspots","Simulation_14","out","C>G",8,546,409.952937717937,413
"S4_hotspots","Simulation_14","out","C>G",9,836,716.297809044163,716
"S4_hotspots","Simulation_14","out","C>T",10,5530,5304.63374754853,5307
"S4_hotspots","Simulation_14","out","C>T",2,1,0.199798429401804,1
"S4_hotspots","Simulation_14","out","C>T",3,134,36.8225808934567,27
"S4_hotspots","Simulation_14","out","C>T",4,754,269.224501440545,256
"S4_hotspots","Simulation_14","out","C>T",5,1114,502.778632564039,504
"S4_hotspots","Simulation_14","out","C>T",6,1140,627.945404619601,634
"S4_hotspots","Simulation_14","out","C>T",7,1210,789.613694647142,797
"S4_hotspots","Simulation_14","out","C>T",8,1417,1066.5835649483,1098
"S4_hotspots","Simulation_14","out","C>T",9,2202,1879.98932440596,1885
"S4_hotspots","Simulation_14","out","T>A",10,3118,3003.61848451948,3012
"S4_hotspots","Simulation_14","out","T>A",3,20,5.53751439734262,6
"S4_hotspots","Simulation_14","out","T>A",4,163,59.0304327144967,64
"S4_hotspots","Simulation_14","out","T>A",5,398,182.386968329621,189
"S4_hotspots","Simulation_14","out","T>A",6,519,285.54774341409,303
"S4_hotspots","Simulation_14","out","T>A",7,593,385.906579653322,391
"S4_hotspots","Simulation_14","out","T>A",8,762,574.149430777992,574
"S4_hotspots","Simulation_14","out","T>A",9,1169,1001.93325147737,1005
"S4_hotspots","Simulation_14","out","T>C",10,394,370.195888023989,371
"S4_hotspots","Simulation_14","out","T>C",3,72,19.9958768432949,25
"S4_hotspots","Simulation_14","out","T>C",4,497,178.085850420974,162
"S4_hotspots","Simulation_14","out","T>C",5,763,343.214797814294,363
"S4_hotspots","Simulation_14","out","T>C",6,724,396.017072200948,394
"S4_hotspots","Simulation_14","out","T>C",7,616,400.174076531003,403
"S4_hotspots","Simulation_14","out","T>C",8,608,455.248984554335,437
"S4_hotspots","Simulation_14","out","T>C",9,582,493.561405088333,498
"S4_hotspots","Simulation_14","out","T>G",10,215,203.243195409942,199
"S4_hotspots","Simulation_14","out","T>G",3,7,1.91727449975014,2
"S4_hotspots","Simulation_14","out","T>G",4,113,40.7009743666644,49
"S4_hotspots","Simulation_14","out","T>G",5,235,106.522554585819,107
"S4_hotspots","Simulation_14","out","T>G",6,257,141.016182146711,138
"S4_hotspots","Simulation_14","out","T>G",7,211,137.047529149233,151
"S4_hotspots","Simulation_14","out","T>G",8,246,184.568268969397,181
"S4_hotspots","Simulation_14","out","T>G",9,221,187.641637229001,195
"S4_hotspots","Simulation_15","in","C>A",10,3967,3745.61829309693,3766
"S4_hotspots","Simulation_15","in","C>A",2,1,0.17388510763944,0
"S4_hotspots","Simulation_15","in","C>A",3,224,62.1973632761313,67
"S4_hotspots","Simulation_15","in","C>A",4,1864,670.015865856376,673
"S4_hotspots","Simulation_15","in","C>A",5,3743,1698.52306597657,1702
"S4_hotspots","Simulation_15","in","C>A",6,4185,2299.2005920198,2300
"S4_hotspots","Simulation_15","in","C>A",7,3810,2473.96790988886,2482
"S4_hotspots","Simulation_15","in","C>A",8,3899,2922.53830206834,2988
"S4_hotspots","Simulation_15","in","C>A",9,4072,3469.31005819161,3493
"S4_hotspots","Simulation_15","in","C>G",10,12206,11830.1454567453,11810
"S4_hotspots","Simulation_15","in","C>G",3,63,17.3914902564331,17
"S4_hotspots","Simulation_15","in","C>G",4,602,215.79501156537,236
"S4_hotspots","Simulation_15","in","C>G",5,1227,557.360801310984,605
"S4_hotspots","Simulation_15","in","C>G",6,1305,716.294935865832,750
"S4_hotspots","Simulation_15","in","C>G",7,1211,785.668114597839,798
"S4_hotspots","Simulation_15","in","C>G",8,1568,1181.72741114448,1182
"S4_hotspots","Simulation_15","in","C>G",9,2615,2233.18623915097,2248
"S4_hotspots","Simulation_15","in","C>T",10,57955,56604.3636324258,56613
"S4_hotspots","Simulation_15","in","C>T",3,267,73.1571173522012,73
"S4_hotspots","Simulation_15","in","C>T",4,1727,617.483460964025,630
"S4_hotspots","Simulation_15","in","C>T",5,3296,1493.05466965042,1541
"S4_hotspots","Simulation_15","in","C>T",6,3774,2078.3126120466,2112
"S4_hotspots","Simulation_15","in","C>T",7,4175,2715.49795874221,2761
"S4_hotspots","Simulation_15","in","C>T",8,4989,3755.75744371467,3761
"S4_hotspots","Simulation_15","in","C>T",9,7830,6693.00539308078,6650
"S4_hotspots","Simulation_15","in","T>A",10,4798,4565.3968644202,4590
"S4_hotspots","Simulation_15","in","T>A",3,83,23.0322589884485,23
"S4_hotspots","Simulation_15","in","T>A",4,668,239.108613330571,251
"S4_hotspots","Simulation_15","in","T>A",5,1424,647.634208436932,645
"S4_hotspots","Simulation_15","in","T>A",6,1650,905.731328172123,881
"S4_hotspots","Simulation_15","in","T>A",7,1556,1010.89794307263,997
"S4_hotspots","Simulation_15","in","T>A",8,1650,1240.39304408431,1238
"S4_hotspots","Simulation_15","in","T>A",9,2352,2011.62325329588,2026
"S4_hotspots","Simulation_15","in","T>C",10,1259,1187.54758979316,1205
"S4_hotspots","Simulation_15","in","T>C",2,1,0.199950141798489,0
"S4_hotspots","Simulation_15","in","T>C",3,108,29.4499158323789,30
"S4_hotspots","Simulation_15","in","T>C",4,1031,372.413636616529,364
"S4_hotspots","Simulation_15","in","T>C",5,2205,997.09958106475,1022
"S4_hotspots","Simulation_15","in","T>C",6,2340,1285.50441967398,1327
"S4_hotspots","Simulation_15","in","T>C",7,2194,1429.03592438062,1437
"S4_hotspots","Simulation_15","in","T>C",8,2264,1699.03052687094,1714
"S4_hotspots","Simulation_15","in","T>C",9,1998,1694.50349228496,1735
"S4_hotspots","Simulation_15","in","T>G",10,316,296.045960348801,301
"S4_hotspots","Simulation_15","in","T>G",3,24,6.59593302557726,5
"S4_hotspots","Simulation_15","in","T>G",4,296,106.673867745798,129
"S4_hotspots","Simulation_15","in","T>G",5,660,299.403479742691,309
"S4_hotspots","Simulation_15","in","T>G",6,752,412.825949850431,439
"S4_hotspots","Simulation_15","in","T>G",7,695,451.16883812255,474
"S4_hotspots","Simulation_15","in","T>G",8,674,504.843565999978,523
"S4_hotspots","Simulation_15","in","T>G",9,641,543.191189329912,536
"S4_hotspots","Simulation_15","out","C>A",10,972,912.800891785992,912
"S4_hotspots","Simulation_15","out","C>A",3,53,14.5768306999403,13
"S4_hotspots","Simulation_15","out","C>A",4,433,155.408527150273,142
"S4_hotspots","Simulation_15","out","C>A",5,862,390.094812291366,424
"S4_hotspots","Simulation_15","out","C>A",6,996,546.969971643616,550
"S4_hotspots","Simulation_15","out","C>A",7,990,644.243319728005,658
"S4_hotspots","Simulation_15","out","C>A",8,1049,786.746775425135,802
"S4_hotspots","Simulation_15","out","C>A",9,1178,1004.60747474651,1026
"S4_hotspots","Simulation_15","out","C>G",10,2439,2356.73539006877,2359
"S4_hotspots","Simulation_15","out","C>G",3,13,3.63265690444212,5
"S4_hotspots","Simulation_15","out","C>G",4,144,51.2969873983217,50
"S4_hotspots","Simulation_15","out","C>G",5,317,143.582382815413,157
"S4_hotspots","Simulation_15","out","C>G",6,362,199.903739201511,206
"S4_hotspots","Simulation_15","out","C>G",7,339,220.560869818104,223
"S4_hotspots","Simulation_15","out","C>G",8,441,332.670995432582,338
"S4_hotspots","Simulation_15","out","C>G",9,684,582.444752724734,572
"S4_hotspots","Simulation_15","out","C>T",10,13400,13079.6488376496,13066
"S4_hotspots","Simulation_15","out","C>T",2,1,0.180584754661463,0
"S4_hotspots","Simulation_15","out","C>T",3,69,18.8513079899331,12
"S4_hotspots","Simulation_15","out","C>T",4,452,162.213056511573,175
"S4_hotspots","Simulation_15","out","C>T",5,896,406.274339366696,438
"S4_hotspots","Simulation_15","out","C>T",6,1029,565.231150657579,591
"S4_hotspots","Simulation_15","out","C>T",7,959,624.911717953491,662
"S4_hotspots","Simulation_15","out","C>T",8,1211,911.310097760901,901
"S4_hotspots","Simulation_15","out","C>T",9,1766,1510.63465754132,1500
"S4_hotspots","Simulation_15","out","T>A",10,1280,1215.23513539524,1220
"S4_hotspots","Simulation_15","out","T>A",3,17,4.68984837213977,8
"S4_hotspots","Simulation_15","out","T>A",4,188,67.8644771498767,65
"S4_hotspots","Simulation_15","out","T>A",5,412,187.428768395635,181
"S4_hotspots","Simulation_15","out","T>A",6,371,203.920462450257,201
"S4_hotspots","Simulation_15","out","T>A",7,353,229.502385766911,223
"S4_hotspots","Simulation_15","out","T>A",8,408,306.903012499592,294
"S4_hotspots","Simulation_15","out","T>A",9,630,540.442196701877,551
"S4_hotspots","Simulation_15","out","T>C",10,234,218.211268827729,214
"S4_hotspots","Simulation_15","out","T>C",3,29,7.92001001754573,10
"S4_hotspots","Simulation_15","out","T>C",4,232,84.281029540303,88
"S4_hotspots","Simulation_15","out","T>C",5,526,238.50062497699,237
"S4_hotspots","Simulation_15","out","T>C",6,551,302.997105232566,328
"S4_hotspots","Simulation_15","out","T>C",7,549,356.092667804088,353
"S4_hotspots","Simulation_15","out","T>C",8,554,415.239344241143,421
"S4_hotspots","Simulation_15","out","T>C",9,524,446.231496088765,441
"S4_hotspots","Simulation_15","out","T>G",10,56,51.9546219574196,53
"S4_hotspots","Simulation_15","out","T>G",3,5,1.40283180316518,2
"S4_hotspots","Simulation_15","out","T>G",4,75,27.042135016625,27
"S4_hotspots","Simulation_15","out","T>G",5,189,85.369848589256,79
"S4_hotspots","Simulation_15","out","T>G",6,190,104.507691238231,94
"S4_hotspots","Simulation_15","out","T>G",7,190,123.053485932429,123
"S4_hotspots","Simulation_15","out","T>G",8,165,123.518502522903,126
"S4_hotspots","Simulation_15","out","T>G",9,144,121.996294213333,115
"S4_hotspots","Simulation_16","in","C>A",10,15369,14602.4887686273,14578
"S4_hotspots","Simulation_16","in","C>A",3,190,52.8849402676598,57
"S4_hotspots","Simulation_16","in","C>A",4,1830,662.97680463404,642
"S4_hotspots","Simulation_16","in","C>A",5,5041,2304.39652914215,2341
"S4_hotspots","Simulation_16","in","C>A",6,7680,4224.06592321635,4260
"S4_hotspots","Simulation_16","in","C>A",7,7839,5103.67233904892,5068
"S4_hotspots","Simulation_16","in","C>A",8,8897,6683.92310336776,6742
"S4_hotspots","Simulation_16","in","C>A",9,11394,9713.81990886384,9705
"S4_hotspots","Simulation_16","in","C>G",10,13040,12568.2660870675,12568
"S4_hotspots","Simulation_16","in","C>G",3,131,35.947644283338,34
"S4_hotspots","Simulation_16","in","C>G",4,827,296.127385999774,280
"S4_hotspots","Simulation_16","in","C>G",5,1666,755.247597652398,761
"S4_hotspots","Simulation_16","in","C>G",6,1674,919.361812367282,921
"S4_hotspots","Simulation_16","in","C>G",7,1652,1075.41127456999,1067
"S4_hotspots","Simulation_16","in","C>G",8,1811,1362.43523308678,1369
"S4_hotspots","Simulation_16","in","C>G",9,3290,2824.42675238969,2894
"S4_hotspots","Simulation_16","in","C>T",10,22918,21910.0050994791,21945
"S4_hotspots","Simulation_16","in","C>T",2,3,0.57362985176607,1
"S4_hotspots","Simulation_16","in","C>T",3,461,125.719673986015,120
"S4_hotspots","Simulation_16","in","C>T",4,2550,913.137502617253,919
"S4_hotspots","Simulation_16","in","C>T",5,4838,2193.38621805911,2248
"S4_hotspots","Simulation_16","in","C>T",6,5571,3059.76133560768,3100
"S4_hotspots","Simulation_16","in","C>T",7,5837,3796.66844203252,3864
"S4_hotspots","Simulation_16","in","C>T",8,7218,5431.71325968287,5511
"S4_hotspots","Simulation_16","in","C>T",9,10600,9057.79916079101,9025
"S4_hotspots","Simulation_16","in","T>A",10,14649,14090.6069611599,14073
"S4_hotspots","Simulation_16","in","T>A",3,105,29.017597793196,26
"S4_hotspots","Simulation_16","in","T>A",4,833,300.252414964966,310
"S4_hotspots","Simulation_16","in","T>A",5,1812,822.893574578625,849
"S4_hotspots","Simulation_16","in","T>A",6,2073,1141.314258281,1141
"S4_hotspots","Simulation_16","in","T>A",7,2134,1389.23435334054,1398
"S4_hotspots","Simulation_16","in","T>A",8,2701,2033.86075989401,2051
"S4_hotspots","Simulation_16","in","T>A",9,4645,3973.48294199987,4055
"S4_hotspots","Simulation_16","in","T>C",10,2694,2542.76949216887,2568
"S4_hotspots","Simulation_16","in","T>C",3,178,49.2913379107532,56
"S4_hotspots","Simulation_16","in","T>C",4,1618,581.044006602132,618
"S4_hotspots","Simulation_16","in","T>C",5,3178,1439.99827239945,1484
"S4_hotspots","Simulation_16","in","T>C",6,3233,1771.22690307747,1764
"S4_hotspots","Simulation_16","in","T>C",7,3013,1960.42740640059,1980
"S4_hotspots","Simulation_16","in","T>C",8,2957,2216.2971514177,2216
"S4_hotspots","Simulation_16","in","T>C",9,3083,2620.88869510679,2645
"S4_hotspots","Simulation_16","in","T>G",10,551,517.907274255641,522
"S4_hotspots","Simulation_16","in","T>G",3,36,10.0219867287375,9
"S4_hotspots","Simulation_16","in","T>G",4,437,156.612021990309,165
"S4_hotspots","Simulation_16","in","T>G",5,1031,467.491197823505,445
"S4_hotspots","Simulation_16","in","T>G",6,1118,612.854940889745,647
"S4_hotspots","Simulation_16","in","T>G",7,994,646.104042284249,662
"S4_hotspots","Simulation_16","in","T>G",8,859,641.896572249624,665
"S4_hotspots","Simulation_16","in","T>G",9,768,652.009925466868,644
"S4_hotspots","Simulation_16","out","C>A",10,2834,2688.06081811133,2685
"S4_hotspots","Simulation_16","out","C>A",3,44,12.4276482386816,11
"S4_hotspots","Simulation_16","out","C>A",4,463,166.912478915312,191
"S4_hotspots","Simulation_16","out","C>A",5,1261,576.033688957041,646
"S4_hotspots","Simulation_16","out","C>A",6,1784,983.424507455824,972
"S4_hotspots","Simulation_16","out","C>A",7,1780,1157.07696554144,1168
"S4_hotspots","Simulation_16","out","C>A",8,2004,1504.37987599853,1437
"S4_hotspots","Simulation_16","out","C>A",9,2405,2049.26446113512,2051
"S4_hotspots","Simulation_16","out","C>G",10,2542,2437.11494817157,2433
"S4_hotspots","Simulation_16","out","C>G",3,30,8.14147841104975,7
"S4_hotspots","Simulation_16","out","C>G",4,196,70.2676261950011,75
"S4_hotspots","Simulation_16","out","C>G",5,317,142.875790007906,152
"S4_hotspots","Simulation_16","out","C>G",6,426,234.4412149068,247
"S4_hotspots","Simulation_16","out","C>G",7,422,275.13540853632,284
"S4_hotspots","Simulation_16","out","C>G",8,476,358.032847538344,363
"S4_hotspots","Simulation_16","out","C>G",9,840,717.621726094441,735
"S4_hotspots","Simulation_16","out","C>T",10,5927,5670.23690799425,5656
"S4_hotspots","Simulation_16","out","C>T",3,128,34.9619339303562,37
"S4_hotspots","Simulation_16","out","C>T",4,618,221.30831848649,223
"S4_hotspots","Simulation_16","out","C>T",5,1160,525.155965974495,516
"S4_hotspots","Simulation_16","out","C>T",6,1468,808.126237154076,825
"S4_hotspots","Simulation_16","out","C>T",7,1515,988.078869087415,1044
"S4_hotspots","Simulation_16","out","C>T",8,1791,1347.61181441842,1368
"S4_hotspots","Simulation_16","out","C>T",9,2874,2456.94513955774,2476
"S4_hotspots","Simulation_16","out","T>A",10,2411,2309.62464291154,2295
"S4_hotspots","Simulation_16","out","T>A",3,24,6.56560603085682,5
"S4_hotspots","Simulation_16","out","T>A",4,234,84.3526377878544,82
"S4_hotspots","Simulation_16","out","T>A",5,451,205.57986154004,209
"S4_hotspots","Simulation_16","out","T>A",6,569,312.164916106346,310
"S4_hotspots","Simulation_16","out","T>A",7,557,362.660953936172,370
"S4_hotspots","Simulation_16","out","T>A",8,683,513.84174161024,493
"S4_hotspots","Simulation_16","out","T>A",9,991,848.940078519523,849
"S4_hotspots","Simulation_16","out","T>C",10,620,583.926051996855,592
"S4_hotspots","Simulation_16","out","T>C",3,40,11.1052067288073,9
"S4_hotspots","Simulation_16","out","T>C",4,432,155.114977354585,158
"S4_hotspots","Simulation_16","out","T>C",5,807,365.542186568079,374
"S4_hotspots","Simulation_16","out","T>C",6,855,469.391451367429,470
"S4_hotspots","Simulation_16","out","T>C",7,834,540.306560210182,546
"S4_hotspots","Simulation_16","out","T>C",8,811,608.715056981861,614
"S4_hotspots","Simulation_16","out","T>C",9,768,651.784745872721,659
"S4_hotspots","Simulation_16","out","T>G",10,93,87.1324796719988,85
"S4_hotspots","Simulation_16","out","T>G",3,16,4.49095169633429,3
"S4_hotspots","Simulation_16","out","T>G",4,122,44.2238252446761,49
"S4_hotspots","Simulation_16","out","T>G",5,243,109.57792860323,123
"S4_hotspots","Simulation_16","out","T>G",6,292,160.397475145058,156
"S4_hotspots","Simulation_16","out","T>G",7,211,137.460911070512,144
"S4_hotspots","Simulation_16","out","T>G",8,235,176.45562731597,174
"S4_hotspots","Simulation_16","out","T>G",9,185,156.87850675183,161
"S4_hotspots","Simulation_17","in","C>A",10,3401,3200.65043651549,3202
"S4_hotspots","Simulation_17","in","C>A",3,230,64.1043195280428,66
"S4_hotspots","Simulation_17","in","C>A",4,2200,793.716661142938,840
"S4_hotspots","Simulation_17","in","C>A",5,4753,2152.85726578455,2171
"S4_hotspots","Simulation_17","in","C>A",6,5185,2848.86220546436,2940
"S4_hotspots","Simulation_17","in","C>A",7,4911,3189.31174499525,3186
"S4_hotspots","Simulation_17","in","C>A",8,4534,3399.29244679515,3470
"S4_hotspots","Simulation_17","in","C>A",9,4678,3974.12612916753,3984
"S4_hotspots","Simulation_17","in","C>G",10,18355,17695.3769286407,17732
"S4_hotspots","Simulation_17","in","C>G",3,107,29.272444138885,26
"S4_hotspots","Simulation_17","in","C>G",4,681,244.653361476582,232
"S4_hotspots","Simulation_17","in","C>G",5,1411,639.10337033417,619
"S4_hotspots","Simulation_17","in","C>G",6,1655,911.274393561253,923
"S4_hotspots","Simulation_17","in","C>G",7,1660,1079.32085739475,1098
"S4_hotspots","Simulation_17","in","C>G",8,2212,1667.33702310248,1700
"S4_hotspots","Simulation_17","in","C>G",9,4217,3616.27587085451,3608
"S4_hotspots","Simulation_17","in","C>T",10,22333,21398.301398434,21441
"S4_hotspots","Simulation_17","in","C>T",3,228,62.7119465900743,70
"S4_hotspots","Simulation_17","in","C>T",4,1811,652.577355329411,650
"S4_hotspots","Simulation_17","in","C>T",5,4302,1957.49416386327,1934
"S4_hotspots","Simulation_17","in","C>T",6,5621,3094.40031688719,3180
"S4_hotspots","Simulation_17","in","C>T",7,5951,3876.20891494791,3817
"S4_hotspots","Simulation_17","in","C>T",8,7657,5762.43908453656,5768
"S4_hotspots","Simulation_17","in","C>T",9,10670,9109.09268007135,9154
"S4_hotspots","Simulation_17","in","T>A",10,1500,1411.82961501481,1411
"S4_hotspots","Simulation_17","in","T>A",3,113,31.4745434200162,28
"S4_hotspots","Simulation_17","in","T>A",4,917,330.73093047324,333
"S4_hotspots","Simulation_17","in","T>A",5,1953,885.924127317658,940
"S4_hotspots","Simulation_17","in","T>A",6,2167,1188.5658112897,1225
"S4_hotspots","Simulation_17","in","T>A",7,2145,1397.05200702298,1428
"S4_hotspots","Simulation_17","in","T>A",8,2239,1680.91730737162,1699
"S4_hotspots","Simulation_17","in","T>A",9,2200,1866.10329555277,1890
"S4_hotspots","Simulation_17","in","T>C",10,4338,4076.45128963185,4080
"S4_hotspots","Simulation_17","in","T>C",3,71,19.5817928897069,17
"S4_hotspots","Simulation_17","in","T>C",4,836,302.599429935538,287
"S4_hotspots","Simulation_17","in","T>C",5,2300,1047.27282691729,1026
"S4_hotspots","Simulation_17","in","T>C",6,3110,1712.04309747768,1709
"S4_hotspots","Simulation_17","in","T>C",7,3213,2089.29466133845,2075
"S4_hotspots","Simulation_17","in","T>C",8,3676,2766.55288033921,2766
"S4_hotspots","Simulation_17","in","T>C",9,4790,4086.05894286058,4098
"S4_hotspots","Simulation_17","in","T>G",10,930,870.807666796021,884
"S4_hotspots","Simulation_17","in","T>G",3,23,6.52178602821614,6
"S4_hotspots","Simulation_17","in","T>G",4,260,94.0779342533994,86
"S4_hotspots","Simulation_17","in","T>G",5,688,312.434920704199,302
"S4_hotspots","Simulation_17","in","T>G",6,945,519.227783597618,513
"S4_hotspots","Simulation_17","in","T>G",7,871,566.512881585143,576
"S4_hotspots","Simulation_17","in","T>G",8,1041,780.711449467252,799
"S4_hotspots","Simulation_17","in","T>G",9,1285,1094.02492790501,1095
"S4_hotspots","Simulation_17","out","C>A",10,983,931.011534558649,932
"S4_hotspots","Simulation_17","out","C>A",3,66,18.3713894287737,24
"S4_hotspots","Simulation_17","out","C>A",4,619,221.754049595765,220
"S4_hotspots","Simulation_17","out","C>A",5,1193,539.480652378454,520
"S4_hotspots","Simulation_17","out","C>A",6,1307,718.412263808464,719
"S4_hotspots","Simulation_17","out","C>A",7,1178,763.911513829326,764
"S4_hotspots","Simulation_17","out","C>A",8,1054,791.505042410014,810
"S4_hotspots","Simulation_17","out","C>A",9,1034,878.377849864053,863
"S4_hotspots","Simulation_17","out","C>G",10,4091,3945.05302033205,3939
"S4_hotspots","Simulation_17","out","C>G",3,29,7.83490428699431,4
"S4_hotspots","Simulation_17","out","C>G",4,155,55.4849381606166,54
"S4_hotspots","Simulation_17","out","C>G",5,305,138.313501487482,134
"S4_hotspots","Simulation_17","out","C>G",6,344,188.140076344777,201
"S4_hotspots","Simulation_17","out","C>G",7,423,275.836612062375,276
"S4_hotspots","Simulation_17","out","C>G",8,553,417.43707834313,422
"S4_hotspots","Simulation_17","out","C>G",9,1014,868.564753175051,853
"S4_hotspots","Simulation_17","out","C>T",10,8128,7829.31434258986,7856
"S4_hotspots","Simulation_17","out","C>T",3,58,16.0649876290403,13
"S4_hotspots","Simulation_17","out","C>T",4,438,158.284001256782,163
"S4_hotspots","Simulation_17","out","C>T",5,975,443.95023433179,438
"S4_hotspots","Simulation_17","out","C>T",6,1393,764.406748244598,775
"S4_hotspots","Simulation_17","out","C>T",7,1451,945.407735887644,949
"S4_hotspots","Simulation_17","out","C>T",8,1839,1385.49534157994,1401
"S4_hotspots","Simulation_17","out","C>T",9,2849,2435.83582771327,2430
"S4_hotspots","Simulation_17","out","T>A",10,409,386.290323750098,393
"S4_hotspots","Simulation_17","out","T>A",3,42,11.6759170857051,9
"S4_hotspots","Simulation_17","out","T>A",4,216,77.3480432027758,73
"S4_hotspots","Simulation_17","out","T>A",5,463,210.251762177096,224
"S4_hotspots","Simulation_17","out","T>A",6,517,283.741895401293,310
"S4_hotspots","Simulation_17","out","T>A",7,492,319.082825179934,320
"S4_hotspots","Simulation_17","out","T>A",8,502,377.458677471355,386
"S4_hotspots","Simulation_17","out","T>A",9,505,428.620613484441,441
"S4_hotspots","Simulation_17","out","T>C",10,1248,1177.47835352131,1186
"S4_hotspots","Simulation_17","out","T>C",3,21,5.85361748278227,3
"S4_hotspots","Simulation_17","out","T>C",4,213,77.0956504945951,80
"S4_hotspots","Simulation_17","out","T>C",5,578,262.957217363952,261
"S4_hotspots","Simulation_17","out","T>C",6,721,395.821613916975,382
"S4_hotspots","Simulation_17","out","T>C",7,733,477.839086229769,487
"S4_hotspots","Simulation_17","out","T>C",8,922,694.184915901923,696
"S4_hotspots","Simulation_17","out","T>C",9,1197,1022.76448545444,1020
"S4_hotspots","Simulation_17","out","T>G",10,235,220.810647460384,223
"S4_hotspots","Simulation_17","out","T>G",3,7,1.86770745512407,1
"S4_hotspots","Simulation_17","out","T>G",4,66,23.8901090609027,26
"S4_hotspots","Simulation_17","out","T>G",5,166,75.4631853739226,69
"S4_hotspots","Simulation_17","out","T>G",6,209,114.605075435361,116
"S4_hotspots","Simulation_17","out","T>G",7,220,143.089237866253,148
"S4_hotspots","Simulation_17","out","T>G",8,243,182.146391946155,177
"S4_hotspots","Simulation_17","out","T>G",9,314,267.529882979247,274
"S4_hotspots","Simulation_18","in","C>A",10,4151,3885.52330710715,3916
"S4_hotspots","Simulation_18","in","C>A",3,344,95.6150996388308,102
"S4_hotspots","Simulation_18","in","C>A",4,2487,894.335684131315,883
"S4_hotspots","Simulation_18","in","C>A",5,4916,2233.67654219815,2248
"S4_hotspots","Simulation_18","in","C>A",6,5408,2973.30686217294,2995
"S4_hotspots","Simulation_18","in","C>A",7,5378,3497.53709870009,3525
"S4_hotspots","Simulation_18","in","C>A",8,5373,4030.58449260244,4086
"S4_hotspots","Simulation_18","in","C>A",9,6072,5168.31248264312,5204
"S4_hotspots","Simulation_18","in","C>G",10,18361,17896.6701209002,17909
"S4_hotspots","Simulation_18","in","C>G",3,88,24.1294217301448,30
"S4_hotspots","Simulation_18","in","C>G",4,595,213.909562895802,217
"S4_hotspots","Simulation_18","in","C>G",5,1485,674.680402382278,717
"S4_hotspots","Simulation_18","in","C>G",6,1829,1004.4132132342,1067
"S4_hotspots","Simulation_18","in","C>G",7,1836,1192.19587858505,1221
"S4_hotspots","Simulation_18","in","C>G",8,2110,1586.58065630032,1562
"S4_hotspots","Simulation_18","in","C>G",9,3380,2890.1663472169,2911
"S4_hotspots","Simulation_18","in","C>T",10,25316,24381.828618741,24407
"S4_hotspots","Simulation_18","in","C>T",2,3,0.588711269589673,1
"S4_hotspots","Simulation_18","in","C>T",3,342,93.7894413999279,98
"S4_hotspots","Simulation_18","in","C>T",4,2129,763.048146893873,761
"S4_hotspots","Simulation_18","in","C>T",5,4375,1987.68453388674,1952
"S4_hotspots","Simulation_18","in","C>T",6,5525,3037.47749525515,3054
"S4_hotspots","Simulation_18","in","C>T",7,5609,3645.55370654877,3706
"S4_hotspots","Simulation_18","in","C>T",8,6923,5207.32532720724,5231
"S4_hotspots","Simulation_18","in","C>T",9,10308,8797.69165040588,8900
"S4_hotspots","Simulation_18","in","T>A",10,1974,1854.58956909581,1847
"S4_hotspots","Simulation_18","in","T>A",2,1,0.198559901017465,0
"S4_hotspots","Simulation_18","in","T>A",3,162,44.3467054752332,28
"S4_hotspots","Simulation_18","in","T>A",4,1120,403.920855557968,384
"S4_hotspots","Simulation_18","in","T>A",5,2374,1077.41644215318,1120
"S4_hotspots","Simulation_18","in","T>A",6,2559,1405.03933248292,1435
"S4_hotspots","Simulation_18","in","T>A",7,2234,1450.75313040216,1465
"S4_hotspots","Simulation_18","in","T>A",8,2196,1645.95593015655,1634
"S4_hotspots","Simulation_18","in","T>A",9,2531,2152.1942465779,2161
"S4_hotspots","Simulation_18","in","T>C",10,2563,2411.53328735448,2438
"S4_hotspots","Simulation_18","in","T>C",3,127,34.8495079264319,48
"S4_hotspots","Simulation_18","in","T>C",4,1075,388.592822080525,369
"S4_hotspots","Simulation_18","in","T>C",5,2486,1131.10999175756,1175
"S4_hotspots","Simulation_18","in","T>C",6,3030,1665.30049307091,1698
"S4_hotspots","Simulation_18","in","T>C",7,2945,1915.56347596629,1906
"S4_hotspots","Simulation_18","in","T>C",8,3055,2292.36740543995,2335
"S4_hotspots","Simulation_18","in","T>C",9,3130,2661.74518492921,2702
"S4_hotspots","Simulation_18","in","T>G",10,921,867.574567937576,874
"S4_hotspots","Simulation_18","in","T>G",3,30,8.4725090428815,6
"S4_hotspots","Simulation_18","in","T>G",4,320,116.228583555144,107
"S4_hotspots","Simulation_18","in","T>G",5,835,379.016668502539,357
"S4_hotspots","Simulation_18","in","T>G",6,974,536.297348978418,525
"S4_hotspots","Simulation_18","in","T>G",7,917,596.117591037658,614
"S4_hotspots","Simulation_18","in","T>G",8,971,728.372829706288,743
"S4_hotspots","Simulation_18","in","T>G",9,1098,932.959223351024,948
"S4_hotspots","Simulation_18","out","C>A",10,938,875.397487234782,870
"S4_hotspots","Simulation_18","out","C>A",3,105,28.7666797609485,24
"S4_hotspots","Simulation_18","out","C>A",4,796,285.351555594178,287
"S4_hotspots","Simulation_18","out","C>A",5,1412,640.17470826843,650
"S4_hotspots","Simulation_18","out","C>A",6,1494,820.873682522999,833
"S4_hotspots","Simulation_18","out","C>A",7,1407,914.453984470572,912
"S4_hotspots","Simulation_18","out","C>A",8,1314,986.801257919065,979
"S4_hotspots","Simulation_18","out","C>A",9,1447,1229.53764358377,1224
"S4_hotspots","Simulation_18","out","C>G",10,3597,3486.91989025994,3478
"S4_hotspots","Simulation_18","out","C>G",3,19,5.35094375516342,3
"S4_hotspots","Simulation_18","out","C>G",4,168,60.5771739158796,73
"S4_hotspots","Simulation_18","out","C>G",5,451,205.094516610849,219
"S4_hotspots","Simulation_18","out","C>G",6,519,285.218909773135,272
"S4_hotspots","Simulation_18","out","C>G",7,551,356.92556281595,376
"S4_hotspots","Simulation_18","out","C>G",8,616,465.311800005434,477
"S4_hotspots","Simulation_18","out","C>G",9,907,774.893118815965,769
"S4_hotspots","Simulation_18","out","C>T",10,6394,6156.4975401002,6174
"S4_hotspots","Simulation_18","out","C>T",2,1,0.195583240475937,0
"S4_hotspots","Simulation_18","out","C>T",3,93,25.0708248314175,29
"S4_hotspots","Simulation_18","out","C>T",4,563,202.59557414048,213
"S4_hotspots","Simulation_18","out","C>T",5,1215,552.058914936153,588
"S4_hotspots","Simulation_18","out","C>T",6,1518,834.631726561191,824
"S4_hotspots","Simulation_18","out","C>T",7,1576,1023.45862662134,1030
"S4_hotspots","Simulation_18","out","C>T",8,1857,1394.71327139291,1395
"S4_hotspots","Simulation_18","out","C>T",9,2399,2042.96299694413,2023
"S4_hotspots","Simulation_18","out","T>A",10,397,371.452632817064,370
"S4_hotspots","Simulation_18","out","T>A",3,45,12.2029030193634,13
"S4_hotspots","Simulation_18","out","T>A",4,334,119.900690010987,111
"S4_hotspots","Simulation_18","out","T>A",5,655,295.413776934243,295
"S4_hotspots","Simulation_18","out","T>A",6,687,376.652792731166,389
"S4_hotspots","Simulation_18","out","T>A",7,612,397.181325803169,407
"S4_hotspots","Simulation_18","out","T>A",8,595,446.209771245251,446
"S4_hotspots","Simulation_18","out","T>A",9,691,585.512273870917,587
"S4_hotspots","Simulation_18","out","T>C",10,853,803.125962772619,814
"S4_hotspots","Simulation_18","out","T>C",2,1,0.192015387489286,0
"S4_hotspots","Simulation_18","out","T>C",3,24,6.69771266755494,9
"S4_hotspots","Simulation_18","out","T>C",4,290,105.101133972883,117
"S4_hotspots","Simulation_18","out","T>C",5,684,309.542497661258,315
"S4_hotspots","Simulation_18","out","T>C",6,861,473.080090342727,490
"S4_hotspots","Simulation_18","out","T>C",7,826,538.624545823115,557
"S4_hotspots","Simulation_18","out","T>C",8,842,631.090984139324,638
"S4_hotspots","Simulation_18","out","T>C",9,898,764.861131571141,779
"S4_hotspots","Simulation_18","out","T>G",10,287,269.676636598723,271
"S4_hotspots","Simulation_18","out","T>G",3,7,2.03778336420146,2
"S4_hotspots","Simulation_18","out","T>G",4,87,31.4978629228451,32
"S4_hotspots","Simulation_18","out","T>G",5,241,109.45000388312,106
"S4_hotspots","Simulation_18","out","T>G",6,254,139.226968553132,143
"S4_hotspots","Simulation_18","out","T>G",7,237,153.792734992715,160
"S4_hotspots","Simulation_18","out","T>G",8,286,215.40094217047,234
"S4_hotspots","Simulation_18","out","T>G",9,283,240.634166443673,257
"S4_hotspots","Simulation_19","in","C>A",10,7941,7582.42322777052,7575
"S4_hotspots","Simulation_19","in","C>A",3,242,67.6741553436026,54
"S4_hotspots","Simulation_19","in","C>A",4,1856,668.438133234696,701
"S4_hotspots","Simulation_19","in","C>A",5,3803,1724.51345935389,1761
"S4_hotspots","Simulation_19","in","C>A",6,4413,2428.31619284861,2452
"S4_hotspots","Simulation_19","in","C>A",7,4464,2902.95303674905,2906
"S4_hotspots","Simulation_19","in","C>A",8,4769,3580.11855181571,3553
"S4_hotspots","Simulation_19","in","C>A",9,5599,4769.21588042964,4736
"S4_hotspots","Simulation_19","in","C>G",10,11247,10861.434403054,10877
"S4_hotspots","Simulation_19","in","C>G",3,104,28.5663595091983,27
"S4_hotspots","Simulation_19","in","C>G",4,765,274.448804612682,274
"S4_hotspots","Simulation_19","in","C>G",5,1254,566.079450565238,566
"S4_hotspots","Simulation_19","in","C>G",6,1294,710.926194647775,751
"S4_hotspots","Simulation_19","in","C>G",7,1179,767.384746549959,756
"S4_hotspots","Simulation_19","in","C>G",8,1369,1029.95500852838,1064
"S4_hotspots","Simulation_19","in","C>G",9,2523,2159.37426769613,2160
"S4_hotspots","Simulation_19","in","C>T",10,34378,33140.0085161963,33174
"S4_hotspots","Simulation_19","in","C>T",3,296,81.2909003010222,90
"S4_hotspots","Simulation_19","in","C>T",4,1918,685.008294978,703
"S4_hotspots","Simulation_19","in","C>T",5,3401,1545.08298637815,1563
"S4_hotspots","Simulation_19","in","C>T",6,4040,2225.91798068059,2220
"S4_hotspots","Simulation_19","in","C>T",7,4551,2967.37245088958,2955
"S4_hotspots","Simulation_19","in","C>T",8,5838,4395.32875971023,4350
"S4_hotspots","Simulation_19","in","C>T",9,10068,8619.70858569662,8637
"S4_hotspots","Simulation_19","in","T>A",10,2313,2201.29298687911,2220
"S4_hotspots","Simulation_19","in","T>A",3,148,41.1495586245597,42
"S4_hotspots","Simulation_19","in","T>A",4,1108,396.79346997997,402
"S4_hotspots","Simulation_19","in","T>A",5,1847,835.624082096212,831
"S4_hotspots","Simulation_19","in","T>A",6,1840,1009.67208811057,1054
"S4_hotspots","Simulation_19","in","T>A",7,1594,1033.29178558297,1073
"S4_hotspots","Simulation_19","in","T>A",8,1587,1191.92626668306,1192
"S4_hotspots","Simulation_19","in","T>A",9,1787,1519.29435642795,1499
"S4_hotspots","Simulation_19","in","T>C",10,8558,8217.75165542133,8216
"S4_hotspots","Simulation_19","in","T>C",2,1,0.19694456828279,0
"S4_hotspots","Simulation_19","in","T>C",3,141,39.1951439445101,29
"S4_hotspots","Simulation_19","in","T>C",4,1069,381.938479006779,381
"S4_hotspots","Simulation_19","in","T>C",5,2039,924.97622758409,904
"S4_hotspots","Simulation_19","in","T>C",6,2407,1321.85659105735,1310
"S4_hotspots","Simulation_19","in","T>C",7,2289,1490.1602207613,1531
"S4_hotspots","Simulation_19","in","T>C",8,2660,1998.56923496521,2017
"S4_hotspots","Simulation_19","in","T>C",9,3753,3207.7935250133,3226
"S4_hotspots","Simulation_19","in","T>G",10,453,430.912920004684,431
"S4_hotspots","Simulation_19","in","T>G",3,44,12.2240086387085,11
"S4_hotspots","Simulation_19","in","T>G",4,439,158.145039744827,154
"S4_hotspots","Simulation_19","in","T>G",5,842,381.013402594775,391
"S4_hotspots","Simulation_19","in","T>G",6,813,445.652574204826,444
"S4_hotspots","Simulation_19","in","T>G",7,670,434.677862166364,458
"S4_hotspots","Simulation_19","in","T>G",8,646,485.012606959113,505
"S4_hotspots","Simulation_19","in","T>G",9,603,511.70667827394,536
"S4_hotspots","Simulation_19","out","C>A",10,2418,2319.77218388578,2320
"S4_hotspots","Simulation_19","out","C>A",3,70,19.4627770883775,22
"S4_hotspots","Simulation_19","out","C>A",4,519,186.145252306882,200
"S4_hotspots","Simulation_19","out","C>A",5,1014,459.312912337972,421
"S4_hotspots","Simulation_19","out","C>A",6,1170,642.911569722471,667
"S4_hotspots","Simulation_19","out","C>A",7,1109,720.408602502639,688
"S4_hotspots","Simulation_19","out","C>A",8,1179,885.75629743036,886
"S4_hotspots","Simulation_19","out","C>A",9,1432,1219.90289330338,1221
"S4_hotspots","Simulation_19","out","C>G",10,2313,2225.69751745312,2215
"S4_hotspots","Simulation_19","out","C>G",3,21,5.91763814513946,7
"S4_hotspots","Simulation_19","out","C>G",4,189,67.8659542658962,79
"S4_hotspots","Simulation_19","out","C>G",5,353,159.779995591931,159
"S4_hotspots","Simulation_19","out","C>G",6,360,197.733579995197,202
"S4_hotspots","Simulation_19","out","C>G",7,362,236.002287869964,227
"S4_hotspots","Simulation_19","out","C>G",8,380,285.321778621193,286
"S4_hotspots","Simulation_19","out","C>G",9,656,560.670913957971,560
"S4_hotspots","Simulation_19","out","C>T",10,11338,10946.1478911528,10938
"S4_hotspots","Simulation_19","out","C>T",3,85,22.9743096820504,22
"S4_hotspots","Simulation_19","out","C>T",4,532,190.302388666539,192
"S4_hotspots","Simulation_19","out","C>T",5,836,380.441721804831,387
"S4_hotspots","Simulation_19","out","C>T",6,1115,612.658088812209,641
"S4_hotspots","Simulation_19","out","C>T",7,1183,771.302308734053,785
"S4_hotspots","Simulation_19","out","C>T",8,1479,1116.539748396,1121
"S4_hotspots","Simulation_19","out","C>T",9,2811,2409.28420115334,2454
"S4_hotspots","Simulation_19","out","T>A",10,787,752.960864600303,756
"S4_hotspots","Simulation_19","out","T>A",3,34,9.28208077843287,9
"S4_hotspots","Simulation_19","out","T>A",4,327,116.878379742824,117
"S4_hotspots","Simulation_19","out","T>A",5,542,246.528156349175,256
"S4_hotspots","Simulation_19","out","T>A",6,515,283.031975056445,287
"S4_hotspots","Simulation_19","out","T>A",7,431,280.106722327076,285
"S4_hotspots","Simulation_19","out","T>A",8,481,361.231112822577,365
"S4_hotspots","Simulation_19","out","T>A",9,536,457.412801348955,458
"S4_hotspots","Simulation_19","out","T>C",10,3215,3095.33889055247,3085
"S4_hotspots","Simulation_19","out","T>C",3,34,9.361541176638,10
"S4_hotspots","Simulation_19","out","T>C",4,282,100.886582404335,100
"S4_hotspots","Simulation_19","out","T>C",5,526,240.089137594559,240
"S4_hotspots","Simulation_19","out","T>C",6,650,357.181559563297,371
"S4_hotspots","Simulation_19","out","T>C",7,660,429.565641374518,440
"S4_hotspots","Simulation_19","out","T>C",8,734,552.739591322963,573
"S4_hotspots","Simulation_19","out","T>C",9,1238,1058.00307280641,1068
"S4_hotspots","Simulation_19","out","T>G",10,194,185.671935700357,189
"S4_hotspots","Simulation_19","out","T>G",3,9,2.49595021927606,1
"S4_hotspots","Simulation_19","out","T>G",4,110,40.0722213192641,37
"S4_hotspots","Simulation_19","out","T>G",5,217,98.1391505989889,103
"S4_hotspots","Simulation_19","out","T>G",6,242,132.627417362913,133
"S4_hotspots","Simulation_19","out","T>G",7,217,140.855810367182,142
"S4_hotspots","Simulation_19","out","T>G",8,191,143.725986845466,137
"S4_hotspots","Simulation_19","out","T>G",9,211,179.359355485477,178
"S4_hotspots","Simulation_20","in","C>A",10,2883,2707.13528834563,2712
"S4_hotspots","Simulation_20","in","C>A",3,214,59.4868120985787,61
"S4_hotspots","Simulation_20","in","C>A",4,1871,675.286267089892,699
"S4_hotspots","Simulation_20","in","C>A",5,4045,1837.70589897973,1861
"S4_hotspots","Simulation_20","in","C>A",6,4810,2639.40699015031,2754
"S4_hotspots","Simulation_20","in","C>A",7,4499,2921.99179334425,2968
"S4_hotspots","Simulation_20","in","C>A",8,4295,3220.80259565394,3258
"S4_hotspots","Simulation_20","in","C>A",9,3917,3322.41431249165,3379
"S4_hotspots","Simulation_20","in","C>G",10,7993,7707.00495424308,7729
"S4_hotspots","Simulation_20","in","C>G",2,1,0.184448898848758,0
"S4_hotspots","Simulation_20","in","C>G",3,72,19.512878104819,21
"S4_hotspots","Simulation_20","in","C>G",4,454,163.977050031009,161
"S4_hotspots","Simulation_20","in","C>G",5,1062,482.094105286992,471
"S4_hotspots","Simulation_20","in","C>G",6,1317,723.88192531729,712
"S4_hotspots","Simulation_20","in","C>G",7,1425,928.748346478509,960
"S4_hotspots","Simulation_20","in","C>G",8,1837,1381.98019203767,1397
"S4_hotspots","Simulation_20","in","C>G",9,2827,2417.03932749724,2441
"S4_hotspots","Simulation_20","in","C>T",10,18741,17920.6074489314,17969
"S4_hotspots","Simulation_20","in","C>T",2,1,0.194982092246553,0
"S4_hotspots","Simulation_20","in","C>T",3,223,61.0880515709402,65
"S4_hotspots","Simulation_20","in","C>T",4,1706,610.058936033006,642
"S4_hotspots","Simulation_20","in","C>T",5,3652,1661.73999177442,1628
"S4_hotspots","Simulation_20","in","C>T",6,4559,2505.59697053342,2524
"S4_hotspots","Simulation_20","in","C>T",7,4766,3104.19362156823,3107
"S4_hotspots","Simulation_20","in","C>T",8,5619,4218.00135783557,4218
"S4_hotspots","Simulation_20","in","C>T",9,8136,6959.21193296009,6995
"S4_hotspots","Simulation_20","in","T>A",10,1431,1344.687858788,1352
"S4_hotspots","Simulation_20","in","T>A",3,151,41.7135465364658,39
"S4_hotspots","Simulation_20","in","T>A",4,1013,361.933966247485,356
"S4_hotspots","Simulation_20","in","T>A",5,1855,842.762941905477,813
"S4_hotspots","Simulation_20","in","T>A",6,1961,1075.88125642386,1121
"S4_hotspots","Simulation_20","in","T>A",7,1676,1089.22716901445,1067
"S4_hotspots","Simulation_20","in","T>A",8,1707,1283.55245884447,1274
"S4_hotspots","Simulation_20","in","T>A",9,1698,1443.13830373343,1462
"S4_hotspots","Simulation_20","in","T>C",10,2368,2221.99787055051,2248
"S4_hotspots","Simulation_20","in","T>C",3,87,24.1297856948075,24
"S4_hotspots","Simulation_20","in","T>C",4,896,323.548082971066,294
"S4_hotspots","Simulation_20","in","T>C",5,2149,978.986394071786,1001
"S4_hotspots","Simulation_20","in","T>C",6,2759,1513.74247396698,1550
"S4_hotspots","Simulation_20","in","T>C",7,2693,1750.24558589053,1796
"S4_hotspots","Simulation_20","in","T>C",8,2498,1871.43210289484,1887
"S4_hotspots","Simulation_20","in","T>C",9,2787,2369.98922694946,2392
"S4_hotspots","Simulation_20","in","T>G",10,743,702.835853567595,708
"S4_hotspots","Simulation_20","in","T>G",3,35,9.90927167408962,7
"S4_hotspots","Simulation_20","in","T>G",4,309,111.767328196016,114
"S4_hotspots","Simulation_20","in","T>G",5,646,294.763169622891,291
"S4_hotspots","Simulation_20","in","T>G",6,742,408.288158274307,411
"S4_hotspots","Simulation_20","in","T>G",7,711,462.723165008853,455
"S4_hotspots","Simulation_20","in","T>G",8,766,574.811788153695,575
"S4_hotspots","Simulation_20","in","T>G",9,786,667.645331771811,668
"S4_hotspots","Simulation_20","out","C>A",10,705,661.680241259676,674
"S4_hotspots","Simulation_20","out","C>A",3,41,11.3746093235988,7
"S4_hotspots","Simulation_20","out","C>A",4,414,148.886774239775,150
"S4_hotspots","Simulation_20","out","C>A",5,934,424.662780759843,413
"S4_hotspots","Simulation_20","out","C>A",6,1140,626.719561693398,624
"S4_hotspots","Simulation_20","out","C>A",7,991,644.851321354531,656
"S4_hotspots","Simulation_20","out","C>A",8,1067,801.217787642385,811
"S4_hotspots","Simulation_20","out","C>A",9,983,835.246804649313,847
"S4_hotspots","Simulation_20","out","C>G",10,1823,1762.14605693242,1764
"S4_hotspots","Simulation_20","out","C>G",3,17,4.65955089218391,4
"S4_hotspots","Simulation_20","out","C>G",4,96,34.3828395437219,45
"S4_hotspots","Simulation_20","out","C>G",5,235,107.1341257432,93
"S4_hotspots","Simulation_20","out","C>G",6,332,183.623912927085,199
"S4_hotspots","Simulation_20","out","C>G",7,410,266.726124147757,276
"S4_hotspots","Simulation_20","out","C>G",8,410,309.818598602153,301
"S4_hotspots","Simulation_20","out","C>G",9,706,603.017499871201,615
"S4_hotspots","Simulation_20","out","C>T",10,4421,4227.62477837435,4242
"S4_hotspots","Simulation_20","out","C>T",3,62,16.8653434977918,19
"S4_hotspots","Simulation_20","out","C>T",4,402,144.492697453253,141
"S4_hotspots","Simulation_20","out","C>T",5,861,392.782636071684,409
"S4_hotspots","Simulation_20","out","C>T",6,1050,577.571526032292,587
"S4_hotspots","Simulation_20","out","C>T",7,1088,709.279400562337,715
"S4_hotspots","Simulation_20","out","C>T",8,1321,991.258187046695,1014
"S4_hotspots","Simulation_20","out","C>T",9,1871,1600.66225965726,1606
"S4_hotspots","Simulation_20","out","T>A",10,323,304.106060839562,302
"S4_hotspots","Simulation_20","out","T>A",3,39,10.6917976633389,13
"S4_hotspots","Simulation_20","out","T>A",4,222,79.1886771723729,87
"S4_hotspots","Simulation_20","out","T>A",5,429,195.539146362995,216
"S4_hotspots","Simulation_20","out","T>A",6,482,264.828165018737,280
"S4_hotspots","Simulation_20","out","T>A",7,397,257.764748194181,262
"S4_hotspots","Simulation_20","out","T>A",8,367,275.39500971665,272
"S4_hotspots","Simulation_20","out","T>A",9,416,354.276517285942,347
"S4_hotspots","Simulation_20","out","T>C",10,590,554.643179775633,561
"S4_hotspots","Simulation_20","out","T>C",3,23,6.40045027873588,6
"S4_hotspots","Simulation_20","out","T>C",4,195,70.0702741625817,74
"S4_hotspots","Simulation_20","out","T>C",5,484,222.220288127253,203
"S4_hotspots","Simulation_20","out","T>C",6,628,345.877420467982,331
"S4_hotspots","Simulation_20","out","T>C",7,519,337.13245125346,332
"S4_hotspots","Simulation_20","out","T>C",8,625,467.651802018755,475
"S4_hotspots","Simulation_20","out","T>C",9,640,544.651744507585,554
"S4_hotspots","Simulation_20","out","T>G",10,179,169.397302239714,169
"S4_hotspots","Simulation_20","out","T>G",3,7,1.89664710639742,1
"S4_hotspots","Simulation_20","out","T>G",4,84,30.6692967842172,39
"S4_hotspots","Simulation_20","out","T>G",5,142,63.9430497302244,68
"S4_hotspots","Simulation_20","out","T>G",6,150,82.2850663718003,84
"S4_hotspots","Simulation_20","out","T>G",7,176,114.517272927588,109
"S4_hotspots","Simulation_20","out","T>G",8,167,125.997859278631,132
"S4_hotspots","Simulation_20","out","T>G",9,202,171.679426664846,171
"S5_cn_noise","Simulation_01","in","C>A",10,4738,4451.9767118691,4470
"S5_cn_noise","Simulation_01","in","C>A",3,189,52.7162310577441,61
"S5_cn_noise","Simulation_01","in","C>A",4,1895,684.013752252289,689
"S5_cn_noise","Simulation_01","in","C>A",5,4507,2053.78456256741,2065
"S5_cn_noise","Simulation_01","in","C>A",6,5614,3084.1555808818,3131
"S5_cn_noise","Simulation_01","in","C>A",7,5082,3300.13194649067,3416
"S5_cn_noise","Simulation_01","in","C>A",8,4953,3717.95189901461,3794
"S5_cn_noise","Simulation_01","in","C>A",9,6022,5127.04932910346,5155
"S5_cn_noise","Simulation_01","in","C>G",10,10749,10337.2232545265,10330
"S5_cn_noise","Simulation_01","in","C>G",2,1,0.197998223030114,0
"S5_cn_noise","Simulation_01","in","C>G",3,111,29.9611945712843,30
"S5_cn_noise","Simulation_01","in","C>G",4,604,216.423610537625,239
"S5_cn_noise","Simulation_01","in","C>G",5,1257,571.581968023497,592
"S5_cn_noise","Simulation_01","in","C>G",6,1522,836.801901550888,890
"S5_cn_noise","Simulation_01","in","C>G",7,1455,947.155588513028,968
"S5_cn_noise","Simulation_01","in","C>G",8,1662,1251.39115171176,1299
"S5_cn_noise","Simulation_01","in","C>G",9,2704,2316.37776989025,2296
"S5_cn_noise","Simulation_01","in","C>T",10,26275,25259.6791563032,25209
"S5_cn_noise","Simulation_01","in","C>T",2,3,0.572938676945917,1
"S5_cn_noise","Simulation_01","in","C>T",3,250,68.4015949368076,66
"S5_cn_noise","Simulation_01","in","C>T",4,1873,671.145684336765,686
"S5_cn_noise","Simulation_01","in","C>T",5,3477,1574.86227540218,1601
"S5_cn_noise","Simulation_01","in","C>T",6,4103,2257.32909296978,2278
"S5_cn_noise","Simulation_01","in","C>T",7,4477,2915.41995861983,2948
"S5_cn_noise","Simulation_01","in","C>T",8,5459,4109.2284494814,4150
"S5_cn_noise","Simulation_01","in","C>T",9,9050,7742.02041788407,7723
"S5_cn_noise","Simulation_01","in","T>A",10,4033,3795.38868739028,3821
"S5_cn_noise","Simulation_01","in","T>A",2,1,0.18364057045562,0
"S5_cn_noise","Simulation_01","in","T>A",3,106,29.3531965755296,32
"S5_cn_noise","Simulation_01","in","T>A",4,749,269.144980794451,284
"S5_cn_noise","Simulation_01","in","T>A",5,1445,658.59632150538,697
"S5_cn_noise","Simulation_01","in","T>A",6,1861,1025.45302167706,1021
"S5_cn_noise","Simulation_01","in","T>A",7,2094,1363.18577428891,1364
"S5_cn_noise","Simulation_01","in","T>A",8,2499,1880.61777774153,1880
"S5_cn_noise","Simulation_01","in","T>A",9,3380,2886.91102058555,2861
"S5_cn_noise","Simulation_01","in","T>C",10,2060,1940.20236943894,1945
"S5_cn_noise","Simulation_01","in","T>C",2,1,0.19280057493916,0
"S5_cn_noise","Simulation_01","in","T>C",3,115,31.8896800415926,33
"S5_cn_noise","Simulation_01","in","T>C",4,1208,436.935024918341,460
"S5_cn_noise","Simulation_01","in","T>C",5,2427,1099.36228499826,1114
"S5_cn_noise","Simulation_01","in","T>C",6,2618,1435.39443002913,1428
"S5_cn_noise","Simulation_01","in","T>C",7,2407,1564.51240784035,1595
"S5_cn_noise","Simulation_01","in","T>C",8,2369,1779.87092579466,1797
"S5_cn_noise","Simulation_01","in","T>C",9,2380,2025.04876441794,2031
"S5_cn_noise","Simulation_01","in","T>G",10,421,399.969419447865,411
"S5_cn_noise","Simulation_01","in","T>G",3,36,9.87125644367748,10
"S5_cn_noise","Simulation_01","in","T>G",4,320,115.648690768116,111
"S5_cn_noise","Simulation_01","in","T>G",5,846,384.858783551596,415
"S5_cn_noise","Simulation_01","in","T>G",6,886,485.628590244949,461
"S5_cn_noise","Simulation_01","in","T>G",7,833,539.780168980755,576
"S5_cn_noise","Simulation_01","in","T>G",8,727,543.508575559291,547
"S5_cn_noise","Simulation_01","in","T>G",9,530,449.15830156204,461
"S5_cn_noise","Simulation_01","out","C>A",10,1217,1141.46749623236,1151
"S5_cn_noise","Simulation_01","out","C>A",3,66,18.5364252887765,23
"S5_cn_noise","Simulation_01","out","C>A",4,501,181.831143609153,197
"S5_cn_noise","Simulation_01","out","C>A",5,1251,569.528979845675,559
"S5_cn_noise","Simulation_01","out","C>A",6,1559,855.384386475456,868
"S5_cn_noise","Simulation_01","out","C>A",7,1384,899.339869403088,916
"S5_cn_noise","Simulation_01","out","C>A",8,1425,1069.41870845825,1060
"S5_cn_noise","Simulation_01","out","C>A",9,1654,1407.47207953782,1434
"S5_cn_noise","Simulation_01","out","C>G",10,2843,2732.59804135038,2740
"S5_cn_noise","Simulation_01","out","C>G",3,39,10.6941310469392,8
"S5_cn_noise","Simulation_01","out","C>G",4,176,63.3266972623711,71
"S5_cn_noise","Simulation_01","out","C>G",5,371,168.715461205505,187
"S5_cn_noise","Simulation_01","out","C>G",6,404,220.946659412347,232
"S5_cn_noise","Simulation_01","out","C>G",7,442,285.785429124365,294
"S5_cn_noise","Simulation_01","out","C>G",8,470,353.563599329512,347
"S5_cn_noise","Simulation_01","out","C>G",9,746,638.323502053757,621
"S5_cn_noise","Simulation_01","out","C>T",10,7008,6738.11600405848,6728
"S5_cn_noise","Simulation_01","out","C>T",2,1,0.186114733101084,0
"S5_cn_noise","Simulation_01","out","C>T",3,72,19.8259834130011,18
"S5_cn_noise","Simulation_01","out","C>T",4,521,187.380661854583,196
"S5_cn_noise","Simulation_01","out","C>T",5,946,427.423969068751,436
"S5_cn_noise","Simulation_01","out","C>T",6,1142,628.580359239535,607
"S5_cn_noise","Simulation_01","out","C>T",7,1184,769.879327680992,789
"S5_cn_noise","Simulation_01","out","C>T",8,1577,1188.75029487282,1163
"S5_cn_noise","Simulation_01","out","C>T",9,2585,2204.67001202726,2213
"S5_cn_noise","Simulation_01","out","T>A",10,908,852.895093808987,851
"S5_cn_noise","Simulation_01","out","T>A",3,27,7.54939065797969,9
"S5_cn_noise","Simulation_01","out","T>A",4,189,67.7155744978525,86
"S5_cn_noise","Simulation_01","out","T>A",5,453,206.748390582436,220
"S5_cn_noise","Simulation_01","out","T>A",6,578,317.437442362323,340
"S5_cn_noise","Simulation_01","out","T>A",7,616,400.031412861084,402
"S5_cn_noise","Simulation_01","out","T>A",8,683,512.220795741626,523
"S5_cn_noise","Simulation_01","out","T>A",9,925,788.886599054899,783
"S5_cn_noise","Simulation_01","out","T>C",10,442,413.453489217258,405
"S5_cn_noise","Simulation_01","out","T>C",3,35,9.88705402826219,11
"S5_cn_noise","Simulation_01","out","T>C",4,345,124.603958034544,126
"S5_cn_noise","Simulation_01","out","T>C",5,686,311.182598438727,298
"S5_cn_noise","Simulation_01","out","T>C",6,766,421.664518122635,434
"S5_cn_noise","Simulation_01","out","T>C",7,671,436.697460238107,473
"S5_cn_noise","Simulation_01","out","T>C",8,667,501.064591657603,511
"S5_cn_noise","Simulation_01","out","T>C",9,646,549.485024931435,549
"S5_cn_noise","Simulation_01","out","T>G",10,77,72.9717975544554,73
"S5_cn_noise","Simulation_01","out","T>G",3,13,3.54714197003663,5
"S5_cn_noise","Simulation_01","out","T>G",4,79,28.6219415444283,33
"S5_cn_noise","Simulation_01","out","T>G",5,253,115.509355501994,116
"S5_cn_noise","Simulation_01","out","T>G",6,272,149.459285028146,164
"S5_cn_noise","Simulation_01","out","T>G",7,220,142.613098191489,150
"S5_cn_noise","Simulation_01","out","T>G",8,192,144.179734748229,154
"S5_cn_noise","Simulation_01","out","T>G",9,166,141.123218105002,135
"S5_cn_noise","Simulation_02","in","C>A",10,3830,3599.49019368355,3615
"S5_cn_noise","Simulation_02","in","C>A",3,211,58.9928448585473,56
"S5_cn_noise","Simulation_02","in","C>A",4,1973,712.481060957002,728
"S5_cn_noise","Simulation_02","in","C>A",5,4638,2109.67962040832,2121
"S5_cn_noise","Simulation_02","in","C>A",6,5236,2874.02949651775,2939
"S5_cn_noise","Simulation_02","in","C>A",7,4958,3224.01430103162,3308
"S5_cn_noise","Simulation_02","in","C>A",8,5105,3831.67566579116,3848
"S5_cn_noise","Simulation_02","in","C>A",9,5034,4278.80716870787,4303
"S5_cn_noise","Simulation_02","in","C>G",10,11865,11408.5625330523,11411
"S5_cn_noise","Simulation_02","in","C>G",3,73,19.8858860665172,18
"S5_cn_noise","Simulation_02","in","C>G",4,547,197.01599473212,177
"S5_cn_noise","Simulation_02","in","C>G",5,1131,514.889068031991,513
"S5_cn_noise","Simulation_02","in","C>G",6,1571,863.348604442931,872
"S5_cn_noise","Simulation_02","in","C>G",7,1735,1130.26084827654,1151
"S5_cn_noise","Simulation_02","in","C>G",8,2221,1672.64665169353,1672
"S5_cn_noise","Simulation_02","in","C>G",9,4028,3450.3971237145,3420
"S5_cn_noise","Simulation_02","in","C>T",10,27067,26026.8266319625,26053
"S5_cn_noise","Simulation_02","in","C>T",2,1,0.19742555420516,1
"S5_cn_noise","Simulation_02","in","C>T",3,290,80.1812728833376,81
"S5_cn_noise","Simulation_02","in","C>T",4,2140,771.869231839329,788
"S5_cn_noise","Simulation_02","in","C>T",5,4371,1982.01601113871,2045
"S5_cn_noise","Simulation_02","in","C>T",6,4953,2718.93435774782,2733
"S5_cn_noise","Simulation_02","in","C>T",7,5150,3354.04856765672,3316
"S5_cn_noise","Simulation_02","in","C>T",8,6183,4648.87987370003,4597
"S5_cn_noise","Simulation_02","in","C>T",9,8892,7589.64182324169,7546
"S5_cn_noise","Simulation_02","in","T>A",10,1311,1228.26291817148,1222
"S5_cn_noise","Simulation_02","in","T>A",3,100,27.7462213694582,26
"S5_cn_noise","Simulation_02","in","T>A",4,1046,376.146888066077,375
"S5_cn_noise","Simulation_02","in","T>A",5,1895,860.5895914694,858
"S5_cn_noise","Simulation_02","in","T>A",6,2115,1161.83965166689,1164
"S5_cn_noise","Simulation_02","in","T>A",7,2057,1337.72085917436,1332
"S5_cn_noise","Simulation_02","in","T>A",8,2001,1499.04656211642,1498
"S5_cn_noise","Simulation_02","in","T>A",9,1964,1668.2026863296,1699
"S5_cn_noise","Simulation_02","in","T>C",10,1064,988.993583616379,1005
"S5_cn_noise","Simulation_02","in","T>C",2,1,0.193979463950107,0
"S5_cn_noise","Simulation_02","in","T>C",3,77,21.1672774234563,23
"S5_cn_noise","Simulation_02","in","T>C",4,1151,416.771881508988,410
"S5_cn_noise","Simulation_02","in","T>C",5,2848,1294.71835187126,1316
"S5_cn_noise","Simulation_02","in","T>C",6,3287,1805.04899792137,1827
"S5_cn_noise","Simulation_02","in","T>C",7,3021,1960.55869032891,1954
"S5_cn_noise","Simulation_02","in","T>C",8,2664,1994.18147824867,2038
"S5_cn_noise","Simulation_02","in","T>C",9,2218,1883.15564320378,1887
"S5_cn_noise","Simulation_02","in","T>G",10,937,881.480052714998,873
"S5_cn_noise","Simulation_02","in","T>G",3,29,7.98995937315492,8
"S5_cn_noise","Simulation_02","in","T>G",4,298,107.387464870592,114
"S5_cn_noise","Simulation_02","in","T>G",5,750,341.196246989885,326
"S5_cn_noise","Simulation_02","in","T>G",6,844,462.907495391871,464
"S5_cn_noise","Simulation_02","in","T>G",7,834,541.87912128692,524
"S5_cn_noise","Simulation_02","in","T>G",8,816,612.742552497511,603
"S5_cn_noise","Simulation_02","in","T>G",9,958,815.681508450574,808
"S5_cn_noise","Simulation_02","out","C>A",10,1070,1009.73820242401,1012
"S5_cn_noise","Simulation_02","out","C>A",3,50,13.634149149767,15
"S5_cn_noise","Simulation_02","out","C>A",4,471,171.276434104444,172
"S5_cn_noise","Simulation_02","out","C>A",5,1054,480.838275432463,479
"S5_cn_noise","Simulation_02","out","C>A",6,1294,709.774090698063,717
"S5_cn_noise","Simulation_02","out","C>A",7,1189,771.734953321272,770
"S5_cn_noise","Simulation_02","out","C>A",8,1195,896.495685659462,909
"S5_cn_noise","Simulation_02","out","C>A",9,1257,1066.75245299441,1077
"S5_cn_noise","Simulation_02","out","C>G",10,3195,3083.1744625219,3089
"S5_cn_noise","Simulation_02","out","C>G",2,1,0.194932974378011,0
"S5_cn_noise","Simulation_02","out","C>G",3,24,6.74464697191846,10
"S5_cn_noise","Simulation_02","out","C>G",4,137,49.030311388591,48
"S5_cn_noise","Simulation_02","out","C>G",5,292,132.32416511607,132
"S5_cn_noise","Simulation_02","out","C>G",6,341,187.861622561617,212
"S5_cn_noise","Simulation_02","out","C>G",7,367,239.462489030923,234
"S5_cn_noise","Simulation_02","out","C>G",8,547,411.896677434598,406
"S5_cn_noise","Simulation_02","out","C>G",9,924,790.473854262826,787
"S5_cn_noise","Simulation_02","out","C>T",10,7216,6965.96313815658,6986
"S5_cn_noise","Simulation_02","out","C>T",3,72,19.6440079018542,15
"S5_cn_noise","Simulation_02","out","C>T",4,523,187.332309523423,173
"S5_cn_noise","Simulation_02","out","C>T",5,1096,495.566014003912,503
"S5_cn_noise","Simulation_02","out","C>T",6,1204,661.492160947208,656
"S5_cn_noise","Simulation_02","out","C>T",7,1244,808.069354167599,811
"S5_cn_noise","Simulation_02","out","C>T",8,1400,1051.073146231,1041
"S5_cn_noise","Simulation_02","out","C>T",9,2039,1740.44064196275,1759
"S5_cn_noise","Simulation_02","out","T>A",10,233,218.172406032247,222
"S5_cn_noise","Simulation_02","out","T>A",3,32,8.81751061075146,9
"S5_cn_noise","Simulation_02","out","T>A",4,242,86.5944669717433,88
"S5_cn_noise","Simulation_02","out","T>A",5,429,193.892627775402,196
"S5_cn_noise","Simulation_02","out","T>A",6,487,267.588250242723,248
"S5_cn_noise","Simulation_02","out","T>A",7,486,315.33355232361,311
"S5_cn_noise","Simulation_02","out","T>A",8,472,354.064311950335,366
"S5_cn_noise","Simulation_02","out","T>A",9,491,416.757542848548,428
"S5_cn_noise","Simulation_02","out","T>C",10,274,255.738419532469,262
"S5_cn_noise","Simulation_02","out","T>C",3,30,8.22833499563026,8
"S5_cn_noise","Simulation_02","out","T>C",4,237,86.3269100708886,89
"S5_cn_noise","Simulation_02","out","T>C",5,607,275.176623554932,250
"S5_cn_noise","Simulation_02","out","T>C",6,780,428.440838712323,416
"S5_cn_noise","Simulation_02","out","T>C",7,693,450.3777105912,433
"S5_cn_noise","Simulation_02","out","T>C",8,622,465.569302520319,456
"S5_cn_noise","Simulation_02","out","T>C",9,520,441.687045195289,446
"S5_cn_noise","Simulation_02","out","T>G",10,185,173.87985543604,177
"S5_cn_noise","Simulation_02","out","T>G",3,8,2.24586130528068,2
"S5_cn_noise","Simulation_02","out","T>G",4,76,27.7742387551072,24
"S5_cn_noise","Simulation_02","out","T>G",5,176,79.8897497092414,87
"S5_cn_noise","Simulation_02","out","T>G",6,204,111.866275112238,114
"S5_cn_noise","Simulation_02","out","T>G",7,212,137.694587374307,133
"S5_cn_noise","Simulation_02","out","T>G",8,192,144.390500623927,142
"S5_cn_noise","Simulation_02","out","T>G",9,215,183.062640152611,183
"S5_cn_noise","Simulation_03","in","C>A",10,12368,11806.9272803123,11834
"S5_cn_noise","Simulation_03","in","C>A",3,162,45.5343407725442,42
"S5_cn_noise","Simulation_03","in","C>A",4,1954,705.744006966776,737
"S5_cn_noise","Simulation_03","in","C>A",5,4411,2000.68387306626,2040
"S5_cn_noise","Simulation_03","in","C>A",6,5120,2816.50647851055,2811
"S5_cn_noise","Simulation_03","in","C>A",7,5186,3375.59888406477,3366
"S5_cn_noise","Simulation_03","in","C>A",8,6190,4644.35651161869,4687
"S5_cn_noise","Simulation_03","in","C>A",9,7798,6650.1832980942,6678
"S5_cn_noise","Simulation_03","in","C>G",10,16535,16084.4711083201,16035
"S5_cn_noise","Simulation_03","in","C>G",3,106,29.2568708069955,29
"S5_cn_noise","Simulation_03","in","C>G",4,960,343.283414938875,348
"S5_cn_noise","Simulation_03","in","C>G",5,1660,751.146272385665,749
"S5_cn_noise","Simulation_03","in","C>G",6,1504,827.019712272662,835
"S5_cn_noise","Simulation_03","in","C>G",7,1468,954.385644208366,970
"S5_cn_noise","Simulation_03","in","C>G",8,1576,1184.24480092094,1233
"S5_cn_noise","Simulation_03","in","C>G",9,2670,2287.3699748457,2256
"S5_cn_noise","Simulation_03","in","C>T",10,20469,19622.4222614327,19651
"S5_cn_noise","Simulation_03","in","C>T",2,3,0.592550953069632,1
"S5_cn_noise","Simulation_03","in","C>T",3,544,148.758757979788,147
"S5_cn_noise","Simulation_03","in","C>T",4,2789,999.455853063807,1044
"S5_cn_noise","Simulation_03","in","C>T",5,4679,2116.82751469744,2158
"S5_cn_noise","Simulation_03","in","C>T",6,4857,2666.65630580251,2676
"S5_cn_noise","Simulation_03","in","C>T",7,4756,3091.2197692264,3119
"S5_cn_noise","Simulation_03","in","C>T",8,5413,4071.53917691779,4108
"S5_cn_noise","Simulation_03","in","C>T",9,8480,7248.15381224915,7274
"S5_cn_noise","Simulation_03","in","T>A",10,1468,1377.70276296107,1366
"S5_cn_noise","Simulation_03","in","T>A",3,162,44.5768171797291,65
"S5_cn_noise","Simulation_03","in","T>A",4,1081,388.719136866479,404
"S5_cn_noise","Simulation_03","in","T>A",5,1982,896.069772642002,978
"S5_cn_noise","Simulation_03","in","T>A",6,2155,1183.23773596595,1224
"S5_cn_noise","Simulation_03","in","T>A",7,2101,1365.67138061679,1422
"S5_cn_noise","Simulation_03","in","T>A",8,2155,1618.12798303947,1573
"S5_cn_noise","Simulation_03","in","T>A",9,2200,1869.32498555702,1897
"S5_cn_noise","Simulation_03","in","T>C",10,486,450.506688491524,445
"S5_cn_noise","Simulation_03","in","T>C",3,258,71.9708485236178,79
"S5_cn_noise","Simulation_03","in","T>C",4,1868,670.741367458793,710
"S5_cn_noise","Simulation_03","in","T>C",5,3000,1355.97829860139,1385
"S5_cn_noise","Simulation_03","in","T>C",6,2727,1496.68673788826,1539
"S5_cn_noise","Simulation_03","in","T>C",7,2314,1502.88764504078,1565
"S5_cn_noise","Simulation_03","in","T>C",8,2032,1519.01265743294,1538
"S5_cn_noise","Simulation_03","in","T>C",9,1573,1331.53685737398,1329
"S5_cn_noise","Simulation_03","in","T>G",10,264,246.836807073744,247
"S5_cn_noise","Simulation_03","in","T>G",3,45,12.6262033497894,14
"S5_cn_noise","Simulation_03","in","T>G",4,543,197.554771800956,212
"S5_cn_noise","Simulation_03","in","T>G",5,1054,476.153148528819,509
"S5_cn_noise","Simulation_03","in","T>G",6,973,533.765848410681,574
"S5_cn_noise","Simulation_03","in","T>G",7,832,539.834974936247,535
"S5_cn_noise","Simulation_03","in","T>G",8,685,512.395866975249,539
"S5_cn_noise","Simulation_03","in","T>G",9,455,384.680159901313,383
"S5_cn_noise","Simulation_03","out","C>A",10,5616,5393.79646110493,5406
"S5_cn_noise","Simulation_03","out","C>A",3,30,8.45012739190508,5
"S5_cn_noise","Simulation_03","out","C>A",4,415,150.274096046233,158
"S5_cn_noise","Simulation_03","out","C>A",5,1019,463.392102272134,491
"S5_cn_noise","Simulation_03","out","C>A",6,1276,702.614503588857,695
"S5_cn_noise","Simulation_03","out","C>A",7,1304,848.919829380429,873
"S5_cn_noise","Simulation_03","out","C>A",8,1563,1176.35426063306,1130
"S5_cn_noise","Simulation_03","out","C>A",9,2259,1928.477923005,1932
"S5_cn_noise","Simulation_03","out","C>G",10,4285,4167.32477118599,4170
"S5_cn_noise","Simulation_03","out","C>G",3,26,7.15770332448446,6
"S5_cn_noise","Simulation_03","out","C>G",4,249,88.6783540954267,92
"S5_cn_noise","Simulation_03","out","C>G",5,422,190.188777728976,206
"S5_cn_noise","Simulation_03","out","C>G",6,391,214.675730936702,192
"S5_cn_noise","Simulation_03","out","C>G",7,409,266.490045156408,278
"S5_cn_noise","Simulation_03","out","C>G",8,392,295.268284340477,292
"S5_cn_noise","Simulation_03","out","C>G",9,676,578.121718855327,573
"S5_cn_noise","Simulation_03","out","C>T",10,4616,4427.52827328924,4428
"S5_cn_noise","Simulation_03","out","C>T",3,154,42.2892599158074,38
"S5_cn_noise","Simulation_03","out","C>T",4,723,259.226735796699,255
"S5_cn_noise","Simulation_03","out","C>T",5,1268,577.14380656725,611
"S5_cn_noise","Simulation_03","out","C>T",6,1353,741.474740155641,770
"S5_cn_noise","Simulation_03","out","C>T",7,1313,853.981332988807,880
"S5_cn_noise","Simulation_03","out","C>T",8,1502,1128.37323534162,1122
"S5_cn_noise","Simulation_03","out","C>T",9,2067,1764.0568992015,1783
"S5_cn_noise","Simulation_03","out","T>A",10,377,352.66706338485,351
"S5_cn_noise","Simulation_03","out","T>A",3,32,8.61807636869264,9
"S5_cn_noise","Simulation_03","out","T>A",4,265,95.5462731007946,88
"S5_cn_noise","Simulation_03","out","T>A",5,506,228.767212995377,247
"S5_cn_noise","Simulation_03","out","T>A",6,529,291.110211133424,312
"S5_cn_noise","Simulation_03","out","T>A",7,546,355.138405632806,357
"S5_cn_noise","Simulation_03","out","T>A",8,536,403.206778498241,410
"S5_cn_noise","Simulation_03","out","T>A",9,587,499.024344040302,511
"S5_cn_noise","Simulation_03","out","T>C",10,133,123.512697026609,129
"S5_cn_noise","Simulation_03","out","T>C",3,69,18.9973767934803,25
"S5_cn_noise","Simulation_03","out","T>C",4,489,174.590927636621,183
"S5_cn_noise","Simulation_03","out","T>C",5,720,324.687687272653,328
"S5_cn_noise","Simulation_03","out","T>C",6,681,373.987212814095,396
"S5_cn_noise","Simulation_03","out","T>C",7,595,384.837907473637,394
"S5_cn_noise","Simulation_03","out","T>C",8,493,367.967269010912,377
"S5_cn_noise","Simulation_03","out","T>C",9,355,301.003054229544,307
"S5_cn_noise","Simulation_03","out","T>G",10,110,103.676136907568,103
"S5_cn_noise","Simulation_03","out","T>G",3,12,3.41115446047699,6
"S5_cn_noise","Simulation_03","out","T>G",4,133,48.2438257145958,48
"S5_cn_noise","Simulation_03","out","T>G",5,254,114.584339884844,115
"S5_cn_noise","Simulation_03","out","T>G",6,250,137.238371971814,136
"S5_cn_noise","Simulation_03","out","T>G",7,201,130.11670064635,143
"S5_cn_noise","Simulation_03","out","T>G",8,165,123.583482251461,123
"S5_cn_noise","Simulation_03","out","T>G",9,130,110.290341533252,111
"S5_cn_noise","Simulation_04","in","C>A",10,5111,4845.28933520675,4861
"S5_cn_noise","Simulation_04","in","C>A",3,145,40.8544279034043,45
"S5_cn_noise","Simulation_04","in","C>A",4,1687,609.76514096559,597
"S5_cn_noise","Simulation_04","in","C>A",5,3505,1592.14371871214,1628
"S5_cn_noise","Simulation_04","in","C>A",6,4184,2301.77661642206,2308
"S5_cn_noise","Simulation_04","in","C>A",7,4297,2795.62903441535,2740
"S5_cn_noise","Simulation_04","in","C>A",8,4534,3405.51122356548,3416
"S5_cn_noise","Simulation_04","in","C>A",9,4471,3797.62664324337,3782
"S5_cn_noise","Simulation_04","in","C>G",10,11242,10855.5934657929,10842
"S5_cn_noise","Simulation_04","in","C>G",2,1,0.194231664995642,0
"S5_cn_noise","Simulation_04","in","C>G",3,75,20.3519332638343,24
"S5_cn_noise","Simulation_04","in","C>G",4,521,188.240104229006,185
"S5_cn_noise","Simulation_04","in","C>G",5,1018,460.870869953035,455
"S5_cn_noise","Simulation_04","in","C>G",6,1123,617.302529665665,639
"S5_cn_noise","Simulation_04","in","C>G",7,1275,829.218794622578,829
"S5_cn_noise","Simulation_04","in","C>G",8,1261,947.448098124442,966
"S5_cn_noise","Simulation_04","in","C>G",9,2000,1716.01179170348,1689
"S5_cn_noise","Simulation_04","in","C>T",10,16976,16252.946343944,16285
"S5_cn_noise","Simulation_04","in","C>T",2,1,0.195451273285927,1
"S5_cn_noise","Simulation_04","in","C>T",3,315,85.6842830265372,85
"S5_cn_noise","Simulation_04","in","C>T",4,1660,592.648526703615,604
"S5_cn_noise","Simulation_04","in","C>T",5,3058,1386.08199981812,1384
"S5_cn_noise","Simulation_04","in","C>T",6,3279,1801.74824088381,1790
"S5_cn_noise","Simulation_04","in","C>T",7,3557,2313.41178811391,2281
"S5_cn_noise","Simulation_04","in","C>T",8,4391,3304.88239719361,3316
"S5_cn_noise","Simulation_04","in","C>T",9,6603,5647.73406983082,5708
"S5_cn_noise","Simulation_04","in","T>A",10,2279,2144.96980502966,2152
"S5_cn_noise","Simulation_04","in","T>A",3,76,20.915259491682,26
"S5_cn_noise","Simulation_04","in","T>A",4,631,227.032617407123,233
"S5_cn_noise","Simulation_04","in","T>A",5,1326,601.066422120164,597
"S5_cn_noise","Simulation_04","in","T>A",6,1408,774.477365826181,760
"S5_cn_noise","Simulation_04","in","T>A",7,1441,937.515351073123,945
"S5_cn_noise","Simulation_04","in","T>A",8,1736,1306.98732214342,1302
"S5_cn_noise","Simulation_04","in","T>A",9,2289,1951.37002430025,1953
"S5_cn_noise","Simulation_04","in","T>C",10,327,302.478536825372,308
"S5_cn_noise","Simulation_04","in","T>C",3,108,29.8539247103293,31
"S5_cn_noise","Simulation_04","in","T>C",4,1003,360.84954119756,378
"S5_cn_noise","Simulation_04","in","T>C",5,2038,923.552171021448,964
"S5_cn_noise","Simulation_04","in","T>C",6,2140,1175.60748689442,1171
"S5_cn_noise","Simulation_04","in","T>C",7,1958,1270.66622360426,1284
"S5_cn_noise","Simulation_04","in","T>C",8,1694,1267.4653644266,1297
"S5_cn_noise","Simulation_04","in","T>C",9,1314,1110.54329182753,1117
"S5_cn_noise","Simulation_04","in","T>G",10,114,105.391824186397,106
"S5_cn_noise","Simulation_04","in","T>G",3,37,10.2529387228696,14
"S5_cn_noise","Simulation_04","in","T>G",4,261,94.0679319279447,103
"S5_cn_noise","Simulation_04","in","T>G",5,659,299.647512112044,307
"S5_cn_noise","Simulation_04","in","T>G",6,726,398.772814336546,422
"S5_cn_noise","Simulation_04","in","T>G",7,696,451.858466459841,470
"S5_cn_noise","Simulation_04","in","T>G",8,596,446.277084750051,451
"S5_cn_noise","Simulation_04","in","T>G",9,493,415.492668620604,395
"S5_cn_noise","Simulation_04","out","C>A",10,1215,1151.14517426604,1153
"S5_cn_noise","Simulation_04","out","C>A",3,34,9.63039755659796,12
"S5_cn_noise","Simulation_04","out","C>A",4,390,141.430815084534,158
"S5_cn_noise","Simulation_04","out","C>A",5,945,429.684380786694,456
"S5_cn_noise","Simulation_04","out","C>A",6,1031,568.381736326251,585
"S5_cn_noise","Simulation_04","out","C>A",7,1094,713.116298306885,721
"S5_cn_noise","Simulation_04","out","C>A",8,1246,935.31045017105,953
"S5_cn_noise","Simulation_04","out","C>A",9,1225,1040.76316742348,1049
"S5_cn_noise","Simulation_04","out","C>G",10,2765,2669.93046108947,2681
"S5_cn_noise","Simulation_04","out","C>G",2,1,0.199297691445374,0
"S5_cn_noise","Simulation_04","out","C>G",3,26,7.00259592780269,10
"S5_cn_noise","Simulation_04","out","C>G",4,143,51.8786348676623,54
"S5_cn_noise","Simulation_04","out","C>G",5,248,112.932616336043,125
"S5_cn_noise","Simulation_04","out","C>G",6,307,168.596514627732,175
"S5_cn_noise","Simulation_04","out","C>G",7,299,195.375584382133,199
"S5_cn_noise","Simulation_04","out","C>G",8,330,247.394601231709,257
"S5_cn_noise","Simulation_04","out","C>G",9,520,446.063536195926,447
"S5_cn_noise","Simulation_04","out","C>T",10,3725,3562.16355120311,3567
"S5_cn_noise","Simulation_04","out","C>T",2,1,0.197347466075196,0
"S5_cn_noise","Simulation_04","out","C>T",3,79,21.938828458876,28
"S5_cn_noise","Simulation_04","out","C>T",4,465,165.54574763395,186
"S5_cn_noise","Simulation_04","out","C>T",5,776,351.786768976689,334
"S5_cn_noise","Simulation_04","out","C>T",6,913,500.550801357445,518
"S5_cn_noise","Simulation_04","out","C>T",7,862,561.31348154981,551
"S5_cn_noise","Simulation_04","out","C>T",8,1124,844.745552518347,880
"S5_cn_noise","Simulation_04","out","C>T",9,1578,1347.39770651554,1336
"S5_cn_noise","Simulation_04","out","T>A",10,556,522.841024274744,530
"S5_cn_noise","Simulation_04","out","T>A",3,11,3.15703740512042,1
"S5_cn_noise","Simulation_04","out","T>A",4,161,58.9516420483244,56
"S5_cn_noise","Simulation_04","out","T>A",5,313,142.235397559057,145
"S5_cn_noise","Simulation_04","out","T>A",6,354,194.415529307998,192
"S5_cn_noise","Simulation_04","out","T>A",7,393,255.934326196125,255
"S5_cn_noise","Simulation_04","out","T>A",8,476,357.059079522257,348
"S5_cn_noise","Simulation_04","out","T>A",9,586,499.447989515038,509
"S5_cn_noise","Simulation_04","out","T>C",10,65,59.9418342596067,63
"S5_cn_noise","Simulation_04","out","T>C",3,29,8.04775911713403,8
"S5_cn_noise","Simulation_04","out","T>C",4,270,97.4779060679606,100
"S5_cn_noise","Simulation_04","out","T>C",5,574,260.528716596909,259
"S5_cn_noise","Simulation_04","out","T>C",6,568,311.539133490421,322
"S5_cn_noise","Simulation_04","out","T>C",7,492,320.168956185841,339
"S5_cn_noise","Simulation_04","out","T>C",8,389,291.125279002933,306
"S5_cn_noise","Simulation_04","out","T>C",9,266,225.229671437724,225
"S5_cn_noise","Simulation_04","out","T>G",10,17,15.6658692738503,15
"S5_cn_noise","Simulation_04","out","T>G",3,2,0.560021816237358,1
"S5_cn_noise","Simulation_04","out","T>G",4,67,24.5319647055066,28
"S5_cn_noise","Simulation_04","out","T>G",5,145,65.4681297141116,70
"S5_cn_noise","Simulation_04","out","T>G",6,183,99.9220820419273,106
"S5_cn_noise","Simulation_04","out","T>G",7,174,113.565690172705,117
"S5_cn_noise","Simulation_04","out","T>G",8,158,118.222225963324,122
"S5_cn_noise","Simulation_04","out","T>G",9,105,89.2471763171273,85
"S5_cn_noise","Simulation_05","in","C>A",10,10638,10093.896560286,10079
"S5_cn_noise","Simulation_05","in","C>A",3,172,48.2030037719214,54
"S5_cn_noise","Simulation_05","in","C>A",4,2040,739.286020215844,736
"S5_cn_noise","Simulation_05","in","C>A",5,4825,2195.42250198215,2240
"S5_cn_noise","Simulation_05","in","C>A",6,6148,3378.03049618949,3423
"S5_cn_noise","Simulation_05","in","C>A",7,5964,3878.23810169495,3844
"S5_cn_noise","Simulation_05","in","C>A",8,6671,5011.80242898044,4975
"S5_cn_noise","Simulation_05","in","C>A",9,8396,7154.03335100369,7177
"S5_cn_noise","Simulation_05","in","C>G",10,36761,36015.8394543579,36026
"S5_cn_noise","Simulation_05","in","C>G",2,2,0.386064523310179,0
"S5_cn_noise","Simulation_05","in","C>G",3,112,31.1806918235544,28
"S5_cn_noise","Simulation_05","in","C>G",4,788,284.131990181871,265
"S5_cn_noise","Simulation_05","in","C>G",5,1688,767.185002830226,760
"S5_cn_noise","Simulation_05","in","C>G",6,1867,1023.03695637516,1070
"S5_cn_noise","Simulation_05","in","C>G",7,1680,1091.19234102361,1111
"S5_cn_noise","Simulation_05","in","C>G",8,1856,1396.8271510937,1433
"S5_cn_noise","Simulation_05","in","C>G",9,2892,2484.72354143089,2473
"S5_cn_noise","Simulation_05","in","C>T",10,26582,25475.9879965363,25464
"S5_cn_noise","Simulation_05","in","C>T",2,2,0.387422007250379,0
"S5_cn_noise","Simulation_05","in","C>T",3,424,116.335528195087,121
"S5_cn_noise","Simulation_05","in","C>T",4,2613,935.834470916475,963
"S5_cn_noise","Simulation_05","in","C>T",5,4578,2074.0672171888,2134
"S5_cn_noise","Simulation_05","in","C>T",6,4773,2620.96936960627,2592
"S5_cn_noise","Simulation_05","in","C>T",7,4669,3037.00649183565,3139
"S5_cn_noise","Simulation_05","in","C>T",8,5642,4245.73165532461,4234
"S5_cn_noise","Simulation_05","in","C>T",9,9104,7793.11956239174,7824
"S5_cn_noise","Simulation_05","in","T>A",10,5633,5348.18685624151,5332
"S5_cn_noise","Simulation_05","in","T>A",3,108,29.7679538711564,26
"S5_cn_noise","Simulation_05","in","T>A",4,820,295.556393074475,290
"S5_cn_noise","Simulation_05","in","T>A",5,1705,774.409308515955,806
"S5_cn_noise","Simulation_05","in","T>A",6,2088,1149.54875348222,1129
"S5_cn_noise","Simulation_05","in","T>A",7,2139,1394.6684132003,1367
"S5_cn_noise","Simulation_05","in","T>A",8,2550,1917.62580681536,1916
"S5_cn_noise","Simulation_05","in","T>A",9,3994,3412.53752316058,3387
"S5_cn_noise","Simulation_05","in","T>C",10,695,647.305583413445,664
"S5_cn_noise","Simulation_05","in","T>C",2,1,0.188236272134448,0
"S5_cn_noise","Simulation_05","in","T>C",3,190,53.1123014085835,50
"S5_cn_noise","Simulation_05","in","T>C",4,1440,517.521069732376,535
"S5_cn_noise","Simulation_05","in","T>C",5,2700,1223.66863599992,1283
"S5_cn_noise","Simulation_05","in","T>C",6,3170,1740.98858119304,1787
"S5_cn_noise","Simulation_05","in","T>C",7,3147,2042.60384118114,2085
"S5_cn_noise","Simulation_05","in","T>C",8,2597,1939.77529254921,1967
"S5_cn_noise","Simulation_05","in","T>C",9,1839,1555.41325232028,1623
"S5_cn_noise","Simulation_05","in","T>G",10,395,369.584710957266,370
"S5_cn_noise","Simulation_05","in","T>G",3,38,10.3421471385628,6
"S5_cn_noise","Simulation_05","in","T>G",4,421,152.385281687596,171
"S5_cn_noise","Simulation_05","in","T>G",5,892,406.943558538375,431
"S5_cn_noise","Simulation_05","in","T>G",6,1025,563.097190670995,562
"S5_cn_noise","Simulation_05","in","T>G",7,882,572.975329502662,569
"S5_cn_noise","Simulation_05","in","T>G",8,854,640.353995863719,644
"S5_cn_noise","Simulation_05","in","T>G",9,771,653.72153631694,667
"S5_cn_noise","Simulation_05","out","C>A",10,2820,2683.18562815245,2661
"S5_cn_noise","Simulation_05","out","C>A",3,48,13.5338569802025,16
"S5_cn_noise","Simulation_05","out","C>A",4,469,169.399356844556,188
"S5_cn_noise","Simulation_05","out","C>A",5,1130,514.017197629998,495
"S5_cn_noise","Simulation_05","out","C>A",6,1444,792.411832833325,773
"S5_cn_noise","Simulation_05","out","C>A",7,1352,878.917663664606,876
"S5_cn_noise","Simulation_05","out","C>A",8,1574,1180.91034603379,1220
"S5_cn_noise","Simulation_05","out","C>A",9,1869,1592.60069743668,1597
"S5_cn_noise","Simulation_05","out","C>G",10,10016,9818.27857084771,9848
"S5_cn_noise","Simulation_05","out","C>G",3,34,9.13893883816179,12
"S5_cn_noise","Simulation_05","out","C>G",4,193,69.3748203489916,77
"S5_cn_noise","Simulation_05","out","C>G",5,419,189.722269264555,181
"S5_cn_noise","Simulation_05","out","C>G",6,421,230.901512022375,241
"S5_cn_noise","Simulation_05","out","C>G",7,419,272.155510599629,290
"S5_cn_noise","Simulation_05","out","C>G",8,433,325.727915560881,329
"S5_cn_noise","Simulation_05","out","C>G",9,810,693.489066438203,699
"S5_cn_noise","Simulation_05","out","C>T",10,7227,6926.86955885078,6906
"S5_cn_noise","Simulation_05","out","C>T",3,133,36.2810439334642,42
"S5_cn_noise","Simulation_05","out","C>T",4,650,232.69392657351,218
"S5_cn_noise","Simulation_05","out","C>T",5,1085,491.042986257108,511
"S5_cn_noise","Simulation_05","out","C>T",6,1113,610.109678960901,620
"S5_cn_noise","Simulation_05","out","C>T",7,1111,721.608259702489,698
"S5_cn_noise","Simulation_05","out","C>T",8,1271,953.14352255529,936
"S5_cn_noise","Simulation_05","out","C>T",9,2113,1807.42461822638,1799
"S5_cn_noise","Simulation_05","out","T>A",10,663,628.596748534906,639
"S5_cn_noise","Simulation_05","out","T>A",3,30,8.36967001025636,7
"S5_cn_noise","Simulation_05","out","T>A",4,215,78.1377612049319,87
"S5_cn_noise","Simulation_05","out","T>A",5,477,217.06362124206,210
"S5_cn_noise","Simulation_05","out","T>A",6,525,289.505855111051,308
"S5_cn_noise","Simulation_05","out","T>A",7,529,343.438822846009,352
"S5_cn_noise","Simulation_05","out","T>A",8,575,430.947894681231,442
"S5_cn_noise","Simulation_05","out","T>A",9,701,596.664809193248,592
"S5_cn_noise","Simulation_05","out","T>C",10,112,104.221277455693,103
"S5_cn_noise","Simulation_05","out","T>C",3,45,12.5270593205242,19
"S5_cn_noise","Simulation_05","out","T>C",4,328,117.727446328506,129
"S5_cn_noise","Simulation_05","out","T>C",5,630,285.546250992751,288
"S5_cn_noise","Simulation_05","out","T>C",6,740,406.212324567051,408
"S5_cn_noise","Simulation_05","out","T>C",7,670,435.13923080804,441
"S5_cn_noise","Simulation_05","out","T>C",8,589,441.843647724257,426
"S5_cn_noise","Simulation_05","out","T>C",9,365,309.521783562638,313
"S5_cn_noise","Simulation_05","out","T>G",10,106,98.4945143608507,103
"S5_cn_noise","Simulation_05","out","T>G",3,7,1.87341954760303,0
"S5_cn_noise","Simulation_05","out","T>G",4,111,40.5316475955249,48
"S5_cn_noise","Simulation_05","out","T>G",5,222,101.344747583989,109
"S5_cn_noise","Simulation_05","out","T>G",6,231,126.677514873515,138
"S5_cn_noise","Simulation_05","out","T>G",7,220,142.407474936575,141
"S5_cn_noise","Simulation_05","out","T>G",8,195,146.359947506845,146
"S5_cn_noise","Simulation_05","out","T>G",9,180,152.711559850796,156
"S5_cn_noise","Simulation_06","in","C>A",10,4065,3814.99829860416,3821
"S5_cn_noise","Simulation_06","in","C>A",3,218,59.6080570843462,65
"S5_cn_noise","Simulation_06","in","C>A",4,1613,582.189545170931,585
"S5_cn_noise","Simulation_06","in","C>A",5,3821,1740.09329945924,1782
"S5_cn_noise","Simulation_06","in","C>A",6,4744,2610.3162600443,2669
"S5_cn_noise","Simulation_06","in","C>A",7,4512,2929.67282401185,2895
"S5_cn_noise","Simulation_06","in","C>A",8,4562,3423.07893233245,3458
"S5_cn_noise","Simulation_06","in","C>A",9,5000,4257.02396147789,4299
"S5_cn_noise","Simulation_06","in","C>G",10,17665,17155.8179722818,17147
"S5_cn_noise","Simulation_06","in","C>G",2,2,0.386195318154872,0
"S5_cn_noise","Simulation_06","in","C>G",3,135,36.8638371663481,43
"S5_cn_noise","Simulation_06","in","C>G",4,782,279.068513127459,288
"S5_cn_noise","Simulation_06","in","C>G",5,1163,526.132860880905,552
"S5_cn_noise","Simulation_06","in","C>G",6,1145,627.962591553125,645
"S5_cn_noise","Simulation_06","in","C>G",7,1209,786.767247694188,810
"S5_cn_noise","Simulation_06","in","C>G",8,1595,1202.0587371323,1205
"S5_cn_noise","Simulation_06","in","C>G",9,2358,2016.02272985602,2053
"S5_cn_noise","Simulation_06","in","C>T",10,44584,43238.3239696232,43250
"S5_cn_noise","Simulation_06","in","C>T",2,2,0.391703097087144,1
"S5_cn_noise","Simulation_06","in","C>T",3,382,105.906189746981,112
"S5_cn_noise","Simulation_06","in","C>T",4,1912,681.526134383136,699
"S5_cn_noise","Simulation_06","in","C>T",5,3637,1649.09796310815,1639
"S5_cn_noise","Simulation_06","in","C>T",6,3884,2133.34818061485,2146
"S5_cn_noise","Simulation_06","in","C>T",7,3862,2512.42244219701,2522
"S5_cn_noise","Simulation_06","in","C>T",8,4434,3337.37518833662,3384
"S5_cn_noise","Simulation_06","in","C>T",9,7636,6548.95464491978,6575
"S5_cn_noise","Simulation_06","in","T>A",10,3596,3414.5391473213,3391
"S5_cn_noise","Simulation_06","in","T>A",2,1,0.199073870461144,0
"S5_cn_noise","Simulation_06","in","T>A",3,100,27.009030247551,30
"S5_cn_noise","Simulation_06","in","T>A",4,712,255.914923930776,238
"S5_cn_noise","Simulation_06","in","T>A",5,1392,632.75702945474,651
"S5_cn_noise","Simulation_06","in","T>A",6,1771,972.489470237416,1015
"S5_cn_noise","Simulation_06","in","T>A",7,1814,1180.45674244404,1209
"S5_cn_noise","Simulation_06","in","T>A",8,2031,1524.85910635386,1500
"S5_cn_noise","Simulation_06","in","T>A",9,2534,2157.77261907296,2158
"S5_cn_noise","Simulation_06","in","T>C",10,1072,997.233316303013,1002
"S5_cn_noise","Simulation_06","in","T>C",3,167,45.9392016578694,37
"S5_cn_noise","Simulation_06","in","T>C",4,1099,394.766430318227,392
"S5_cn_noise","Simulation_06","in","T>C",5,2386,1083.82085054672,1087
"S5_cn_noise","Simulation_06","in","T>C",6,2668,1464.83855958936,1460
"S5_cn_noise","Simulation_06","in","T>C",7,2402,1559.21863882003,1575
"S5_cn_noise","Simulation_06","in","T>C",8,2054,1538.41203703573,1559
"S5_cn_noise","Simulation_06","in","T>C",9,1636,1390.75716810803,1383
"S5_cn_noise","Simulation_06","in","T>G",10,144,133.518270039458,136
"S5_cn_noise","Simulation_06","in","T>G",3,63,17.1956479037125,14
"S5_cn_noise","Simulation_06","in","T>G",4,325,117.49251197272,112
"S5_cn_noise","Simulation_06","in","T>G",5,752,340.978494762027,332
"S5_cn_noise","Simulation_06","in","T>G",6,729,398.908761189916,419
"S5_cn_noise","Simulation_06","in","T>G",7,736,477.122300645588,495
"S5_cn_noise","Simulation_06","in","T>G",8,698,522.152620045629,526
"S5_cn_noise","Simulation_06","in","T>G",9,469,395.822980698387,407
"S5_cn_noise","Simulation_06","out","C>A",10,849,796.760278209972,797
"S5_cn_noise","Simulation_06","out","C>A",3,32,9.08032711948511,11
"S5_cn_noise","Simulation_06","out","C>A",4,368,131.92723177143,140
"S5_cn_noise","Simulation_06","out","C>A",5,812,369.486208179575,373
"S5_cn_noise","Simulation_06","out","C>A",6,1039,570.748132220763,570
"S5_cn_noise","Simulation_06","out","C>A",7,950,616.669037528673,628
"S5_cn_noise","Simulation_06","out","C>A",8,1013,760.865298695622,787
"S5_cn_noise","Simulation_06","out","C>A",9,1082,919.846726275348,941
"S5_cn_noise","Simulation_06","out","C>G",10,3363,3253.80668701535,3248
"S5_cn_noise","Simulation_06","out","C>G",3,35,9.65703647833251,15
"S5_cn_noise","Simulation_06","out","C>G",4,178,63.4168633280437,61
"S5_cn_noise","Simulation_06","out","C>G",5,261,117.956053097321,112
"S5_cn_noise","Simulation_06","out","C>G",6,236,130.212090571565,126
"S5_cn_noise","Simulation_06","out","C>G",7,300,196.475093943701,204
"S5_cn_noise","Simulation_06","out","C>G",8,377,284.391352228386,286
"S5_cn_noise","Simulation_06","out","C>G",9,486,414.947496218009,417
"S5_cn_noise","Simulation_06","out","C>T",10,8287,8004.65355064343,7989
"S5_cn_noise","Simulation_06","out","C>T",2,1,0.19596203866481,0
"S5_cn_noise","Simulation_06","out","C>T",3,107,29.2212176028455,35
"S5_cn_noise","Simulation_06","out","C>T",4,422,150.325438942728,155
"S5_cn_noise","Simulation_06","out","C>T",5,759,345.595508729074,376
"S5_cn_noise","Simulation_06","out","C>T",6,843,462.212849576286,467
"S5_cn_noise","Simulation_06","out","C>T",7,914,595.07195725969,594
"S5_cn_noise","Simulation_06","out","C>T",8,931,699.623182411272,679
"S5_cn_noise","Simulation_06","out","C>T",9,1835,1573.13697511857,1596
"S5_cn_noise","Simulation_06","out","T>A",10,763,724.869950985369,730
"S5_cn_noise","Simulation_06","out","T>A",3,16,4.08099492939288,6
"S5_cn_noise","Simulation_06","out","T>A",4,128,46.1999754587719,44
"S5_cn_noise","Simulation_06","out","T>A",5,269,123.117903939886,130
"S5_cn_noise","Simulation_06","out","T>A",6,349,192.172150383862,206
"S5_cn_noise","Simulation_06","out","T>A",7,409,266.528434035565,274
"S5_cn_noise","Simulation_06","out","T>A",8,499,373.952760566073,380
"S5_cn_noise","Simulation_06","out","T>A",9,525,446.224812261989,441
"S5_cn_noise","Simulation_06","out","T>C",10,204,189.635724301549,190
"S5_cn_noise","Simulation_06","out","T>C",3,36,9.93839325263758,15
"S5_cn_noise","Simulation_06","out","T>C",4,235,83.9706186468583,81
"S5_cn_noise","Simulation_06","out","T>C",5,481,217.647380581014,214
"S5_cn_noise","Simulation_06","out","T>C",6,575,316.004307557859,337
"S5_cn_noise","Simulation_06","out","T>C",7,528,343.660972695841,350
"S5_cn_noise","Simulation_06","out","T>C",8,499,373.258162570406,375
"S5_cn_noise","Simulation_06","out","T>C",9,481,408.848900102826,414
"S5_cn_noise","Simulation_06","out","T>G",10,32,29.4738629954031,31
"S5_cn_noise","Simulation_06","out","T>G",3,15,4.25514827143496,6
"S5_cn_noise","Simulation_06","out","T>G",4,95,34.0793857940666,46
"S5_cn_noise","Simulation_06","out","T>G",5,154,69.472097529842,66
"S5_cn_noise","Simulation_06","out","T>G",6,179,98.8147322717597,100
"S5_cn_noise","Simulation_06","out","T>G",7,162,106.095192296342,110
"S5_cn_noise","Simulation_06","out","T>G",8,163,121.908675101598,124
"S5_cn_noise","Simulation_06","out","T>G",9,131,110.571622077952,106
"S5_cn_noise","Simulation_07","in","C>A",10,3585,3368.18355507982,3362
"S5_cn_noise","Simulation_07","in","C>A",3,210,58.1880516005426,53
"S5_cn_noise","Simulation_07","in","C>A",4,1808,650.465261272912,659
"S5_cn_noise","Simulation_07","in","C>A",5,3941,1787.21525242203,1824
"S5_cn_noise","Simulation_07","in","C>A",6,4163,2286.56922446684,2285
"S5_cn_noise","Simulation_07","in","C>A",7,4195,2730.56713371394,2708
"S5_cn_noise","Simulation_07","in","C>A",8,4687,3515.79883143128,3534
"S5_cn_noise","Simulation_07","in","C>A",9,4690,3991.18357227118,3992
"S5_cn_noise","Simulation_07","in","C>G",10,24553,24098.9444187768,24136
"S5_cn_noise","Simulation_07","in","C>G",3,78,21.5105606192272,16
"S5_cn_noise","Simulation_07","in","C>G",4,559,201.076575356543,209
"S5_cn_noise","Simulation_07","in","C>G",5,1108,502.10006146838,489
"S5_cn_noise","Simulation_07","in","C>G",6,1290,708.504487937773,715
"S5_cn_noise","Simulation_07","in","C>G",7,1417,922.453606505171,899
"S5_cn_noise","Simulation_07","in","C>G",8,1599,1202.51425497371,1198
"S5_cn_noise","Simulation_07","in","C>G",9,2296,1959.43656646233,1991
"S5_cn_noise","Simulation_07","in","C>T",10,23892,22962.9920711453,22971
"S5_cn_noise","Simulation_07","in","C>T",3,298,82.0183824721077,74
"S5_cn_noise","Simulation_07","in","C>T",4,1967,706.459808642715,716
"S5_cn_noise","Simulation_07","in","C>T",5,3815,1732.23795754896,1742
"S5_cn_noise","Simulation_07","in","C>T",6,4467,2454.72264680135,2498
"S5_cn_noise","Simulation_07","in","C>T",7,4480,2914.31752819176,2960
"S5_cn_noise","Simulation_07","in","C>T",8,4618,3472.35155579857,3521
"S5_cn_noise","Simulation_07","in","C>T",9,7397,6329.53980902879,6314
"S5_cn_noise","Simulation_07","in","T>A",10,1404,1324.20872484397,1318
"S5_cn_noise","Simulation_07","in","T>A",3,132,36.0868662632671,37
"S5_cn_noise","Simulation_07","in","T>A",4,857,306.78711834047,329
"S5_cn_noise","Simulation_07","in","T>A",5,1528,690.857213733031,734
"S5_cn_noise","Simulation_07","in","T>A",6,1642,903.17470904088,926
"S5_cn_noise","Simulation_07","in","T>A",7,1573,1020.18094275439,1032
"S5_cn_noise","Simulation_07","in","T>A",8,1524,1143.77859015159,1172
"S5_cn_noise","Simulation_07","in","T>A",9,1603,1361.7534322301,1353
"S5_cn_noise","Simulation_07","in","T>C",10,1519,1425.20577160543,1416
"S5_cn_noise","Simulation_07","in","T>C",2,1,0.168885978771376,0
"S5_cn_noise","Simulation_07","in","T>C",3,150,41.5029869132885,57
"S5_cn_noise","Simulation_07","in","T>C",4,946,339.649039749626,348
"S5_cn_noise","Simulation_07","in","T>C",5,2200,1002.13771527399,1006
"S5_cn_noise","Simulation_07","in","T>C",6,2499,1369.61001668678,1362
"S5_cn_noise","Simulation_07","in","T>C",7,2154,1399.46699667036,1397
"S5_cn_noise","Simulation_07","in","T>C",8,1971,1477.66140822625,1463
"S5_cn_noise","Simulation_07","in","T>C",9,1984,1687.75658956858,1701
"S5_cn_noise","Simulation_07","in","T>G",10,381,356.196257255266,342
"S5_cn_noise","Simulation_07","in","T>G",3,40,11.2344512300695,14
"S5_cn_noise","Simulation_07","in","T>G",4,329,119.233438899844,128
"S5_cn_noise","Simulation_07","in","T>G",5,669,302.841530574423,322
"S5_cn_noise","Simulation_07","in","T>G",6,737,404.303715242054,399
"S5_cn_noise","Simulation_07","in","T>G",7,675,436.821993320202,458
"S5_cn_noise","Simulation_07","in","T>G",8,638,477.849784877084,486
"S5_cn_noise","Simulation_07","in","T>G",9,545,462.946342385713,466
"S5_cn_noise","Simulation_07","out","C>A",10,826,777.078022075611,771
"S5_cn_noise","Simulation_07","out","C>A",3,46,12.7492737367059,9
"S5_cn_noise","Simulation_07","out","C>A",4,378,136.836508934437,135
"S5_cn_noise","Simulation_07","out","C>A",5,835,378.342884433705,415
"S5_cn_noise","Simulation_07","out","C>A",6,886,486.813144080492,484
"S5_cn_noise","Simulation_07","out","C>A",7,927,605.609121861551,594
"S5_cn_noise","Simulation_07","out","C>A",8,971,729.188474202094,730
"S5_cn_noise","Simulation_07","out","C>A",9,1079,918.199158909077,907
"S5_cn_noise","Simulation_07","out","C>G",10,6668,6552.93648766039,6555
"S5_cn_noise","Simulation_07","out","C>G",3,18,5.10411732623834,4
"S5_cn_noise","Simulation_07","out","C>G",4,124,44.4926216079881,52
"S5_cn_noise","Simulation_07","out","C>G",5,217,98.4660595772325,100
"S5_cn_noise","Simulation_07","out","C>G",6,346,190.014552781279,193
"S5_cn_noise","Simulation_07","out","C>G",7,340,221.459884630554,227
"S5_cn_noise","Simulation_07","out","C>G",8,395,297.702593584825,288
"S5_cn_noise","Simulation_07","out","C>G",9,543,464.568245457109,479
"S5_cn_noise","Simulation_07","out","C>T",10,5876,5638.89116307684,5659
"S5_cn_noise","Simulation_07","out","C>T",2,1,0.188623822396023,0
"S5_cn_noise","Simulation_07","out","C>T",3,69,18.9158221828846,17
"S5_cn_noise","Simulation_07","out","C>T",4,435,155.597338033446,147
"S5_cn_noise","Simulation_07","out","C>T",5,918,418.639989600042,421
"S5_cn_noise","Simulation_07","out","C>T",6,1126,618.156848929843,624
"S5_cn_noise","Simulation_07","out","C>T",7,1074,699.520285400349,695
"S5_cn_noise","Simulation_07","out","C>T",8,1361,1024.69856798028,1034
"S5_cn_noise","Simulation_07","out","C>T",9,1937,1657.87203721569,1684
"S5_cn_noise","Simulation_07","out","T>A",10,172,161.541292414046,155
"S5_cn_noise","Simulation_07","out","T>A",3,39,10.7958223580457,12
"S5_cn_noise","Simulation_07","out","T>A",4,189,67.6212041153031,58
"S5_cn_noise","Simulation_07","out","T>A",5,366,166.037914033763,185
"S5_cn_noise","Simulation_07","out","T>A",6,353,193.803206881708,199
"S5_cn_noise","Simulation_07","out","T>A",7,328,212.923673950789,209
"S5_cn_noise","Simulation_07","out","T>A",8,337,253.046093796666,254
"S5_cn_noise","Simulation_07","out","T>A",9,262,223.432884907584,222
"S5_cn_noise","Simulation_07","out","T>C",10,485,454.948864994915,455
"S5_cn_noise","Simulation_07","out","T>C",3,36,9.71980708369316,9
"S5_cn_noise","Simulation_07","out","T>C",4,200,72.5530798950535,79
"S5_cn_noise","Simulation_07","out","T>C",5,450,204.280200062117,226
"S5_cn_noise","Simulation_07","out","T>C",6,551,301.88996908242,318
"S5_cn_noise","Simulation_07","out","T>C",7,501,325.735467708017,322
"S5_cn_noise","Simulation_07","out","T>C",8,537,404.388900481884,407
"S5_cn_noise","Simulation_07","out","T>C",9,543,463.222592686586,477
"S5_cn_noise","Simulation_07","out","T>G",10,109,102.155115403542,101
"S5_cn_noise","Simulation_07","out","T>G",3,10,2.79116302131157,7
"S5_cn_noise","Simulation_07","out","T>G",4,104,37.3148495382894,47
"S5_cn_noise","Simulation_07","out","T>G",5,110,49.8671012603855,56
"S5_cn_noise","Simulation_07","out","T>G",6,184,100.925261959943,106
"S5_cn_noise","Simulation_07","out","T>G",7,147,95.3035853123202,92
"S5_cn_noise","Simulation_07","out","T>G",8,139,103.962515000845,105
"S5_cn_noise","Simulation_07","out","T>G",9,154,130.734579825402,132
"S5_cn_noise","Simulation_08","in","C>A",10,9173,8701.90578519332,8723
"S5_cn_noise","Simulation_08","in","C>A",3,178,49.1035987460319,49
"S5_cn_noise","Simulation_08","in","C>A",4,1521,547.830291892515,543
"S5_cn_noise","Simulation_08","in","C>A",5,3498,1588.8684417079,1619
"S5_cn_noise","Simulation_08","in","C>A",6,3997,2194.32550007298,2213
"S5_cn_noise","Simulation_08","in","C>A",7,3990,2594.59083525078,2621
"S5_cn_noise","Simulation_08","in","C>A",8,4644,3488.07304532158,3437
"S5_cn_noise","Simulation_08","in","C>A",9,6241,5321.22779508774,5302
"S5_cn_noise","Simulation_08","in","C>G",10,8916,8590.45197247387,8573
"S5_cn_noise","Simulation_08","in","C>G",3,95,25.9771276231672,29
"S5_cn_noise","Simulation_08","in","C>G",4,709,255.925317577845,272
"S5_cn_noise","Simulation_08","in","C>G",5,1409,639.204352894935,625
"S5_cn_noise","Simulation_08","in","C>G",6,1402,768.829267143358,743
"S5_cn_noise","Simulation_08","in","C>G",7,1370,891.323143491091,881
"S5_cn_noise","Simulation_08","in","C>G",8,1495,1124.97259762718,1099
"S5_cn_noise","Simulation_08","in","C>G",9,2298,1964.2047034481,1992
"S5_cn_noise","Simulation_08","in","C>T",10,24810,23747.4610822597,23737
"S5_cn_noise","Simulation_08","in","C>T",2,1,0.195006154662705,0
"S5_cn_noise","Simulation_08","in","C>T",3,417,115.030687364494,117
"S5_cn_noise","Simulation_08","in","C>T",4,2125,760.067786205439,800
"S5_cn_noise","Simulation_08","in","C>T",5,4338,1970.60516307252,1999
"S5_cn_noise","Simulation_08","in","C>T",6,5000,2747.76987927069,2718
"S5_cn_noise","Simulation_08","in","C>T",7,4559,2961.15740331075,2978
"S5_cn_noise","Simulation_08","in","C>T",8,5577,4194.60344757162,4211
"S5_cn_noise","Simulation_08","in","C>T",9,9039,7738.0040652274,7770
"S5_cn_noise","Simulation_08","in","T>A",10,975,920.464999123799,935
"S5_cn_noise","Simulation_08","in","T>A",3,192,52.9872918174425,45
"S5_cn_noise","Simulation_08","in","T>A",4,1113,398.459841590797,408
"S5_cn_noise","Simulation_08","in","T>A",5,1885,851.281057789181,850
"S5_cn_noise","Simulation_08","in","T>A",6,1840,1012.34430713443,1055
"S5_cn_noise","Simulation_08","in","T>A",7,1667,1084.60249160695,1087
"S5_cn_noise","Simulation_08","in","T>A",8,1634,1225.25228892999,1260
"S5_cn_noise","Simulation_08","in","T>A",9,1358,1151.49970186627,1158
"S5_cn_noise","Simulation_08","in","T>C",10,1026,955.598789552843,956
"S5_cn_noise","Simulation_08","in","T>C",3,249,68.5466811192573,81
"S5_cn_noise","Simulation_08","in","T>C",4,1557,559.606607123945,569
"S5_cn_noise","Simulation_08","in","T>C",5,2681,1215.25292952263,1198
"S5_cn_noise","Simulation_08","in","T>C",6,2682,1468.80401881423,1467
"S5_cn_noise","Simulation_08","in","T>C",7,2225,1445.00733687586,1489
"S5_cn_noise","Simulation_08","in","T>C",8,2305,1727.98465960882,1692
"S5_cn_noise","Simulation_08","in","T>C",9,2080,1767.14464430635,1767
"S5_cn_noise","Simulation_08","in","T>G",10,204,188.483694150528,198
"S5_cn_noise","Simulation_08","in","T>G",3,32,8.95440866935284,9
"S5_cn_noise","Simulation_08","in","T>G",4,413,149.090613985553,179
"S5_cn_noise","Simulation_08","in","T>G",5,874,393.841034326325,401
"S5_cn_noise","Simulation_08","in","T>G",6,895,491.911292717222,462
"S5_cn_noise","Simulation_08","in","T>G",7,809,524.481604528333,496
"S5_cn_noise","Simulation_08","in","T>G",8,729,545.58539843262,537
"S5_cn_noise","Simulation_08","in","T>G",9,642,543.939099456666,568
"S5_cn_noise","Simulation_08","out","C>A",10,2944,2801.02234939328,2784
"S5_cn_noise","Simulation_08","out","C>A",3,39,10.8716249762097,15
"S5_cn_noise","Simulation_08","out","C>A",4,374,134.648886250528,134
"S5_cn_noise","Simulation_08","out","C>A",5,900,409.169758408948,412
"S5_cn_noise","Simulation_08","out","C>A",6,1058,581.43076854351,608
"S5_cn_noise","Simulation_08","out","C>A",7,1177,764.344717215959,771
"S5_cn_noise","Simulation_08","out","C>A",8,1240,932.383826105947,948
"S5_cn_noise","Simulation_08","out","C>A",9,1761,1504.80247174626,1478
"S5_cn_noise","Simulation_08","out","C>G",10,2070,1986.85790915199,1996
"S5_cn_noise","Simulation_08","out","C>G",3,32,8.75737060696844,11
"S5_cn_noise","Simulation_08","out","C>G",4,223,79.9225299269313,87
"S5_cn_noise","Simulation_08","out","C>G",5,351,159.117963997839,159
"S5_cn_noise","Simulation_08","out","C>G",6,371,204.247779437958,189
"S5_cn_noise","Simulation_08","out","C>G",7,329,213.373108941123,228
"S5_cn_noise","Simulation_08","out","C>G",8,430,324.352613211153,323
"S5_cn_noise","Simulation_08","out","C>G",9,616,529.431997681914,551
"S5_cn_noise","Simulation_08","out","C>T",10,6694,6409.12369347083,6411
"S5_cn_noise","Simulation_08","out","C>T",2,1,0.196985499246279,1
"S5_cn_noise","Simulation_08","out","C>T",3,98,26.8887411752988,29
"S5_cn_noise","Simulation_08","out","C>T",4,594,213.270370909398,196
"S5_cn_noise","Simulation_08","out","C>T",5,1106,504.398208328195,517
"S5_cn_noise","Simulation_08","out","C>T",6,1387,759.546254815834,765
"S5_cn_noise","Simulation_08","out","C>T",7,1311,851.967424040478,865
"S5_cn_noise","Simulation_08","out","C>T",8,1566,1180.6831530109,1170
"S5_cn_noise","Simulation_08","out","C>T",9,2516,2150.74395794951,2156
"S5_cn_noise","Simulation_08","out","T>A",10,246,231.498252423827,228
"S5_cn_noise","Simulation_08","out","T>A",3,42,11.5295456255663,10
"S5_cn_noise","Simulation_08","out","T>A",4,296,106.037792022021,119
"S5_cn_noise","Simulation_08","out","T>A",5,480,216.591167721982,221
"S5_cn_noise","Simulation_08","out","T>A",6,487,267.61009958241,273
"S5_cn_noise","Simulation_08","out","T>A",7,502,326.450747339618,334
"S5_cn_noise","Simulation_08","out","T>A",8,444,333.24599725482,336
"S5_cn_noise","Simulation_08","out","T>A",9,383,324.19874581598,317
"S5_cn_noise","Simulation_08","out","T>C",10,435,406.971230572037,404
"S5_cn_noise","Simulation_08","out","T>C",3,65,18.0354701151642,22
"S5_cn_noise","Simulation_08","out","T>C",4,442,158.771990628526,180
"S5_cn_noise","Simulation_08","out","T>C",5,731,331.315966191146,341
"S5_cn_noise","Simulation_08","out","T>C",6,632,348.879681210556,361
"S5_cn_noise","Simulation_08","out","T>C",7,588,382.192282223692,379
"S5_cn_noise","Simulation_08","out","T>C",8,568,424.913293353906,429
"S5_cn_noise","Simulation_08","out","T>C",9,614,523.89650433455,527
"S5_cn_noise","Simulation_08","out","T>G",10,63,58.16997063645,58
"S5_cn_noise","Simulation_08","out","T>G",3,10,2.75570521994129,4
"S5_cn_noise","Simulation_08","out","T>G",4,113,40.9721299662939,43
"S5_cn_noise","Simulation_08","out","T>G",5,203,91.6263894345893,108
"S5_cn_noise","Simulation_08","out","T>G",6,218,119.20829909084,103
"S5_cn_noise","Simulation_08","out","T>G",7,184,119.921122704472,134
"S5_cn_noise","Simulation_08","out","T>G",8,230,173.231627972095,177
"S5_cn_noise","Simulation_08","out","T>G",9,207,175.363505430435,173
"S5_cn_noise","Simulation_09","in","C>A",10,7548,7182.66738767995,7202
"S5_cn_noise","Simulation_09","in","C>A",3,197,54.9635833542162,49
"S5_cn_noise","Simulation_09","in","C>A",4,1904,686.566503979512,707
"S5_cn_noise","Simulation_09","in","C>A",5,4393,1994.90486920149,2024
"S5_cn_noise","Simulation_09","in","C>A",6,4756,2606.90728942894,2636
"S5_cn_noise","Simulation_09","in","C>A",7,4706,3062.91847693527,3088
"S5_cn_noise","Simulation_09","in","C>A",8,4708,3536.17030703157,3498
"S5_cn_noise","Simulation_09","in","C>A",9,5326,4532.73683441254,4562
"S5_cn_noise","Simulation_09","in","C>G",10,10953,10591.0807866599,10591
"S5_cn_noise","Simulation_09","in","C>G",2,1,0.193992409107064,0
"S5_cn_noise","Simulation_09","in","C>G",3,136,37.6794956337177,39
"S5_cn_noise","Simulation_09","in","C>G",4,664,236.960567590039,250
"S5_cn_noise","Simulation_09","in","C>G",5,1212,548.304917664922,560
"S5_cn_noise","Simulation_09","in","C>G",6,1388,763.660578260372,734
"S5_cn_noise","Simulation_09","in","C>G",7,1563,1018.55251974829,1018
"S5_cn_noise","Simulation_09","in","C>G",8,1571,1180.29286995603,1180
"S5_cn_noise","Simulation_09","in","C>G",9,2386,2043.3776563552,2041
"S5_cn_noise","Simulation_09","in","C>T",10,36848,35529.5234101476,35531
"S5_cn_noise","Simulation_09","in","C>T",2,2,0.396092554809707,0
"S5_cn_noise","Simulation_09","in","C>T",3,366,100.195873910884,85
"S5_cn_noise","Simulation_09","in","C>T",4,2175,776.404288377244,804
"S5_cn_noise","Simulation_09","in","C>T",5,3651,1654.12028585686,1686
"S5_cn_noise","Simulation_09","in","C>T",6,4615,2539.19661335291,2509
"S5_cn_noise","Simulation_09","in","C>T",7,4877,3172.81250665979,3207
"S5_cn_noise","Simulation_09","in","C>T",8,6234,4697.25821268151,4752
"S5_cn_noise","Simulation_09","in","C>T",9,10080,8630.37867235195,8676
"S5_cn_noise","Simulation_09","in","T>A",10,821,778.243523974579,762
"S5_cn_noise","Simulation_09","in","T>A",3,117,32.2923909516727,26
"S5_cn_noise","Simulation_09","in","T>A",4,1163,418.675272217605,433
"S5_cn_noise","Simulation_09","in","T>A",5,2182,987.655196849705,1027
"S5_cn_noise","Simulation_09","in","T>A",6,2242,1229.18110409276,1246
"S5_cn_noise","Simulation_09","in","T>A",7,2024,1314.4815813314,1332
"S5_cn_noise","Simulation_09","in","T>A",8,1921,1439.02979454731,1424
"S5_cn_noise","Simulation_09","in","T>A",9,1306,1104.26154210518,1088
"S5_cn_noise","Simulation_09","in","T>C",10,4292,4089.44043526371,4110
"S5_cn_noise","Simulation_09","in","T>C",3,258,71.253225976643,64
"S5_cn_noise","Simulation_09","in","T>C",4,1367,489.372813036848,475
"S5_cn_noise","Simulation_09","in","T>C",5,2573,1163.03855653844,1178
"S5_cn_noise","Simulation_09","in","T>C",6,2644,1452.3191471493,1438
"S5_cn_noise","Simulation_09","in","T>C",7,2247,1457.76278563934,1474
"S5_cn_noise","Simulation_09","in","T>C",8,2338,1755.38133221067,1762
"S5_cn_noise","Simulation_09","in","T>C",9,2761,2352.88949666339,2360
"S5_cn_noise","Simulation_09","in","T>G",10,289,270.127676459208,271
"S5_cn_noise","Simulation_09","in","T>G",3,54,15.0076212568372,21
"S5_cn_noise","Simulation_09","in","T>G",4,394,141.840029830902,146
"S5_cn_noise","Simulation_09","in","T>G",5,866,391.646702889549,416
"S5_cn_noise","Simulation_09","in","T>G",6,865,475.156907730066,474
"S5_cn_noise","Simulation_09","in","T>G",7,766,495.715895760146,497
"S5_cn_noise","Simulation_09","in","T>G",8,687,513.968935263469,541
"S5_cn_noise","Simulation_09","in","T>G",9,615,524.067988569683,540
"S5_cn_noise","Simulation_09","out","C>A",10,1621,1541.13638098131,1522
"S5_cn_noise","Simulation_09","out","C>A",3,39,10.8845415488806,7
"S5_cn_noise","Simulation_09","out","C>A",4,486,174.819793263712,184
"S5_cn_noise","Simulation_09","out","C>A",5,1007,457.875461259031,488
"S5_cn_noise","Simulation_09","out","C>A",6,1170,642.742178488817,655
"S5_cn_noise","Simulation_09","out","C>A",7,1171,762.35597209743,753
"S5_cn_noise","Simulation_09","out","C>A",8,1171,877.77425470013,873
"S5_cn_noise","Simulation_09","out","C>A",9,1311,1113.7052528962,1110
"S5_cn_noise","Simulation_09","out","C>G",10,2787,2695.46121577586,2698
"S5_cn_noise","Simulation_09","out","C>G",3,27,7.27646048980248,7
"S5_cn_noise","Simulation_09","out","C>G",4,164,58.9472614519149,51
"S5_cn_noise","Simulation_09","out","C>G",5,298,135.433458060644,128
"S5_cn_noise","Simulation_09","out","C>G",6,341,187.58725247477,185
"S5_cn_noise","Simulation_09","out","C>G",7,304,198.127790366736,206
"S5_cn_noise","Simulation_09","out","C>G",8,388,291.762248803312,291
"S5_cn_noise","Simulation_09","out","C>G",9,632,542.13442435684,552
"S5_cn_noise","Simulation_09","out","C>T",10,7892,7598.78568365446,7614
"S5_cn_noise","Simulation_09","out","C>T",3,98,26.8714204621663,25
"S5_cn_noise","Simulation_09","out","C>T",4,538,192.575431576321,205
"S5_cn_noise","Simulation_09","out","C>T",5,943,426.563716942533,441
"S5_cn_noise","Simulation_09","out","C>T",6,1141,629.058829446055,621
"S5_cn_noise","Simulation_09","out","C>T",7,1163,755.74898600848,770
"S5_cn_noise","Simulation_09","out","C>T",8,1410,1060.45420508175,1034
"S5_cn_noise","Simulation_09","out","C>T",9,2354,2014.99676537493,2028
"S5_cn_noise","Simulation_09","out","T>A",10,100,94.9982503095503,97
"S5_cn_noise","Simulation_09","out","T>A",3,41,11.3560781894917,14
"S5_cn_noise","Simulation_09","out","T>A",4,264,95.5749454849995,88
"S5_cn_noise","Simulation_09","out","T>A",5,503,228.880079432429,244
"S5_cn_noise","Simulation_09","out","T>A",6,548,300.867638128565,299
"S5_cn_noise","Simulation_09","out","T>A",7,465,301.116928368835,287
"S5_cn_noise","Simulation_09","out","T>A",8,424,316.849095462588,322
"S5_cn_noise","Simulation_09","out","T>A",9,276,233.009701044843,236
"S5_cn_noise","Simulation_09","out","T>C",10,734,698.073960027312,690
"S5_cn_noise","Simulation_09","out","T>C",3,47,13.0275191081219,15
"S5_cn_noise","Simulation_09","out","T>C",4,378,135.047611234338,146
"S5_cn_noise","Simulation_09","out","T>C",5,627,284.161675455498,299
"S5_cn_noise","Simulation_09","out","T>C",6,647,354.838365496631,357
"S5_cn_noise","Simulation_09","out","T>C",7,572,371.224630915879,366
"S5_cn_noise","Simulation_09","out","T>C",8,485,362.71723076199,366
"S5_cn_noise","Simulation_09","out","T>C",9,593,504.425955293038,510
"S5_cn_noise","Simulation_09","out","T>G",10,65,60.5002339895006,61
"S5_cn_noise","Simulation_09","out","T>G",3,12,3.4727818898588,0
"S5_cn_noise","Simulation_09","out","T>G",4,114,40.9488216244572,49
"S5_cn_noise","Simulation_09","out","T>G",5,220,99.3438853649941,107
"S5_cn_noise","Simulation_09","out","T>G",6,229,125.730271448802,136
"S5_cn_noise","Simulation_09","out","T>G",7,231,149.692963987108,151
"S5_cn_noise","Simulation_09","out","T>G",8,142,106.390054262288,109
"S5_cn_noise","Simulation_09","out","T>G",9,147,125.490754014926,129
"S5_cn_noise","Simulation_10","in","C>A",10,4144,3924.711444217,3941
"S5_cn_noise","Simulation_10","in","C>A",3,161,44.8812113946593,54
"S5_cn_noise","Simulation_10","in","C>A",4,1774,639.781913461992,677
"S5_cn_noise","Simulation_10","in","C>A",5,4296,1950.02853009254,1962
"S5_cn_noise","Simulation_10","in","C>A",6,4950,2718.2926266527,2739
"S5_cn_noise","Simulation_10","in","C>A",7,4665,3033.08626928998,2965
"S5_cn_noise","Simulation_10","in","C>A",8,4456,3339.77855581964,3340
"S5_cn_noise","Simulation_10","in","C>A",9,4531,3851.43500093507,3910
"S5_cn_noise","Simulation_10","in","C>G",10,8995,8648.40145996783,8662
"S5_cn_noise","Simulation_10","in","C>G",2,2,0.386284976563646,1
"S5_cn_noise","Simulation_10","in","C>G",3,97,26.58804403881,33
"S5_cn_noise","Simulation_10","in","C>G",4,537,193.43978168547,202
"S5_cn_noise","Simulation_10","in","C>G",5,1018,463.867291693438,470
"S5_cn_noise","Simulation_10","in","C>G",6,1192,658.069962372512,637
"S5_cn_noise","Simulation_10","in","C>G",7,1264,823.510529227055,824
"S5_cn_noise","Simulation_10","in","C>G",8,1553,1170.7251300841,1175
"S5_cn_noise","Simulation_10","in","C>G",9,2911,2492.98471604871,2501
"S5_cn_noise","Simulation_10","in","C>T",10,37916,36783.2819185777,36823
"S5_cn_noise","Simulation_10","in","C>T",2,3,0.584418283556251,0
"S5_cn_noise","Simulation_10","in","C>T",3,406,111.03014893691,98
"S5_cn_noise","Simulation_10","in","C>T",4,2041,731.04392716763,743
"S5_cn_noise","Simulation_10","in","C>T",5,3350,1518.06934480687,1503
"S5_cn_noise","Simulation_10","in","C>T",6,3472,1908.40470302658,1939
"S5_cn_noise","Simulation_10","in","C>T",7,3484,2267.85218421434,2248
"S5_cn_noise","Simulation_10","in","C>T",8,4108,3092.74422910328,3061
"S5_cn_noise","Simulation_10","in","C>T",9,6420,5495.23061372019,5476
"S5_cn_noise","Simulation_10","in","T>A",10,3528,3369.61480421645,3360
"S5_cn_noise","Simulation_10","in","T>A",3,111,30.6195938067861,35
"S5_cn_noise","Simulation_10","in","T>A",4,712,255.643226115582,273
"S5_cn_noise","Simulation_10","in","T>A",5,1484,674.116783247523,695
"S5_cn_noise","Simulation_10","in","T>A",6,1761,969.064505303391,989
"S5_cn_noise","Simulation_10","in","T>A",7,1664,1082.12910904463,1106
"S5_cn_noise","Simulation_10","in","T>A",8,1781,1336.70168810026,1322
"S5_cn_noise","Simulation_10","in","T>A",9,2323,1979.06170638057,2000
"S5_cn_noise","Simulation_10","in","T>C",10,416,387.342479250842,386
"S5_cn_noise","Simulation_10","in","T>C",3,231,63.7180770459592,54
"S5_cn_noise","Simulation_10","in","T>C",4,1373,491.028786732369,491
"S5_cn_noise","Simulation_10","in","T>C",5,2392,1081.12825715856,1109
"S5_cn_noise","Simulation_10","in","T>C",6,2324,1274.09438497694,1295
"S5_cn_noise","Simulation_10","in","T>C",7,1948,1262.11787773324,1276
"S5_cn_noise","Simulation_10","in","T>C",8,1607,1203.03977374736,1218
"S5_cn_noise","Simulation_10","in","T>C",9,1205,1018.00698851792,1028
"S5_cn_noise","Simulation_10","in","T>G",10,411,384.362510845727,387
"S5_cn_noise","Simulation_10","in","T>G",3,39,10.7517718193852,11
"S5_cn_noise","Simulation_10","in","T>G",4,326,117.841078946194,122
"S5_cn_noise","Simulation_10","in","T>G",5,655,296.019917535676,290
"S5_cn_noise","Simulation_10","in","T>G",6,668,367.071158959666,385
"S5_cn_noise","Simulation_10","in","T>G",7,628,407.06805864802,395
"S5_cn_noise","Simulation_10","in","T>G",8,615,462.6624399699,459
"S5_cn_noise","Simulation_10","in","T>G",9,566,482.200841019244,479
"S5_cn_noise","Simulation_10","out","C>A",10,794,751.516534411022,760
"S5_cn_noise","Simulation_10","out","C>A",3,48,13.2811565219842,12
"S5_cn_noise","Simulation_10","out","C>A",4,494,178.815851982277,194
"S5_cn_noise","Simulation_10","out","C>A",5,1046,476.156630088053,477
"S5_cn_noise","Simulation_10","out","C>A",6,1142,626.372957086499,637
"S5_cn_noise","Simulation_10","out","C>A",7,1135,738.284036723189,746
"S5_cn_noise","Simulation_10","out","C>A",8,1064,797.042531532531,821
"S5_cn_noise","Simulation_10","out","C>A",9,977,830.127551485178,833
"S5_cn_noise","Simulation_10","out","C>G",10,2293,2203.35880573284,2210
"S5_cn_noise","Simulation_10","out","C>G",3,31,8.44583070417638,8
"S5_cn_noise","Simulation_10","out","C>G",4,123,43.8876996598426,38
"S5_cn_noise","Simulation_10","out","C>G",5,273,123.066379886338,130
"S5_cn_noise","Simulation_10","out","C>G",6,272,149.126129017728,162
"S5_cn_noise","Simulation_10","out","C>G",7,317,207.004939127501,223
"S5_cn_noise","Simulation_10","out","C>G",8,389,292.445586659903,291
"S5_cn_noise","Simulation_10","out","C>G",9,660,566.688654831736,571
"S5_cn_noise","Simulation_10","out","C>T",10,9027,8743.95782347409,8766
"S5_cn_noise","Simulation_10","out","C>T",3,85,23.425583345085,22
"S5_cn_noise","Simulation_10","out","C>T",4,486,172.479057496308,165
"S5_cn_noise","Simulation_10","out","C>T",5,877,396.729452366952,401
"S5_cn_noise","Simulation_10","out","C>T",6,827,454.032260643936,463
"S5_cn_noise","Simulation_10","out","C>T",7,893,580.709483384074,586
"S5_cn_noise","Simulation_10","out","C>T",8,1087,816.153832660458,837
"S5_cn_noise","Simulation_10","out","C>T",9,1685,1441.10533232257,1437
"S5_cn_noise","Simulation_10","out","T>A",10,755,720.729264058029,716
"S5_cn_noise","Simulation_10","out","T>A",3,24,6.51054557497488,4
"S5_cn_noise","Simulation_10","out","T>A",4,224,80.2520330572169,86
"S5_cn_noise","Simulation_10","out","T>A",5,378,172.278621724431,175
"S5_cn_noise","Simulation_10","out","T>A",6,444,243.833332376062,247
"S5_cn_noise","Simulation_10","out","T>A",7,414,269.385423505544,284
"S5_cn_noise","Simulation_10","out","T>A",8,390,293.91648272962,299
"S5_cn_noise","Simulation_10","out","T>A",9,512,436.511879348308,442
"S5_cn_noise","Simulation_10","out","T>C",10,136,126.494791005985,129
"S5_cn_noise","Simulation_10","out","T>C",3,48,13.0088975697467,19
"S5_cn_noise","Simulation_10","out","T>C",4,324,116.174580812775,120
"S5_cn_noise","Simulation_10","out","T>C",5,568,256.451300378394,257
"S5_cn_noise","Simulation_10","out","T>C",6,609,335.297996917056,334
"S5_cn_noise","Simulation_10","out","T>C",7,531,346.197296143317,346
"S5_cn_noise","Simulation_10","out","T>C",8,426,318.43743209467,325
"S5_cn_noise","Simulation_10","out","T>C",9,356,301.386354809982,315
"S5_cn_noise","Simulation_10","out","T>G",10,103,96.9559055299299,95
"S5_cn_noise","Simulation_10","out","T>G",3,12,3.42724812470842,5
"S5_cn_noise","Simulation_10","out","T>G",4,104,37.3003018743339,40
"S5_cn_noise","Simulation_10","out","T>G",5,161,72.6780396972914,68
"S5_cn_noise","Simulation_10","out","T>G",6,160,87.5289350313083,86
"S5_cn_noise","Simulation_10","out","T>G",7,181,116.993214943253,108
"S5_cn_noise","Simulation_10","out","T>G",8,146,109.322364361267,108
"S5_cn_noise","Simulation_10","out","T>G",9,145,123.211857957945,119
"S5_cn_noise","Simulation_11","in","C>A",10,3368,3166.61560291408,3214
"S5_cn_noise","Simulation_11","in","C>A",3,213,59.2397013863684,53
"S5_cn_noise","Simulation_11","in","C>A",4,1942,702.064487794644,724
"S5_cn_noise","Simulation_11","in","C>A",5,4343,1969.12976836959,1986
"S5_cn_noise","Simulation_11","in","C>A",6,4592,2521.35759377423,2533
"S5_cn_noise","Simulation_11","in","C>A",7,4191,2725.29147616416,2756
"S5_cn_noise","Simulation_11","in","C>A",8,4199,3148.69475401467,3176
"S5_cn_noise","Simulation_11","in","C>A",9,4125,3503.85956634639,3553
"S5_cn_noise","Simulation_11","in","C>G",10,14239,13778.5267052508,13811
"S5_cn_noise","Simulation_11","in","C>G",3,70,19.2618007475184,19
"S5_cn_noise","Simulation_11","in","C>G",4,509,182.880695285329,189
"S5_cn_noise","Simulation_11","in","C>G",5,1208,548.844785887499,517
"S5_cn_noise","Simulation_11","in","C>G",6,1449,795.205807909569,807
"S5_cn_noise","Simulation_11","in","C>G",7,1477,960.670511109933,978
"S5_cn_noise","Simulation_11","in","C>G",8,1866,1401.12705776183,1423
"S5_cn_noise","Simulation_11","in","C>G",9,3028,2586.54653574384,2600
"S5_cn_noise","Simulation_11","in","C>T",10,54397,52995.5836046768,53021
"S5_cn_noise","Simulation_11","in","C>T",2,3,0.559300520344994,1
"S5_cn_noise","Simulation_11","in","C>T",3,251,68.503466828874,76
"S5_cn_noise","Simulation_11","in","C>T",4,1741,627.04272241016,625
"S5_cn_noise","Simulation_11","in","C>T",5,3656,1660.23830269412,1668
"S5_cn_noise","Simulation_11","in","C>T",6,4168,2290.76667445033,2359
"S5_cn_noise","Simulation_11","in","C>T",7,4379,2847.4562253087,2844
"S5_cn_noise","Simulation_11","in","C>T",8,5225,3930.72734554522,3953
"S5_cn_noise","Simulation_11","in","C>T",9,8935,7643.51167270094,7602
"S5_cn_noise","Simulation_11","in","T>A",10,985,921.091663386881,930
"S5_cn_noise","Simulation_11","in","T>A",3,94,25.8586248070263,24
"S5_cn_noise","Simulation_11","in","T>A",4,826,296.827320879564,317
"S5_cn_noise","Simulation_11","in","T>A",5,1634,741.961773362982,756
"S5_cn_noise","Simulation_11","in","T>A",6,1854,1020.33876687336,1014
"S5_cn_noise","Simulation_11","in","T>A",7,1786,1161.95201531954,1152
"S5_cn_noise","Simulation_11","in","T>A",8,1823,1368.05866167808,1377
"S5_cn_noise","Simulation_11","in","T>A",9,1638,1387.88894566441,1401
"S5_cn_noise","Simulation_11","in","T>C",10,2081,1955.54861287946,1957
"S5_cn_noise","Simulation_11","in","T>C",3,125,35.0606785222147,43
"S5_cn_noise","Simulation_11","in","T>C",4,1058,379.054104503969,386
"S5_cn_noise","Simulation_11","in","T>C",5,2168,982.543992188651,987
"S5_cn_noise","Simulation_11","in","T>C",6,2424,1331.3652427424,1348
"S5_cn_noise","Simulation_11","in","T>C",7,2307,1498.21736878482,1492
"S5_cn_noise","Simulation_11","in","T>C",8,2272,1703.85986494182,1678
"S5_cn_noise","Simulation_11","in","T>C",9,2491,2116.93267980959,2126
"S5_cn_noise","Simulation_11","in","T>G",10,642,602.027826076206,611
"S5_cn_noise","Simulation_11","in","T>G",3,30,8.1471066313646,7
"S5_cn_noise","Simulation_11","in","T>G",4,287,103.605827114258,88
"S5_cn_noise","Simulation_11","in","T>G",5,611,277.402538924894,264
"S5_cn_noise","Simulation_11","in","T>G",6,725,398.850403349243,404
"S5_cn_noise","Simulation_11","in","T>G",7,753,490.25242698227,487
"S5_cn_noise","Simulation_11","in","T>G",8,845,635.507945623278,634
"S5_cn_noise","Simulation_11","in","T>G",9,914,775.941503098475,777
"S5_cn_noise","Simulation_11","out","C>A",10,1196,1128.72476187888,1134
"S5_cn_noise","Simulation_11","out","C>A",3,41,11.5260352700565,8
"S5_cn_noise","Simulation_11","out","C>A",4,438,158.685483184564,145
"S5_cn_noise","Simulation_11","out","C>A",5,929,420.952889584915,429
"S5_cn_noise","Simulation_11","out","C>A",6,1063,584.978279037862,596
"S5_cn_noise","Simulation_11","out","C>A",7,1040,675.901029283518,681
"S5_cn_noise","Simulation_11","out","C>A",8,1121,841.921094100456,833
"S5_cn_noise","Simulation_11","out","C>A",9,1142,971.079259125279,988
"S5_cn_noise","Simulation_11","out","C>G",10,3108,3010.89707050215,3002
"S5_cn_noise","Simulation_11","out","C>G",3,14,3.94790403182236,4
"S5_cn_noise","Simulation_11","out","C>G",4,119,42.897122531029,41
"S5_cn_noise","Simulation_11","out","C>G",5,308,139.567112115615,157
"S5_cn_noise","Simulation_11","out","C>G",6,322,177.580040932671,181
"S5_cn_noise","Simulation_11","out","C>G",7,356,231.083715068521,243
"S5_cn_noise","Simulation_11","out","C>G",8,461,346.562468631628,367
"S5_cn_noise","Simulation_11","out","C>G",9,686,586.627941016357,610
"S5_cn_noise","Simulation_11","out","C>T",10,7604,7361.84073976554,7357
"S5_cn_noise","Simulation_11","out","C>T",3,58,16.1691747859265,17
"S5_cn_noise","Simulation_11","out","C>T",4,408,146.38955180651,148
"S5_cn_noise","Simulation_11","out","C>T",5,906,411.461431386288,402
"S5_cn_noise","Simulation_11","out","C>T",6,1033,568.970171938249,550
"S5_cn_noise","Simulation_11","out","C>T",7,1019,664.439111558694,679
"S5_cn_noise","Simulation_11","out","C>T",8,1166,877.47161405061,886
"S5_cn_noise","Simulation_11","out","C>T",9,1855,1584.23160788892,1569
"S5_cn_noise","Simulation_11","out","T>A",10,212,198.391894752229,199
"S5_cn_noise","Simulation_11","out","T>A",3,23,6.42897302417714,2
"S5_cn_noise","Simulation_11","out","T>A",4,159,56.8063839368752,56
"S5_cn_noise","Simulation_11","out","T>A",5,358,162.341903127202,181
"S5_cn_noise","Simulation_11","out","T>A",6,399,219.013767359811,222
"S5_cn_noise","Simulation_11","out","T>A",7,423,275.54427982527,285
"S5_cn_noise","Simulation_11","out","T>A",8,452,339.439438183696,337
"S5_cn_noise","Simulation_11","out","T>A",9,431,366.064229085882,383
"S5_cn_noise","Simulation_11","out","T>C",10,436,409.143523381548,416
"S5_cn_noise","Simulation_11","out","T>C",3,27,7.49281560647892,8
"S5_cn_noise","Simulation_11","out","T>C",4,231,83.5425042254658,71
"S5_cn_noise","Simulation_11","out","T>C",5,513,233.355767785665,227
"S5_cn_noise","Simulation_11","out","T>C",6,563,308.245347729166,293
"S5_cn_noise","Simulation_11","out","T>C",7,545,354.372908462396,352
"S5_cn_noise","Simulation_11","out","T>C",8,506,380.275465547953,382
"S5_cn_noise","Simulation_11","out","T>C",9,520,442.702198328862,450
"S5_cn_noise","Simulation_11","out","T>G",10,136,127.504408636464,130
"S5_cn_noise","Simulation_11","out","T>G",3,10,2.80852839169063,6
"S5_cn_noise","Simulation_11","out","T>G",4,58,20.8905636623741,20
"S5_cn_noise","Simulation_11","out","T>G",5,136,61.2301562663237,61
"S5_cn_noise","Simulation_11","out","T>G",6,170,93.4418416011861,88
"S5_cn_noise","Simulation_11","out","T>G",7,201,130.529805570456,145
"S5_cn_noise","Simulation_11","out","T>G",8,198,148.033641474078,145
"S5_cn_noise","Simulation_11","out","T>G",9,174,147.133545646704,149
"S5_cn_noise","Simulation_12","in","C>A",10,6389,6050.54068419186,6092
"S5_cn_noise","Simulation_12","in","C>A",3,212,59.1753900857829,59
"S5_cn_noise","Simulation_12","in","C>A",4,2228,806.099439963809,829
"S5_cn_noise","Simulation_12","in","C>A",5,5636,2565.95760995134,2595
"S5_cn_noise","Simulation_12","in","C>A",6,6603,3627.49528480741,3713
"S5_cn_noise","Simulation_12","in","C>A",7,6153,3995.45144307048,4013
"S5_cn_noise","Simulation_12","in","C>A",8,6030,4525.86965195752,4570
"S5_cn_noise","Simulation_12","in","C>A",9,6413,5455.46224347323,5480
"S5_cn_noise","Simulation_12","in","C>G",10,28009,27305.5364030234,27336
"S5_cn_noise","Simulation_12","in","C>G",3,87,23.7209516377655,27
"S5_cn_noise","Simulation_12","in","C>G",4,645,232.127363518975,228
"S5_cn_noise","Simulation_12","in","C>G",5,1437,654.908439085373,638
"S5_cn_noise","Simulation_12","in","C>G",6,1929,1059.97521558968,1142
"S5_cn_noise","Simulation_12","in","C>G",7,2035,1324.33789073083,1332
"S5_cn_noise","Simulation_12","in","C>G",8,2340,1760.28172011842,1796
"S5_cn_noise","Simulation_12","in","C>G",9,4026,3446.01127440065,3447
"S5_cn_noise","Simulation_12","in","C>T",10,26292,25096.1989911975,25105
"S5_cn_noise","Simulation_12","in","C>T",2,4,0.783653552493407,0
"S5_cn_noise","Simulation_12","in","C>T",3,457,124.235337364731,148
"S5_cn_noise","Simulation_12","in","C>T",4,2380,855.004701327673,937
"S5_cn_noise","Simulation_12","in","C>T",5,4716,2141.66204637729,2174
"S5_cn_noise","Simulation_12","in","C>T",6,5632,3095.183331667,3155
"S5_cn_noise","Simulation_12","in","C>T",7,5994,3902.39873701419,3944
"S5_cn_noise","Simulation_12","in","C>T",8,7247,5455.70652825383,5521
"S5_cn_noise","Simulation_12","in","C>T",9,11510,9847.1004654996,9791
"S5_cn_noise","Simulation_12","in","T>A",10,1520,1426.32269356889,1450
"S5_cn_noise","Simulation_12","in","T>A",2,1,0.198832734694981,0
"S5_cn_noise","Simulation_12","in","T>A",3,101,27.6094570420667,25
"S5_cn_noise","Simulation_12","in","T>A",4,921,331.105275691532,302
"S5_cn_noise","Simulation_12","in","T>A",5,2106,957.899008734404,968
"S5_cn_noise","Simulation_12","in","T>A",6,2492,1370.60045363445,1424
"S5_cn_noise","Simulation_12","in","T>A",7,2468,1606.33947538492,1607
"S5_cn_noise","Simulation_12","in","T>A",8,2630,1971.33422883967,2001
"S5_cn_noise","Simulation_12","in","T>A",9,2306,1956.11842374486,1986
"S5_cn_noise","Simulation_12","in","T>C",10,3690,3477.0829218477,3476
"S5_cn_noise","Simulation_12","in","T>C",3,162,44.8532202004964,48
"S5_cn_noise","Simulation_12","in","T>C",4,1203,431.113957487987,425
"S5_cn_noise","Simulation_12","in","T>C",5,2476,1129.36606040499,1127
"S5_cn_noise","Simulation_12","in","T>C",6,3187,1750.69056075666,1822
"S5_cn_noise","Simulation_12","in","T>C",7,2923,1899.93358525389,1925
"S5_cn_noise","Simulation_12","in","T>C",8,2944,2210.47023774217,2205
"S5_cn_noise","Simulation_12","in","T>C",9,3497,2977.93943205434,3045
"S5_cn_noise","Simulation_12","in","T>G",10,950,897.685707767703,895
"S5_cn_noise","Simulation_12","in","T>G",3,31,8.61760776699521,8
"S5_cn_noise","Simulation_12","in","T>G",4,327,116.926182284444,114
"S5_cn_noise","Simulation_12","in","T>G",5,790,360.454741265917,368
"S5_cn_noise","Simulation_12","in","T>G",6,987,540.049777142377,561
"S5_cn_noise","Simulation_12","in","T>G",7,984,639.637594082487,653
"S5_cn_noise","Simulation_12","in","T>G",8,1050,786.555216432937,804
"S5_cn_noise","Simulation_12","in","T>G",9,1119,951.923460788464,940
"S5_cn_noise","Simulation_12","out","C>A",10,2143,2030.16334752472,2031
"S5_cn_noise","Simulation_12","out","C>A",3,53,14.7413987397026,21
"S5_cn_noise","Simulation_12","out","C>A",4,612,220.603252635751,221
"S5_cn_noise","Simulation_12","out","C>A",5,1397,634.153157698669,643
"S5_cn_noise","Simulation_12","out","C>A",6,1626,890.165035124346,874
"S5_cn_noise","Simulation_12","out","C>A",7,1556,1011.75005505748,1014
"S5_cn_noise","Simulation_12","out","C>A",8,1516,1136.52586994164,1134
"S5_cn_noise","Simulation_12","out","C>A",9,1893,1612.36747964481,1600
"S5_cn_noise","Simulation_12","out","C>G",10,10064,9856.74978073462,9855
"S5_cn_noise","Simulation_12","out","C>G",3,19,5.21047168146446,4
"S5_cn_noise","Simulation_12","out","C>G",4,183,66.5620758385917,72
"S5_cn_noise","Simulation_12","out","C>G",5,394,178.768662046791,187
"S5_cn_noise","Simulation_12","out","C>G",6,505,278.251891366113,289
"S5_cn_noise","Simulation_12","out","C>G",7,500,325.393220993699,316
"S5_cn_noise","Simulation_12","out","C>G",8,606,456.141272839644,468
"S5_cn_noise","Simulation_12","out","C>G",9,1073,918.082949757405,934
"S5_cn_noise","Simulation_12","out","C>T",10,5445,5196.53271335999,5170
"S5_cn_noise","Simulation_12","out","C>T",3,122,33.1409619775494,39
"S5_cn_noise","Simulation_12","out","C>T",4,635,225.916450778599,207
"S5_cn_noise","Simulation_12","out","C>T",5,1260,573.515285687392,585
"S5_cn_noise","Simulation_12","out","C>T",6,1540,845.886436473032,873
"S5_cn_noise","Simulation_12","out","C>T",7,1670,1088.70500342595,1097
"S5_cn_noise","Simulation_12","out","C>T",8,1971,1483.0527433315,1507
"S5_cn_noise","Simulation_12","out","C>T",9,2855,2440.55617957485,2450
"S5_cn_noise","Simulation_12","out","T>A",10,256,239.799408363135,240
"S5_cn_noise","Simulation_12","out","T>A",3,28,7.67672659467648,5
"S5_cn_noise","Simulation_12","out","T>A",4,245,87.9393206129102,105
"S5_cn_noise","Simulation_12","out","T>A",5,556,252.233606934037,253
"S5_cn_noise","Simulation_12","out","T>A",6,661,362.537083542908,379
"S5_cn_noise","Simulation_12","out","T>A",7,657,427.26742966419,450
"S5_cn_noise","Simulation_12","out","T>A",8,660,494.391820895983,503
"S5_cn_noise","Simulation_12","out","T>A",9,528,448.47950852764,453
"S5_cn_noise","Simulation_12","out","T>C",10,832,782.574163057892,778
"S5_cn_noise","Simulation_12","out","T>C",3,50,13.5719157424211,14
"S5_cn_noise","Simulation_12","out","T>C",4,341,122.243184480319,125
"S5_cn_noise","Simulation_12","out","T>C",5,685,312.071506236444,316
"S5_cn_noise","Simulation_12","out","T>C",6,797,437.126114532185,442
"S5_cn_noise","Simulation_12","out","T>C",7,779,506.677035372251,554
"S5_cn_noise","Simulation_12","out","T>C",8,794,596.337448892784,608
"S5_cn_noise","Simulation_12","out","T>C",9,828,706.100808110693,723
"S5_cn_noise","Simulation_12","out","T>G",10,193,181.566100995911,185
"S5_cn_noise","Simulation_12","out","T>G",3,4,1.08390840316056,2
"S5_cn_noise","Simulation_12","out","T>G",4,82,29.7051403291561,26
"S5_cn_noise","Simulation_12","out","T>G",5,223,101.182380444229,112
"S5_cn_noise","Simulation_12","out","T>G",6,283,155.908856022053,168
"S5_cn_noise","Simulation_12","out","T>G",7,233,151.356325938517,140
"S5_cn_noise","Simulation_12","out","T>G",8,255,191.221938229156,199
"S5_cn_noise","Simulation_12","out","T>G",9,269,228.771400409312,235
"S5_cn_noise","Simulation_13","in","C>A",10,2674,2520.60729168506,2529
"S5_cn_noise","Simulation_13","in","C>A",2,1,0.187992855080171,0
"S5_cn_noise","Simulation_13","in","C>A",3,195,53.7478605037657,57
"S5_cn_noise","Simulation_13","in","C>A",4,2182,787.852817575688,754
"S5_cn_noise","Simulation_13","in","C>A",5,4900,2226.696640911,2244
"S5_cn_noise","Simulation_13","in","C>A",6,5649,3098.65216034122,3150
"S5_cn_noise","Simulation_13","in","C>A",7,5168,3353.03016582047,3361
"S5_cn_noise","Simulation_13","in","C>A",8,4492,3365.05240202328,3398
"S5_cn_noise","Simulation_13","in","C>A",9,3813,3235.1285927619,3283
"S5_cn_noise","Simulation_13","in","C>G",10,12257,11857.0444034905,11851
"S5_cn_noise","Simulation_13","in","C>G",3,100,27.616781597249,29
"S5_cn_noise","Simulation_13","in","C>G",4,659,233.733958811256,237
"S5_cn_noise","Simulation_13","in","C>G",5,1151,522.130358763336,540
"S5_cn_noise","Simulation_13","in","C>G",6,1343,740.427775928419,702
"S5_cn_noise","Simulation_13","in","C>G",7,1636,1065.30221581611,1068
"S5_cn_noise","Simulation_13","in","C>G",8,2041,1537.20172405526,1548
"S5_cn_noise","Simulation_13","in","C>G",9,3206,2742.146685449,2768
"S5_cn_noise","Simulation_13","in","C>T",10,43428,42012.7576427779,42040
"S5_cn_noise","Simulation_13","in","C>T",2,1,0.196701200136592,0
"S5_cn_noise","Simulation_13","in","C>T",3,418,114.887817786112,119
"S5_cn_noise","Simulation_13","in","C>T",4,1946,697.075540127856,702
"S5_cn_noise","Simulation_13","in","C>T",5,3336,1512.26746738833,1516
"S5_cn_noise","Simulation_13","in","C>T",6,3801,2090.07643621169,2095
"S5_cn_noise","Simulation_13","in","C>T",7,4078,2655.15886201968,2624
"S5_cn_noise","Simulation_13","in","C>T",8,5382,4052.97305439728,4061
"S5_cn_noise","Simulation_13","in","C>T",9,9370,8017.8904668783,8005
"S5_cn_noise","Simulation_13","in","T>A",10,2538,2400.8082976868,2431
"S5_cn_noise","Simulation_13","in","T>A",3,110,30.2043225947307,27
"S5_cn_noise","Simulation_13","in","T>A",4,727,261.503828220394,249
"S5_cn_noise","Simulation_13","in","T>A",5,1762,804.994769568781,790
"S5_cn_noise","Simulation_13","in","T>A",6,2368,1302.70389323886,1286
"S5_cn_noise","Simulation_13","in","T>A",7,2526,1642.7899936362,1622
"S5_cn_noise","Simulation_13","in","T>A",8,2725,2045.24924981754,2058
"S5_cn_noise","Simulation_13","in","T>A",9,2805,2386.97526877334,2365
"S5_cn_noise","Simulation_13","in","T>C",10,1300,1208.97781794394,1226
"S5_cn_noise","Simulation_13","in","T>C",3,155,42.660343937608,42
"S5_cn_noise","Simulation_13","in","T>C",4,1384,499.476152623255,519
"S5_cn_noise","Simulation_13","in","T>C",5,2733,1237.0366595701,1226
"S5_cn_noise","Simulation_13","in","T>C",6,2723,1493.7230951479,1467
"S5_cn_noise","Simulation_13","in","T>C",7,2423,1573.42646085762,1549
"S5_cn_noise","Simulation_13","in","T>C",8,2441,1831.68403369788,1863
"S5_cn_noise","Simulation_13","in","T>C",9,2573,2184.74630124204,2234
"S5_cn_noise","Simulation_13","in","T>G",10,653,611.111176110316,619
"S5_cn_noise","Simulation_13","in","T>G",3,35,9.65535041781445,14
"S5_cn_noise","Simulation_13","in","T>G",4,362,130.868871445105,138
"S5_cn_noise","Simulation_13","in","T>G",5,741,334.147004522477,322
"S5_cn_noise","Simulation_13","in","T>G",6,744,409.081154171228,398
"S5_cn_noise","Simulation_13","in","T>G",7,779,508.170677485018,522
"S5_cn_noise","Simulation_13","in","T>G",8,787,591.99906030631,613
"S5_cn_noise","Simulation_13","in","T>G",9,959,817.371114361907,833
"S5_cn_noise","Simulation_13","out","C>A",10,706,667.310536589311,662
"S5_cn_noise","Simulation_13","out","C>A",3,82,22.6677810301906,19
"S5_cn_noise","Simulation_13","out","C>A",4,609,220.385487316946,217
"S5_cn_noise","Simulation_13","out","C>A",5,1456,659.166807254617,640
"S5_cn_noise","Simulation_13","out","C>A",6,1718,943.280519307167,969
"S5_cn_noise","Simulation_13","out","C>A",7,1531,994.919069141847,981
"S5_cn_noise","Simulation_13","out","C>A",8,1386,1037.35826818391,1052
"S5_cn_noise","Simulation_13","out","C>A",9,1168,992.00708871633,978
"S5_cn_noise","Simulation_13","out","C>G",10,4771,4639.86629187788,4638
"S5_cn_noise","Simulation_13","out","C>G",3,35,9.50449960792833,11
"S5_cn_noise","Simulation_13","out","C>G",4,198,70.9364190239454,83
"S5_cn_noise","Simulation_13","out","C>G",5,332,150.093439359493,155
"S5_cn_noise","Simulation_13","out","C>G",6,392,216.135250185221,223
"S5_cn_noise","Simulation_13","out","C>G",7,406,265.611427935466,280
"S5_cn_noise","Simulation_13","out","C>G",8,527,397.755249012738,410
"S5_cn_noise","Simulation_13","out","C>G",9,865,740.907135040802,741
"S5_cn_noise","Simulation_13","out","C>T",10,9987,9630.63300607518,9657
"S5_cn_noise","Simulation_13","out","C>T",3,162,44.0492708053419,48
"S5_cn_noise","Simulation_13","out","C>T",4,634,225.642905827794,228
"S5_cn_noise","Simulation_13","out","C>T",5,995,450.486065194942,491
"S5_cn_noise","Simulation_13","out","C>T",6,1058,580.353244925846,566
"S5_cn_noise","Simulation_13","out","C>T",7,1128,734.888840305339,747
"S5_cn_noise","Simulation_13","out","C>T",8,1441,1084.03492542337,1081
"S5_cn_noise","Simulation_13","out","C>T",9,2763,2370.69766290983,2383
"S5_cn_noise","Simulation_13","out","T>A",10,712,674.689361881305,684
"S5_cn_noise","Simulation_13","out","T>A",3,26,7.11804699844567,12
"S5_cn_noise","Simulation_13","out","T>A",4,211,75.0716980127163,80
"S5_cn_noise","Simulation_13","out","T>A",5,495,226.051545163896,226
"S5_cn_noise","Simulation_13","out","T>A",6,654,359.65684254563,349
"S5_cn_noise","Simulation_13","out","T>A",7,644,419.940289155431,413
"S5_cn_noise","Simulation_13","out","T>A",8,791,594.638473198553,601
"S5_cn_noise","Simulation_13","out","T>A",9,881,748.761379131117,742
"S5_cn_noise","Simulation_13","out","T>C",10,314,291.989241449355,299
"S5_cn_noise","Simulation_13","out","T>C",3,44,12.1863796419572,11
"S5_cn_noise","Simulation_13","out","T>C",4,412,148.354856627142,143
"S5_cn_noise","Simulation_13","out","T>C",5,777,350.620112891646,352
"S5_cn_noise","Simulation_13","out","T>C",6,805,440.85432974602,459
"S5_cn_noise","Simulation_13","out","T>C",7,748,486.143037005869,507
"S5_cn_noise","Simulation_13","out","T>C",8,680,510.489117174537,508
"S5_cn_noise","Simulation_13","out","T>C",9,669,568.294463101836,573
"S5_cn_noise","Simulation_13","out","T>G",10,151,140.36176934546,144
"S5_cn_noise","Simulation_13","out","T>G",3,12,3.2909058612779,5
"S5_cn_noise","Simulation_13","out","T>G",4,106,37.7155844018321,40
"S5_cn_noise","Simulation_13","out","T>G",5,244,110.956731020294,89
"S5_cn_noise","Simulation_13","out","T>G",6,259,141.572619968917,149
"S5_cn_noise","Simulation_13","out","T>G",7,196,126.89644383841,138
"S5_cn_noise","Simulation_13","out","T>G",8,182,136.86605677127,142
"S5_cn_noise","Simulation_13","out","T>G",9,250,213.300476242749,222
"S5_cn_noise","Simulation_14","in","C>A",10,8993,8512.2293038226,8536
"S5_cn_noise","Simulation_14","in","C>A",3,227,63.2399635231433,61
"S5_cn_noise","Simulation_14","in","C>A",4,2007,724.173851768367,712
"S5_cn_noise","Simulation_14","in","C>A",5,4294,1950.56474937879,2019
"S5_cn_noise","Simulation_14","in","C>A",6,4781,2630.2156011961,2695
"S5_cn_noise","Simulation_14","in","C>A",7,4688,3045.78535819068,3072
"S5_cn_noise","Simulation_14","in","C>A",8,5311,3992.7460685246,4009
"S5_cn_noise","Simulation_14","in","C>A",9,6934,5917.09615959025,5920
"S5_cn_noise","Simulation_14","in","C>G",10,6205,5939.39849277455,5951
"S5_cn_noise","Simulation_14","in","C>G",3,106,29.1490130506837,27
"S5_cn_noise","Simulation_14","in","C>G",4,605,217.011053801387,213
"S5_cn_noise","Simulation_14","in","C>G",5,1458,662.392422456757,651
"S5_cn_noise","Simulation_14","in","C>G",6,1614,884.276895636565,868
"S5_cn_noise","Simulation_14","in","C>G",7,1805,1175.12050577563,1206
"S5_cn_noise","Simulation_14","in","C>G",8,1961,1473.83855582515,1450
"S5_cn_noise","Simulation_14","in","C>G",9,2384,2039.66813038728,2061
"S5_cn_noise","Simulation_14","in","C>T",10,19981,19093.3228717034,19160
"S5_cn_noise","Simulation_14","in","C>T",3,246,68.1028350896295,78
"S5_cn_noise","Simulation_14","in","C>T",4,2079,748.74818005185,739
"S5_cn_noise","Simulation_14","in","C>T",5,4722,2148.88981931987,2169
"S5_cn_noise","Simulation_14","in","C>T",6,6003,3298.90602164404,3353
"S5_cn_noise","Simulation_14","in","C>T",7,5892,3833.45121069784,3898
"S5_cn_noise","Simulation_14","in","C>T",8,6206,4662.47780670998,4702
"S5_cn_noise","Simulation_14","in","C>T",9,8215,7016.43078319636,7031
"S5_cn_noise","Simulation_14","in","T>A",10,1330,1242.79335897783,1257
"S5_cn_noise","Simulation_14","in","T>A",3,135,37.5316135995725,35
"S5_cn_noise","Simulation_14","in","T>A",4,1063,382.436011840998,370
"S5_cn_noise","Simulation_14","in","T>A",5,2205,1001.6749539922,1027
"S5_cn_noise","Simulation_14","in","T>A",6,2370,1302.07376779755,1278
"S5_cn_noise","Simulation_14","in","T>A",7,2198,1428.09024187188,1451
"S5_cn_noise","Simulation_14","in","T>A",8,2074,1556.88734445663,1573
"S5_cn_noise","Simulation_14","in","T>A",9,2202,1874.9985181298,1907
"S5_cn_noise","Simulation_14","in","T>C",10,1099,1022.94693908728,1028
"S5_cn_noise","Simulation_14","in","T>C",3,115,32.3355727767867,36
"S5_cn_noise","Simulation_14","in","T>C",4,1333,481.775842315753,521
"S5_cn_noise","Simulation_14","in","T>C",5,2933,1327.48012734523,1367
"S5_cn_noise","Simulation_14","in","T>C",6,3119,1713.17693119327,1689
"S5_cn_noise","Simulation_14","in","T>C",7,2690,1746.23373797066,1786
"S5_cn_noise","Simulation_14","in","T>C",8,2575,1933.45852363878,1995
"S5_cn_noise","Simulation_14","in","T>C",9,2662,2263.0814122719,2302
"S5_cn_noise","Simulation_14","in","T>G",10,271,252.367586548897,262
"S5_cn_noise","Simulation_14","in","T>G",3,20,5.63560688819596,4
"S5_cn_noise","Simulation_14","in","T>G",4,333,121.078041344372,129
"S5_cn_noise","Simulation_14","in","T>G",5,942,429.45268471841,423
"S5_cn_noise","Simulation_14","in","T>G",6,1114,611.888742220583,619
"S5_cn_noise","Simulation_14","in","T>G",7,1048,679.849149756351,687
"S5_cn_noise","Simulation_14","in","T>G",8,917,684.776379077065,691
"S5_cn_noise","Simulation_14","in","T>G",9,658,556.767835060485,554
"S5_cn_noise","Simulation_14","out","C>A",10,3007,2864.17578322998,2876
"S5_cn_noise","Simulation_14","out","C>A",3,44,12.1728437619897,14
"S5_cn_noise","Simulation_14","out","C>A",4,443,160.566034901064,167
"S5_cn_noise","Simulation_14","out","C>A",5,988,448.945171909897,493
"S5_cn_noise","Simulation_14","out","C>A",6,1124,619.145260017538,610
"S5_cn_noise","Simulation_14","out","C>A",7,1035,672.822884373075,693
"S5_cn_noise","Simulation_14","out","C>A",8,1220,916.919959725954,921
"S5_cn_noise","Simulation_14","out","C>A",9,1663,1418.27359547005,1410
"S5_cn_noise","Simulation_14","out","C>G",10,1371,1307.00592207401,1306
"S5_cn_noise","Simulation_14","out","C>G",3,22,5.99589249986206,6
"S5_cn_noise","Simulation_14","out","C>G",4,153,54.6289707273923,50
"S5_cn_noise","Simulation_14","out","C>G",5,314,142.493699807897,125
"S5_cn_noise","Simulation_14","out","C>G",6,368,203.131557082728,190
"S5_cn_noise","Simulation_14","out","C>G",7,424,276.920245600978,269
"S5_cn_noise","Simulation_14","out","C>G",8,508,381.576550730602,397
"S5_cn_noise","Simulation_14","out","C>G",9,606,518.241502638988,517
"S5_cn_noise","Simulation_14","out","C>T",10,4742,4533.18675237935,4539
"S5_cn_noise","Simulation_14","out","C>T",3,47,13.102992753698,16
"S5_cn_noise","Simulation_14","out","C>T",4,450,160.920115604649,165
"S5_cn_noise","Simulation_14","out","C>T",5,1127,514.021482500551,513
"S5_cn_noise","Simulation_14","out","C>T",6,1412,775.42799191196,797
"S5_cn_noise","Simulation_14","out","C>T",7,1280,833.565625635092,866
"S5_cn_noise","Simulation_14","out","C>T",8,1448,1086.09292025426,1090
"S5_cn_noise","Simulation_14","out","C>T",9,1929,1648.69827092131,1690
"S5_cn_noise","Simulation_14","out","T>A",10,290,270.370628310407,268
"S5_cn_noise","Simulation_14","out","T>A",3,26,7.23722289113115,6
"S5_cn_noise","Simulation_14","out","T>A",4,223,80.1346553744476,72
"S5_cn_noise","Simulation_14","out","T>A",5,480,217.322208387964,218
"S5_cn_noise","Simulation_14","out","T>A",6,579,317.865854583808,308
"S5_cn_noise","Simulation_14","out","T>A",7,499,325.368073206981,330
"S5_cn_noise","Simulation_14","out","T>A",8,509,381.917761584312,368
"S5_cn_noise","Simulation_14","out","T>A",9,510,434.010412883297,454
"S5_cn_noise","Simulation_14","out","T>C",10,259,241.59045993011,241
"S5_cn_noise","Simulation_14","out","T>C",3,29,8.05883502462629,11
"S5_cn_noise","Simulation_14","out","T>C",4,328,118.6535044695,125
"S5_cn_noise","Simulation_14","out","T>C",5,671,303.249365248421,310
"S5_cn_noise","Simulation_14","out","T>C",6,690,377.751551080748,371
"S5_cn_noise","Simulation_14","out","T>C",7,614,398.901487565127,415
"S5_cn_noise","Simulation_14","out","T>C",8,621,465.329195985901,460
"S5_cn_noise","Simulation_14","out","T>C",9,579,491.771390804382,490
"S5_cn_noise","Simulation_14","out","T>G",10,77,71.9823433425487,71
"S5_cn_noise","Simulation_14","out","T>G",3,10,2.78124930256826,2
"S5_cn_noise","Simulation_14","out","T>G",4,78,28.2746895311554,33
"S5_cn_noise","Simulation_14","out","T>G",5,206,93.9094431694041,98
"S5_cn_noise","Simulation_14","out","T>G",6,254,140.030748197332,140
"S5_cn_noise","Simulation_14","out","T>G",7,228,148.58364215331,149
"S5_cn_noise","Simulation_14","out","T>G",8,200,149.897515015518,149
"S5_cn_noise","Simulation_14","out","T>G",9,209,177.767646963156,175
"S5_cn_noise","Simulation_15","in","C>A",10,5679,5347.68207635259,5389
"S5_cn_noise","Simulation_15","in","C>A",3,211,58.5704173491533,59
"S5_cn_noise","Simulation_15","in","C>A",4,1978,715.861945029202,746
"S5_cn_noise","Simulation_15","in","C>A",5,4571,2081.03655474761,2157
"S5_cn_noise","Simulation_15","in","C>A",6,5942,3263.91409058563,3356
"S5_cn_noise","Simulation_15","in","C>A",7,5718,3710.44743677608,3738
"S5_cn_noise","Simulation_15","in","C>A",8,6045,4533.31277588085,4586
"S5_cn_noise","Simulation_15","in","C>A",9,6711,5707.69183854726,5721
"S5_cn_noise","Simulation_15","in","C>G",10,14496,14037.1015824654,14047
"S5_cn_noise","Simulation_15","in","C>G",2,1,0.181363016418653,0
"S5_cn_noise","Simulation_15","in","C>G",3,89,24.4660559559467,17
"S5_cn_noise","Simulation_15","in","C>G",4,573,205.846365772647,217
"S5_cn_noise","Simulation_15","in","C>G",5,1296,590.869920827339,583
"S5_cn_noise","Simulation_15","in","C>G",6,1650,906.739465983043,918
"S5_cn_noise","Simulation_15","in","C>G",7,1701,1105.92204599786,1097
"S5_cn_noise","Simulation_15","in","C>G",8,2048,1540.0715452273,1527
"S5_cn_noise","Simulation_15","in","C>G",9,3459,2963.61548461714,2976
"S5_cn_noise","Simulation_15","in","C>T",10,35218,34064.9645905203,34068
"S5_cn_noise","Simulation_15","in","C>T",3,288,79.0592336644488,93
"S5_cn_noise","Simulation_15","in","C>T",4,1821,655.654143877103,673
"S5_cn_noise","Simulation_15","in","C>T",5,3980,1810.58006526927,1813
"S5_cn_noise","Simulation_15","in","C>T",6,4832,2658.97698620512,2739
"S5_cn_noise","Simulation_15","in","C>T",7,4960,3229.36324895893,3205
"S5_cn_noise","Simulation_15","in","C>T",8,5841,4397.80787201906,4408
"S5_cn_noise","Simulation_15","in","C>T",9,9727,8329.44654503193,8380
"S5_cn_noise","Simulation_15","in","T>A",10,4382,4122.90487835872,4124
"S5_cn_noise","Simulation_15","in","T>A",3,88,24.4078826669494,32
"S5_cn_noise","Simulation_15","in","T>A",4,704,252.436109764434,249
"S5_cn_noise","Simulation_15","in","T>A",5,1566,714.667069357164,721
"S5_cn_noise","Simulation_15","in","T>A",6,2076,1141.4345604902,1172
"S5_cn_noise","Simulation_15","in","T>A",7,2026,1318.23777138301,1288
"S5_cn_noise","Simulation_15","in","T>A",8,2470,1856.29736371179,1904
"S5_cn_noise","Simulation_15","in","T>A",9,3708,3171.46599867175,3145
"S5_cn_noise","Simulation_15","in","T>C",10,1838,1725.9425120338,1732
"S5_cn_noise","Simulation_15","in","T>C",3,132,36.7376152071595,38
"S5_cn_noise","Simulation_15","in","T>C",4,1230,442.184261711611,455
"S5_cn_noise","Simulation_15","in","T>C",5,2622,1190.18456850428,1219
"S5_cn_noise","Simulation_15","in","T>C",6,3044,1671.30414069465,1706
"S5_cn_noise","Simulation_15","in","T>C",7,2685,1739.253553462,1774
"S5_cn_noise","Simulation_15","in","T>C",8,2572,1924.32116601883,1963
"S5_cn_noise","Simulation_15","in","T>C",9,2407,2047.37470998981,2050
"S5_cn_noise","Simulation_15","in","T>G",10,614,576.787448302429,581
"S5_cn_noise","Simulation_15","in","T>G",3,15,4.16476545611233,4
"S5_cn_noise","Simulation_15","in","T>G",4,301,109.360965896091,120
"S5_cn_noise","Simulation_15","in","T>G",5,734,334.790624438344,341
"S5_cn_noise","Simulation_15","in","T>G",6,920,505.251651618797,515
"S5_cn_noise","Simulation_15","in","T>G",7,834,541.347028578402,546
"S5_cn_noise","Simulation_15","in","T>G",8,878,657.992086413331,668
"S5_cn_noise","Simulation_15","in","T>G",9,843,717.026094391083,737
"S5_cn_noise","Simulation_15","out","C>A",10,1431,1346.11389226906,1352
"S5_cn_noise","Simulation_15","out","C>A",3,53,14.4440372879621,17
"S5_cn_noise","Simulation_15","out","C>A",4,420,152.01696690276,156
"S5_cn_noise","Simulation_15","out","C>A",5,1053,478.129183718295,504
"S5_cn_noise","Simulation_15","out","C>A",6,1399,768.665248681785,784
"S5_cn_noise","Simulation_15","out","C>A",7,1324,860.63400535137,886
"S5_cn_noise","Simulation_15","out","C>A",8,1400,1051.11536265324,1046
"S5_cn_noise","Simulation_15","out","C>A",9,1690,1437.35306671207,1461
"S5_cn_noise","Simulation_15","out","C>G",10,3901,3791.59885823477,3784
"S5_cn_noise","Simulation_15","out","C>G",3,16,4.3927427404596,5
"S5_cn_noise","Simulation_15","out","C>G",4,154,55.5906842261548,56
"S5_cn_noise","Simulation_15","out","C>G",5,298,136.014039794186,136
"S5_cn_noise","Simulation_15","out","C>G",6,410,227.19902073088,222
"S5_cn_noise","Simulation_15","out","C>G",7,407,265.727357249606,273
"S5_cn_noise","Simulation_15","out","C>G",8,473,355.546978951552,354
"S5_cn_noise","Simulation_15","out","C>G",9,758,649.365701667562,647
"S5_cn_noise","Simulation_15","out","C>T",10,9002,8702.88492115615,8697
"S5_cn_noise","Simulation_15","out","C>T",3,75,20.3993578510489,27
"S5_cn_noise","Simulation_15","out","C>T",4,463,165.373805382389,171
"S5_cn_noise","Simulation_15","out","C>T",5,943,429.25296119546,447
"S5_cn_noise","Simulation_15","out","C>T",6,1036,572.559246681975,588
"S5_cn_noise","Simulation_15","out","C>T",7,1215,790.642551315728,825
"S5_cn_noise","Simulation_15","out","C>T",8,1401,1054.28410171999,1064
"S5_cn_noise","Simulation_15","out","C>T",9,2411,2066.60713908258,2087
"S5_cn_noise","Simulation_15","out","T>A",10,1174,1106.35041687514,1108
"S5_cn_noise","Simulation_15","out","T>A",3,29,8.05618689417805,8
"S5_cn_noise","Simulation_15","out","T>A",4,176,63.3763823718585,51
"S5_cn_noise","Simulation_15","out","T>A",5,338,154.063146204246,164
"S5_cn_noise","Simulation_15","out","T>A",6,498,273.402954805417,286
"S5_cn_noise","Simulation_15","out","T>A",7,487,316.970850001703,309
"S5_cn_noise","Simulation_15","out","T>A",8,570,428.728910489866,446
"S5_cn_noise","Simulation_15","out","T>A",9,890,761.893743313306,752
"S5_cn_noise","Simulation_15","out","T>C",10,335,313.900225448618,302
"S5_cn_noise","Simulation_15","out","T>C",3,37,10.2926254104296,8
"S5_cn_noise","Simulation_15","out","T>C",4,291,104.879420839075,112
"S5_cn_noise","Simulation_15","out","T>C",5,612,277.480087278036,277
"S5_cn_noise","Simulation_15","out","T>C",6,728,400.154289676413,406
"S5_cn_noise","Simulation_15","out","T>C",7,640,415.707285073207,435
"S5_cn_noise","Simulation_15","out","T>C",8,578,432.175790281298,453
"S5_cn_noise","Simulation_15","out","T>C",9,518,440.591338040743,438
"S5_cn_noise","Simulation_15","out","T>G",10,128,120.212637244655,120
"S5_cn_noise","Simulation_15","out","T>G",3,4,1.11630295381118,2
"S5_cn_noise","Simulation_15","out","T>G",4,94,34.0822291802936,36
"S5_cn_noise","Simulation_15","out","T>G",5,195,88.4705968243512,91
"S5_cn_noise","Simulation_15","out","T>G",6,191,105.240912524737,110
"S5_cn_noise","Simulation_15","out","T>G",7,215,139.7189066605,156
"S5_cn_noise","Simulation_15","out","T>G",8,209,157.436107911326,164
"S5_cn_noise","Simulation_15","out","T>G",9,208,175.941145625094,179
"S5_cn_noise","Simulation_16","in","C>A",10,7761,7404.76095593205,7402
"S5_cn_noise","Simulation_16","in","C>A",3,186,51.5301937123537,56
"S5_cn_noise","Simulation_16","in","C>A",4,1892,682.242455480246,694
"S5_cn_noise","Simulation_16","in","C>A",5,4224,1917.08774693988,2008
"S5_cn_noise","Simulation_16","in","C>A",6,4752,2605.83668818725,2621
"S5_cn_noise","Simulation_16","in","C>A",7,4384,2846.28358392364,2847
"S5_cn_noise","Simulation_16","in","C>A",8,4632,3477.40674122159,3460
"S5_cn_noise","Simulation_16","in","C>A",9,5312,4522.67128612344,4520
"S5_cn_noise","Simulation_16","in","C>G",10,19111,18648.1834325546,18647
"S5_cn_noise","Simulation_16","in","C>G",3,68,18.7373587137782,18
"S5_cn_noise","Simulation_16","in","C>G",4,731,262.009813690224,261
"S5_cn_noise","Simulation_16","in","C>G",5,1317,596.840120473968,588
"S5_cn_noise","Simulation_16","in","C>G",6,1437,790.133137607628,814
"S5_cn_noise","Simulation_16","in","C>G",7,1359,883.67138752552,875
"S5_cn_noise","Simulation_16","in","C>G",8,1471,1104.29531318229,1083
"S5_cn_noise","Simulation_16","in","C>G",9,2549,2183.13643131221,2212
"S5_cn_noise","Simulation_16","in","C>T",10,23931,22989.2609498281,22960
"S5_cn_noise","Simulation_16","in","C>T",3,393,106.8919047719,122
"S5_cn_noise","Simulation_16","in","C>T",4,2119,758.518758318241,747
"S5_cn_noise","Simulation_16","in","C>T",5,3734,1687.76763398293,1717
"S5_cn_noise","Simulation_16","in","C>T",6,3878,2133.7327526503,2166
"S5_cn_noise","Simulation_16","in","C>T",7,4300,2803.20655411712,2817
"S5_cn_noise","Simulation_16","in","C>T",8,5383,4050.54443134802,4077
"S5_cn_noise","Simulation_16","in","C>T",9,7945,6789.01388779372,6800
"S5_cn_noise","Simulation_16","in","T>A",10,1450,1361.41863541361,1362
"S5_cn_noise","Simulation_16","in","T>A",3,137,38.0319643972468,45
"S5_cn_noise","Simulation_16","in","T>A",4,1022,367.121872966577,404
"S5_cn_noise","Simulation_16","in","T>A",5,1812,818.959492117383,824
"S5_cn_noise","Simulation_16","in","T>A",6,1928,1058.2353473859,1052
"S5_cn_noise","Simulation_16","in","T>A",7,1731,1124.70899420082,1131
"S5_cn_noise","Simulation_16","in","T>A",8,1630,1223.37967761986,1230
"S5_cn_noise","Simulation_16","in","T>A",9,1701,1449.16402543503,1439
"S5_cn_noise","Simulation_16","in","T>C",10,594,550.491946607141,561
"S5_cn_noise","Simulation_16","in","T>C",3,189,51.9675725049703,52
"S5_cn_noise","Simulation_16","in","T>C",4,1103,396.011783487728,389
"S5_cn_noise","Simulation_16","in","T>C",5,2295,1040.42030018618,1080
"S5_cn_noise","Simulation_16","in","T>C",6,2527,1387.46841585284,1455
"S5_cn_noise","Simulation_16","in","T>C",7,2428,1577.59340001155,1620
"S5_cn_noise","Simulation_16","in","T>C",8,2384,1785.23838958208,1819
"S5_cn_noise","Simulation_16","in","T>C",9,1974,1671.24709388601,1739
"S5_cn_noise","Simulation_16","in","T>G",10,257,240.205551058933,246
"S5_cn_noise","Simulation_16","in","T>G",3,35,9.74983278837862,7
"S5_cn_noise","Simulation_16","in","T>G",4,351,126.872391500157,125
"S5_cn_noise","Simulation_16","in","T>G",5,754,342.636910526781,335
"S5_cn_noise","Simulation_16","in","T>G",6,791,436.589585932882,454
"S5_cn_noise","Simulation_16","in","T>G",7,755,490.773469656715,519
"S5_cn_noise","Simulation_16","in","T>G",8,749,562.056341178561,595
"S5_cn_noise","Simulation_16","in","T>G",9,614,520.39521712307,545
"S5_cn_noise","Simulation_16","out","C>A",10,1931,1841.53345153275,1847
"S5_cn_noise","Simulation_16","out","C>A",3,39,10.9115367239699,12
"S5_cn_noise","Simulation_16","out","C>A",4,558,201.053081251104,195
"S5_cn_noise","Simulation_16","out","C>A",5,1141,518.360834976551,514
"S5_cn_noise","Simulation_16","out","C>A",6,1305,716.441342776511,724
"S5_cn_noise","Simulation_16","out","C>A",7,1204,782.46227013291,797
"S5_cn_noise","Simulation_16","out","C>A",8,1186,890.470236160723,903
"S5_cn_noise","Simulation_16","out","C>A",9,1361,1157.91613598611,1161
"S5_cn_noise","Simulation_16","out","C>G",10,4457,4341.34317113503,4348
"S5_cn_noise","Simulation_16","out","C>G",3,29,8.06646952421007,3
"S5_cn_noise","Simulation_16","out","C>G",4,199,72.2711736298622,77
"S5_cn_noise","Simulation_16","out","C>G",5,336,151.819767234556,149
"S5_cn_noise","Simulation_16","out","C>G",6,419,230.192572657485,243
"S5_cn_noise","Simulation_16","out","C>G",7,349,226.627544989218,247
"S5_cn_noise","Simulation_16","out","C>G",8,391,294.418691440566,296
"S5_cn_noise","Simulation_16","out","C>G",9,640,548.403373073644,554
"S5_cn_noise","Simulation_16","out","C>T",10,5043,4830.35920593435,4842
"S5_cn_noise","Simulation_16","out","C>T",3,113,31.1010423869688,33
"S5_cn_noise","Simulation_16","out","C>T",4,618,222.135549380172,227
"S5_cn_noise","Simulation_16","out","C>T",5,953,430.953954298779,444
"S5_cn_noise","Simulation_16","out","C>T",6,1054,579.453166196403,564
"S5_cn_noise","Simulation_16","out","C>T",7,1169,760.820806046684,771
"S5_cn_noise","Simulation_16","out","C>T",8,1300,975.601343724106,976
"S5_cn_noise","Simulation_16","out","C>T",9,1866,1590.19943164961,1598
"S5_cn_noise","Simulation_16","out","T>A",10,325,305.007241036209,307
"S5_cn_noise","Simulation_16","out","T>A",3,43,11.8541362441504,13
"S5_cn_noise","Simulation_16","out","T>A",4,259,92.4581219499017,93
"S5_cn_noise","Simulation_16","out","T>A",5,474,214.275288957804,214
"S5_cn_noise","Simulation_16","out","T>A",6,500,274.058424311813,273
"S5_cn_noise","Simulation_16","out","T>A",7,446,289.721400171918,282
"S5_cn_noise","Simulation_16","out","T>A",8,397,298.559568516091,308
"S5_cn_noise","Simulation_16","out","T>A",9,401,339.25099706623,343
"S5_cn_noise","Simulation_16","out","T>C",10,123,113.668322783134,117
"S5_cn_noise","Simulation_16","out","T>C",3,57,15.9543370792993,18
"S5_cn_noise","Simulation_16","out","T>C",4,339,121.13258013332,123
"S5_cn_noise","Simulation_16","out","T>C",5,563,254.43274818245,229
"S5_cn_noise","Simulation_16","out","T>C",6,627,344.703556925272,343
"S5_cn_noise","Simulation_16","out","T>C",7,621,404.617164936466,431
"S5_cn_noise","Simulation_16","out","T>C",8,590,442.387156318451,449
"S5_cn_noise","Simulation_16","out","T>C",9,423,358.688463715886,364
"S5_cn_noise","Simulation_16","out","T>G",10,53,49.6282998799318,52
"S5_cn_noise","Simulation_16","out","T>G",3,14,3.96632229558723,3
"S5_cn_noise","Simulation_16","out","T>G",4,95,34.4090320215661,37
"S5_cn_noise","Simulation_16","out","T>G",5,185,83.4928222070934,88
"S5_cn_noise","Simulation_16","out","T>G",6,188,103.073293049293,113
"S5_cn_noise","Simulation_16","out","T>G",7,193,125.587991738282,121
"S5_cn_noise","Simulation_16","out","T>G",8,198,147.945849922204,150
"S5_cn_noise","Simulation_16","out","T>G",9,154,129.634729076066,124
"S5_cn_noise","Simulation_17","in","C>A",10,7560,7148.0443874402,7186
"S5_cn_noise","Simulation_17","in","C>A",3,164,45.3590945553724,49
"S5_cn_noise","Simulation_17","in","C>A",4,1867,675.464883147097,697
"S5_cn_noise","Simulation_17","in","C>A",5,4730,2158.60867774109,2148
"S5_cn_noise","Simulation_17","in","C>A",6,6438,3536.18947992054,3518
"S5_cn_noise","Simulation_17","in","C>A",7,6347,4131.20280075957,4138
"S5_cn_noise","Simulation_17","in","C>A",8,6857,5149.70409865607,5189
"S5_cn_noise","Simulation_17","in","C>A",9,7516,6395.92591447699,6435
"S5_cn_noise","Simulation_17","in","C>G",10,30269,29600.9166897406,29608
"S5_cn_noise","Simulation_17","in","C>G",3,70,19.3577098595567,18
"S5_cn_noise","Simulation_17","in","C>G",4,557,200.284957421532,189
"S5_cn_noise","Simulation_17","in","C>G",5,1175,536.986734364686,548
"S5_cn_noise","Simulation_17","in","C>G",6,1761,967.757130115607,976
"S5_cn_noise","Simulation_17","in","C>G",7,1800,1172.57109048822,1176
"S5_cn_noise","Simulation_17","in","C>G",8,2490,1875.1892867152,1847
"S5_cn_noise","Simulation_17","in","C>G",9,4012,3435.03520616943,3392
"S5_cn_noise","Simulation_17","in","C>T",10,30438,29255.8057207339,29167
"S5_cn_noise","Simulation_17","in","C>T",2,1,0.18658296102823,0
"S5_cn_noise","Simulation_17","in","C>T",3,407,110.955381238111,119
"S5_cn_noise","Simulation_17","in","C>T",4,2313,829.030632591124,817
"S5_cn_noise","Simulation_17","in","C>T",5,4364,1978.53074705926,1977
"S5_cn_noise","Simulation_17","in","C>T",6,4936,2716.58384814055,2678
"S5_cn_noise","Simulation_17","in","C>T",7,5172,3368.94225193495,3352
"S5_cn_noise","Simulation_17","in","C>T",8,6781,5105.46880562733,5106
"S5_cn_noise","Simulation_17","in","C>T",9,10756,9192.3962635369,9189
"S5_cn_noise","Simulation_17","in","T>A",10,2039,1919.60808916514,1926
"S5_cn_noise","Simulation_17","in","T>A",3,135,37.2248267864844,36
"S5_cn_noise","Simulation_17","in","T>A",4,1138,407.084400071928,399
"S5_cn_noise","Simulation_17","in","T>A",5,1982,899.744145065059,910
"S5_cn_noise","Simulation_17","in","T>A",6,2279,1251.65794175419,1300
"S5_cn_noise","Simulation_17","in","T>A",7,2027,1317.18455382369,1331
"S5_cn_noise","Simulation_17","in","T>A",8,1930,1448.87266919957,1446
"S5_cn_noise","Simulation_17","in","T>A",9,2175,1853.19070727543,1868
"S5_cn_noise","Simulation_17","in","T>C",10,1837,1717.2828565858,1720
"S5_cn_noise","Simulation_17","in","T>C",2,1,0.192065513289778,1
"S5_cn_noise","Simulation_17","in","T>C",3,178,48.6565907155135,47
"S5_cn_noise","Simulation_17","in","T>C",4,1257,453.819288144101,460
"S5_cn_noise","Simulation_17","in","T>C",5,2687,1219.58896407767,1223
"S5_cn_noise","Simulation_17","in","T>C",6,2970,1629.48484674802,1595
"S5_cn_noise","Simulation_17","in","T>C",7,2698,1751.31163071691,1767
"S5_cn_noise","Simulation_17","in","T>C",8,2513,1881.34362255969,1884
"S5_cn_noise","Simulation_17","in","T>C",9,2689,2288.69715034413,2270
"S5_cn_noise","Simulation_17","in","T>G",10,1324,1260.64375969029,1268
"S5_cn_noise","Simulation_17","in","T>G",3,26,7.19643803477375,7
"S5_cn_noise","Simulation_17","in","T>G",4,302,109.151929647623,101
"S5_cn_noise","Simulation_17","in","T>G",5,663,301.399450728808,326
"S5_cn_noise","Simulation_17","in","T>G",6,861,472.504521747544,463
"S5_cn_noise","Simulation_17","in","T>G",7,883,574.135710474341,563
"S5_cn_noise","Simulation_17","in","T>G",8,881,662.148504326843,633
"S5_cn_noise","Simulation_17","in","T>G",9,993,843.811622999092,865
"S5_cn_noise","Simulation_17","out","C>A",10,1853,1749.78704110986,1765
"S5_cn_noise","Simulation_17","out","C>A",3,42,11.4812540352985,18
"S5_cn_noise","Simulation_17","out","C>A",4,451,162.770432165361,162
"S5_cn_noise","Simulation_17","out","C>A",5,1216,554.178294755503,565
"S5_cn_noise","Simulation_17","out","C>A",6,1535,842.59788478693,874
"S5_cn_noise","Simulation_17","out","C>A",7,1532,997.464792970898,966
"S5_cn_noise","Simulation_17","out","C>A",8,1606,1204.28263206483,1197
"S5_cn_noise","Simulation_17","out","C>A",9,1636,1391.2179396987,1386
"S5_cn_noise","Simulation_17","out","C>G",10,6693,6537.29759642215,6549
"S5_cn_noise","Simulation_17","out","C>G",3,19,5.26727027679546,6
"S5_cn_noise","Simulation_17","out","C>G",4,137,49.9560227575603,51
"S5_cn_noise","Simulation_17","out","C>G",5,283,128.57212408662,132
"S5_cn_noise","Simulation_17","out","C>G",6,385,211.845017447918,212
"S5_cn_noise","Simulation_17","out","C>G",7,489,319.229810549893,329
"S5_cn_noise","Simulation_17","out","C>G",8,665,499.917606553594,507
"S5_cn_noise","Simulation_17","out","C>G",9,1004,859.847470154602,844
"S5_cn_noise","Simulation_17","out","C>T",10,8708,8376.82911495373,8362
"S5_cn_noise","Simulation_17","out","C>T",3,98,26.8166357961003,26
"S5_cn_noise","Simulation_17","out","C>T",4,575,205.22381218713,224
"S5_cn_noise","Simulation_17","out","C>T",5,1062,481.777854563544,475
"S5_cn_noise","Simulation_17","out","C>T",6,1168,643.82512544511,622
"S5_cn_noise","Simulation_17","out","C>T",7,1354,879.652277151962,905
"S5_cn_noise","Simulation_17","out","C>T",8,1638,1233.40923857703,1259
"S5_cn_noise","Simulation_17","out","C>T",9,2760,2361.87266552833,2375
"S5_cn_noise","Simulation_17","out","T>A",10,481,453.654353428272,453
"S5_cn_noise","Simulation_17","out","T>A",3,30,8.23137428791623,9
"S5_cn_noise","Simulation_17","out","T>A",4,241,86.5097426443143,88
"S5_cn_noise","Simulation_17","out","T>A",5,534,242.729711519391,262
"S5_cn_noise","Simulation_17","out","T>A",6,611,335.522982607437,318
"S5_cn_noise","Simulation_17","out","T>A",7,540,349.736961505763,355
"S5_cn_noise","Simulation_17","out","T>A",8,468,351.323002954808,351
"S5_cn_noise","Simulation_17","out","T>A",9,537,456.815128505289,446
"S5_cn_noise","Simulation_17","out","T>C",10,458,429.065330914291,422
"S5_cn_noise","Simulation_17","out","T>C",3,54,14.6597401976712,16
"S5_cn_noise","Simulation_17","out","T>C",4,315,113.361785947173,110
"S5_cn_noise","Simulation_17","out","T>C",5,696,315.603732051194,307
"S5_cn_noise","Simulation_17","out","T>C",6,730,402.76497085752,393
"S5_cn_noise","Simulation_17","out","T>C",7,640,413.93206502754,415
"S5_cn_noise","Simulation_17","out","T>C",8,630,472.631174485373,480
"S5_cn_noise","Simulation_17","out","T>C",9,608,516.457422699591,513
"S5_cn_noise","Simulation_17","out","T>G",10,351,333.935621205008,338
"S5_cn_noise","Simulation_17","out","T>G",3,7,1.85078127917283,1
"S5_cn_noise","Simulation_17","out","T>G",4,69,24.7405284894227,25
"S5_cn_noise","Simulation_17","out","T>G",5,187,85.0604068422574,75
"S5_cn_noise","Simulation_17","out","T>G",6,201,110.887694466826,107
"S5_cn_noise","Simulation_17","out","T>G",7,181,117.443071065924,104
"S5_cn_noise","Simulation_17","out","T>G",8,199,149.165579693916,144
"S5_cn_noise","Simulation_17","out","T>G",9,233,198.667344273442,200
"S5_cn_noise","Simulation_18","in","C>A",10,8275,7801.67418689315,7757
"S5_cn_noise","Simulation_18","in","C>A",3,184,50.8972461475133,50
"S5_cn_noise","Simulation_18","in","C>A",4,1674,602.723604141036,584
"S5_cn_noise","Simulation_18","in","C>A",5,3733,1698.61611632696,1668
"S5_cn_noise","Simulation_18","in","C>A",6,4617,2534.8589063265,2599
"S5_cn_noise","Simulation_18","in","C>A",7,4596,2991.74216383667,3035
"S5_cn_noise","Simulation_18","in","C>A",8,5313,3993.21974304656,4006
"S5_cn_noise","Simulation_18","in","C>A",9,6979,5953.69751030302,6031
"S5_cn_noise","Simulation_18","in","C>G",10,12164,11748.7381313253,11757
"S5_cn_noise","Simulation_18","in","C>G",2,1,0.188117594782461,0
"S5_cn_noise","Simulation_18","in","C>G",3,102,27.9453092765025,28
"S5_cn_noise","Simulation_18","in","C>G",4,554,199.323646722491,195
"S5_cn_noise","Simulation_18","in","C>G",5,1199,543.561532459935,535
"S5_cn_noise","Simulation_18","in","C>G",6,1418,780.031062957149,818
"S5_cn_noise","Simulation_18","in","C>G",7,1533,997.521864736731,1014
"S5_cn_noise","Simulation_18","in","C>G",8,1787,1343.66951092336,1336
"S5_cn_noise","Simulation_18","in","C>G",9,2890,2479.37680201771,2492
"S5_cn_noise","Simulation_18","in","C>T",10,22677,21665.7324269197,21674
"S5_cn_noise","Simulation_18","in","C>T",3,433,119.371882043167,138
"S5_cn_noise","Simulation_18","in","C>T",4,2474,886.071994530364,864
"S5_cn_noise","Simulation_18","in","C>T",5,4396,1992.16538110905,2019
"S5_cn_noise","Simulation_18","in","C>T",6,4691,2575.18574397283,2655
"S5_cn_noise","Simulation_18","in","C>T",7,4614,3002.43977640745,3018
"S5_cn_noise","Simulation_18","in","C>T",8,5691,4282.37710020899,4310
"S5_cn_noise","Simulation_18","in","C>T",9,9331,7991.30442731658,7995
"S5_cn_noise","Simulation_18","in","T>A",10,283,262.592198048517,261
"S5_cn_noise","Simulation_18","in","T>A",3,165,45.3783537971965,51
"S5_cn_noise","Simulation_18","in","T>A",4,1164,417.97645454669,434
"S5_cn_noise","Simulation_18","in","T>A",5,2126,963.112378225544,989
"S5_cn_noise","Simulation_18","in","T>A",6,2086,1144.67186523306,1145
"S5_cn_noise","Simulation_18","in","T>A",7,1869,1210.82520983792,1281
"S5_cn_noise","Simulation_18","in","T>A",8,1637,1223.08911020347,1239
"S5_cn_noise","Simulation_18","in","T>A",9,968,818.906860471579,838
"S5_cn_noise","Simulation_18","in","T>C",10,802,747.458993931381,745
"S5_cn_noise","Simulation_18","in","T>C",3,188,51.8119488728404,46
"S5_cn_noise","Simulation_18","in","T>C",4,1533,549.63149544163,535
"S5_cn_noise","Simulation_18","in","T>C",5,2699,1220.59212880555,1202
"S5_cn_noise","Simulation_18","in","T>C",6,2640,1443.28356267561,1448
"S5_cn_noise","Simulation_18","in","T>C",7,2242,1455.97168018829,1470
"S5_cn_noise","Simulation_18","in","T>C",8,2103,1575.59514015288,1587
"S5_cn_noise","Simulation_18","in","T>C",9,1855,1573.42481232875,1595
"S5_cn_noise","Simulation_18","in","T>G",10,181,167.723396826815,164
"S5_cn_noise","Simulation_18","in","T>G",3,31,8.56926704709757,6
"S5_cn_noise","Simulation_18","in","T>G",4,293,105.625453421457,114
"S5_cn_noise","Simulation_18","in","T>G",5,819,371.461111941915,379
"S5_cn_noise","Simulation_18","in","T>G",6,914,501.519761622496,496
"S5_cn_noise","Simulation_18","in","T>G",7,831,539.076943485758,554
"S5_cn_noise","Simulation_18","in","T>G",8,817,610.265832495113,619
"S5_cn_noise","Simulation_18","in","T>G",9,610,515.318212448741,524
"S5_cn_noise","Simulation_18","out","C>A",10,1559,1464.00745623924,1474
"S5_cn_noise","Simulation_18","out","C>A",3,39,10.9161259760156,10
"S5_cn_noise","Simulation_18","out","C>A",4,409,148.276816100038,152
"S5_cn_noise","Simulation_18","out","C>A",5,856,389.304106935545,405
"S5_cn_noise","Simulation_18","out","C>A",6,1037,570.27409511127,571
"S5_cn_noise","Simulation_18","out","C>A",7,1138,740.787122455031,736
"S5_cn_noise","Simulation_18","out","C>A",8,1240,931.301037239858,926
"S5_cn_noise","Simulation_18","out","C>A",9,1636,1395.86157408237,1412
"S5_cn_noise","Simulation_18","out","C>G",10,2795,2700.59833639512,2686
"S5_cn_noise","Simulation_18","out","C>G",2,1,0.198780753116585,0
"S5_cn_noise","Simulation_18","out","C>G",3,16,4.25180432367091,4
"S5_cn_noise","Simulation_18","out","C>G",4,135,48.4103176950461,40
"S5_cn_noise","Simulation_18","out","C>G",5,273,123.534040207052,141
"S5_cn_noise","Simulation_18","out","C>G",6,343,189.743028256643,193
"S5_cn_noise","Simulation_18","out","C>G",7,332,216.665038935779,223
"S5_cn_noise","Simulation_18","out","C>G",8,424,319.728862234649,348
"S5_cn_noise","Simulation_18","out","C>G",9,674,578.688577496481,586
"S5_cn_noise","Simulation_18","out","C>T",10,4916,4696.47896799403,4707
"S5_cn_noise","Simulation_18","out","C>T",3,91,25.1863191887911,29
"S5_cn_noise","Simulation_18","out","C>T",4,588,208.898129040395,217
"S5_cn_noise","Simulation_18","out","C>T",5,1025,462.862569592889,471
"S5_cn_noise","Simulation_18","out","C>T",6,1060,580.130079251172,565
"S5_cn_noise","Simulation_18","out","C>T",7,1050,685.687237476543,701
"S5_cn_noise","Simulation_18","out","C>T",8,1203,905.190689047017,892
"S5_cn_noise","Simulation_18","out","C>T",9,2149,1835.71323272414,1905
"S5_cn_noise","Simulation_18","out","T>A",10,46,42.6809007949599,42
"S5_cn_noise","Simulation_18","out","T>A",3,38,10.666017011476,12
"S5_cn_noise","Simulation_18","out","T>A",4,260,93.2636121078306,103
"S5_cn_noise","Simulation_18","out","T>A",5,442,199.845675674753,208
"S5_cn_noise","Simulation_18","out","T>A",6,494,270.51452779744,295
"S5_cn_noise","Simulation_18","out","T>A",7,431,280.43568246042,290
"S5_cn_noise","Simulation_18","out","T>A",8,373,278.077518602142,282
"S5_cn_noise","Simulation_18","out","T>A",9,254,214.408106182906,214
"S5_cn_noise","Simulation_18","out","T>C",10,164,153.083537023502,154
"S5_cn_noise","Simulation_18","out","T>C",3,60,16.1778912664126,21
"S5_cn_noise","Simulation_18","out","T>C",4,348,125.118433258357,130
"S5_cn_noise","Simulation_18","out","T>C",5,668,302.075497312745,305
"S5_cn_noise","Simulation_18","out","T>C",6,602,328.854378930936,302
"S5_cn_noise","Simulation_18","out","T>C",7,490,319.257926116678,319
"S5_cn_noise","Simulation_18","out","T>C",8,488,366.338955131638,382
"S5_cn_noise","Simulation_18","out","T>C",9,441,372.900311176525,382
"S5_cn_noise","Simulation_18","out","T>G",10,36,33.166907828988,31
"S5_cn_noise","Simulation_18","out","T>G",3,7,1.92141097604518,1
"S5_cn_noise","Simulation_18","out","T>G",4,85,30.8651801669712,25
"S5_cn_noise","Simulation_18","out","T>G",5,197,89.7600850451873,117
"S5_cn_noise","Simulation_18","out","T>G",6,208,114.109923966313,119
"S5_cn_noise","Simulation_18","out","T>G",7,178,115.398324506949,115
"S5_cn_noise","Simulation_18","out","T>G",8,165,122.997046068704,131
"S5_cn_noise","Simulation_18","out","T>G",9,122,103.313225124889,104
"S5_cn_noise","Simulation_19","in","C>A",10,7335,6991.12621199693,6975
"S5_cn_noise","Simulation_19","in","C>A",2,1,0.183385167814883,0
"S5_cn_noise","Simulation_19","in","C>A",3,291,81.1655317833176,98
"S5_cn_noise","Simulation_19","in","C>A",4,2175,782.076677327469,739
"S5_cn_noise","Simulation_19","in","C>A",5,4894,2222.53169741334,2264
"S5_cn_noise","Simulation_19","in","C>A",6,5922,3253.82184898923,3327
"S5_cn_noise","Simulation_19","in","C>A",7,5803,3774.22967552582,3794
"S5_cn_noise","Simulation_19","in","C>A",8,5737,4303.40126223385,4293
"S5_cn_noise","Simulation_19","in","C>A",9,5972,5080.20551112105,5142
"S5_cn_noise","Simulation_19","in","C>G",10,16938,16432.0932836585,16400
"S5_cn_noise","Simulation_19","in","C>G",2,1,0.195926889654514,0
"S5_cn_noise","Simulation_19","in","C>G",3,140,38.3152765377741,30
"S5_cn_noise","Simulation_19","in","C>G",4,762,271.667877760853,294
"S5_cn_noise","Simulation_19","in","C>G",5,1483,670.917105030539,708
"S5_cn_noise","Simulation_19","in","C>G",6,1588,872.383366534928,862
"S5_cn_noise","Simulation_19","in","C>G",7,1598,1036.91697067497,1060
"S5_cn_noise","Simulation_19","in","C>G",8,1830,1373.35468690117,1367
"S5_cn_noise","Simulation_19","in","C>G",9,3025,2595.31476802547,2575
"S5_cn_noise","Simulation_19","in","C>T",10,80878,78863.4984840039,78793
"S5_cn_noise","Simulation_19","in","C>T",2,2,0.379204236948045,0
"S5_cn_noise","Simulation_19","in","C>T",3,353,95.6975515320421,93
"S5_cn_noise","Simulation_19","in","C>T",4,2039,730.332060030588,734
"S5_cn_noise","Simulation_19","in","C>T",5,4392,1993.05659370372,1946
"S5_cn_noise","Simulation_19","in","C>T",6,5244,2887.30152905745,2906
"S5_cn_noise","Simulation_19","in","C>T",7,5357,3485.53477657019,3486
"S5_cn_noise","Simulation_19","in","C>T",8,6661,5011.58053875549,5048
"S5_cn_noise","Simulation_19","in","C>T",9,11114,9519.65328828513,9475
"S5_cn_noise","Simulation_19","in","T>A",10,7354,7079.7766724586,7073
"S5_cn_noise","Simulation_19","in","T>A",2,1,0.189704335364899,1
"S5_cn_noise","Simulation_19","in","T>A",3,141,38.691331133699,38
"S5_cn_noise","Simulation_19","in","T>A",4,871,312.488712499356,322
"S5_cn_noise","Simulation_19","in","T>A",5,1782,807.23557761073,849
"S5_cn_noise","Simulation_19","in","T>A",6,2235,1229.13649494737,1220
"S5_cn_noise","Simulation_19","in","T>A",7,2410,1568.94417278309,1622
"S5_cn_noise","Simulation_19","in","T>A",8,2812,2115.85450396857,2181
"S5_cn_noise","Simulation_19","in","T>A",9,3611,3079.98120445638,3107
"S5_cn_noise","Simulation_19","in","T>C",10,1935,1816.7408226136,1818
"S5_cn_noise","Simulation_19","in","T>C",2,1,0.196885612708848,1
"S5_cn_noise","Simulation_19","in","T>C",3,176,48.3498593466551,46
"S5_cn_noise","Simulation_19","in","T>C",4,1466,529.204884046282,527
"S5_cn_noise","Simulation_19","in","T>C",5,3239,1469.68087485025,1481
"S5_cn_noise","Simulation_19","in","T>C",6,3484,1915.45176045388,1965
"S5_cn_noise","Simulation_19","in","T>C",7,3053,1984.38369654266,2023
"S5_cn_noise","Simulation_19","in","T>C",8,2789,2089.60196733853,2111
"S5_cn_noise","Simulation_19","in","T>C",9,2590,2201.8954363968,2219
"S5_cn_noise","Simulation_19","in","T>G",10,748,703.610850344544,706
"S5_cn_noise","Simulation_19","in","T>G",3,48,13.0496052554273,12
"S5_cn_noise","Simulation_19","in","T>G",4,438,156.738358034703,170
"S5_cn_noise","Simulation_19","in","T>G",5,870,393.295548925324,409
"S5_cn_noise","Simulation_19","in","T>G",6,913,502.835232271059,508
"S5_cn_noise","Simulation_19","in","T>G",7,870,564.819226033013,585
"S5_cn_noise","Simulation_19","in","T>G",8,810,606.92045487821,614
"S5_cn_noise","Simulation_19","in","T>G",9,801,681.273001034227,681
"S5_cn_noise","Simulation_19","out","C>A",10,1731,1649.84987435597,1667
"S5_cn_noise","Simulation_19","out","C>A",3,64,17.9085494895542,14
"S5_cn_noise","Simulation_19","out","C>A",4,525,190.202931609987,222
"S5_cn_noise","Simulation_19","out","C>A",5,1114,507.027158275873,515
"S5_cn_noise","Simulation_19","out","C>A",6,1297,711.493177731342,705
"S5_cn_noise","Simulation_19","out","C>A",7,1318,857.479336834194,883
"S5_cn_noise","Simulation_19","out","C>A",8,1325,992.029910436736,1001
"S5_cn_noise","Simulation_19","out","C>A",9,1326,1128.31944442044,1132
"S5_cn_noise","Simulation_19","out","C>G",10,3876,3759.56501686458,3761
"S5_cn_noise","Simulation_19","out","C>G",3,32,8.79371496600896,12
"S5_cn_noise","Simulation_19","out","C>G",4,177,63.7575679816302,74
"S5_cn_noise","Simulation_19","out","C>G",5,335,152.318422802733,160
"S5_cn_noise","Simulation_19","out","C>G",6,323,176.797493171102,196
"S5_cn_noise","Simulation_19","out","C>G",7,345,224.294705540916,220
"S5_cn_noise","Simulation_19","out","C>G",8,392,295.676042374578,300
"S5_cn_noise","Simulation_19","out","C>G",9,650,557.601922308052,575
"S5_cn_noise","Simulation_19","out","C>T",10,19924,19442.3063283475,19469
"S5_cn_noise","Simulation_19","out","C>T",3,83,23.0254157886115,21
"S5_cn_noise","Simulation_19","out","C>T",4,451,161.349037341754,168
"S5_cn_noise","Simulation_19","out","C>T",5,956,435.914193413658,438
"S5_cn_noise","Simulation_19","out","C>T",6,1199,658.651581771291,669
"S5_cn_noise","Simulation_19","out","C>T",7,1234,805.374924531572,811
"S5_cn_noise","Simulation_19","out","C>T",8,1614,1216.67006451225,1209
"S5_cn_noise","Simulation_19","out","C>T",9,2709,2320.34081066236,2302
"S5_cn_noise","Simulation_19","out","T>A",10,1664,1603.84711029665,1606
"S5_cn_noise","Simulation_19","out","T>A",3,38,10.2665927029759,12
"S5_cn_noise","Simulation_19","out","T>A",4,229,82.3277927914205,85
"S5_cn_noise","Simulation_19","out","T>A",5,417,190.500225737984,185
"S5_cn_noise","Simulation_19","out","T>A",6,523,287.719752504325,270
"S5_cn_noise","Simulation_19","out","T>A",7,527,342.526794870839,332
"S5_cn_noise","Simulation_19","out","T>A",8,609,457.39145207615,470
"S5_cn_noise","Simulation_19","out","T>A",9,724,616.551346815995,639
"S5_cn_noise","Simulation_19","out","T>C",10,551,517.734447503454,523
"S5_cn_noise","Simulation_19","out","T>C",3,39,10.5303574840558,11
"S5_cn_noise","Simulation_19","out","T>C",4,306,110.817480510819,115
"S5_cn_noise","Simulation_19","out","T>C",5,673,306.12250001166,309
"S5_cn_noise","Simulation_19","out","T>C",6,807,442.334679779426,454
"S5_cn_noise","Simulation_19","out","T>C",7,725,471.19335477188,491
"S5_cn_noise","Simulation_19","out","T>C",8,601,451.047538306781,476
"S5_cn_noise","Simulation_19","out","T>C",9,636,540.807188617348,554
"S5_cn_noise","Simulation_19","out","T>G",10,177,166.477997850688,164
"S5_cn_noise","Simulation_19","out","T>G",3,14,3.8603077509071,3
"S5_cn_noise","Simulation_19","out","T>G",4,119,42.6209800881704,44
"S5_cn_noise","Simulation_19","out","T>G",5,197,89.9526408564397,82
"S5_cn_noise","Simulation_19","out","T>G",6,202,110.778244267629,121
"S5_cn_noise","Simulation_19","out","T>G",7,172,111.683239981165,117
"S5_cn_noise","Simulation_19","out","T>G",8,178,133.225685238387,133
"S5_cn_noise","Simulation_19","out","T>G",9,157,134.243095586549,140
"S5_cn_noise","Simulation_20","in","C>A",10,8858,8408.66025999196,8428
"S5_cn_noise","Simulation_20","in","C>A",3,241,66.5700628732785,84
"S5_cn_noise","Simulation_20","in","C>A",4,1906,687.170244226235,668
"S5_cn_noise","Simulation_20","in","C>A",5,4551,2074.92648091101,2028
"S5_cn_noise","Simulation_20","in","C>A",6,5677,3116.64859486199,3128
"S5_cn_noise","Simulation_20","in","C>A",7,5616,3654.09165644036,3689
"S5_cn_noise","Simulation_20","in","C>A",8,6198,4657.19520209139,4662
"S5_cn_noise","Simulation_20","in","C>A",9,7478,6372.30324072861,6408
"S5_cn_noise","Simulation_20","in","C>G",10,37904,37252.4939274755,37219
"S5_cn_noise","Simulation_20","in","C>G",2,1,0.196969394477146,0
"S5_cn_noise","Simulation_20","in","C>G",3,124,34.0766997924843,33
"S5_cn_noise","Simulation_20","in","C>G",4,864,309.987503306149,329
"S5_cn_noise","Simulation_20","in","C>G",5,1406,635.504511743992,621
"S5_cn_noise","Simulation_20","in","C>G",6,1627,892.25953261717,939
"S5_cn_noise","Simulation_20","in","C>G",7,1561,1014.5627348258,1022
"S5_cn_noise","Simulation_20","in","C>G",8,1683,1263.63832163526,1270
"S5_cn_noise","Simulation_20","in","C>G",9,2864,2455.93783593352,2515
"S5_cn_noise","Simulation_20","in","C>T",10,25622,24606.0009850136,24633
"S5_cn_noise","Simulation_20","in","C>T",2,1,0.181684631229849,1
"S5_cn_noise","Simulation_20","in","C>T",3,417,113.829241702412,125
"S5_cn_noise","Simulation_20","in","C>T",4,2327,834.735313124147,868
"S5_cn_noise","Simulation_20","in","C>T",5,4291,1946.56805221661,1987
"S5_cn_noise","Simulation_20","in","C>T",6,4680,2569.7845032847,2543
"S5_cn_noise","Simulation_20","in","C>T",7,4827,3139.477068413,3062
"S5_cn_noise","Simulation_20","in","C>T",8,6615,4976.4139770311,4933
"S5_cn_noise","Simulation_20","in","C>T",9,10055,8581.91452658302,8625
"S5_cn_noise","Simulation_20","in","T>A",10,7194,6871.93193032174,6890
"S5_cn_noise","Simulation_20","in","T>A",3,128,35.5628772773401,42
"S5_cn_noise","Simulation_20","in","T>A",4,839,301.144024575212,311
"S5_cn_noise","Simulation_20","in","T>A",5,1610,732.789518917024,786
"S5_cn_noise","Simulation_20","in","T>A",6,1829,1006.41651706008,1002
"S5_cn_noise","Simulation_20","in","T>A",7,1912,1243.92444569166,1256
"S5_cn_noise","Simulation_20","in","T>A",8,2227,1674.65908489898,1643
"S5_cn_noise","Simulation_20","in","T>A",9,3367,2880.83833077202,2877
"S5_cn_noise","Simulation_20","in","T>C",10,1814,1686.38258229375,1712
"S5_cn_noise","Simulation_20","in","T>C",3,217,60.5215192599217,70
"S5_cn_noise","Simulation_20","in","T>C",4,1470,528.825865130618,538
"S5_cn_noise","Simulation_20","in","T>C",5,2986,1352.43582728219,1379
"S5_cn_noise","Simulation_20","in","T>C",6,2902,1592.00634509005,1614
"S5_cn_noise","Simulation_20","in","T>C",7,2493,1618.43914761971,1644
"S5_cn_noise","Simulation_20","in","T>C",8,2246,1683.61754412407,1729
"S5_cn_noise","Simulation_20","in","T>C",9,2763,2356.64259349243,2344
"S5_cn_noise","Simulation_20","in","T>G",10,696,655.457700923603,660
"S5_cn_noise","Simulation_20","in","T>G",3,54,14.8560110579203,21
"S5_cn_noise","Simulation_20","in","T>G",4,436,156.063743168641,156
"S5_cn_noise","Simulation_20","in","T>G",5,874,396.801854082669,401
"S5_cn_noise","Simulation_20","in","T>G",6,885,484.76585160324,505
"S5_cn_noise","Simulation_20","in","T>G",7,771,499.230756301955,490
"S5_cn_noise","Simulation_20","in","T>G",8,737,551.710854202098,567
"S5_cn_noise","Simulation_20","in","T>G",9,692,589.729636344419,596
"S5_cn_noise","Simulation_20","out","C>A",10,1821,1725.08169332619,1727
"S5_cn_noise","Simulation_20","out","C>A",3,67,18.3952170095938,16
"S5_cn_noise","Simulation_20","out","C>A",4,461,166.666291914072,157
"S5_cn_noise","Simulation_20","out","C>A",5,1064,484.165635213285,513
"S5_cn_noise","Simulation_20","out","C>A",6,1329,729.197853446993,738
"S5_cn_noise","Simulation_20","out","C>A",7,1372,893.538600665912,904
"S5_cn_noise","Simulation_20","out","C>A",8,1517,1139.07265503522,1144
"S5_cn_noise","Simulation_20","out","C>A",9,1769,1505.98313447045,1508
"S5_cn_noise","Simulation_20","out","C>G",10,10281,10104.1944417853,10120
"S5_cn_noise","Simulation_20","out","C>G",3,25,6.80730887157774,7
"S5_cn_noise","Simulation_20","out","C>G",4,225,80.725153046607,78
"S5_cn_noise","Simulation_20","out","C>G",5,374,168.991357751362,186
"S5_cn_noise","Simulation_20","out","C>G",6,403,221.542366627909,229
"S5_cn_noise","Simulation_20","out","C>G",7,385,249.453413191112,251
"S5_cn_noise","Simulation_20","out","C>G",8,396,296.873968544256,317
"S5_cn_noise","Simulation_20","out","C>G",9,714,612.873901029743,617
"S5_cn_noise","Simulation_20","out","C>T",10,4727,4521.31096242745,4523
"S5_cn_noise","Simulation_20","out","C>T",3,88,24.0960302296214,27
"S5_cn_noise","Simulation_20","out","C>T",4,637,227.272411765088,211
"S5_cn_noise","Simulation_20","out","C>T",5,1118,506.430846565027,504
"S5_cn_noise","Simulation_20","out","C>T",6,1286,707.826102590369,705
"S5_cn_noise","Simulation_20","out","C>T",7,1367,890.660907071053,878
"S5_cn_noise","Simulation_20","out","C>T",8,1595,1198.08677130203,1208
"S5_cn_noise","Simulation_20","out","C>T",9,2402,2047.80290615931,2025
"S5_cn_noise","Simulation_20","out","T>A",10,1128,1070.43957452212,1077
"S5_cn_noise","Simulation_20","out","T>A",3,37,10.2648112668075,10
"S5_cn_noise","Simulation_20","out","T>A",4,247,88.2123021970826,87
"S5_cn_noise","Simulation_20","out","T>A",5,436,197.430762768305,201
"S5_cn_noise","Simulation_20","out","T>A",6,460,251.328044467098,248
"S5_cn_noise","Simulation_20","out","T>A",7,431,280.881885206463,267
"S5_cn_noise","Simulation_20","out","T>A",8,536,403.012314213714,408
"S5_cn_noise","Simulation_20","out","T>A",9,717,612.997759150372,598
"S5_cn_noise","Simulation_20","out","T>C",10,514,478.885744419658,488
"S5_cn_noise","Simulation_20","out","T>C",3,57,15.8511142593123,13
"S5_cn_noise","Simulation_20","out","T>C",4,361,130.002821257032,140
"S5_cn_noise","Simulation_20","out","T>C",5,647,293.395408357394,312
"S5_cn_noise","Simulation_20","out","T>C",6,719,394.022851039395,382
"S5_cn_noise","Simulation_20","out","T>C",7,581,377.297592523426,371
"S5_cn_noise","Simulation_20","out","T>C",8,594,446.249366822592,467
"S5_cn_noise","Simulation_20","out","T>C",9,718,613.040538261088,613
"S5_cn_noise","Simulation_20","out","T>G",10,202,189.943988013875,196
"S5_cn_noise","Simulation_20","out","T>G",3,7,1.9259156877829,4
"S5_cn_noise","Simulation_20","out","T>G",4,96,34.6470199058963,37
"S5_cn_noise","Simulation_20","out","T>G",5,196,88.9344713814302,94
"S5_cn_noise","Simulation_20","out","T>G",6,209,114.503319209676,106
"S5_cn_noise","Simulation_20","out","T>G",7,177,115.208955241704,110
"S5_cn_noise","Simulation_20","out","T>G",8,132,98.3034124128577,105
"S5_cn_noise","Simulation_20","out","T>G",9,153,130.201490515416,137
"S6_opportunity","Simulation_01","in","C>A",10,3500,3303.40317908355,3331
"S6_opportunity","Simulation_01","in","C>A",2,1,0.190208746644436,0
"S6_opportunity","Simulation_01","in","C>A",3,179,49.9062299344582,47
"S6_opportunity","Simulation_01","in","C>A",4,1881,678.874542578784,704
"S6_opportunity","Simulation_01","in","C>A",5,4253,1926.61076992451,1897
"S6_opportunity","Simulation_01","in","C>A",6,4900,2692.36169229144,2739
"S6_opportunity","Simulation_01","in","C>A",7,4524,2940.60647177075,2976
"S6_opportunity","Simulation_01","in","C>A",8,4544,3407.22486042714,3469
"S6_opportunity","Simulation_01","in","C>A",9,4179,3544.61169112015,3599
"S6_opportunity","Simulation_01","in","C>G",10,12973,12472.0371853077,12380
"S6_opportunity","Simulation_01","in","C>G",3,133,36.3652099342154,37
"S6_opportunity","Simulation_01","in","C>G",4,623,221.566094427276,234
"S6_opportunity","Simulation_01","in","C>G",5,932,421.304804876585,430
"S6_opportunity","Simulation_01","in","C>G",6,1048,575.532127380689,577
"S6_opportunity","Simulation_01","in","C>G",7,1112,722.576180844076,701
"S6_opportunity","Simulation_01","in","C>G",8,1258,947.802477042116,947
"S6_opportunity","Simulation_01","in","C>G",9,2464,2113.29922591024,2070
"S6_opportunity","Simulation_01","in","C>T",10,21042,20204.7882611056,20018
"S6_opportunity","Simulation_01","in","C>T",3,349,95.1108371351381,78
"S6_opportunity","Simulation_01","in","C>T",4,1611,575.576449075712,498
"S6_opportunity","Simulation_01","in","C>T",5,2507,1136.21366895366,1021
"S6_opportunity","Simulation_01","in","C>T",6,2887,1587.13919952018,1453
"S6_opportunity","Simulation_01","in","C>T",7,2939,1909.91509130057,1810
"S6_opportunity","Simulation_01","in","C>T",8,3782,2851.13219796607,2716
"S6_opportunity","Simulation_01","in","C>T",9,6459,5527.3159879776,5321
"S6_opportunity","Simulation_01","in","T>A",10,1228,1153.69203976381,1145
"S6_opportunity","Simulation_01","in","T>A",2,1,0.191354035475978,0
"S6_opportunity","Simulation_01","in","T>A",3,126,35.0406213192986,40
"S6_opportunity","Simulation_01","in","T>A",4,1063,381.822523694938,342
"S6_opportunity","Simulation_01","in","T>A",5,2255,1023.65791021327,978
"S6_opportunity","Simulation_01","in","T>A",6,2369,1300.01981566419,1285
"S6_opportunity","Simulation_01","in","T>A",7,2089,1356.49585131284,1344
"S6_opportunity","Simulation_01","in","T>A",8,2030,1524.80230983258,1497
"S6_opportunity","Simulation_01","in","T>A",9,1817,1542.65201754151,1501
"S6_opportunity","Simulation_01","in","T>C",10,3320,3127.93384067686,3134
"S6_opportunity","Simulation_01","in","T>C",3,103,28.457718827707,27
"S6_opportunity","Simulation_01","in","T>C",4,1204,435.608685462748,402
"S6_opportunity","Simulation_01","in","T>C",5,2405,1089.09268667114,1052
"S6_opportunity","Simulation_01","in","T>C",6,2561,1404.77898782561,1379
"S6_opportunity","Simulation_01","in","T>C",7,2513,1633.08499024482,1613
"S6_opportunity","Simulation_01","in","T>C",8,2745,2065.08704926304,2064
"S6_opportunity","Simulation_01","in","T>C",9,3443,2934.11763792168,2924
"S6_opportunity","Simulation_01","in","T>G",10,467,436.227946228318,424
"S6_opportunity","Simulation_01","in","T>G",3,59,16.3091831604032,16
"S6_opportunity","Simulation_01","in","T>G",4,502,181.727767504532,176
"S6_opportunity","Simulation_01","in","T>G",5,908,410.310111180866,420
"S6_opportunity","Simulation_01","in","T>G",6,990,542.554995209241,559
"S6_opportunity","Simulation_01","in","T>G",7,853,554.435201484249,533
"S6_opportunity","Simulation_01","in","T>G",8,738,553.62833730969,553
"S6_opportunity","Simulation_01","in","T>G",9,739,628.965406980126,624
"S6_opportunity","Simulation_01","out","C>A",10,731,686.899097782526,693
"S6_opportunity","Simulation_01","out","C>A",3,43,12.1007282741845,17
"S6_opportunity","Simulation_01","out","C>A",4,527,191.53633022212,195
"S6_opportunity","Simulation_01","out","C>A",5,1205,548.150619184187,579
"S6_opportunity","Simulation_01","out","C>A",6,1337,734.711084639441,745
"S6_opportunity","Simulation_01","out","C>A",7,1245,809.898223842674,822
"S6_opportunity","Simulation_01","out","C>A",8,1186,885.227526221116,936
"S6_opportunity","Simulation_01","out","C>A",9,1094,929.05374840184,935
"S6_opportunity","Simulation_01","out","C>G",10,3283,3159.93336487177,3137
"S6_opportunity","Simulation_01","out","C>G",3,29,7.98038369813097,10
"S6_opportunity","Simulation_01","out","C>G",4,149,53.0473423012068,55
"S6_opportunity","Simulation_01","out","C>G",5,264,118.717705051135,139
"S6_opportunity","Simulation_01","out","C>G",6,289,159.784192874099,155
"S6_opportunity","Simulation_01","out","C>G",7,260,168.402751547162,159
"S6_opportunity","Simulation_01","out","C>G",8,316,237.907558646487,234
"S6_opportunity","Simulation_01","out","C>G",9,597,513.131918783839,515
"S6_opportunity","Simulation_01","out","C>T",10,4454,4267.76225058817,4234
"S6_opportunity","Simulation_01","out","C>T",2,1,0.191507782555041,0
"S6_opportunity","Simulation_01","out","C>T",3,82,22.6977410394056,16
"S6_opportunity","Simulation_01","out","C>T",4,414,147.462207207328,132
"S6_opportunity","Simulation_01","out","C>T",5,664,300.308878574288,286
"S6_opportunity","Simulation_01","out","C>T",6,775,426.098714472219,405
"S6_opportunity","Simulation_01","out","C>T",7,808,525.644546257894,482
"S6_opportunity","Simulation_01","out","C>T",8,934,702.860072965348,668
"S6_opportunity","Simulation_01","out","C>T",9,1656,1416.05190370501,1391
"S6_opportunity","Simulation_01","out","T>A",10,428,401.759333325372,407
"S6_opportunity","Simulation_01","out","T>A",3,32,8.92128879036146,13
"S6_opportunity","Simulation_01","out","T>A",4,244,87.6270482224564,86
"S6_opportunity","Simulation_01","out","T>A",5,523,238.383378791948,215
"S6_opportunity","Simulation_01","out","T>A",6,651,356.941000909967,333
"S6_opportunity","Simulation_01","out","T>A",7,554,359.320269685667,353
"S6_opportunity","Simulation_01","out","T>A",8,547,410.408853173566,385
"S6_opportunity","Simulation_01","out","T>A",9,520,442.234404926105,439
"S6_opportunity","Simulation_01","out","T>C",10,567,532.691778019892,534
"S6_opportunity","Simulation_01","out","T>C",3,29,7.99676889558588,3
"S6_opportunity","Simulation_01","out","T>C",4,314,112.45879965537,104
"S6_opportunity","Simulation_01","out","T>C",5,607,273.945517688232,270
"S6_opportunity","Simulation_01","out","T>C",6,669,368.043423571983,339
"S6_opportunity","Simulation_01","out","T>C",7,649,421.947013856282,408
"S6_opportunity","Simulation_01","out","T>C",8,671,504.28880727909,493
"S6_opportunity","Simulation_01","out","T>C",9,777,661.835388276894,673
"S6_opportunity","Simulation_01","out","T>G",10,93,86.9128405416911,85
"S6_opportunity","Simulation_01","out","T>G",3,13,3.60968243120413,5
"S6_opportunity","Simulation_01","out","T>G",4,130,46.4698205332617,50
"S6_opportunity","Simulation_01","out","T>G",5,231,103.775095415231,98
"S6_opportunity","Simulation_01","out","T>G",6,236,129.681699616508,132
"S6_opportunity","Simulation_01","out","T>G",7,210,135.837734250953,135
"S6_opportunity","Simulation_01","out","T>G",8,185,137.983226380078,146
"S6_opportunity","Simulation_01","out","T>G",9,149,127.068735540635,121
"S6_opportunity","Simulation_02","in","C>A",10,8787,8287.64725944161,8244
"S6_opportunity","Simulation_02","in","C>A",3,121,33.6228806568043,27
"S6_opportunity","Simulation_02","in","C>A",4,2011,729.704479605796,713
"S6_opportunity","Simulation_02","in","C>A",5,5419,2467.32113084124,2494
"S6_opportunity","Simulation_02","in","C>A",6,6751,3711.70014812897,3728
"S6_opportunity","Simulation_02","in","C>A",7,6727,4369.94174527315,4446
"S6_opportunity","Simulation_02","in","C>A",8,7220,5422.14321055727,5496
"S6_opportunity","Simulation_02","in","C>A",9,8158,6951.53144890501,7005
"S6_opportunity","Simulation_02","in","C>G",10,22249,21598.313380634,21449
"S6_opportunity","Simulation_02","in","C>G",3,90,24.9298460861942,20
"S6_opportunity","Simulation_02","in","C>G",4,639,230.125421898268,227
"S6_opportunity","Simulation_02","in","C>G",5,1252,568.704591360206,573
"S6_opportunity","Simulation_02","in","C>G",6,1655,908.66557379512,906
"S6_opportunity","Simulation_02","in","C>G",7,1890,1233.25660194819,1267
"S6_opportunity","Simulation_02","in","C>G",8,2662,2006.75660804918,1989
"S6_opportunity","Simulation_02","in","C>G",9,4897,4192.27137152622,4160
"S6_opportunity","Simulation_02","in","C>T",10,15923,15272.8363638781,15216
"S6_opportunity","Simulation_02","in","C>T",2,2,0.390463779123984,0
"S6_opportunity","Simulation_02","in","C>T",3,492,134.208029341674,113
"S6_opportunity","Simulation_02","in","C>T",4,2403,859.037616080561,771
"S6_opportunity","Simulation_02","in","C>T",5,4028,1820.84756945147,1716
"S6_opportunity","Simulation_02","in","C>T",6,3979,2187.1851968212,2182
"S6_opportunity","Simulation_02","in","C>T",7,3934,2563.58219456992,2598
"S6_opportunity","Simulation_02","in","C>T",8,4544,3417.48909632436,3417
"S6_opportunity","Simulation_02","in","C>T",9,7173,6134.75243208096,6072
"S6_opportunity","Simulation_02","in","T>A",10,6060,5781.81848444074,5751
"S6_opportunity","Simulation_02","in","T>A",2,2,0.38224174100287,0
"S6_opportunity","Simulation_02","in","T>A",3,113,31.0442592631006,35
"S6_opportunity","Simulation_02","in","T>A",4,896,321.191632413138,298
"S6_opportunity","Simulation_02","in","T>A",5,2266,1038.29400210287,995
"S6_opportunity","Simulation_02","in","T>A",6,3511,1930.75154930637,1921
"S6_opportunity","Simulation_02","in","T>A",7,3448,2242.19734642351,2227
"S6_opportunity","Simulation_02","in","T>A",8,3665,2750.12820329929,2695
"S6_opportunity","Simulation_02","in","T>A",9,4212,3586.18784783329,3516
"S6_opportunity","Simulation_02","in","T>C",10,1818,1691.00069668582,1696
"S6_opportunity","Simulation_02","in","T>C",3,167,46.6364781953258,47
"S6_opportunity","Simulation_02","in","T>C",4,1643,593.182468476695,531
"S6_opportunity","Simulation_02","in","T>C",5,3528,1596.28153162684,1491
"S6_opportunity","Simulation_02","in","T>C",6,3730,2047.33639956131,2012
"S6_opportunity","Simulation_02","in","T>C",7,3348,2173.91399636249,2187
"S6_opportunity","Simulation_02","in","T>C",8,3239,2426.24220819189,2476
"S6_opportunity","Simulation_02","in","T>C",9,3499,2975.29576199294,2997
"S6_opportunity","Simulation_02","in","T>G",10,1077,1008.57492559358,1035
"S6_opportunity","Simulation_02","in","T>G",3,39,10.854682106016,7
"S6_opportunity","Simulation_02","in","T>G",4,464,168.237222178917,169
"S6_opportunity","Simulation_02","in","T>G",5,1037,472.102435599415,490
"S6_opportunity","Simulation_02","in","T>G",6,1089,595.957925691261,593
"S6_opportunity","Simulation_02","in","T>G",7,1155,751.028309416671,796
"S6_opportunity","Simulation_02","in","T>G",8,1296,975.514425885553,1031
"S6_opportunity","Simulation_02","in","T>G",9,1658,1411.58691255941,1433
"S6_opportunity","Simulation_02","out","C>A",10,1323,1239.49727675168,1252
"S6_opportunity","Simulation_02","out","C>A",3,40,11.2167116979761,18
"S6_opportunity","Simulation_02","out","C>A",4,533,193.089620488412,185
"S6_opportunity","Simulation_02","out","C>A",5,1384,629.78472718963,602
"S6_opportunity","Simulation_02","out","C>A",6,1626,893.516224723069,954
"S6_opportunity","Simulation_02","out","C>A",7,1596,1037.58460409405,1021
"S6_opportunity","Simulation_02","out","C>A",8,1562,1171.17140378787,1195
"S6_opportunity","Simulation_02","out","C>A",9,1659,1411.30821857962,1408
"S6_opportunity","Simulation_02","out","C>G",10,5351,5173.31738975045,5150
"S6_opportunity","Simulation_02","out","C>G",3,27,7.35913842991149,7
"S6_opportunity","Simulation_02","out","C>G",4,160,57.1294207507544,61
"S6_opportunity","Simulation_02","out","C>G",5,297,135.600217847049,147
"S6_opportunity","Simulation_02","out","C>G",6,450,247.380237250707,253
"S6_opportunity","Simulation_02","out","C>G",7,491,320.697057223689,329
"S6_opportunity","Simulation_02","out","C>G",8,749,563.832205874689,563
"S6_opportunity","Simulation_02","out","C>G",9,1093,936.078179199964,916
"S6_opportunity","Simulation_02","out","C>T",10,3743,3599.54214860247,3591
"S6_opportunity","Simulation_02","out","C>T",2,1,0.188890771098824,0
"S6_opportunity","Simulation_02","out","C>T",3,126,34.8071700000711,23
"S6_opportunity","Simulation_02","out","C>T",4,588,210.431840364215,205
"S6_opportunity","Simulation_02","out","C>T",5,890,402.766398464624,380
"S6_opportunity","Simulation_02","out","C>T",6,986,540.371711984715,532
"S6_opportunity","Simulation_02","out","C>T",7,951,618.260450917405,620
"S6_opportunity","Simulation_02","out","C>T",8,1124,846.188690696469,844
"S6_opportunity","Simulation_02","out","C>T",9,1694,1450.87638666299,1419
"S6_opportunity","Simulation_02","out","T>A",10,967,913.549103725078,912
"S6_opportunity","Simulation_02","out","T>A",3,27,7.42502511484479,7
"S6_opportunity","Simulation_02","out","T>A",4,225,80.2866499761984,76
"S6_opportunity","Simulation_02","out","T>A",5,594,272.479845358867,258
"S6_opportunity","Simulation_02","out","T>A",6,883,484.78110204076,491
"S6_opportunity","Simulation_02","out","T>A",7,825,536.414599340422,533
"S6_opportunity","Simulation_02","out","T>A",8,896,671.691441516186,657
"S6_opportunity","Simulation_02","out","T>A",9,990,842.999742866863,831
"S6_opportunity","Simulation_02","out","T>C",10,462,429.295495243617,428
"S6_opportunity","Simulation_02","out","T>C",3,38,10.5239540061605,9
"S6_opportunity","Simulation_02","out","T>C",4,363,132.203865213131,142
"S6_opportunity","Simulation_02","out","T>C",5,870,395.055224616892,357
"S6_opportunity","Simulation_02","out","T>C",6,895,492.143096327511,458
"S6_opportunity","Simulation_02","out","T>C",7,823,534.538348026838,569
"S6_opportunity","Simulation_02","out","T>C",8,834,626.318049339524,639
"S6_opportunity","Simulation_02","out","T>C",9,910,772.291768384189,782
"S6_opportunity","Simulation_02","out","T>G",10,329,308.318416539465,315
"S6_opportunity","Simulation_02","out","T>G",3,12,3.34157921541309,1
"S6_opportunity","Simulation_02","out","T>G",4,121,44.16927162042,46
"S6_opportunity","Simulation_02","out","T>G",5,249,112.708526110837,118
"S6_opportunity","Simulation_02","out","T>G",6,283,155.509082630252,168
"S6_opportunity","Simulation_02","out","T>G",7,320,207.604986820829,207
"S6_opportunity","Simulation_02","out","T>G",8,323,242.742433063557,254
"S6_opportunity","Simulation_02","out","T>G",9,438,373.91356235283,394
"S6_opportunity","Simulation_03","in","C>A",10,6849,6501.17128200094,6422
"S6_opportunity","Simulation_03","in","C>A",3,125,35.1148195164946,27
"S6_opportunity","Simulation_03","in","C>A",4,1523,554.842216718572,577
"S6_opportunity","Simulation_03","in","C>A",5,4291,1956.90793557667,1859
"S6_opportunity","Simulation_03","in","C>A",6,5271,2895.2195887261,2753
"S6_opportunity","Simulation_03","in","C>A",7,5200,3377.4151998059,3309
"S6_opportunity","Simulation_03","in","C>A",8,5087,3818.81322539186,3684
"S6_opportunity","Simulation_03","in","C>A",9,5677,4834.82255973056,4676
"S6_opportunity","Simulation_03","in","C>G",10,19738,19224.8305730576,19036
"S6_opportunity","Simulation_03","in","C>G",2,1,0.193170171742928,1
"S6_opportunity","Simulation_03","in","C>G",3,58,15.9049611369849,15
"S6_opportunity","Simulation_03","in","C>G",4,500,180.849529826262,176
"S6_opportunity","Simulation_03","in","C>G",5,1142,519.299585130334,490
"S6_opportunity","Simulation_03","in","C>G",6,1244,682.203323376302,664
"S6_opportunity","Simulation_03","in","C>G",7,1234,800.572731518697,744
"S6_opportunity","Simulation_03","in","C>G",8,1224,920.636168321119,885
"S6_opportunity","Simulation_03","in","C>G",9,2388,2049.48639440181,1978
"S6_opportunity","Simulation_03","in","C>T",10,13405,12742.5024574413,12643
"S6_opportunity","Simulation_03","in","C>T",3,238,65.5208812382837,59
"S6_opportunity","Simulation_03","in","C>T",4,1321,472.135662040111,404
"S6_opportunity","Simulation_03","in","C>T",5,2893,1315.05156831476,1181
"S6_opportunity","Simulation_03","in","C>T",6,3612,1986.47433075866,1750
"S6_opportunity","Simulation_03","in","C>T",7,3904,2540.11710251133,2392
"S6_opportunity","Simulation_03","in","C>T",8,4580,3446.09671994824,3274
"S6_opportunity","Simulation_03","in","C>T",9,6991,5981.54444999292,5873
"S6_opportunity","Simulation_03","in","T>A",10,8629,8267.79558113371,8147
"S6_opportunity","Simulation_03","in","T>A",3,64,17.6527182952696,7
"S6_opportunity","Simulation_03","in","T>A",4,681,246.333435995713,225
"S6_opportunity","Simulation_03","in","T>A",5,1667,758.938129915952,708
"S6_opportunity","Simulation_03","in","T>A",6,2150,1183.73124202758,1094
"S6_opportunity","Simulation_03","in","T>A",7,2141,1391.8335345255,1256
"S6_opportunity","Simulation_03","in","T>A",8,2465,1852.43655705909,1748
"S6_opportunity","Simulation_03","in","T>A",9,3627,3098.88866862965,3004
"S6_opportunity","Simulation_03","in","T>C",10,2567,2407.98489728916,2333
"S6_opportunity","Simulation_03","in","T>C",2,1,0.198023275423634,0
"S6_opportunity","Simulation_03","in","T>C",3,71,19.4830396265448,17
"S6_opportunity","Simulation_03","in","T>C",4,863,313.59748406066,302
"S6_opportunity","Simulation_03","in","T>C",5,2530,1154.22907525613,1097
"S6_opportunity","Simulation_03","in","T>C",6,3062,1683.25148595179,1622
"S6_opportunity","Simulation_03","in","T>C",7,3070,1996.03873764405,1897
"S6_opportunity","Simulation_03","in","T>C",8,3124,2344.29231977497,2222
"S6_opportunity","Simulation_03","in","T>C",9,3501,2977.06995979605,2869
"S6_opportunity","Simulation_03","in","T>G",10,696,654.180532452305,616
"S6_opportunity","Simulation_03","in","T>G",3,36,10.0089443751698,10
"S6_opportunity","Simulation_03","in","T>G",4,341,123.566068841979,123
"S6_opportunity","Simulation_03","in","T>G",5,835,380.387655895143,375
"S6_opportunity","Simulation_03","in","T>G",6,995,547.946102518291,530
"S6_opportunity","Simulation_03","in","T>G",7,953,618.828625326656,588
"S6_opportunity","Simulation_03","in","T>G",8,920,689.826560025282,651
"S6_opportunity","Simulation_03","in","T>G",9,901,766.547576521098,722
"S6_opportunity","Simulation_03","out","C>A",10,1403,1325.32381639118,1287
"S6_opportunity","Simulation_03","out","C>A",3,49,13.688019187284,14
"S6_opportunity","Simulation_03","out","C>A",4,377,137.298457583252,142
"S6_opportunity","Simulation_03","out","C>A",5,1160,527.991205873005,485
"S6_opportunity","Simulation_03","out","C>A",6,1282,704.176587897087,681
"S6_opportunity","Simulation_03","out","C>A",7,1287,836.209942286652,820
"S6_opportunity","Simulation_03","out","C>A",8,1243,932.121365105248,889
"S6_opportunity","Simulation_03","out","C>A",9,1369,1166.3375426836,1144
"S6_opportunity","Simulation_03","out","C>G",10,4454,4338.86705100084,4316
"S6_opportunity","Simulation_03","out","C>G",3,17,4.78948384978384,8
"S6_opportunity","Simulation_03","out","C>G",4,155,55.6423385003622,48
"S6_opportunity","Simulation_03","out","C>G",5,316,143.234464244517,140
"S6_opportunity","Simulation_03","out","C>G",6,258,141.852717994809,126
"S6_opportunity","Simulation_03","out","C>G",7,311,202.384969481534,199
"S6_opportunity","Simulation_03","out","C>G",8,292,218.923625165176,213
"S6_opportunity","Simulation_03","out","C>G",9,625,537.85145971349,528
"S6_opportunity","Simulation_03","out","C>T",10,3433,3266.54667162542,3237
"S6_opportunity","Simulation_03","out","C>T",3,55,15.2371320811796,13
"S6_opportunity","Simulation_03","out","C>T",4,360,129.028098814408,110
"S6_opportunity","Simulation_03","out","C>T",5,789,356.610327242075,314
"S6_opportunity","Simulation_03","out","C>T",6,913,502.75206287925,482
"S6_opportunity","Simulation_03","out","C>T",7,994,645.189206109785,599
"S6_opportunity","Simulation_03","out","C>T",8,1145,861.816237544225,823
"S6_opportunity","Simulation_03","out","C>T",9,1962,1680.75847615032,1669
"S6_opportunity","Simulation_03","out","T>A",10,1843,1759.69120472916,1743
"S6_opportunity","Simulation_03","out","T>A",3,19,5.02703290673242,3
"S6_opportunity","Simulation_03","out","T>A",4,214,77.1263837327728,78
"S6_opportunity","Simulation_03","out","T>A",5,460,208.199807224502,196
"S6_opportunity","Simulation_03","out","T>A",6,566,311.519197638351,276
"S6_opportunity","Simulation_03","out","T>A",7,544,353.705872661495,333
"S6_opportunity","Simulation_03","out","T>A",8,661,496.922095237321,474
"S6_opportunity","Simulation_03","out","T>A",9,928,792.359748314105,756
"S6_opportunity","Simulation_03","out","T>C",10,451,421.367067843321,408
"S6_opportunity","Simulation_03","out","T>C",3,23,6.19137272296265,5
"S6_opportunity","Simulation_03","out","T>C",4,219,79.9457207753642,75
"S6_opportunity","Simulation_03","out","T>C",5,622,283.544529698181,282
"S6_opportunity","Simulation_03","out","T>C",6,849,466.054775304167,420
"S6_opportunity","Simulation_03","out","T>C",7,795,517.08100899123,499
"S6_opportunity","Simulation_03","out","T>C",8,941,706.690854546919,712
"S6_opportunity","Simulation_03","out","T>C",9,795,675.39570217558,652
"S6_opportunity","Simulation_03","out","T>G",10,101,94.0256441553035,94
"S6_opportunity","Simulation_03","out","T>G",3,11,3.01657683028935,5
"S6_opportunity","Simulation_03","out","T>G",4,79,28.5886172120392,32
"S6_opportunity","Simulation_03","out","T>G",5,219,99.6721901486838,104
"S6_opportunity","Simulation_03","out","T>G",6,272,150.008150937116,158
"S6_opportunity","Simulation_03","out","T>G",7,256,166.26340888659,154
"S6_opportunity","Simulation_03","out","T>G",8,246,184.294469467749,163
"S6_opportunity","Simulation_03","out","T>G",9,198,168.691670864842,161
"S6_opportunity","Simulation_04","in","C>A",10,4899,4599.42981169276,4621
"S6_opportunity","Simulation_04","in","C>A",3,206,57.5073576643736,57
"S6_opportunity","Simulation_04","in","C>A",4,2303,833.232359567693,815
"S6_opportunity","Simulation_04","in","C>A",5,5181,2350.07717052517,2282
"S6_opportunity","Simulation_04","in","C>A",6,5717,3142.54727633459,3219
"S6_opportunity","Simulation_04","in","C>A",7,5416,3520.63109954643,3612
"S6_opportunity","Simulation_04","in","C>A",8,5256,3939.94184786289,3932
"S6_opportunity","Simulation_04","in","C>A",9,5468,4651.41219208913,4696
"S6_opportunity","Simulation_04","in","C>G",10,16147,15663.0468415033,15518
"S6_opportunity","Simulation_04","in","C>G",3,68,18.7155782165626,16
"S6_opportunity","Simulation_04","in","C>G",4,513,184.899275750437,182
"S6_opportunity","Simulation_04","in","C>G",5,1425,650.637196587987,656
"S6_opportunity","Simulation_04","in","C>G",6,2011,1106.76466002777,1105
"S6_opportunity","Simulation_04","in","C>G",7,2037,1325.02145672649,1247
"S6_opportunity","Simulation_04","in","C>G",8,2218,1668.46440893314,1567
"S6_opportunity","Simulation_04","in","C>G",9,3604,3085.83662464867,2950
"S6_opportunity","Simulation_04","in","C>T",10,14173,13476.8130133335,13307
"S6_opportunity","Simulation_04","in","C>T",2,1,0.195609434926254,0
"S6_opportunity","Simulation_04","in","C>T",3,216,59.6558018474589,66
"S6_opportunity","Simulation_04","in","C>T",4,1621,583.289520414575,534
"S6_opportunity","Simulation_04","in","C>T",5,3829,1745.40113163418,1600
"S6_opportunity","Simulation_04","in","C>T",6,4725,2595.10113060483,2447
"S6_opportunity","Simulation_04","in","C>T",7,4717,3066.13390373125,2942
"S6_opportunity","Simulation_04","in","C>T",8,5386,4049.18249758337,3838
"S6_opportunity","Simulation_04","in","C>T",9,7561,6456.61591627388,6295
"S6_opportunity","Simulation_04","in","T>A",10,1447,1352.4075266651,1342
"S6_opportunity","Simulation_04","in","T>A",3,89,24.9949233835312,23
"S6_opportunity","Simulation_04","in","T>A",4,1381,499.306345770673,477
"S6_opportunity","Simulation_04","in","T>A",5,2994,1358.17201060713,1292
"S6_opportunity","Simulation_04","in","T>A",6,3103,1702.12686244931,1687
"S6_opportunity","Simulation_04","in","T>A",7,2728,1774.05761439349,1684
"S6_opportunity","Simulation_04","in","T>A",8,2861,2146.61279946112,2107
"S6_opportunity","Simulation_04","in","T>A",9,2608,2214.60009897856,2216
"S6_opportunity","Simulation_04","in","T>C",10,7318,6977.20527404338,6892
"S6_opportunity","Simulation_04","in","T>C",3,110,30.7604671008585,33
"S6_opportunity","Simulation_04","in","T>C",4,1070,387.728315921937,377
"S6_opportunity","Simulation_04","in","T>C",5,2770,1262.29553430401,1263
"S6_opportunity","Simulation_04","in","T>C",6,3560,1956.4347736854,1919
"S6_opportunity","Simulation_04","in","T>C",7,3387,2201.38247947158,2134
"S6_opportunity","Simulation_04","in","T>C",8,3716,2791.08697679226,2692
"S6_opportunity","Simulation_04","in","T>C",9,4579,3907.69839561863,3812
"S6_opportunity","Simulation_04","in","T>G",10,1878,1791.04235149717,1794
"S6_opportunity","Simulation_04","in","T>G",2,1,0.194670839142868,0
"S6_opportunity","Simulation_04","in","T>G",3,37,10.4724714077266,11
"S6_opportunity","Simulation_04","in","T>G",4,358,130.030588658893,140
"S6_opportunity","Simulation_04","in","T>G",5,978,445.224512244454,441
"S6_opportunity","Simulation_04","in","T>G",6,1248,683.609042952,677
"S6_opportunity","Simulation_04","in","T>G",7,1238,804.36158741986,791
"S6_opportunity","Simulation_04","in","T>G",8,1242,932.156652735097,881
"S6_opportunity","Simulation_04","in","T>G",9,1554,1323.00545568325,1289
"S6_opportunity","Simulation_04","out","C>A",10,1282,1204.74349391922,1224
"S6_opportunity","Simulation_04","out","C>A",3,51,14.3675541170121,12
"S6_opportunity","Simulation_04","out","C>A",4,558,201.721755896872,208
"S6_opportunity","Simulation_04","out","C>A",5,1362,620.227889871083,643
"S6_opportunity","Simulation_04","out","C>A",6,1479,813.151739895622,788
"S6_opportunity","Simulation_04","out","C>A",7,1400,909.756201609995,926
"S6_opportunity","Simulation_04","out","C>A",8,1473,1104.92601033278,1101
"S6_opportunity","Simulation_04","out","C>A",9,1577,1341.66161176202,1332
"S6_opportunity","Simulation_04","out","C>G",10,5303,5153.44446430512,5128
"S6_opportunity","Simulation_04","out","C>G",3,17,4.66525380639804,5
"S6_opportunity","Simulation_04","out","C>G",4,140,50.5027103661226,63
"S6_opportunity","Simulation_04","out","C>G",5,387,176.838824663945,152
"S6_opportunity","Simulation_04","out","C>G",6,511,280.72862092796,264
"S6_opportunity","Simulation_04","out","C>G",7,603,391.738759794741,375
"S6_opportunity","Simulation_04","out","C>G",8,603,454.155124813581,438
"S6_opportunity","Simulation_04","out","C>G",9,1052,900.090744647653,870
"S6_opportunity","Simulation_04","out","C>T",10,4541,4337.66205929162,4289
"S6_opportunity","Simulation_04","out","C>T",2,1,0.194241451585513,0
"S6_opportunity","Simulation_04","out","C>T",3,68,18.1424605756318,14
"S6_opportunity","Simulation_04","out","C>T",4,432,155.009891644643,143
"S6_opportunity","Simulation_04","out","C>T",5,990,451.284599770216,422
"S6_opportunity","Simulation_04","out","C>T",6,1222,672.406021335185,633
"S6_opportunity","Simulation_04","out","C>T",7,1281,833.263376374186,775
"S6_opportunity","Simulation_04","out","C>T",8,1359,1021.84622684648,973
"S6_opportunity","Simulation_04","out","C>T",9,2157,1844.7395366447,1803
"S6_opportunity","Simulation_04","out","T>A",10,415,387.624238949054,385
"S6_opportunity","Simulation_04","out","T>A",3,26,7.41841069639453,2
"S6_opportunity","Simulation_04","out","T>A",4,326,118.023950207676,99
"S6_opportunity","Simulation_04","out","T>A",5,799,362.977627038589,344
"S6_opportunity","Simulation_04","out","T>A",6,878,482.477245551392,460
"S6_opportunity","Simulation_04","out","T>A",7,797,518.414152019649,505
"S6_opportunity","Simulation_04","out","T>A",8,717,536.592409552159,539
"S6_opportunity","Simulation_04","out","T>A",9,690,585.544823758398,593
"S6_opportunity","Simulation_04","out","T>C",10,2251,2157.4229756902,2155
"S6_opportunity","Simulation_04","out","T>C",3,25,6.99976070974207,5
"S6_opportunity","Simulation_04","out","T>C",4,249,89.9429754554165,91
"S6_opportunity","Simulation_04","out","T>C",5,691,314.719051133138,330
"S6_opportunity","Simulation_04","out","T>C",6,920,505.55455537971,484
"S6_opportunity","Simulation_04","out","T>C",7,914,593.586138929153,575
"S6_opportunity","Simulation_04","out","T>C",8,976,733.269744547912,709
"S6_opportunity","Simulation_04","out","T>C",9,1179,1005.92869860606,991
"S6_opportunity","Simulation_04","out","T>G",10,595,569.912650241753,566
"S6_opportunity","Simulation_04","out","T>G",3,11,3.15708648285931,4
"S6_opportunity","Simulation_04","out","T>G",4,109,39.7333226024739,37
"S6_opportunity","Simulation_04","out","T>G",5,272,123.803120132577,116
"S6_opportunity","Simulation_04","out","T>G",6,324,177.31650366997,158
"S6_opportunity","Simulation_04","out","T>G",7,325,211.28005624815,218
"S6_opportunity","Simulation_04","out","T>G",8,330,247.594523861612,246
"S6_opportunity","Simulation_04","out","T>G",9,392,334.033513040349,317
"S6_opportunity","Simulation_05","in","C>A",10,5267,4977.88083198086,4993
"S6_opportunity","Simulation_05","in","C>A",3,220,61.0725951601633,64
"S6_opportunity","Simulation_05","in","C>A",4,2679,972.323541601662,947
"S6_opportunity","Simulation_05","in","C>A",5,6525,2975.51003499982,3070
"S6_opportunity","Simulation_05","in","C>A",6,7762,4261.7942636415,4367
"S6_opportunity","Simulation_05","in","C>A",7,6889,4471.21141679523,4523
"S6_opportunity","Simulation_05","in","C>A",8,6583,4934.21729571707,4984
"S6_opportunity","Simulation_05","in","C>A",9,6172,5242.10617353162,5262
"S6_opportunity","Simulation_05","in","C>G",10,18898,18300.8604279697,18239
"S6_opportunity","Simulation_05","in","C>G",3,123,33.7083963503912,31
"S6_opportunity","Simulation_05","in","C>G",4,717,256.200152386959,229
"S6_opportunity","Simulation_05","in","C>G",5,1364,620.189340503122,631
"S6_opportunity","Simulation_05","in","C>G",6,1864,1023.25652517421,1019
"S6_opportunity","Simulation_05","in","C>G",7,1921,1249.46651668502,1234
"S6_opportunity","Simulation_05","in","C>G",8,2419,1817.74063304752,1770
"S6_opportunity","Simulation_05","in","C>G",9,4218,3610.77141557579,3596
"S6_opportunity","Simulation_05","in","C>T",10,23684,22660.2050336887,22411
"S6_opportunity","Simulation_05","in","C>T",3,258,71.5469436488271,47
"S6_opportunity","Simulation_05","in","C>T",4,1886,675.456908760352,617
"S6_opportunity","Simulation_05","in","C>T",5,3830,1737.42455121186,1525
"S6_opportunity","Simulation_05","in","C>T",6,4252,2337.07167586552,2116
"S6_opportunity","Simulation_05","in","C>T",7,4418,2880.09164074247,2659
"S6_opportunity","Simulation_05","in","C>T",8,5375,4046.47994282295,3856
"S6_opportunity","Simulation_05","in","C>T",9,9084,7780.0644874247,7532
"S6_opportunity","Simulation_05","in","T>A",10,3115,2933.52825854375,2935
"S6_opportunity","Simulation_05","in","T>A",3,59,16.6133915530473,15
"S6_opportunity","Simulation_05","in","T>A",4,1021,372.815719771755,340
"S6_opportunity","Simulation_05","in","T>A",5,3119,1424.96374094787,1392
"S6_opportunity","Simulation_05","in","T>A",6,4022,2209.5084264735,2142
"S6_opportunity","Simulation_05","in","T>A",7,3858,2505.7942767309,2464
"S6_opportunity","Simulation_05","in","T>A",8,3624,2719.30309203763,2702
"S6_opportunity","Simulation_05","in","T>A",9,3906,3323.76164756992,3335
"S6_opportunity","Simulation_05","in","T>C",10,6248,5935.74744380903,5965
"S6_opportunity","Simulation_05","in","T>C",3,123,34.7346453416529,25
"S6_opportunity","Simulation_05","in","T>C",4,1461,529.541454078679,520
"S6_opportunity","Simulation_05","in","T>C",5,3866,1764.18927804389,1735
"S6_opportunity","Simulation_05","in","T>C",6,4679,2569.12516449205,2552
"S6_opportunity","Simulation_05","in","T>C",7,4732,3076.06738546009,3061
"S6_opportunity","Simulation_05","in","T>C",8,4739,3554.91535151593,3580
"S6_opportunity","Simulation_05","in","T>C",9,5472,4659.725568019,4674
"S6_opportunity","Simulation_05","in","T>G",10,1390,1310.83732164937,1324
"S6_opportunity","Simulation_05","in","T>G",3,49,13.5966503597213,18
"S6_opportunity","Simulation_05","in","T>G",4,558,202.069827111697,196
"S6_opportunity","Simulation_05","in","T>G",5,1234,561.988457913458,571
"S6_opportunity","Simulation_05","in","T>G",6,1497,822.990584757509,820
"S6_opportunity","Simulation_05","in","T>G",7,1320,858.603697184818,859
"S6_opportunity","Simulation_05","in","T>G",8,1326,996.861952388474,996
"S6_opportunity","Simulation_05","in","T>G",9,1432,1218.26282822927,1264
"S6_opportunity","Simulation_05","out","C>A",10,1236,1166.67503312553,1157
"S6_opportunity","Simulation_05","out","C>A",3,65,18.1427434643029,21
"S6_opportunity","Simulation_05","out","C>A",4,673,243.694570377856,239
"S6_opportunity","Simulation_05","out","C>A",5,1747,794.956937385674,799
"S6_opportunity","Simulation_05","out","C>A",6,1933,1060.55977105777,1047
"S6_opportunity","Simulation_05","out","C>A",7,1716,1114.15954359163,1155
"S6_opportunity","Simulation_05","out","C>A",8,1663,1247.17696038299,1249
"S6_opportunity","Simulation_05","out","C>A",9,1648,1402.68356808177,1394
"S6_opportunity","Simulation_05","out","C>G",10,5784,5605.88567303275,5562
"S6_opportunity","Simulation_05","out","C>G",3,29,8.03863394951548,8
"S6_opportunity","Simulation_05","out","C>G",4,156,55.5861708481463,55
"S6_opportunity","Simulation_05","out","C>G",5,363,165.475149449519,151
"S6_opportunity","Simulation_05","out","C>G",6,524,288.867826455695,300
"S6_opportunity","Simulation_05","out","C>G",7,541,353.745523830686,350
"S6_opportunity","Simulation_05","out","C>G",8,658,495.566192985394,482
"S6_opportunity","Simulation_05","out","C>G",9,1114,953.219549031707,938
"S6_opportunity","Simulation_05","out","C>T",10,5940,5684.30897750757,5628
"S6_opportunity","Simulation_05","out","C>T",3,71,19.5053321568769,23
"S6_opportunity","Simulation_05","out","C>T",4,478,171.917895639269,134
"S6_opportunity","Simulation_05","out","C>T",5,966,437.777580782637,356
"S6_opportunity","Simulation_05","out","C>T",6,1182,650.627351139563,583
"S6_opportunity","Simulation_05","out","C>T",7,1249,810.40350254627,757
"S6_opportunity","Simulation_05","out","C>T",8,1455,1093.76600589509,1042
"S6_opportunity","Simulation_05","out","C>T",9,2241,1913.99762924572,1840
"S6_opportunity","Simulation_05","out","T>A",10,836,788.609585850913,770
"S6_opportunity","Simulation_05","out","T>A",3,13,3.65973265827616,3
"S6_opportunity","Simulation_05","out","T>A",4,280,101.492595678259,96
"S6_opportunity","Simulation_05","out","T>A",5,857,390.57682681421,383
"S6_opportunity","Simulation_05","out","T>A",6,1113,613.407834563968,619
"S6_opportunity","Simulation_05","out","T>A",7,1106,718.552608705389,696
"S6_opportunity","Simulation_05","out","T>A",8,1029,771.433372445317,742
"S6_opportunity","Simulation_05","out","T>A",9,961,818.421096083564,837
"S6_opportunity","Simulation_05","out","T>C",10,1437,1366.90915046936,1368
"S6_opportunity","Simulation_05","out","T>C",3,27,7.61307931403182,9
"S6_opportunity","Simulation_05","out","T>C",4,407,147.493165995581,144
"S6_opportunity","Simulation_05","out","T>C",5,1027,465.945948513979,467
"S6_opportunity","Simulation_05","out","T>C",6,1297,713.125518268809,696
"S6_opportunity","Simulation_05","out","T>C",7,1233,802.026983776462,792
"S6_opportunity","Simulation_05","out","T>C",8,1338,1003.95246815249,1012
"S6_opportunity","Simulation_05","out","T>C",9,1393,1184.16437888394,1191
"S6_opportunity","Simulation_05","out","T>G",10,511,485.094673101911,475
"S6_opportunity","Simulation_05","out","T>G",3,19,5.42800230978269,5
"S6_opportunity","Simulation_05","out","T>G",4,136,49.415584249609,49
"S6_opportunity","Simulation_05","out","T>G",5,349,158.460009456187,138
"S6_opportunity","Simulation_05","out","T>G",6,344,189.513267229109,183
"S6_opportunity","Simulation_05","out","T>G",7,355,231.541695518686,223
"S6_opportunity","Simulation_05","out","T>G",8,343,257.623876423752,251
"S6_opportunity","Simulation_05","out","T>G",9,398,340.863312567607,351
"S6_opportunity","Simulation_06","in","C>A",10,2918,2728.35192741899,2744
"S6_opportunity","Simulation_06","in","C>A",3,256,71.5918256348857,58
"S6_opportunity","Simulation_06","in","C>A",4,2391,863.64758570075,843
"S6_opportunity","Simulation_06","in","C>A",5,5284,2397.60134946335,2418
"S6_opportunity","Simulation_06","in","C>A",6,5884,3228.72469933744,3285
"S6_opportunity","Simulation_06","in","C>A",7,5174,3361.29069979924,3391
"S6_opportunity","Simulation_06","in","C>A",8,4898,3670.06758298763,3613
"S6_opportunity","Simulation_06","in","C>A",9,4757,4043.54207971766,4042
"S6_opportunity","Simulation_06","in","C>G",10,10315,9929.89836662903,9838
"S6_opportunity","Simulation_06","in","C>G",3,39,10.8316293660694,15
"S6_opportunity","Simulation_06","in","C>G",4,553,200.225592666969,193
"S6_opportunity","Simulation_06","in","C>G",5,1262,574.568083930036,574
"S6_opportunity","Simulation_06","in","C>G",6,1626,894.825497611779,923
"S6_opportunity","Simulation_06","in","C>G",7,1743,1134.42687432855,1137
"S6_opportunity","Simulation_06","in","C>G",8,2376,1790.09856769645,1778
"S6_opportunity","Simulation_06","in","C>G",9,3467,2962.95862295047,2918
"S6_opportunity","Simulation_06","in","C>T",10,39197,38111.7091086714,37945
"S6_opportunity","Simulation_06","in","C>T",3,211,58.6949430823031,45
"S6_opportunity","Simulation_06","in","C>T",4,1639,590.079276389047,498
"S6_opportunity","Simulation_06","in","C>T",5,3542,1611.78494716935,1383
"S6_opportunity","Simulation_06","in","C>T",6,4429,2430.85087451273,2039
"S6_opportunity","Simulation_06","in","C>T",7,4250,2762.03506760958,2442
"S6_opportunity","Simulation_06","in","C>T",8,4801,3608.13366710318,3284
"S6_opportunity","Simulation_06","in","C>T",9,6659,5693.36318599156,5464
"S6_opportunity","Simulation_06","in","T>A",10,2609,2457.0219637332,2468
"S6_opportunity","Simulation_06","in","T>A",3,79,22.0865907694218,19
"S6_opportunity","Simulation_06","in","T>A",4,947,342.22298546442,294
"S6_opportunity","Simulation_06","in","T>A",5,2496,1137.95579709112,1088
"S6_opportunity","Simulation_06","in","T>A",6,3153,1733.34624874745,1674
"S6_opportunity","Simulation_06","in","T>A",7,2980,1932.5714562563,1847
"S6_opportunity","Simulation_06","in","T>A",8,3030,2273.00848081,2267
"S6_opportunity","Simulation_06","in","T>A",9,3009,2552.99024249478,2501
"S6_opportunity","Simulation_06","in","T>C",10,2319,2178.20778925363,2178
"S6_opportunity","Simulation_06","in","T>C",3,99,27.5164095667809,28
"S6_opportunity","Simulation_06","in","T>C",4,1210,440.161999887517,453
"S6_opportunity","Simulation_06","in","T>C",5,3116,1421.16335771171,1396
"S6_opportunity","Simulation_06","in","T>C",6,4138,2272.40974155419,2219
"S6_opportunity","Simulation_06","in","T>C",7,3834,2490.7309277734,2473
"S6_opportunity","Simulation_06","in","T>C",8,3480,2608.11223950816,2630
"S6_opportunity","Simulation_06","in","T>C",9,3593,3053.14318170247,3078
"S6_opportunity","Simulation_06","in","T>G",10,1034,975.294358593582,991
"S6_opportunity","Simulation_06","in","T>G",3,29,8.27968920876638,7
"S6_opportunity","Simulation_06","in","T>G",4,443,161.121638698222,164
"S6_opportunity","Simulation_06","in","T>G",5,1063,481.894031861296,487
"S6_opportunity","Simulation_06","in","T>G",6,1191,652.912046165034,667
"S6_opportunity","Simulation_06","in","T>G",7,1135,736.783980685061,728
"S6_opportunity","Simulation_06","in","T>G",8,1154,866.612583619086,880
"S6_opportunity","Simulation_06","in","T>G",9,1191,1012.83400214429,1039
"S6_opportunity","Simulation_06","out","C>A",10,631,590.175988863652,594
"S6_opportunity","Simulation_06","out","C>A",3,54,15.0820143610644,16
"S6_opportunity","Simulation_06","out","C>A",4,486,176.432805932571,184
"S6_opportunity","Simulation_06","out","C>A",5,1169,529.469848170658,499
"S6_opportunity","Simulation_06","out","C>A",6,1242,682.364359148025,669
"S6_opportunity","Simulation_06","out","C>A",7,1112,723.133791790591,718
"S6_opportunity","Simulation_06","out","C>A",8,1108,829.894356909119,881
"S6_opportunity","Simulation_06","out","C>A",9,1034,879.974182958825,896
"S6_opportunity","Simulation_06","out","C>G",10,2827,2732.36862112588,2704
"S6_opportunity","Simulation_06","out","C>G",3,18,5.0011574306357,6
"S6_opportunity","Simulation_06","out","C>G",4,137,49.111613491037,58
"S6_opportunity","Simulation_06","out","C>G",5,269,122.540483019402,125
"S6_opportunity","Simulation_06","out","C>G",6,354,194.848020904084,186
"S6_opportunity","Simulation_06","out","C>G",7,358,232.964222891653,230
"S6_opportunity","Simulation_06","out","C>G",8,433,326.251418951092,303
"S6_opportunity","Simulation_06","out","C>G",9,838,715.658876804949,714
"S6_opportunity","Simulation_06","out","C>T",10,6142,5932.1159175277,5872
"S6_opportunity","Simulation_06","out","C>T",3,47,12.9308253082768,10
"S6_opportunity","Simulation_06","out","C>T",4,380,136.409213850428,107
"S6_opportunity","Simulation_06","out","C>T",5,811,368.028113064795,299
"S6_opportunity","Simulation_06","out","C>T",6,1018,559.637910671432,500
"S6_opportunity","Simulation_06","out","C>T",7,937,607.663872888437,517
"S6_opportunity","Simulation_06","out","C>T",8,1129,848.621750008153,769
"S6_opportunity","Simulation_06","out","C>T",9,1596,1361.77769734172,1317
"S6_opportunity","Simulation_06","out","T>A",10,693,653.753759579938,652
"S6_opportunity","Simulation_06","out","T>A",3,14,3.96757774661528,4
"S6_opportunity","Simulation_06","out","T>A",4,204,73.3355274625573,73
"S6_opportunity","Simulation_06","out","T>A",5,504,229.989941467711,227
"S6_opportunity","Simulation_06","out","T>A",6,647,355.46081655718,344
"S6_opportunity","Simulation_06","out","T>A",7,675,439.016745297067,445
"S6_opportunity","Simulation_06","out","T>A",8,685,514.115719552398,509
"S6_opportunity","Simulation_06","out","T>A",9,750,636.843710420411,615
"S6_opportunity","Simulation_06","out","T>C",10,376,353.005257374505,358
"S6_opportunity","Simulation_06","out","T>C",3,22,6.22203077749543,6
"S6_opportunity","Simulation_06","out","T>C",4,266,96.2931603738133,100
"S6_opportunity","Simulation_06","out","T>C",5,676,307.142037590586,338
"S6_opportunity","Simulation_06","out","T>C",6,919,504.395441169504,468
"S6_opportunity","Simulation_06","out","T>C",7,845,549.885645626594,548
"S6_opportunity","Simulation_06","out","T>C",8,827,621.01344622213,621
"S6_opportunity","Simulation_06","out","T>C",9,781,661.856675007136,658
"S6_opportunity","Simulation_06","out","T>G",10,196,184.272530454356,189
"S6_opportunity","Simulation_06","out","T>G",3,5,1.41798164637022,0
"S6_opportunity","Simulation_06","out","T>G",4,84,30.6007507069716,36
"S6_opportunity","Simulation_06","out","T>G",5,251,114.852253849157,126
"S6_opportunity","Simulation_06","out","T>G",6,263,144.259179265513,157
"S6_opportunity","Simulation_06","out","T>G",7,223,143.993404393447,153
"S6_opportunity","Simulation_06","out","T>G",8,232,174.446981448093,176
"S6_opportunity","Simulation_06","out","T>G",9,246,209.511092880609,207
"S6_opportunity","Simulation_07","in","C>A",10,1762,1650.75683672818,1637
"S6_opportunity","Simulation_07","in","C>A",3,302,83.6645322950933,79
"S6_opportunity","Simulation_07","in","C>A",4,2053,733.593445923475,721
"S6_opportunity","Simulation_07","in","C>A",5,3704,1677.09714497365,1698
"S6_opportunity","Simulation_07","in","C>A",6,3907,2145.13721145955,2147
"S6_opportunity","Simulation_07","in","C>A",7,3293,2134.88487300656,2127
"S6_opportunity","Simulation_07","in","C>A",8,3304,2480.81034433725,2436
"S6_opportunity","Simulation_07","in","C>A",9,3078,2608.38357842994,2582
"S6_opportunity","Simulation_07","in","C>G",10,11675,11299.1323902719,11255
"S6_opportunity","Simulation_07","in","C>G",3,159,43.8898999879119,34
"S6_opportunity","Simulation_07","in","C>G",4,665,237.398275542613,230
"S6_opportunity","Simulation_07","in","C>G",5,1037,468.286985544468,460
"S6_opportunity","Simulation_07","in","C>G",6,1065,587.482905518762,565
"S6_opportunity","Simulation_07","in","C>G",7,1142,743.637993736863,716
"S6_opportunity","Simulation_07","in","C>G",8,1182,885.793072761649,861
"S6_opportunity","Simulation_07","in","C>G",9,2033,1745.60990399674,1698
"S6_opportunity","Simulation_07","in","C>T",10,33496,32509.6491504309,32538
"S6_opportunity","Simulation_07","in","C>T",3,235,64.8142540728501,54
"S6_opportunity","Simulation_07","in","C>T",4,1482,530.730215768365,482
"S6_opportunity","Simulation_07","in","C>T",5,2808,1275.79265933923,1243
"S6_opportunity","Simulation_07","in","C>T",6,3310,1820.81238177131,1671
"S6_opportunity","Simulation_07","in","C>T",7,3423,2230.98176236421,2189
"S6_opportunity","Simulation_07","in","C>T",8,4220,3176.76544016786,3058
"S6_opportunity","Simulation_07","in","C>T",9,5873,5024.18635488016,4992
"S6_opportunity","Simulation_07","in","T>A",10,1531,1432.59251691529,1412
"S6_opportunity","Simulation_07","in","T>A",3,105,29.1900356076097,31
"S6_opportunity","Simulation_07","in","T>A",4,889,320.214866992138,278
"S6_opportunity","Simulation_07","in","T>A",5,1817,824.386163877859,756
"S6_opportunity","Simulation_07","in","T>A",6,2122,1167.10141188106,1114
"S6_opportunity","Simulation_07","in","T>A",7,2116,1374.76515925911,1326
"S6_opportunity","Simulation_07","in","T>A",8,2226,1671.09912544132,1596
"S6_opportunity","Simulation_07","in","T>A",9,2438,2071.48689698434,2034
"S6_opportunity","Simulation_07","in","T>C",10,2056,1932.68444280871,1884
"S6_opportunity","Simulation_07","in","T>C",3,114,31.6145995765964,35
"S6_opportunity","Simulation_07","in","T>C",4,992,360.709916234754,345
"S6_opportunity","Simulation_07","in","T>C",5,2617,1189.8547062627,1072
"S6_opportunity","Simulation_07","in","T>C",6,3133,1720.1513230679,1606
"S6_opportunity","Simulation_07","in","T>C",7,2795,1815.39645078925,1722
"S6_opportunity","Simulation_07","in","T>C",8,2588,1938.77439517478,1851
"S6_opportunity","Simulation_07","in","T>C",9,2463,2092.27632139814,2016
"S6_opportunity","Simulation_07","in","T>G",10,312,290.368704572186,291
"S6_opportunity","Simulation_07","in","T>G",3,56,15.3581751590069,18
"S6_opportunity","Simulation_07","in","T>G",4,451,163.254901400337,170
"S6_opportunity","Simulation_07","in","T>G",5,772,348.81184267942,350
"S6_opportunity","Simulation_07","in","T>G",6,850,468.260249863888,474
"S6_opportunity","Simulation_07","in","T>G",7,837,542.955177198943,553
"S6_opportunity","Simulation_07","in","T>G",8,845,632.878894090193,627
"S6_opportunity","Simulation_07","in","T>G",9,668,568.116572300869,546
"S6_opportunity","Simulation_07","out","C>A",10,423,394.53533905085,397
"S6_opportunity","Simulation_07","out","C>A",3,87,24.0511195310392,27
"S6_opportunity","Simulation_07","out","C>A",4,558,199.820225015408,209
"S6_opportunity","Simulation_07","out","C>A",5,998,453.464752076347,449
"S6_opportunity","Simulation_07","out","C>A",6,986,542.044582197479,526
"S6_opportunity","Simulation_07","out","C>A",7,785,511.591943915543,489
"S6_opportunity","Simulation_07","out","C>A",8,822,617.605893576017,632
"S6_opportunity","Simulation_07","out","C>A",9,833,704.515809402707,708
"S6_opportunity","Simulation_07","out","C>G",10,2971,2870.43994746333,2857
"S6_opportunity","Simulation_07","out","C>G",3,36,9.63465544900434,8
"S6_opportunity","Simulation_07","out","C>G",4,157,56.0782091562944,61
"S6_opportunity","Simulation_07","out","C>G",5,262,118.146881975021,109
"S6_opportunity","Simulation_07","out","C>G",6,266,145.854311345618,149
"S6_opportunity","Simulation_07","out","C>G",7,299,193.889192042835,196
"S6_opportunity","Simulation_07","out","C>G",8,317,239.183115970522,246
"S6_opportunity","Simulation_07","out","C>G",9,547,469.921898661882,453
"S6_opportunity","Simulation_07","out","C>T",10,7614,7384.29885249671,7378
"S6_opportunity","Simulation_07","out","C>T",3,51,13.8831822114638,12
"S6_opportunity","Simulation_07","out","C>T",4,335,119.269980684621,113
"S6_opportunity","Simulation_07","out","C>T",5,683,310.658359413681,290
"S6_opportunity","Simulation_07","out","C>T",6,813,446.220324997193,416
"S6_opportunity","Simulation_07","out","C>T",7,879,570.238312201264,547
"S6_opportunity","Simulation_07","out","C>T",8,1106,831.817157054529,800
"S6_opportunity","Simulation_07","out","C>T",9,1492,1276.61489194091,1273
"S6_opportunity","Simulation_07","out","T>A",10,340,317.498215145546,318
"S6_opportunity","Simulation_07","out","T>A",3,23,6.4876777204132,9
"S6_opportunity","Simulation_07","out","T>A",4,236,85.1052857364473,69
"S6_opportunity","Simulation_07","out","T>A",5,472,214.438235074558,217
"S6_opportunity","Simulation_07","out","T>A",6,576,315.243065995813,279
"S6_opportunity","Simulation_07","out","T>A",7,531,344.802400048292,314
"S6_opportunity","Simulation_07","out","T>A",8,562,420.591507030045,407
"S6_opportunity","Simulation_07","out","T>A",9,572,486.256183074206,484
"S6_opportunity","Simulation_07","out","T>C",10,354,332.032010400904,316
"S6_opportunity","Simulation_07","out","T>C",3,33,9.12209569072328,11
"S6_opportunity","Simulation_07","out","T>C",4,267,96.99289311468,80
"S6_opportunity","Simulation_07","out","T>C",5,707,321.180130131303,284
"S6_opportunity","Simulation_07","out","T>C",6,823,451.182675895432,444
"S6_opportunity","Simulation_07","out","T>C",7,722,468.87183248849,464
"S6_opportunity","Simulation_07","out","T>C",8,681,510.339726649137,499
"S6_opportunity","Simulation_07","out","T>C",9,637,540.749733987195,534
"S6_opportunity","Simulation_07","out","T>G",10,73,67.796216997875,63
"S6_opportunity","Simulation_07","out","T>G",3,13,3.58371829076097,6
"S6_opportunity","Simulation_07","out","T>G",4,116,42.0103970831285,51
"S6_opportunity","Simulation_07","out","T>G",5,181,81.1965535889089,85
"S6_opportunity","Simulation_07","out","T>G",6,220,120.615361093326,117
"S6_opportunity","Simulation_07","out","T>G",7,235,152.874293008374,151
"S6_opportunity","Simulation_07","out","T>G",8,193,145.132171096331,140
"S6_opportunity","Simulation_07","out","T>G",9,166,141.135829950346,144
"S6_opportunity","Simulation_08","in","C>A",10,4852,4600.708917594,4625
"S6_opportunity","Simulation_08","in","C>A",2,1,0.199555609854277,1
"S6_opportunity","Simulation_08","in","C>A",3,135,37.7148747762573,36
"S6_opportunity","Simulation_08","in","C>A",4,1826,662.754081319001,653
"S6_opportunity","Simulation_08","in","C>A",5,4417,2004.5779989675,2005
"S6_opportunity","Simulation_08","in","C>A",6,5134,2819.29259735291,2827
"S6_opportunity","Simulation_08","in","C>A",7,5287,3437.79282683181,3537
"S6_opportunity","Simulation_08","in","C>A",8,5192,3893.61292223905,3901
"S6_opportunity","Simulation_08","in","C>A",9,5484,4656.71684761153,4662
"S6_opportunity","Simulation_08","in","C>G",10,16358,15918.405983652,15749
"S6_opportunity","Simulation_08","in","C>G",3,92,25.5338556204898,25
"S6_opportunity","Simulation_08","in","C>G",4,657,235.343862253535,250
"S6_opportunity","Simulation_08","in","C>G",5,1266,573.874788006505,572
"S6_opportunity","Simulation_08","in","C>G",6,1241,680.351930671589,695
"S6_opportunity","Simulation_08","in","C>G",7,1089,708.652213968993,715
"S6_opportunity","Simulation_08","in","C>G",8,1172,881.386105133,840
"S6_opportunity","Simulation_08","in","C>G",9,2239,1920.67759319707,1852
"S6_opportunity","Simulation_08","in","C>T",10,42689,41662.8894682171,41559
"S6_opportunity","Simulation_08","in","C>T",3,297,82.1760746946766,81
"S6_opportunity","Simulation_08","in","C>T",4,1840,658.07853760435,579
"S6_opportunity","Simulation_08","in","C>T",5,2879,1299.37367851382,1104
"S6_opportunity","Simulation_08","in","C>T",6,2828,1557.69905684754,1272
"S6_opportunity","Simulation_08","in","C>T",7,2924,1902.10740394169,1681
"S6_opportunity","Simulation_08","in","C>T",8,3250,2443.0182502826,2248
"S6_opportunity","Simulation_08","in","C>T",9,4973,4258.69096162315,4051
"S6_opportunity","Simulation_08","in","T>A",10,4185,3987.55424334822,3915
"S6_opportunity","Simulation_08","in","T>A",3,133,36.9798242538196,31
"S6_opportunity","Simulation_08","in","T>A",4,1084,388.721012462208,351
"S6_opportunity","Simulation_08","in","T>A",5,2017,915.585752508582,868
"S6_opportunity","Simulation_08","in","T>A",6,2285,1255.80951327621,1140
"S6_opportunity","Simulation_08","in","T>A",7,2125,1380.95903941601,1255
"S6_opportunity","Simulation_08","in","T>A",8,2196,1651.62750078004,1555
"S6_opportunity","Simulation_08","in","T>A",9,2778,2369.68167840846,2284
"S6_opportunity","Simulation_08","in","T>C",10,2007,1883.80679622848,1865
"S6_opportunity","Simulation_08","in","T>C",3,116,32.4202159737096,34
"S6_opportunity","Simulation_08","in","T>C",4,1155,415.675334049041,373
"S6_opportunity","Simulation_08","in","T>C",5,2553,1158.28812260172,1141
"S6_opportunity","Simulation_08","in","T>C",6,2727,1497.72874403639,1436
"S6_opportunity","Simulation_08","in","T>C",7,2562,1666.77901087149,1561
"S6_opportunity","Simulation_08","in","T>C",8,2581,1936.20473777025,1849
"S6_opportunity","Simulation_08","in","T>C",9,2775,2360.3665828943,2287
"S6_opportunity","Simulation_08","in","T>G",10,345,322.137556166807,316
"S6_opportunity","Simulation_08","in","T>G",3,55,15.4214792971773,18
"S6_opportunity","Simulation_08","in","T>G",4,508,184.094764037566,182
"S6_opportunity","Simulation_08","in","T>G",5,1120,507.486478712392,544
"S6_opportunity","Simulation_08","in","T>G",6,1027,562.313750937649,545
"S6_opportunity","Simulation_08","in","T>G",7,837,542.879957163178,512
"S6_opportunity","Simulation_08","in","T>G",8,738,552.761404095887,548
"S6_opportunity","Simulation_08","in","T>G",9,623,527.961492976528,522
"S6_opportunity","Simulation_08","out","C>A",10,1121,1064.50263461071,1064
"S6_opportunity","Simulation_08","out","C>A",3,52,14.6182458087658,15
"S6_opportunity","Simulation_08","out","C>A",4,522,188.813373380653,203
"S6_opportunity","Simulation_08","out","C>A",5,1320,597.640126642385,585
"S6_opportunity","Simulation_08","out","C>A",6,1466,803.371386927332,808
"S6_opportunity","Simulation_08","out","C>A",7,1480,961.721377363303,1008
"S6_opportunity","Simulation_08","out","C>A",8,1436,1074.89150104442,1076
"S6_opportunity","Simulation_08","out","C>A",9,1297,1101.30040932695,1100
"S6_opportunity","Simulation_08","out","C>G",10,5093,4960.42791138031,4921
"S6_opportunity","Simulation_08","out","C>G",3,40,11.0523039266761,11
"S6_opportunity","Simulation_08","out","C>G",4,161,58.0036594377617,48
"S6_opportunity","Simulation_08","out","C>G",5,357,162.61939465236,163
"S6_opportunity","Simulation_08","out","C>G",6,355,195.626966441523,210
"S6_opportunity","Simulation_08","out","C>G",7,273,177.22324713219,187
"S6_opportunity","Simulation_08","out","C>G",8,317,238.226160368745,233
"S6_opportunity","Simulation_08","out","C>G",9,634,544.043736922539,519
"S6_opportunity","Simulation_08","out","C>T",10,15089,14792.1809025379,14719
"S6_opportunity","Simulation_08","out","C>T",3,75,20.9061796891866,21
"S6_opportunity","Simulation_08","out","C>T",4,500,179.310684452096,157
"S6_opportunity","Simulation_08","out","C>T",5,783,352.251545956861,305
"S6_opportunity","Simulation_08","out","C>T",6,747,410.52779712497,352
"S6_opportunity","Simulation_08","out","C>T",7,682,444.214948696193,389
"S6_opportunity","Simulation_08","out","C>T",8,838,631.316613606181,601
"S6_opportunity","Simulation_08","out","C>T",9,1294,1108.12885770853,1065
"S6_opportunity","Simulation_08","out","T>A",10,1076,1026.55860332176,1003
"S6_opportunity","Simulation_08","out","T>A",3,41,11.442246477129,13
"S6_opportunity","Simulation_08","out","T>A",4,283,101.074187428114,109
"S6_opportunity","Simulation_08","out","T>A",5,572,259.411144913776,224
"S6_opportunity","Simulation_08","out","T>A",6,542,297.595687451202,277
"S6_opportunity","Simulation_08","out","T>A",7,505,328.341208781514,314
"S6_opportunity","Simulation_08","out","T>A",8,576,432.789305967415,419
"S6_opportunity","Simulation_08","out","T>A",9,691,588.042466321694,557
"S6_opportunity","Simulation_08","out","T>C",10,445,415.383848380908,409
"S6_opportunity","Simulation_08","out","T>C",3,34,9.10286502185779,9
"S6_opportunity","Simulation_08","out","T>C",4,332,120.007235958881,123
"S6_opportunity","Simulation_08","out","T>C",5,691,312.799397597754,290
"S6_opportunity","Simulation_08","out","T>C",6,727,398.577384725425,371
"S6_opportunity","Simulation_08","out","T>C",7,678,440.133992861717,422
"S6_opportunity","Simulation_08","out","T>C",8,667,499.385261253764,482
"S6_opportunity","Simulation_08","out","T>C",9,658,558.047401194407,522
"S6_opportunity","Simulation_08","out","T>G",10,83,77.820373674485,78
"S6_opportunity","Simulation_08","out","T>G",3,16,4.49681902222503,6
"S6_opportunity","Simulation_08","out","T>G",4,135,48.4551913676352,35
"S6_opportunity","Simulation_08","out","T>G",5,287,129.190306416329,138
"S6_opportunity","Simulation_08","out","T>G",6,264,143.6859396702,153
"S6_opportunity","Simulation_08","out","T>G",7,214,139.032720914147,123
"S6_opportunity","Simulation_08","out","T>G",8,186,139.580136286791,142
"S6_opportunity","Simulation_08","out","T>G",9,186,158.152954636977,159
"S6_opportunity","Simulation_09","in","C>A",10,5480,5175.8917272094,5168
"S6_opportunity","Simulation_09","in","C>A",3,147,41.2452507925663,30
"S6_opportunity","Simulation_09","in","C>A",4,1822,658.862488513932,646
"S6_opportunity","Simulation_09","in","C>A",5,4399,2000.22811157745,2050
"S6_opportunity","Simulation_09","in","C>A",6,5234,2874.36078396297,2908
"S6_opportunity","Simulation_09","in","C>A",7,5255,3411.68937622158,3348
"S6_opportunity","Simulation_09","in","C>A",8,5543,4161.62009135279,4089
"S6_opportunity","Simulation_09","in","C>A",9,6096,5190.59524252351,5141
"S6_opportunity","Simulation_09","in","C>G",10,40108,39373.328347545,39246
"S6_opportunity","Simulation_09","in","C>G",3,62,17.2314292809716,16
"S6_opportunity","Simulation_09","in","C>G",4,579,207.239782610265,211
"S6_opportunity","Simulation_09","in","C>G",5,1166,529.939037223642,542
"S6_opportunity","Simulation_09","in","C>G",6,1345,735.451146773411,710
"S6_opportunity","Simulation_09","in","C>G",7,1266,824.220133824061,820
"S6_opportunity","Simulation_09","in","C>G",8,1585,1191.90803866616,1166
"S6_opportunity","Simulation_09","in","C>G",9,2708,2320.92431063217,2266
"S6_opportunity","Simulation_09","in","C>T",10,29588,28634.7808253169,28502
"S6_opportunity","Simulation_09","in","C>T",2,1,0.19894372041371,0
"S6_opportunity","Simulation_09","in","C>T",3,352,95.9161716797495,75
"S6_opportunity","Simulation_09","in","C>T",4,2065,738.473482510988,720
"S6_opportunity","Simulation_09","in","C>T",5,3581,1620.08161275223,1476
"S6_opportunity","Simulation_09","in","C>T",6,3734,2050.34930363937,1982
"S6_opportunity","Simulation_09","in","C>T",7,3711,2416.24312877154,2346
"S6_opportunity","Simulation_09","in","C>T",8,4380,3295.98585216023,3206
"S6_opportunity","Simulation_09","in","C>T",9,6602,5651.88404518492,5573
"S6_opportunity","Simulation_09","in","T>A",10,2819,2661.64135958865,2630
"S6_opportunity","Simulation_09","in","T>A",3,126,35.2904840627783,31
"S6_opportunity","Simulation_09","in","T>A",4,1093,392.80548423698,356
"S6_opportunity","Simulation_09","in","T>A",5,2205,998.528558508448,967
"S6_opportunity","Simulation_09","in","T>A",6,2247,1233.99730738933,1193
"S6_opportunity","Simulation_09","in","T>A",7,2145,1393.29940023985,1335
"S6_opportunity","Simulation_09","in","T>A",8,2182,1639.18792366956,1597
"S6_opportunity","Simulation_09","in","T>A",9,2587,2206.19638859978,2171
"S6_opportunity","Simulation_09","in","T>C",10,2135,1999.19934618112,1989
"S6_opportunity","Simulation_09","in","T>C",3,104,29.1249395668168,25
"S6_opportunity","Simulation_09","in","T>C",4,1242,449.001794914851,400
"S6_opportunity","Simulation_09","in","T>C",5,2839,1291.23111280274,1253
"S6_opportunity","Simulation_09","in","T>C",6,3424,1883.06663654737,1799
"S6_opportunity","Simulation_09","in","T>C",7,3144,2042.87685108939,2023
"S6_opportunity","Simulation_09","in","T>C",8,3008,2253.75622191324,2222
"S6_opportunity","Simulation_09","in","T>C",9,2972,2529.37481867109,2517
"S6_opportunity","Simulation_09","in","T>G",10,409,379.102690704711,380
"S6_opportunity","Simulation_09","in","T>G",3,47,13.1669242335914,14
"S6_opportunity","Simulation_09","in","T>G",4,452,163.054898557621,167
"S6_opportunity","Simulation_09","in","T>G",5,930,422.035923649812,409
"S6_opportunity","Simulation_09","in","T>G",6,1044,573.121080639022,596
"S6_opportunity","Simulation_09","in","T>G",7,987,640.249564157711,636
"S6_opportunity","Simulation_09","in","T>G",8,1018,764.14236798313,774
"S6_opportunity","Simulation_09","in","T>G",9,1045,886.490684696562,891
"S6_opportunity","Simulation_09","out","C>A",10,1236,1166.20437202045,1157
"S6_opportunity","Simulation_09","out","C>A",3,49,13.9816523247393,13
"S6_opportunity","Simulation_09","out","C>A",4,548,197.980830916144,185
"S6_opportunity","Simulation_09","out","C>A",5,1184,538.597556312547,502
"S6_opportunity","Simulation_09","out","C>A",6,1379,757.950437317465,764
"S6_opportunity","Simulation_09","out","C>A",7,1372,893.206274483887,893
"S6_opportunity","Simulation_09","out","C>A",8,1444,1083.77192500664,1099
"S6_opportunity","Simulation_09","out","C>A",9,1496,1272.83102493665,1254
"S6_opportunity","Simulation_09","out","C>G",10,10523,10322.4792216588,10286
"S6_opportunity","Simulation_09","out","C>G",3,22,5.95415754191376,5
"S6_opportunity","Simulation_09","out","C>G",4,138,49.9649013350571,41
"S6_opportunity","Simulation_09","out","C>G",5,297,136.078088504693,129
"S6_opportunity","Simulation_09","out","C>G",6,395,216.652343202139,204
"S6_opportunity","Simulation_09","out","C>G",7,372,241.961708438676,247
"S6_opportunity","Simulation_09","out","C>G",8,393,295.065835237371,286
"S6_opportunity","Simulation_09","out","C>G",9,698,598.26627209031,582
"S6_opportunity","Simulation_09","out","C>T",10,6781,6559.78833619626,6542
"S6_opportunity","Simulation_09","out","C>T",3,85,23.635024096215,23
"S6_opportunity","Simulation_09","out","C>T",4,601,213.580452711481,199
"S6_opportunity","Simulation_09","out","C>T",5,940,424.878490815295,413
"S6_opportunity","Simulation_09","out","C>T",6,1011,553.645539612809,512
"S6_opportunity","Simulation_09","out","C>T",7,997,649.372553334804,619
"S6_opportunity","Simulation_09","out","C>T",8,1147,862.635201275173,842
"S6_opportunity","Simulation_09","out","C>T",9,1689,1444.26612654273,1421
"S6_opportunity","Simulation_09","out","T>A",10,637,599.782348066952,590
"S6_opportunity","Simulation_09","out","T>A",3,40,11.11956929792,10
"S6_opportunity","Simulation_09","out","T>A",4,310,110.863950904801,90
"S6_opportunity","Simulation_09","out","T>A",5,599,272.100910408288,249
"S6_opportunity","Simulation_09","out","T>A",6,610,333.837330966017,334
"S6_opportunity","Simulation_09","out","T>A",7,519,337.462297064229,310
"S6_opportunity","Simulation_09","out","T>A",8,575,431.270294255977,412
"S6_opportunity","Simulation_09","out","T>A",9,656,557.114758173029,542
"S6_opportunity","Simulation_09","out","T>C",10,541,506.577730029213,502
"S6_opportunity","Simulation_09","out","T>C",3,39,10.9432782826168,8
"S6_opportunity","Simulation_09","out","T>C",4,335,120.797399851286,106
"S6_opportunity","Simulation_09","out","T>C",5,769,350.399446160203,351
"S6_opportunity","Simulation_09","out","T>C",6,943,518.883256531615,485
"S6_opportunity","Simulation_09","out","T>C",7,902,586.998074075643,597
"S6_opportunity","Simulation_09","out","T>C",8,845,633.953486703983,612
"S6_opportunity","Simulation_09","out","T>C",9,794,676.325472591778,664
"S6_opportunity","Simulation_09","out","T>G",10,113,104.84756002228,106
"S6_opportunity","Simulation_09","out","T>G",3,13,3.60003212456244,4
"S6_opportunity","Simulation_09","out","T>G",4,123,44.671220054618,43
"S6_opportunity","Simulation_09","out","T>G",5,254,115.722814134143,125
"S6_opportunity","Simulation_09","out","T>G",6,281,154.412849663719,160
"S6_opportunity","Simulation_09","out","T>G",7,253,163.764398637504,153
"S6_opportunity","Simulation_09","out","T>G",8,252,188.890399897735,174
"S6_opportunity","Simulation_09","out","T>G",9,278,236.138234687499,234
"S6_opportunity","Simulation_10","in","C>A",10,6167,5790.53849321298,5815
"S6_opportunity","Simulation_10","in","C>A",3,173,48.2127865184441,53
"S6_opportunity","Simulation_10","in","C>A",4,2027,730.537947039318,688
"S6_opportunity","Simulation_10","in","C>A",5,4836,2193.96923006981,2178
"S6_opportunity","Simulation_10","in","C>A",6,5504,3027.1614974169,3024
"S6_opportunity","Simulation_10","in","C>A",7,5727,3724.01427210005,3684
"S6_opportunity","Simulation_10","in","C>A",8,6114,4595.56562796182,4630
"S6_opportunity","Simulation_10","in","C>A",9,7980,6794.1850829133,6794
"S6_opportunity","Simulation_10","in","C>G",10,14505,14010.7720032406,13899
"S6_opportunity","Simulation_10","in","C>G",3,95,26.459389410763,26
"S6_opportunity","Simulation_10","in","C>G",4,850,305.144042645349,316
"S6_opportunity","Simulation_10","in","C>G",5,1492,673.759022802787,684
"S6_opportunity","Simulation_10","in","C>G",6,1540,844.35408589552,864
"S6_opportunity","Simulation_10","in","C>G",7,1354,879.614020368011,864
"S6_opportunity","Simulation_10","in","C>G",8,1416,1060.06546021783,1032
"S6_opportunity","Simulation_10","in","C>G",9,2134,1833.02181137018,1824
"S6_opportunity","Simulation_10","in","C>T",10,24995,23999.8706929324,23887
"S6_opportunity","Simulation_10","in","C>T",3,244,67.4023455546921,63
"S6_opportunity","Simulation_10","in","C>T",4,1739,623.528129537287,534
"S6_opportunity","Simulation_10","in","C>T",5,3227,1464.40435534526,1220
"S6_opportunity","Simulation_10","in","C>T",6,3820,2099.21333383146,1822
"S6_opportunity","Simulation_10","in","C>T",7,3768,2450.55258080987,2125
"S6_opportunity","Simulation_10","in","C>T",8,4580,3445.41610902658,3193
"S6_opportunity","Simulation_10","in","C>T",9,7996,6851.42339002769,6673
"S6_opportunity","Simulation_10","in","T>A",10,3468,3255.80372630005,3193
"S6_opportunity","Simulation_10","in","T>A",3,99,27.8021378283093,31
"S6_opportunity","Simulation_10","in","T>A",4,1293,466.299500317854,456
"S6_opportunity","Simulation_10","in","T>A",5,2687,1217.36958602072,1188
"S6_opportunity","Simulation_10","in","T>A",6,2762,1516.23827597881,1410
"S6_opportunity","Simulation_10","in","T>A",7,2508,1627.17578559074,1588
"S6_opportunity","Simulation_10","in","T>A",8,2672,2008.45274122729,1961
"S6_opportunity","Simulation_10","in","T>A",9,3648,3110.17440516431,3110
"S6_opportunity","Simulation_10","in","T>C",10,4887,4623.18487404455,4630
"S6_opportunity","Simulation_10","in","T>C",3,110,30.805081511042,27
"S6_opportunity","Simulation_10","in","T>C",4,1099,396.957061656379,372
"S6_opportunity","Simulation_10","in","T>C",5,2818,1286.0713272182,1248
"S6_opportunity","Simulation_10","in","T>C",6,3601,1978.32070403092,1830
"S6_opportunity","Simulation_10","in","T>C",7,3537,2301.15368707603,2235
"S6_opportunity","Simulation_10","in","T>C",8,4013,3012.42535852667,2943
"S6_opportunity","Simulation_10","in","T>C",9,4697,3999.29265287274,4004
"S6_opportunity","Simulation_10","in","T>G",10,531,503.108653168488,502
"S6_opportunity","Simulation_10","in","T>G",3,41,11.4999837841449,12
"S6_opportunity","Simulation_10","in","T>G",4,496,179.941013264411,198
"S6_opportunity","Simulation_10","in","T>G",5,1223,555.186332645452,541
"S6_opportunity","Simulation_10","in","T>G",6,1252,689.050712803128,718
"S6_opportunity","Simulation_10","in","T>G",7,1148,744.796551438099,755
"S6_opportunity","Simulation_10","in","T>G",8,1019,764.703260646225,747
"S6_opportunity","Simulation_10","in","T>G",9,864,732.117006372088,728
"S6_opportunity","Simulation_10","out","C>A",10,1246,1165.30725183161,1174
"S6_opportunity","Simulation_10","out","C>A",3,34,9.50228965907323,10
"S6_opportunity","Simulation_10","out","C>A",4,474,171.70497961162,166
"S6_opportunity","Simulation_10","out","C>A",5,1078,490.386751461668,490
"S6_opportunity","Simulation_10","out","C>A",6,1221,670.687281076617,687
"S6_opportunity","Simulation_10","out","C>A",7,1158,753.785045974093,781
"S6_opportunity","Simulation_10","out","C>A",8,1405,1054.61615720107,1068
"S6_opportunity","Simulation_10","out","C>A",9,1750,1490.53836503445,1509
"S6_opportunity","Simulation_10","out","C>G",10,3034,2932.06229890672,2912
"S6_opportunity","Simulation_10","out","C>G",3,28,7.65279679669208,5
"S6_opportunity","Simulation_10","out","C>G",4,189,67.4342336744368,60
"S6_opportunity","Simulation_10","out","C>G",5,317,143.075519962302,145
"S6_opportunity","Simulation_10","out","C>G",6,352,193.553938502897,216
"S6_opportunity","Simulation_10","out","C>G",7,276,179.653734068633,172
"S6_opportunity","Simulation_10","out","C>G",8,308,230.786883555341,221
"S6_opportunity","Simulation_10","out","C>G",9,507,434.812991041512,420
"S6_opportunity","Simulation_10","out","C>T",10,4049,3872.14074886649,3889
"S6_opportunity","Simulation_10","out","C>T",2,1,0.194095622832435,0
"S6_opportunity","Simulation_10","out","C>T",3,43,12.1746058842433,14
"S6_opportunity","Simulation_10","out","C>T",4,385,139.158483568897,127
"S6_opportunity","Simulation_10","out","C>T",5,834,378.717354181715,359
"S6_opportunity","Simulation_10","out","C>T",6,840,462.110197015509,424
"S6_opportunity","Simulation_10","out","C>T",7,820,533.274108608441,486
"S6_opportunity","Simulation_10","out","C>T",8,981,738.246397711594,675
"S6_opportunity","Simulation_10","out","C>T",9,1662,1422.31309364946,1385
"S6_opportunity","Simulation_10","out","T>A",10,939,882.105441740217,892
"S6_opportunity","Simulation_10","out","T>A",3,27,7.38036780952558,5
"S6_opportunity","Simulation_10","out","T>A",4,313,112.504711348362,112
"S6_opportunity","Simulation_10","out","T>A",5,526,237.786054435824,214
"S6_opportunity","Simulation_10","out","T>A",6,582,320.251631832608,331
"S6_opportunity","Simulation_10","out","T>A",7,488,317.237004722125,301
"S6_opportunity","Simulation_10","out","T>A",8,602,452.318902610333,450
"S6_opportunity","Simulation_10","out","T>A",9,845,722.024258883602,710
"S6_opportunity","Simulation_10","out","T>C",10,749,706.941073942008,707
"S6_opportunity","Simulation_10","out","T>C",3,22,6.2102763036479,7
"S6_opportunity","Simulation_10","out","T>C",4,275,99.0603032105766,105
"S6_opportunity","Simulation_10","out","T>C",5,683,310.538568013392,309
"S6_opportunity","Simulation_10","out","T>C",6,736,404.019426080048,404
"S6_opportunity","Simulation_10","out","T>C",7,788,512.082294702811,484
"S6_opportunity","Simulation_10","out","T>C",8,844,633.055469470606,632
"S6_opportunity","Simulation_10","out","T>C",9,876,745.259192480868,734
"S6_opportunity","Simulation_10","out","T>G",10,67,63.0490648747151,63
"S6_opportunity","Simulation_10","out","T>G",3,6,1.70899034135147,1
"S6_opportunity","Simulation_10","out","T>G",4,131,47.6051888157246,52
"S6_opportunity","Simulation_10","out","T>G",5,271,122.672878484409,96
"S6_opportunity","Simulation_10","out","T>G",6,265,145.666177157704,160
"S6_opportunity","Simulation_10","out","T>G",7,257,166.470653704838,171
"S6_opportunity","Simulation_10","out","T>G",8,207,154.762869496596,150
"S6_opportunity","Simulation_10","out","T>G",9,129,109.486604916379,111
"S6_opportunity","Simulation_11","in","C>A",10,4741,4500.60435706718,4513
"S6_opportunity","Simulation_11","in","C>A",3,170,47.4029747914479,48
"S6_opportunity","Simulation_11","in","C>A",4,1732,624.096219269988,644
"S6_opportunity","Simulation_11","in","C>A",5,3902,1772.5592032581,1889
"S6_opportunity","Simulation_11","in","C>A",6,4635,2546.75777640464,2616
"S6_opportunity","Simulation_11","in","C>A",7,4397,2855.48476379085,2944
"S6_opportunity","Simulation_11","in","C>A",8,4480,3361.35364454397,3426
"S6_opportunity","Simulation_11","in","C>A",9,4599,3906.35182747513,3893
"S6_opportunity","Simulation_11","in","C>G",10,9090,8739.23130265944,8694
"S6_opportunity","Simulation_11","in","C>G",3,91,25.0937785199679,31
"S6_opportunity","Simulation_11","in","C>G",4,542,194.46831353752,209
"S6_opportunity","Simulation_11","in","C>G",5,1096,497.920372361357,499
"S6_opportunity","Simulation_11","in","C>G",6,1291,711.690076922767,711
"S6_opportunity","Simulation_11","in","C>G",7,1343,875.798068010827,852
"S6_opportunity","Simulation_11","in","C>G",8,1685,1269.59831347652,1252
"S6_opportunity","Simulation_11","in","C>G",9,2784,2381.72394828059,2312
"S6_opportunity","Simulation_11","in","C>T",10,12658,12088.1464315697,12094
"S6_opportunity","Simulation_11","in","C>T",3,231,63.3537819310344,58
"S6_opportunity","Simulation_11","in","C>T",4,1581,565.96246931211,502
"S6_opportunity","Simulation_11","in","C>T",5,2872,1305.13378413377,1230
"S6_opportunity","Simulation_11","in","C>T",6,3302,1812.45928689481,1712
"S6_opportunity","Simulation_11","in","C>T",7,3311,2151.71611501138,2104
"S6_opportunity","Simulation_11","in","C>T",8,3533,2654.56937905603,2595
"S6_opportunity","Simulation_11","in","C>T",9,4590,3931.3697764232,3841
"S6_opportunity","Simulation_11","in","T>A",10,3349,3171.71371634798,3166
"S6_opportunity","Simulation_11","in","T>A",2,1,0.183993136369501,0
"S6_opportunity","Simulation_11","in","T>A",3,72,19.7500632075962,23
"S6_opportunity","Simulation_11","in","T>A",4,862,312.363301179598,297
"S6_opportunity","Simulation_11","in","T>A",5,1873,847.023944925799,851
"S6_opportunity","Simulation_11","in","T>A",6,2141,1176.00652127509,1152
"S6_opportunity","Simulation_11","in","T>A",7,2034,1321.87422701161,1300
"S6_opportunity","Simulation_11","in","T>A",8,2181,1635.36893725418,1579
"S6_opportunity","Simulation_11","in","T>A",9,2526,2151.00328293659,2102
"S6_opportunity","Simulation_11","in","T>C",10,590,544.783712401629,530
"S6_opportunity","Simulation_11","in","T>C",3,131,36.6038716197518,42
"S6_opportunity","Simulation_11","in","T>C",4,1319,476.99327235486,467
"S6_opportunity","Simulation_11","in","T>C",5,2747,1246.08540526729,1223
"S6_opportunity","Simulation_11","in","T>C",6,3027,1661.56678739433,1663
"S6_opportunity","Simulation_11","in","T>C",7,2610,1691.60226659306,1676
"S6_opportunity","Simulation_11","in","T>C",8,2420,1814.32137571884,1801
"S6_opportunity","Simulation_11","in","T>C",9,1873,1585.7127741978,1561
"S6_opportunity","Simulation_11","in","T>G",10,260,240.962659350022,236
"S6_opportunity","Simulation_11","in","T>G",3,41,11.5567256337049,11
"S6_opportunity","Simulation_11","in","T>G",4,446,160.363385697958,154
"S6_opportunity","Simulation_11","in","T>G",5,938,425.852458955541,424
"S6_opportunity","Simulation_11","in","T>G",6,1065,585.844605137995,608
"S6_opportunity","Simulation_11","in","T>G",7,920,596.426804799461,618
"S6_opportunity","Simulation_11","in","T>G",8,846,633.993258888274,654
"S6_opportunity","Simulation_11","in","T>G",9,791,669.553972648047,677
"S6_opportunity","Simulation_11","out","C>A",10,1301,1235.56865329384,1247
"S6_opportunity","Simulation_11","out","C>A",3,34,9.45101366260866,3
"S6_opportunity","Simulation_11","out","C>A",4,396,143.80534326393,131
"S6_opportunity","Simulation_11","out","C>A",5,868,393.430114400916,430
"S6_opportunity","Simulation_11","out","C>A",6,1058,582.218530604967,587
"S6_opportunity","Simulation_11","out","C>A",7,1083,704.885052704575,701
"S6_opportunity","Simulation_11","out","C>A",8,1088,816.175102661979,821
"S6_opportunity","Simulation_11","out","C>A",9,1226,1043.31530604862,1044
"S6_opportunity","Simulation_11","out","C>G",10,1722,1651.54971651709,1637
"S6_opportunity","Simulation_11","out","C>G",3,16,4.44612241956845,5
"S6_opportunity","Simulation_11","out","C>G",4,107,38.8359974220191,44
"S6_opportunity","Simulation_11","out","C>G",5,294,133.172265772151,143
"S6_opportunity","Simulation_11","out","C>G",6,327,180.0679825996,192
"S6_opportunity","Simulation_11","out","C>G",7,370,240.114783626866,233
"S6_opportunity","Simulation_11","out","C>G",8,480,360.050142002647,375
"S6_opportunity","Simulation_11","out","C>G",9,763,653.723300789285,661
"S6_opportunity","Simulation_11","out","C>T",10,3001,2862.04846466469,2853
"S6_opportunity","Simulation_11","out","C>T",3,55,15.2984210201055,7
"S6_opportunity","Simulation_11","out","C>T",4,403,144.875854494587,124
"S6_opportunity","Simulation_11","out","C>T",5,657,296.609665360688,294
"S6_opportunity","Simulation_11","out","C>T",6,773,426.010336047352,414
"S6_opportunity","Simulation_11","out","C>T",7,850,553.169336799858,589
"S6_opportunity","Simulation_11","out","C>T",8,934,702.653752552755,704
"S6_opportunity","Simulation_11","out","C>T",9,1267,1082.02885348472,1064
"S6_opportunity","Simulation_11","out","T>A",10,871,826.648013941123,813
"S6_opportunity","Simulation_11","out","T>A",3,22,5.92409053260402,7
"S6_opportunity","Simulation_11","out","T>A",4,211,76.1884569195261,80
"S6_opportunity","Simulation_11","out","T>A",5,448,203.36643786739,215
"S6_opportunity","Simulation_11","out","T>A",6,534,294.44415283907,292
"S6_opportunity","Simulation_11","out","T>A",7,572,371.608205131462,376
"S6_opportunity","Simulation_11","out","T>A",8,581,435.599361223073,430
"S6_opportunity","Simulation_11","out","T>A",9,653,557.362965413327,548
"S6_opportunity","Simulation_11","out","T>C",10,165,152.675838980329,149
"S6_opportunity","Simulation_11","out","T>C",3,12,3.29660531179154,3
"S6_opportunity","Simulation_11","out","T>C",4,274,99.0431992702436,86
"S6_opportunity","Simulation_11","out","T>C",5,656,297.537257409431,323
"S6_opportunity","Simulation_11","out","T>C",6,749,410.505578878659,408
"S6_opportunity","Simulation_11","out","T>C",7,678,440.816951286586,447
"S6_opportunity","Simulation_11","out","T>C",8,664,497.631136126238,480
"S6_opportunity","Simulation_11","out","T>C",9,493,416.816561663037,420
"S6_opportunity","Simulation_11","out","T>G",10,54,49.9172862105958,51
"S6_opportunity","Simulation_11","out","T>G",3,8,2.27275302405869,1
"S6_opportunity","Simulation_11","out","T>G",4,95,34.2269065468164,45
"S6_opportunity","Simulation_11","out","T>G",5,215,97.5018277595557,98
"S6_opportunity","Simulation_11","out","T>G",6,263,144.910221385353,161
"S6_opportunity","Simulation_11","out","T>G",7,234,152.014245818363,156
"S6_opportunity","Simulation_11","out","T>G",8,217,162.606493349562,164
"S6_opportunity","Simulation_11","out","T>G",9,213,180.364842264384,194
"S6_opportunity","Simulation_12","in","C>A",10,21609,20639.3619791888,20826
"S6_opportunity","Simulation_12","in","C>A",3,275,75.3928917503411,80
"S6_opportunity","Simulation_12","in","C>A",4,2446,882.382877291569,904
"S6_opportunity","Simulation_12","in","C>A",5,5981,2729.78342369725,2768
"S6_opportunity","Simulation_12","in","C>A",6,7974,4381.2118521679,4483
"S6_opportunity","Simulation_12","in","C>A",7,8049,5237.33465693589,5336
"S6_opportunity","Simulation_12","in","C>A",8,8765,6584.23824294071,6750
"S6_opportunity","Simulation_12","in","C>A",9,11845,10100.9456774457,10259
"S6_opportunity","Simulation_12","in","C>G",10,22109,21297.499126632,21156
"S6_opportunity","Simulation_12","in","C>G",3,122,33.935143288888,24
"S6_opportunity","Simulation_12","in","C>G",4,973,348.650729900732,351
"S6_opportunity","Simulation_12","in","C>G",5,1738,786.102267453519,800
"S6_opportunity","Simulation_12","in","C>G",6,2165,1189.95098050628,1183
"S6_opportunity","Simulation_12","in","C>G",7,2274,1481.28429338965,1466
"S6_opportunity","Simulation_12","in","C>G",8,2672,2009.49496068975,1991
"S6_opportunity","Simulation_12","in","C>G",9,4548,3900.083882634,3854
"S6_opportunity","Simulation_12","in","C>T",10,19939,18992.9423903678,18880
"S6_opportunity","Simulation_12","in","C>T",2,1,0.196074903422692,0
"S6_opportunity","Simulation_12","in","C>T",3,294,80.9648884405461,75
"S6_opportunity","Simulation_12","in","C>T",4,2336,840.512464866761,795
"S6_opportunity","Simulation_12","in","C>T",5,5246,2385.6322340965,2164
"S6_opportunity","Simulation_12","in","C>T",6,5829,3204.57793859185,2949
"S6_opportunity","Simulation_12","in","C>T",7,5817,3785.92394750418,3531
"S6_opportunity","Simulation_12","in","C>T",8,7217,5426.94524419447,5193
"S6_opportunity","Simulation_12","in","C>T",9,10738,9174.39529292218,8869
"S6_opportunity","Simulation_12","in","T>A",10,3844,3621.45026340121,3629
"S6_opportunity","Simulation_12","in","T>A",3,154,43.4145799310469,47
"S6_opportunity","Simulation_12","in","T>A",4,1671,602.675648220091,642
"S6_opportunity","Simulation_12","in","T>A",5,3611,1642.587361955,1610
"S6_opportunity","Simulation_12","in","T>A",6,4241,2329.36434074766,2311
"S6_opportunity","Simulation_12","in","T>A",7,3992,2592.22346051591,2595
"S6_opportunity","Simulation_12","in","T>A",8,3889,2918.77483140333,2931
"S6_opportunity","Simulation_12","in","T>A",9,4281,3644.1698984841,3662
"S6_opportunity","Simulation_12","in","T>C",10,6389,6032.21924241461,6055
"S6_opportunity","Simulation_12","in","T>C",3,143,39.8555563266434,36
"S6_opportunity","Simulation_12","in","T>C",4,1918,695.165131686776,678
"S6_opportunity","Simulation_12","in","T>C",5,4870,2209.28932645914,2142
"S6_opportunity","Simulation_12","in","T>C",6,5481,3005.140075819,2897
"S6_opportunity","Simulation_12","in","T>C",7,5086,3306.38452615606,3271
"S6_opportunity","Simulation_12","in","T>C",8,4952,3712.46265719527,3724
"S6_opportunity","Simulation_12","in","T>C",9,5718,4867.18636450245,4883
"S6_opportunity","Simulation_12","in","T>G",10,1438,1360.58322468507,1378
"S6_opportunity","Simulation_12","in","T>G",3,60,17.0704608019988,18
"S6_opportunity","Simulation_12","in","T>G",4,680,246.719016879887,266
"S6_opportunity","Simulation_12","in","T>G",5,1626,738.51746674943,743
"S6_opportunity","Simulation_12","in","T>G",6,1889,1035.03194342773,1050
"S6_opportunity","Simulation_12","in","T>G",7,1681,1091.05853913246,1097
"S6_opportunity","Simulation_12","in","T>G",8,1634,1224.71852213957,1200
"S6_opportunity","Simulation_12","in","T>G",9,1613,1370.74014278175,1398
"S6_opportunity","Simulation_12","out","C>A",10,5340,5087.63732272466,5153
"S6_opportunity","Simulation_12","out","C>A",3,52,14.3474507163319,11
"S6_opportunity","Simulation_12","out","C>A",4,596,214.551615424695,225
"S6_opportunity","Simulation_12","out","C>A",5,1516,692.645779576691,756
"S6_opportunity","Simulation_12","out","C>A",6,2030,1115.08819866331,1146
"S6_opportunity","Simulation_12","out","C>A",7,2000,1300.2240114868,1336
"S6_opportunity","Simulation_12","out","C>A",8,2233,1676.39746434578,1723
"S6_opportunity","Simulation_12","out","C>A",9,2953,2521.79903972514,2608
"S6_opportunity","Simulation_12","out","C>G",10,5046,4861.91771617567,4834
"S6_opportunity","Simulation_12","out","C>G",3,28,7.68968398371701,6
"S6_opportunity","Simulation_12","out","C>G",4,253,90.513823947634,87
"S6_opportunity","Simulation_12","out","C>G",5,436,197.316559495961,199
"S6_opportunity","Simulation_12","out","C>G",6,544,297.477047277002,301
"S6_opportunity","Simulation_12","out","C>G",7,618,401.086904128921,395
"S6_opportunity","Simulation_12","out","C>G",8,701,527.16828855332,516
"S6_opportunity","Simulation_12","out","C>G",9,1069,914.971860623181,906
"S6_opportunity","Simulation_12","out","C>T",10,4422,4207.04373981199,4118
"S6_opportunity","Simulation_12","out","C>T",2,1,0.195505152872113,1
"S6_opportunity","Simulation_12","out","C>T",3,72,19.5822933296251,20
"S6_opportunity","Simulation_12","out","C>T",4,593,213.799239856883,205
"S6_opportunity","Simulation_12","out","C>T",5,1251,567.907996445412,508
"S6_opportunity","Simulation_12","out","C>T",6,1395,767.608638348743,723
"S6_opportunity","Simulation_12","out","C>T",7,1484,965.154782806607,863
"S6_opportunity","Simulation_12","out","C>T",8,1688,1271.53813456708,1213
"S6_opportunity","Simulation_12","out","C>T",9,2670,2284.96113340961,2217
"S6_opportunity","Simulation_12","out","T>A",10,1041,980.100611315984,981
"S6_opportunity","Simulation_12","out","T>A",3,33,9.28137156308546,10
"S6_opportunity","Simulation_12","out","T>A",4,380,137.237852267214,120
"S6_opportunity","Simulation_12","out","T>A",5,831,378.86572595515,382
"S6_opportunity","Simulation_12","out","T>A",6,1081,593.889371328001,598
"S6_opportunity","Simulation_12","out","T>A",7,1025,665.78500171412,668
"S6_opportunity","Simulation_12","out","T>A",8,1015,760.729557277025,777
"S6_opportunity","Simulation_12","out","T>A",9,1054,897.792514536562,901
"S6_opportunity","Simulation_12","out","T>C",10,1364,1286.4771527322,1285
"S6_opportunity","Simulation_12","out","T>C",3,51,14.4309816692976,23
"S6_opportunity","Simulation_12","out","T>C",4,524,189.793322713404,201
"S6_opportunity","Simulation_12","out","T>C",5,1124,511.633004287532,508
"S6_opportunity","Simulation_12","out","T>C",6,1248,685.770050477427,690
"S6_opportunity","Simulation_12","out","T>C",7,1095,710.593099124426,700
"S6_opportunity","Simulation_12","out","T>C",8,1134,852.931049794545,839
"S6_opportunity","Simulation_12","out","T>C",9,1252,1065.64298219208,1085
"S6_opportunity","Simulation_12","out","T>G",10,374,354.351387298707,358
"S6_opportunity","Simulation_12","out","T>G",3,10,2.87883881216552,5
"S6_opportunity","Simulation_12","out","T>G",4,154,55.2973673858391,59
"S6_opportunity","Simulation_12","out","T>G",5,360,162.98734000476,170
"S6_opportunity","Simulation_12","out","T>G",6,448,245.762027995193,255
"S6_opportunity","Simulation_12","out","T>G",7,384,249.792636552922,234
"S6_opportunity","Simulation_12","out","T>G",8,380,285.09070853405,285
"S6_opportunity","Simulation_12","out","T>G",9,361,306.55962806203,315
"S6_opportunity","Simulation_13","in","C>A",10,6404,6042.56256605996,6017
"S6_opportunity","Simulation_13","in","C>A",3,165,46.4020079605668,46
"S6_opportunity","Simulation_13","in","C>A",4,2387,865.286288812225,879
"S6_opportunity","Simulation_13","in","C>A",5,6318,2880.09645529966,2852
"S6_opportunity","Simulation_13","in","C>A",6,7603,4174.10484685636,4203
"S6_opportunity","Simulation_13","in","C>A",7,7017,4554.74335982059,4447
"S6_opportunity","Simulation_13","in","C>A",8,7125,5351.49793724915,5303
"S6_opportunity","Simulation_13","in","C>A",9,7435,6324.77036654884,6215
"S6_opportunity","Simulation_13","in","C>G",10,28446,27680.7406692802,27535
"S6_opportunity","Simulation_13","in","C>G",3,40,11.0342070126916,7
"S6_opportunity","Simulation_13","in","C>G",4,551,199.156977781387,209
"S6_opportunity","Simulation_13","in","C>G",5,1433,654.718240268178,627
"S6_opportunity","Simulation_13","in","C>G",6,2106,1159.40313681457,1153
"S6_opportunity","Simulation_13","in","C>G",7,2207,1437.11252418931,1411
"S6_opportunity","Simulation_13","in","C>G",8,2903,2184.94331814169,2132
"S6_opportunity","Simulation_13","in","C>G",9,4747,4060.69576669854,3975
"S6_opportunity","Simulation_13","in","C>T",10,16671,15973.3252461568,15833
"S6_opportunity","Simulation_13","in","C>T",3,378,104.38727179075,81
"S6_opportunity","Simulation_13","in","C>T",4,2275,816.480230353107,706
"S6_opportunity","Simulation_13","in","C>T",5,4132,1869.37400652827,1682
"S6_opportunity","Simulation_13","in","C>T",6,4367,2400.04400292483,2163
"S6_opportunity","Simulation_13","in","C>T",7,4417,2875.35173793879,2664
"S6_opportunity","Simulation_13","in","C>T",8,5244,3949.33124279705,3743
"S6_opportunity","Simulation_13","in","C>T",9,7526,6432.98342813079,6269
"S6_opportunity","Simulation_13","in","T>A",10,5897,5596.15290300602,5543
"S6_opportunity","Simulation_13","in","T>A",3,66,18.4776227560756,16
"S6_opportunity","Simulation_13","in","T>A",4,842,306.04455343194,301
"S6_opportunity","Simulation_13","in","T>A",5,2466,1127.96339964093,1099
"S6_opportunity","Simulation_13","in","T>A",6,3535,1947.48853219065,1901
"S6_opportunity","Simulation_13","in","T>A",7,3616,2349.81392565484,2276
"S6_opportunity","Simulation_13","in","T>A",8,3976,2987.79734340072,2911
"S6_opportunity","Simulation_13","in","T>A",9,4903,4175.89677678163,4064
"S6_opportunity","Simulation_13","in","T>C",10,2097,1962.58686649327,1968
"S6_opportunity","Simulation_13","in","T>C",3,184,51.5701755401665,53
"S6_opportunity","Simulation_13","in","T>C",4,1801,650.207686564157,611
"S6_opportunity","Simulation_13","in","T>C",5,3855,1749.55384270406,1704
"S6_opportunity","Simulation_13","in","T>C",6,4122,2262.28842353638,2292
"S6_opportunity","Simulation_13","in","T>C",7,3739,2427.64758043169,2407
"S6_opportunity","Simulation_13","in","T>C",8,3631,2726.50503296918,2762
"S6_opportunity","Simulation_13","in","T>C",9,3475,2953.48685508713,2923
"S6_opportunity","Simulation_13","in","T>G",10,1586,1494.02034949126,1501
"S6_opportunity","Simulation_13","in","T>G",3,40,11.3660878725921,10
"S6_opportunity","Simulation_13","in","T>G",4,456,164.187417657411,167
"S6_opportunity","Simulation_13","in","T>G",5,1101,501.366798892606,501
"S6_opportunity","Simulation_13","in","T>G",6,1333,732.165348336463,745
"S6_opportunity","Simulation_13","in","T>G",7,1381,898.029801804247,895
"S6_opportunity","Simulation_13","in","T>G",8,1452,1089.20539918835,1064
"S6_opportunity","Simulation_13","in","T>G",9,1780,1516.15227799544,1529
"S6_opportunity","Simulation_13","out","C>A",10,1281,1207.0686766705,1214
"S6_opportunity","Simulation_13","out","C>A",3,36,10.304668741354,11
"S6_opportunity","Simulation_13","out","C>A",4,641,232.287429305869,221
"S6_opportunity","Simulation_13","out","C>A",5,1447,657.582927262757,679
"S6_opportunity","Simulation_13","out","C>A",6,1750,960.589308273819,1002
"S6_opportunity","Simulation_13","out","C>A",7,1635,1061.23090175031,1072
"S6_opportunity","Simulation_13","out","C>A",8,1572,1177.85796179493,1148
"S6_opportunity","Simulation_13","out","C>A",9,1497,1271.95921533825,1277
"S6_opportunity","Simulation_13","out","C>G",10,5091,4903.35646964452,4889
"S6_opportunity","Simulation_13","out","C>G",3,13,3.66270765394753,2
"S6_opportunity","Simulation_13","out","C>G",4,131,47.5592779180909,42
"S6_opportunity","Simulation_13","out","C>G",5,304,139.102225978914,143
"S6_opportunity","Simulation_13","out","C>G",6,529,292.433749497146,275
"S6_opportunity","Simulation_13","out","C>G",7,670,436.048074939394,446
"S6_opportunity","Simulation_13","out","C>G",8,895,674.118317077712,696
"S6_opportunity","Simulation_13","out","C>G",9,1408,1205.29250763056,1193
"S6_opportunity","Simulation_13","out","C>T",10,4785,4593.95528541151,4567
"S6_opportunity","Simulation_13","out","C>T",3,99,27.0228311527568,23
"S6_opportunity","Simulation_13","out","C>T",4,525,188.902681107005,152
"S6_opportunity","Simulation_13","out","C>T",5,977,442.442112081641,366
"S6_opportunity","Simulation_13","out","C>T",6,1112,611.51179988747,539
"S6_opportunity","Simulation_13","out","C>T",7,1159,753.012143666105,687
"S6_opportunity","Simulation_13","out","C>T",8,1284,964.921349623073,907
"S6_opportunity","Simulation_13","out","C>T",9,1928,1647.57335358591,1589
"S6_opportunity","Simulation_13","out","T>A",10,891,843.242909991575,854
"S6_opportunity","Simulation_13","out","T>A",3,19,5.42821707112217,8
"S6_opportunity","Simulation_13","out","T>A",4,266,96.2058946339413,103
"S6_opportunity","Simulation_13","out","T>A",5,684,311.851387852481,310
"S6_opportunity","Simulation_13","out","T>A",6,882,483.696695121606,495
"S6_opportunity","Simulation_13","out","T>A",7,855,555.788363119967,539
"S6_opportunity","Simulation_13","out","T>A",8,907,680.376486756126,654
"S6_opportunity","Simulation_13","out","T>A",9,958,816.601906554359,817
"S6_opportunity","Simulation_13","out","T>C",10,740,691.822280921022,697
"S6_opportunity","Simulation_13","out","T>C",3,27,7.55865944957085,9
"S6_opportunity","Simulation_13","out","T>C",4,348,126.145380716157,111
"S6_opportunity","Simulation_13","out","T>C",5,895,407.84473747503,397
"S6_opportunity","Simulation_13","out","T>C",6,967,531.529157849029,533
"S6_opportunity","Simulation_13","out","T>C",7,912,590.874075271087,591
"S6_opportunity","Simulation_13","out","T>C",8,1006,754.867957008171,748
"S6_opportunity","Simulation_13","out","T>C",9,979,832.214654468042,828
"S6_opportunity","Simulation_13","out","T>G",10,599,566.864962418521,577
"S6_opportunity","Simulation_13","out","T>G",3,3,0.876809731994713,1
"S6_opportunity","Simulation_13","out","T>G",4,100,36.4322228219227,28
"S6_opportunity","Simulation_13","out","T>G",5,253,115.398023990927,113
"S6_opportunity","Simulation_13","out","T>G",6,322,177.111943688536,172
"S6_opportunity","Simulation_13","out","T>G",7,347,225.079829433294,213
"S6_opportunity","Simulation_13","out","T>G",8,391,294.224712257405,282
"S6_opportunity","Simulation_13","out","T>G",9,509,433.987997517867,441
"S6_opportunity","Simulation_14","in","C>A",10,2768,2596.71284058419,2635
"S6_opportunity","Simulation_14","in","C>A",3,170,47.6596548765255,50
"S6_opportunity","Simulation_14","in","C>A",4,1660,598.214318546163,593
"S6_opportunity","Simulation_14","in","C>A",5,3771,1711.0775178806,1744
"S6_opportunity","Simulation_14","in","C>A",6,4020,2211.08773054336,2213
"S6_opportunity","Simulation_14","in","C>A",7,3672,2381.66953751802,2370
"S6_opportunity","Simulation_14","in","C>A",8,3757,2820.53660999398,2852
"S6_opportunity","Simulation_14","in","C>A",9,3898,3312.3096307508,3340
"S6_opportunity","Simulation_14","in","C>G",10,14455,13971.527749695,13907
"S6_opportunity","Simulation_14","in","C>G",3,81,22.4952406821718,19
"S6_opportunity","Simulation_14","in","C>G",4,684,245.494352260467,257
"S6_opportunity","Simulation_14","in","C>G",5,1211,548.716414462151,527
"S6_opportunity","Simulation_14","in","C>G",6,1062,582.208072368569,575
"S6_opportunity","Simulation_14","in","C>G",7,1138,740.693713415238,711
"S6_opportunity","Simulation_14","in","C>G",8,1187,890.696692045939,877
"S6_opportunity","Simulation_14","in","C>G",9,1680,1444.10371752862,1394
"S6_opportunity","Simulation_14","in","C>T",10,18929,18122.3076225904,18064
"S6_opportunity","Simulation_14","in","C>T",2,1,0.197121607937428,0
"S6_opportunity","Simulation_14","in","C>T",3,253,69.1115464238624,58
"S6_opportunity","Simulation_14","in","C>T",4,1519,546.740154358094,503
"S6_opportunity","Simulation_14","in","C>T",5,2949,1338.88817575513,1278
"S6_opportunity","Simulation_14","in","C>T",6,3239,1778.23350641956,1707
"S6_opportunity","Simulation_14","in","C>T",7,3158,2054.45465144184,1957
"S6_opportunity","Simulation_14","in","C>T",8,3740,2814.35596258235,2720
"S6_opportunity","Simulation_14","in","C>T",9,6636,5687.88329366207,5563
"S6_opportunity","Simulation_14","in","T>A",10,936,873.794798930477,877
"S6_opportunity","Simulation_14","in","T>A",3,147,40.831364672132,35
"S6_opportunity","Simulation_14","in","T>A",4,1081,389.337601295165,336
"S6_opportunity","Simulation_14","in","T>A",5,1946,882.278456638425,850
"S6_opportunity","Simulation_14","in","T>A",6,2054,1127.85640386367,1129
"S6_opportunity","Simulation_14","in","T>A",7,2095,1363.10301778087,1340
"S6_opportunity","Simulation_14","in","T>A",8,2016,1512.1011580363,1462
"S6_opportunity","Simulation_14","in","T>A",9,2026,1719.08182210696,1695
"S6_opportunity","Simulation_14","in","T>C",10,1416,1320.04145317315,1320
"S6_opportunity","Simulation_14","in","T>C",3,86,24.3483545308312,13
"S6_opportunity","Simulation_14","in","T>C",4,1008,365.588182857826,333
"S6_opportunity","Simulation_14","in","T>C",5,2628,1198.25027034533,1101
"S6_opportunity","Simulation_14","in","T>C",6,3340,1836.99290879856,1792
"S6_opportunity","Simulation_14","in","T>C",7,3038,1973.43895108854,1953
"S6_opportunity","Simulation_14","in","T>C",8,2949,2210.06912076539,2217
"S6_opportunity","Simulation_14","in","T>C",9,2535,2150.86051685169,2103
"S6_opportunity","Simulation_14","in","T>G",10,120,110.905881210645,105
"S6_opportunity","Simulation_14","in","T>G",3,20,5.65263370142349,3
"S6_opportunity","Simulation_14","in","T>G",4,320,117.359363648537,119
"S6_opportunity","Simulation_14","in","T>G",5,962,436.016614640188,402
"S6_opportunity","Simulation_14","in","T>G",6,1091,598.042897604215,615
"S6_opportunity","Simulation_14","in","T>G",7,1002,650.845385904381,646
"S6_opportunity","Simulation_14","in","T>G",8,756,564.513061013139,569
"S6_opportunity","Simulation_14","in","T>G",9,468,395.437252706289,409
"S6_opportunity","Simulation_14","out","C>A",10,629,589.828074136471,605
"S6_opportunity","Simulation_14","out","C>A",3,42,11.730815585005,10
"S6_opportunity","Simulation_14","out","C>A",4,382,137.702876277144,142
"S6_opportunity","Simulation_14","out","C>A",5,855,388.340411800506,393
"S6_opportunity","Simulation_14","out","C>A",6,975,534.555164424529,557
"S6_opportunity","Simulation_14","out","C>A",7,896,580.839806418948,570
"S6_opportunity","Simulation_14","out","C>A",8,941,706.582447672323,736
"S6_opportunity","Simulation_14","out","C>A",9,937,797.094206458045,811
"S6_opportunity","Simulation_14","out","C>G",10,3861,3738.83430885248,3710
"S6_opportunity","Simulation_14","out","C>G",3,17,4.61499704867451,3
"S6_opportunity","Simulation_14","out","C>G",4,170,60.3230208913368,68
"S6_opportunity","Simulation_14","out","C>G",5,243,109.897415241329,123
"S6_opportunity","Simulation_14","out","C>G",6,251,137.850354630407,140
"S6_opportunity","Simulation_14","out","C>G",7,257,167.462743995294,180
"S6_opportunity","Simulation_14","out","C>G",8,314,235.406628590266,237
"S6_opportunity","Simulation_14","out","C>G",9,482,413.640523904127,412
"S6_opportunity","Simulation_14","out","C>T",10,5218,5030.71542714698,5016
"S6_opportunity","Simulation_14","out","C>T",2,1,0.198892869867076,0
"S6_opportunity","Simulation_14","out","C>T",3,79,21.6992214622037,25
"S6_opportunity","Simulation_14","out","C>T",4,429,153.459537580627,135
"S6_opportunity","Simulation_14","out","C>T",5,712,321.633233483792,271
"S6_opportunity","Simulation_14","out","C>T",6,675,369.141113662892,340
"S6_opportunity","Simulation_14","out","C>T",7,645,418.834807453102,415
"S6_opportunity","Simulation_14","out","C>T",8,732,547.552673093447,550
"S6_opportunity","Simulation_14","out","C>T",9,1366,1168.23650563936,1133
"S6_opportunity","Simulation_14","out","T>A",10,250,233.434705970877,230
"S6_opportunity","Simulation_14","out","T>A",3,45,12.4498573123343,15
"S6_opportunity","Simulation_14","out","T>A",4,211,75.3309064903226,76
"S6_opportunity","Simulation_14","out","T>A",5,430,194.754730548437,185
"S6_opportunity","Simulation_14","out","T>A",6,513,281.112638935408,278
"S6_opportunity","Simulation_14","out","T>A",7,480,312.280576056723,301
"S6_opportunity","Simulation_14","out","T>A",8,467,351.508716312649,332
"S6_opportunity","Simulation_14","out","T>A",9,506,429.91179496075,425
"S6_opportunity","Simulation_14","out","T>C",10,154,143.140496610192,144
"S6_opportunity","Simulation_14","out","T>C",3,26,7.20847117701048,2
"S6_opportunity","Simulation_14","out","T>C",4,231,83.4578298354368,71
"S6_opportunity","Simulation_14","out","T>C",5,580,262.236912229156,236
"S6_opportunity","Simulation_14","out","T>C",6,720,396.463676115836,384
"S6_opportunity","Simulation_14","out","T>C",7,659,428.978618509529,432
"S6_opportunity","Simulation_14","out","T>C",8,548,409.524063935509,407
"S6_opportunity","Simulation_14","out","T>C",9,408,345.054940774498,334
"S6_opportunity","Simulation_14","out","T>G",10,16,14.7038818543007,15
"S6_opportunity","Simulation_14","out","T>G",3,8,2.25730566797886,2
"S6_opportunity","Simulation_14","out","T>G",4,97,35.4407239807426,40
"S6_opportunity","Simulation_14","out","T>G",5,210,95.0685860679456,85
"S6_opportunity","Simulation_14","out","T>G",6,207,114.158336387401,109
"S6_opportunity","Simulation_14","out","T>G",7,234,152.082535428881,160
"S6_opportunity","Simulation_14","out","T>G",8,203,151.726485317166,160
"S6_opportunity","Simulation_14","out","T>G",9,102,86.5829125082468,92
"S6_opportunity","Simulation_15","in","C>A",10,4755,4478.69779246274,4401
"S6_opportunity","Simulation_15","in","C>A",2,1,0.194574679672854,1
"S6_opportunity","Simulation_15","in","C>A",3,296,81.2784839957286,75
"S6_opportunity","Simulation_15","in","C>A",4,2409,868.898865456217,863
"S6_opportunity","Simulation_15","in","C>A",5,5701,2592.30392837979,2557
"S6_opportunity","Simulation_15","in","C>A",6,6325,3471.59031171965,3326
"S6_opportunity","Simulation_15","in","C>A",7,5782,3757.69491386825,3611
"S6_opportunity","Simulation_15","in","C>A",8,5980,4487.74814294164,4391
"S6_opportunity","Simulation_15","in","C>A",9,6389,5435.42495105427,5317
"S6_opportunity","Simulation_15","in","C>G",10,21465,20892.0580396822,20712
"S6_opportunity","Simulation_15","in","C>G",3,60,16.7602829717748,17
"S6_opportunity","Simulation_15","in","C>G",4,675,242.179004272697,235
"S6_opportunity","Simulation_15","in","C>G",5,1578,718.377395601094,729
"S6_opportunity","Simulation_15","in","C>G",6,1937,1065.48607900775,1043
"S6_opportunity","Simulation_15","in","C>G",7,1891,1230.1884690987,1236
"S6_opportunity","Simulation_15","in","C>G",8,2248,1693.1427436597,1691
"S6_opportunity","Simulation_15","in","C>G",9,3516,3009.42296292701,2952
"S6_opportunity","Simulation_15","in","C>T",10,13942,13332.6741756576,13279
"S6_opportunity","Simulation_15","in","C>T",2,2,0.380882446977855,0
"S6_opportunity","Simulation_15","in","C>T",3,271,74.0370674239261,75
"S6_opportunity","Simulation_15","in","C>T",4,1984,712.05220651858,628
"S6_opportunity","Simulation_15","in","C>T",5,3747,1701.11172343118,1541
"S6_opportunity","Simulation_15","in","C>T",6,4370,2403.61303658243,2250
"S6_opportunity","Simulation_15","in","C>T",7,4192,2726.53961064102,2636
"S6_opportunity","Simulation_15","in","C>T",8,4891,3674.79137785413,3600
"S6_opportunity","Simulation_15","in","C>T",9,6651,5684.54938430727,5631
"S6_opportunity","Simulation_15","in","T>A",10,5098,4830.16175716659,4774
"S6_opportunity","Simulation_15","in","T>A",3,88,24.2706210172347,26
"S6_opportunity","Simulation_15","in","T>A",4,965,347.634125642418,316
"S6_opportunity","Simulation_15","in","T>A",5,2348,1069.82210982659,994
"S6_opportunity","Simulation_15","in","T>A",6,3049,1673.62937141243,1588
"S6_opportunity","Simulation_15","in","T>A",7,3165,2059.74040695319,2002
"S6_opportunity","Simulation_15","in","T>A",8,3517,2647.22443564412,2568
"S6_opportunity","Simulation_15","in","T>A",9,4333,3690.92516483672,3590
"S6_opportunity","Simulation_15","in","T>C",10,2209,2064.55006373644,2065
"S6_opportunity","Simulation_15","in","T>C",3,99,27.5245521320934,23
"S6_opportunity","Simulation_15","in","T>C",4,1546,560.80920575445,527
"S6_opportunity","Simulation_15","in","T>C",5,3659,1659.79564047118,1622
"S6_opportunity","Simulation_15","in","T>C",6,3883,2132.21645978703,2079
"S6_opportunity","Simulation_15","in","T>C",7,3645,2367.89998697279,2298
"S6_opportunity","Simulation_15","in","T>C",8,3589,2692.18150751432,2704
"S6_opportunity","Simulation_15","in","T>C",9,3644,3099.62140111599,3133
"S6_opportunity","Simulation_15","in","T>G",10,1089,1024.71712979385,1031
"S6_opportunity","Simulation_15","in","T>G",3,25,7.08372782421147,8
"S6_opportunity","Simulation_15","in","T>G",4,447,162.140776564709,176
"S6_opportunity","Simulation_15","in","T>G",5,1145,519.772947935196,493
"S6_opportunity","Simulation_15","in","T>G",6,1327,727.301545406064,728
"S6_opportunity","Simulation_15","in","T>G",7,1152,748.602995616855,739
"S6_opportunity","Simulation_15","in","T>G",8,1100,825.701264155426,821
"S6_opportunity","Simulation_15","in","T>G",9,1268,1078.32307498134,1096
"S6_opportunity","Simulation_15","out","C>A",10,1184,1110.72988991302,1092
"S6_opportunity","Simulation_15","out","C>A",2,1,0.19895791856133,0
"S6_opportunity","Simulation_15","out","C>A",3,75,20.4384272566849,22
"S6_opportunity","Simulation_15","out","C>A",4,492,176.52354450893,199
"S6_opportunity","Simulation_15","out","C>A",5,1219,555.957686484142,536
"S6_opportunity","Simulation_15","out","C>A",6,1535,845.223557364933,789
"S6_opportunity","Simulation_15","out","C>A",7,1421,924.205686947988,906
"S6_opportunity","Simulation_15","out","C>A",8,1569,1177.70021377907,1136
"S6_opportunity","Simulation_15","out","C>A",9,1645,1401.3705578476,1390
"S6_opportunity","Simulation_15","out","C>G",10,4339,4229.31484440883,4210
"S6_opportunity","Simulation_15","out","C>G",3,19,5.37287152452184,1
"S6_opportunity","Simulation_15","out","C>G",4,148,53.2420454310656,54
"S6_opportunity","Simulation_15","out","C>G",5,391,177.703506352175,140
"S6_opportunity","Simulation_15","out","C>G",6,355,195.156255264883,183
"S6_opportunity","Simulation_15","out","C>G",7,369,239.440120990671,241
"S6_opportunity","Simulation_15","out","C>G",8,401,301.882296222268,306
"S6_opportunity","Simulation_15","out","C>G",9,759,649.91144105516,650
"S6_opportunity","Simulation_15","out","C>T",10,3629,3473.92106134953,3451
"S6_opportunity","Simulation_15","out","C>T",2,1,0.183924403895573,0
"S6_opportunity","Simulation_15","out","C>T",3,55,14.9670909051331,12
"S6_opportunity","Simulation_15","out","C>T",4,442,158.650543759517,168
"S6_opportunity","Simulation_15","out","C>T",5,835,377.313051568137,317
"S6_opportunity","Simulation_15","out","C>T",6,926,508.327665366534,490
"S6_opportunity","Simulation_15","out","C>T",7,922,599.948469766085,577
"S6_opportunity","Simulation_15","out","C>T",8,1092,820.659917994603,756
"S6_opportunity","Simulation_15","out","C>T",9,1385,1186.26307586631,1140
"S6_opportunity","Simulation_15","out","T>A",10,1272,1202.82539491841,1192
"S6_opportunity","Simulation_15","out","T>A",3,19,5.34308219295365,7
"S6_opportunity","Simulation_15","out","T>A",4,212,76.2888159864322,77
"S6_opportunity","Simulation_15","out","T>A",5,509,231.777905745402,217
"S6_opportunity","Simulation_15","out","T>A",6,706,387.735447656491,369
"S6_opportunity","Simulation_15","out","T>A",7,713,463.951507507293,440
"S6_opportunity","Simulation_15","out","T>A",8,787,591.516543794968,576
"S6_opportunity","Simulation_15","out","T>A",9,999,851.095687106578,828
"S6_opportunity","Simulation_15","out","T>C",10,370,344.187549854255,342
"S6_opportunity","Simulation_15","out","T>C",3,19,5.34606878908837,4
"S6_opportunity","Simulation_15","out","T>C",4,337,121.646815956163,124
"S6_opportunity","Simulation_15","out","T>C",5,787,358.143072191238,356
"S6_opportunity","Simulation_15","out","T>C",6,915,502.383047752283,486
"S6_opportunity","Simulation_15","out","T>C",7,764,496.865731804934,490
"S6_opportunity","Simulation_15","out","T>C",8,778,583.771481715072,607
"S6_opportunity","Simulation_15","out","T>C",9,710,602.774294687831,599
"S6_opportunity","Simulation_15","out","T>G",10,156,146.177206781129,151
"S6_opportunity","Simulation_15","out","T>G",3,10,2.80300240730392,3
"S6_opportunity","Simulation_15","out","T>G",4,99,35.841621058659,42
"S6_opportunity","Simulation_15","out","T>G",5,265,120.843040804031,127
"S6_opportunity","Simulation_15","out","T>G",6,322,176.732977103028,181
"S6_opportunity","Simulation_15","out","T>G",7,240,155.537636880495,156
"S6_opportunity","Simulation_15","out","T>G",8,214,160.112909726528,155
"S6_opportunity","Simulation_15","out","T>G",9,245,208.207298375481,206
"S6_opportunity","Simulation_16","in","C>A",10,5724,5413.60975648777,5410
"S6_opportunity","Simulation_16","in","C>A",3,219,61.1707174608325,65
"S6_opportunity","Simulation_16","in","C>A",4,2140,771.058692891665,793
"S6_opportunity","Simulation_16","in","C>A",5,4463,2021.8822816629,2055
"S6_opportunity","Simulation_16","in","C>A",6,4721,2593.50674022002,2666
"S6_opportunity","Simulation_16","in","C>A",7,4584,2978.75767503988,3001
"S6_opportunity","Simulation_16","in","C>A",8,4865,3657.20330512583,3679
"S6_opportunity","Simulation_16","in","C>A",9,5836,4974.94509163957,4964
"S6_opportunity","Simulation_16","in","C>G",10,36825,36183.8941595044,36113
"S6_opportunity","Simulation_16","in","C>G",3,88,24.1551727761722,29
"S6_opportunity","Simulation_16","in","C>G",4,645,232.965128927098,252
"S6_opportunity","Simulation_16","in","C>G",5,1245,561.56660727795,598
"S6_opportunity","Simulation_16","in","C>G",6,1265,695.291342277525,708
"S6_opportunity","Simulation_16","in","C>G",7,1289,839.195312998195,838
"S6_opportunity","Simulation_16","in","C>G",8,1334,1002.56307194725,1001
"S6_opportunity","Simulation_16","in","C>G",9,2301,1974.59264518026,1914
"S6_opportunity","Simulation_16","in","C>T",10,13859,13204.4198487095,12999
"S6_opportunity","Simulation_16","in","C>T",2,1,0.186031700455018,0
"S6_opportunity","Simulation_16","in","C>T",3,270,74.6842245477533,77
"S6_opportunity","Simulation_16","in","C>T",4,1578,564.549706763057,502
"S6_opportunity","Simulation_16","in","C>T",5,3053,1383.02577611234,1254
"S6_opportunity","Simulation_16","in","C>T",6,3526,1939.83655491191,1798
"S6_opportunity","Simulation_16","in","C>T",7,3267,2125.41881902173,1902
"S6_opportunity","Simulation_16","in","C>T",8,3687,2779.73967073669,2540
"S6_opportunity","Simulation_16","in","C>T",9,6371,5459.43751997876,5215
"S6_opportunity","Simulation_16","in","T>A",10,799,749.027195276733,744
"S6_opportunity","Simulation_16","in","T>A",3,129,35.5801547103907,39
"S6_opportunity","Simulation_16","in","T>A",4,1266,456.679740197905,415
"S6_opportunity","Simulation_16","in","T>A",5,2400,1087.88584038982,1006
"S6_opportunity","Simulation_16","in","T>A",6,2444,1341.85589379921,1314
"S6_opportunity","Simulation_16","in","T>A",7,2110,1368.76091498157,1341
"S6_opportunity","Simulation_16","in","T>A",8,1823,1365.87125665692,1317
"S6_opportunity","Simulation_16","in","T>A",9,1459,1238.22121535207,1222
"S6_opportunity","Simulation_16","in","T>C",10,2500,2353.40210041744,2351
"S6_opportunity","Simulation_16","in","T>C",3,97,26.6207501655459,30
"S6_opportunity","Simulation_16","in","T>C",4,1001,362.228376801677,354
"S6_opportunity","Simulation_16","in","T>C",5,2350,1066.85115079624,1084
"S6_opportunity","Simulation_16","in","T>C",6,2750,1510.96483733042,1480
"S6_opportunity","Simulation_16","in","T>C",7,2868,1865.63555892215,1776
"S6_opportunity","Simulation_16","in","T>C",8,3063,2299.24486473261,2226
"S6_opportunity","Simulation_16","in","T>C",9,3097,2632.14499076092,2628
"S6_opportunity","Simulation_16","in","T>G",10,267,247.65913260355,256
"S6_opportunity","Simulation_16","in","T>G",3,43,12.294909485462,12
"S6_opportunity","Simulation_16","in","T>G",4,394,142.994496852846,142
"S6_opportunity","Simulation_16","in","T>G",5,993,450.590372408508,444
"S6_opportunity","Simulation_16","in","T>G",6,1110,609.78499541874,601
"S6_opportunity","Simulation_16","in","T>G",7,991,643.653597578821,638
"S6_opportunity","Simulation_16","in","T>G",8,879,659.042442187752,656
"S6_opportunity","Simulation_16","in","T>G",9,723,613.117045830148,636
"S6_opportunity","Simulation_16","out","C>A",10,1399,1324.26447514744,1324
"S6_opportunity","Simulation_16","out","C>A",2,1,0.198505768724419,0
"S6_opportunity","Simulation_16","out","C>A",3,47,13.1591818157122,23
"S6_opportunity","Simulation_16","out","C>A",4,506,183.034286829934,190
"S6_opportunity","Simulation_16","out","C>A",5,1015,459.043654388796,449
"S6_opportunity","Simulation_16","out","C>A",6,1102,604.31295990751,626
"S6_opportunity","Simulation_16","out","C>A",7,1062,689.799944686955,687
"S6_opportunity","Simulation_16","out","C>A",8,1135,852.122108330306,845
"S6_opportunity","Simulation_16","out","C>A",9,1271,1082.2444770174,1098
"S6_opportunity","Simulation_16","out","C>G",10,8878,8721.66539959742,8694
"S6_opportunity","Simulation_16","out","C>G",3,23,6.42162901868346,1
"S6_opportunity","Simulation_16","out","C>G",4,164,59.3357740027599,63
"S6_opportunity","Simulation_16","out","C>G",5,333,151.202093494395,151
"S6_opportunity","Simulation_16","out","C>G",6,303,167.363478024732,171
"S6_opportunity","Simulation_16","out","C>G",7,303,197.936036552501,195
"S6_opportunity","Simulation_16","out","C>G",8,339,254.586308377846,251
"S6_opportunity","Simulation_16","out","C>G",9,513,440.614819540716,421
"S6_opportunity","Simulation_16","out","C>T",10,4207,4021.37156032779,4006
"S6_opportunity","Simulation_16","out","C>T",3,57,15.5831345280347,11
"S6_opportunity","Simulation_16","out","C>T",4,389,139.19379517622,115
"S6_opportunity","Simulation_16","out","C>T",5,784,354.60930888082,321
"S6_opportunity","Simulation_16","out","C>T",6,784,430.149153178563,387
"S6_opportunity","Simulation_16","out","C>T",7,711,462.631926748801,430
"S6_opportunity","Simulation_16","out","C>T",8,874,658.634356478812,608
"S6_opportunity","Simulation_16","out","C>T",9,1609,1378.8227321654,1329
"S6_opportunity","Simulation_16","out","T>A",10,190,178.4707041373,178
"S6_opportunity","Simulation_16","out","T>A",3,32,8.77601160783659,6
"S6_opportunity","Simulation_16","out","T>A",4,341,123.085990493061,119
"S6_opportunity","Simulation_16","out","T>A",5,610,275.781307650983,267
"S6_opportunity","Simulation_16","out","T>A",6,604,331.843771325807,335
"S6_opportunity","Simulation_16","out","T>A",7,491,317.167127216082,316
"S6_opportunity","Simulation_16","out","T>A",8,411,308.67420062735,302
"S6_opportunity","Simulation_16","out","T>A",9,358,304.403339467793,299
"S6_opportunity","Simulation_16","out","T>C",10,844,798.151069928449,788
"S6_opportunity","Simulation_16","out","T>C",3,25,6.87067926776839,1
"S6_opportunity","Simulation_16","out","T>C",4,270,97.1806820599699,109
"S6_opportunity","Simulation_16","out","T>C",5,565,257.357084631431,243
"S6_opportunity","Simulation_16","out","T>C",6,693,379.453100261569,390
"S6_opportunity","Simulation_16","out","T>C",7,625,406.116174562199,392
"S6_opportunity","Simulation_16","out","T>C",8,654,491.329244186604,485
"S6_opportunity","Simulation_16","out","T>C",9,731,623.910642981072,617
"S6_opportunity","Simulation_16","out","T>G",10,76,70.6935045583265,71
"S6_opportunity","Simulation_16","out","T>G",3,8,2.30006050915582,3
"S6_opportunity","Simulation_16","out","T>G",4,118,42.4523020161342,50
"S6_opportunity","Simulation_16","out","T>G",5,205,92.8745186929807,101
"S6_opportunity","Simulation_16","out","T>G",6,266,144.881907243751,151
"S6_opportunity","Simulation_16","out","T>G",7,217,141.416754490078,140
"S6_opportunity","Simulation_16","out","T>G",8,184,137.100660430226,133
"S6_opportunity","Simulation_16","out","T>G",9,157,132.70690400002,144
"S6_opportunity","Simulation_17","in","C>A",10,3689,3477.13573580767,3449
"S6_opportunity","Simulation_17","in","C>A",3,114,31.8182707164801,30
"S6_opportunity","Simulation_17","in","C>A",4,1506,545.240508596771,582
"S6_opportunity","Simulation_17","in","C>A",5,3853,1756.33411252362,1783
"S6_opportunity","Simulation_17","in","C>A",6,4965,2727.7040637842,2740
"S6_opportunity","Simulation_17","in","C>A",7,4962,3225.59103052301,3190
"S6_opportunity","Simulation_17","in","C>A",8,4949,3713.76737540147,3713
"S6_opportunity","Simulation_17","in","C>A",9,4865,4136.6762939502,4100
"S6_opportunity","Simulation_17","in","C>G",10,25339,24897.2561549591,24773
"S6_opportunity","Simulation_17","in","C>G",3,109,29.8887742509137,30
"S6_opportunity","Simulation_17","in","C>G",4,690,246.397955276615,236
"S6_opportunity","Simulation_17","in","C>G",5,1126,510.108221532745,518
"S6_opportunity","Simulation_17","in","C>G",6,1033,566.402435515351,573
"S6_opportunity","Simulation_17","in","C>G",7,1013,661.020326812832,675
"S6_opportunity","Simulation_17","in","C>G",8,1007,757.529458905914,761
"S6_opportunity","Simulation_17","in","C>G",9,1737,1490.01499640466,1482
"S6_opportunity","Simulation_17","in","C>T",10,22502,21801.692019971,21773
"S6_opportunity","Simulation_17","in","C>T",3,350,96.7975305059715,92
"S6_opportunity","Simulation_17","in","C>T",4,1895,675.266522142151,560
"S6_opportunity","Simulation_17","in","C>T",5,3050,1379.21013401306,1266
"S6_opportunity","Simulation_17","in","C>T",6,3007,1650.78405398292,1612
"S6_opportunity","Simulation_17","in","C>T",7,2803,1823.53439814407,1740
"S6_opportunity","Simulation_17","in","C>T",8,3345,2518.53262505081,2429
"S6_opportunity","Simulation_17","in","C>T",9,5173,4418.02462505484,4382
"S6_opportunity","Simulation_17","in","T>A",10,2495,2356.34427814312,2339
"S6_opportunity","Simulation_17","in","T>A",3,60,16.6931666716963,15
"S6_opportunity","Simulation_17","in","T>A",4,725,261.24478021322,230
"S6_opportunity","Simulation_17","in","T>A",5,1590,724.657620535996,661
"S6_opportunity","Simulation_17","in","T>A",6,2128,1170.5163683337,1107
"S6_opportunity","Simulation_17","in","T>A",7,2187,1423.58791039728,1314
"S6_opportunity","Simulation_17","in","T>A",8,2440,1833.9361690076,1723
"S6_opportunity","Simulation_17","in","T>A",9,2788,2371.42472084273,2313
"S6_opportunity","Simulation_17","in","T>C",10,395,367.472052707624,375
"S6_opportunity","Simulation_17","in","T>C",3,155,43.2593066108515,40
"S6_opportunity","Simulation_17","in","T>C",4,1439,517.864168610178,463
"S6_opportunity","Simulation_17","in","T>C",5,2756,1247.54940667261,1197
"S6_opportunity","Simulation_17","in","T>C",6,2782,1527.50530096979,1488
"S6_opportunity","Simulation_17","in","T>C",7,2482,1611.49310174376,1583
"S6_opportunity","Simulation_17","in","T>C",8,2200,1646.44710667263,1676
"S6_opportunity","Simulation_17","in","T>C",9,1625,1369.91073914796,1382
"S6_opportunity","Simulation_17","in","T>G",10,122,112.814309227555,118
"S6_opportunity","Simulation_17","in","T>G",3,60,16.719504415578,14
"S6_opportunity","Simulation_17","in","T>G",4,502,180.686606414802,196
"S6_opportunity","Simulation_17","in","T>G",5,864,390.146290707483,395
"S6_opportunity","Simulation_17","in","T>G",6,882,484.276288733626,491
"S6_opportunity","Simulation_17","in","T>G",7,806,523.914322110544,537
"S6_opportunity","Simulation_17","in","T>G",8,651,487.811759206834,510
"S6_opportunity","Simulation_17","in","T>G",9,462,391.817017424751,406
"S6_opportunity","Simulation_17","out","C>A",10,1017,960.288661160552,951
"S6_opportunity","Simulation_17","out","C>A",3,30,8.34732453725293,7
"S6_opportunity","Simulation_17","out","C>A",4,340,122.536409110375,124
"S6_opportunity","Simulation_17","out","C>A",5,947,433.758882818463,438
"S6_opportunity","Simulation_17","out","C>A",6,1266,694.864610860479,665
"S6_opportunity","Simulation_17","out","C>A",7,1170,761.108837197628,758
"S6_opportunity","Simulation_17","out","C>A",8,1190,892.56639615242,889
"S6_opportunity","Simulation_17","out","C>A",9,1184,1006.82351627,1009
"S6_opportunity","Simulation_17","out","C>G",10,6695,6584.92479602303,6536
"S6_opportunity","Simulation_17","out","C>G",3,25,6.76620301061425,7
"S6_opportunity","Simulation_17","out","C>G",4,161,58.3573266257193,52
"S6_opportunity","Simulation_17","out","C>G",5,264,118.804389310989,111
"S6_opportunity","Simulation_17","out","C>G",6,241,132.082615552766,128
"S6_opportunity","Simulation_17","out","C>G",7,243,158.22120681429,152
"S6_opportunity","Simulation_17","out","C>G",8,239,178.964325929015,182
"S6_opportunity","Simulation_17","out","C>G",9,416,357.855029228334,344
"S6_opportunity","Simulation_17","out","C>T",10,4656,4504.58802687848,4497
"S6_opportunity","Simulation_17","out","C>T",3,69,18.8180045318469,15
"S6_opportunity","Simulation_17","out","C>T",4,473,168.656918517469,175
"S6_opportunity","Simulation_17","out","C>T",5,740,334.975597339067,324
"S6_opportunity","Simulation_17","out","C>T",6,757,416.101888023674,392
"S6_opportunity","Simulation_17","out","C>T",7,662,431.241091574007,398
"S6_opportunity","Simulation_17","out","C>T",8,918,690.614805599409,692
"S6_opportunity","Simulation_17","out","C>T",9,1158,989.984618715333,987
"S6_opportunity","Simulation_17","out","T>A",10,515,486.029570442672,481
"S6_opportunity","Simulation_17","out","T>A",3,15,4.13674848198207,4
"S6_opportunity","Simulation_17","out","T>A",4,168,60.5216204041016,52
"S6_opportunity","Simulation_17","out","T>A",5,381,173.566194635505,164
"S6_opportunity","Simulation_17","out","T>A",6,509,280.463914717497,260
"S6_opportunity","Simulation_17","out","T>A",7,509,331.102510572691,317
"S6_opportunity","Simulation_17","out","T>A",8,584,440.337851580515,408
"S6_opportunity","Simulation_17","out","T>A",9,652,554.611110940818,533
"S6_opportunity","Simulation_17","out","T>C",10,133,123.629678035532,128
"S6_opportunity","Simulation_17","out","T>C",3,32,8.92460031315149,7
"S6_opportunity","Simulation_17","out","T>C",4,392,140.443854117813,125
"S6_opportunity","Simulation_17","out","T>C",5,662,298.504866568484,280
"S6_opportunity","Simulation_17","out","T>C",6,646,354.552374262354,352
"S6_opportunity","Simulation_17","out","T>C",7,561,364.321866992178,370
"S6_opportunity","Simulation_17","out","T>C",8,487,363.354506988832,364
"S6_opportunity","Simulation_17","out","T>C",9,357,301.583879447096,307
"S6_opportunity","Simulation_17","out","T>G",10,25,23.1967128202676,25
"S6_opportunity","Simulation_17","out","T>G",3,15,4.17489938342517,1
"S6_opportunity","Simulation_17","out","T>G",4,111,39.8931261001269,40
"S6_opportunity","Simulation_17","out","T>G",5,222,100.406188758883,86
"S6_opportunity","Simulation_17","out","T>G",6,237,130.199513629429,127
"S6_opportunity","Simulation_17","out","T>G",7,176,113.569275113099,113
"S6_opportunity","Simulation_17","out","T>G",8,143,107.146391644521,99
"S6_opportunity","Simulation_17","out","T>G",9,120,100.831432135147,100
"S6_opportunity","Simulation_18","in","C>A",10,4455,4167.17098369454,4205
"S6_opportunity","Simulation_18","in","C>A",2,4,0.755245826281625,2
"S6_opportunity","Simulation_18","in","C>A",3,249,67.5134485260622,75
"S6_opportunity","Simulation_18","in","C>A",4,2238,808.114811509805,787
"S6_opportunity","Simulation_18","in","C>A",5,5332,2425.82724558844,2375
"S6_opportunity","Simulation_18","in","C>A",6,6385,3508.72734322911,3551
"S6_opportunity","Simulation_18","in","C>A",7,5917,3839.36268075935,3884
"S6_opportunity","Simulation_18","in","C>A",8,5905,4427.41986904987,4471
"S6_opportunity","Simulation_18","in","C>A",9,6151,5231.77820365151,5255
"S6_opportunity","Simulation_18","in","C>G",10,21883,21285.6205862669,21219
"S6_opportunity","Simulation_18","in","C>G",2,1,0.19601542029242,0
"S6_opportunity","Simulation_18","in","C>G",3,106,29.3674296098895,26
"S6_opportunity","Simulation_18","in","C>G",4,710,254.287410356969,236
"S6_opportunity","Simulation_18","in","C>G",5,1461,662.366883418438,657
"S6_opportunity","Simulation_18","in","C>G",6,1806,994.758899165406,978
"S6_opportunity","Simulation_18","in","C>G",7,1921,1249.63454710605,1262
"S6_opportunity","Simulation_18","in","C>G",8,2351,1771.65749050363,1841
"S6_opportunity","Simulation_18","in","C>G",9,3766,3231.3763066153,3218
"S6_opportunity","Simulation_18","in","C>T",10,34448,33445.0079030612,33311
"S6_opportunity","Simulation_18","in","C>T",3,363,100.487178380119,91
"S6_opportunity","Simulation_18","in","C>T",4,2468,883.367702800456,763
"S6_opportunity","Simulation_18","in","C>T",5,3937,1779.01914573794,1559
"S6_opportunity","Simulation_18","in","C>T",6,4152,2283.06404795373,2062
"S6_opportunity","Simulation_18","in","C>T",7,3910,2540.60681035542,2285
"S6_opportunity","Simulation_18","in","C>T",8,4052,3046.74816612511,2813
"S6_opportunity","Simulation_18","in","C>T",9,5753,4915.4993426638,4746
"S6_opportunity","Simulation_18","in","T>A",10,3849,3621.23167020179,3645
"S6_opportunity","Simulation_18","in","T>A",3,125,35.0799497789974,34
"S6_opportunity","Simulation_18","in","T>A",4,1251,451.416367721943,434
"S6_opportunity","Simulation_18","in","T>A",5,2526,1145.62130419991,1163
"S6_opportunity","Simulation_18","in","T>A",6,3061,1682.75576161319,1683
"S6_opportunity","Simulation_18","in","T>A",7,2737,1780.69301903998,1702
"S6_opportunity","Simulation_18","in","T>A",8,3086,2319.41257716883,2315
"S6_opportunity","Simulation_18","in","T>A",9,3533,3012.09319033262,3022
"S6_opportunity","Simulation_18","in","T>C",10,1850,1731.55056148599,1743
"S6_opportunity","Simulation_18","in","T>C",3,86,24.2415129827149,31
"S6_opportunity","Simulation_18","in","T>C",4,1862,675.333443063358,634
"S6_opportunity","Simulation_18","in","T>C",5,3736,1686.95871818748,1696
"S6_opportunity","Simulation_18","in","T>C",6,3825,2101.47515708074,2156
"S6_opportunity","Simulation_18","in","T>C",7,3277,2125.49180386839,2203
"S6_opportunity","Simulation_18","in","T>C",8,2938,2198.64706450448,2252
"S6_opportunity","Simulation_18","in","T>C",9,2695,2290.72076902645,2380
"S6_opportunity","Simulation_18","in","T>G",10,1267,1196.40763200797,1212
"S6_opportunity","Simulation_18","in","T>G",3,47,13.3594944616468,13
"S6_opportunity","Simulation_18","in","T>G",4,581,210.147607933572,244
"S6_opportunity","Simulation_18","in","T>G",5,1183,535.456142321778,553
"S6_opportunity","Simulation_18","in","T>G",6,1214,665.795644940926,686
"S6_opportunity","Simulation_18","in","T>G",7,1114,721.924369861814,779
"S6_opportunity","Simulation_18","in","T>G",8,1030,772.177105647167,824
"S6_opportunity","Simulation_18","in","T>G",9,1199,1021.85771233691,1088
"S6_opportunity","Simulation_18","out","C>A",10,1090,1022.58018565971,1033
"S6_opportunity","Simulation_18","out","C>A",2,1,0.190020473472666,0
"S6_opportunity","Simulation_18","out","C>A",3,46,12.6993657187046,15
"S6_opportunity","Simulation_18","out","C>A",4,518,187.344464371137,194
"S6_opportunity","Simulation_18","out","C>A",5,1258,574.846815585459,575
"S6_opportunity","Simulation_18","out","C>A",6,1575,866.406554994468,842
"S6_opportunity","Simulation_18","out","C>A",7,1479,963.157375867132,986
"S6_opportunity","Simulation_18","out","C>A",8,1453,1091.11457401159,1090
"S6_opportunity","Simulation_18","out","C>A",9,1480,1260.29836670082,1276
"S6_opportunity","Simulation_18","out","C>G",10,5247,5108.66272282236,5089
"S6_opportunity","Simulation_18","out","C>G",3,30,8.34924854490312,8
"S6_opportunity","Simulation_18","out","C>G",4,157,56.0502281546295,55
"S6_opportunity","Simulation_18","out","C>G",5,344,156.179662003965,165
"S6_opportunity","Simulation_18","out","C>G",6,375,206.388195443565,201
"S6_opportunity","Simulation_18","out","C>G",7,412,267.688593670831,268
"S6_opportunity","Simulation_18","out","C>G",8,559,419.323807401882,422
"S6_opportunity","Simulation_18","out","C>G",9,926,794.93570710533,788
"S6_opportunity","Simulation_18","out","C>T",10,7997,7754.90438681001,7724
"S6_opportunity","Simulation_18","out","C>T",3,94,26.2404583473322,23
"S6_opportunity","Simulation_18","out","C>T",4,584,208.952353965178,184
"S6_opportunity","Simulation_18","out","C>T",5,941,424.470344828145,368
"S6_opportunity","Simulation_18","out","C>T",6,890,489.90815125665,420
"S6_opportunity","Simulation_18","out","C>T",7,891,578.689433372304,536
"S6_opportunity","Simulation_18","out","C>T",8,976,733.051112895517,688
"S6_opportunity","Simulation_18","out","C>T",9,1447,1236.99436933481,1200
"S6_opportunity","Simulation_18","out","T>A",10,818,771.401031450141,775
"S6_opportunity","Simulation_18","out","T>A",3,31,8.5311884811414,8
"S6_opportunity","Simulation_18","out","T>A",4,328,118.406151128543,116
"S6_opportunity","Simulation_18","out","T>A",5,639,290.146351685846,289
"S6_opportunity","Simulation_18","out","T>A",6,664,364.597468091335,377
"S6_opportunity","Simulation_18","out","T>A",7,703,456.772129427598,445
"S6_opportunity","Simulation_18","out","T>A",8,766,574.630745105898,556
"S6_opportunity","Simulation_18","out","T>A",9,814,694.000015595649,692
"S6_opportunity","Simulation_18","out","T>C",10,389,363.261117180007,369
"S6_opportunity","Simulation_18","out","T>C",3,24,6.76197708645676,7
"S6_opportunity","Simulation_18","out","T>C",4,431,156.593273626885,160
"S6_opportunity","Simulation_18","out","T>C",5,922,417.227239428382,414
"S6_opportunity","Simulation_18","out","T>C",6,881,483.850257120127,499
"S6_opportunity","Simulation_18","out","T>C",7,825,536.249868337243,550
"S6_opportunity","Simulation_18","out","T>C",8,742,556.170692650858,583
"S6_opportunity","Simulation_18","out","T>C",9,708,601.958005002033,618
"S6_opportunity","Simulation_18","out","T>G",10,273,256.975109319798,265
"S6_opportunity","Simulation_18","out","T>G",3,8,2.2469469890232,3
"S6_opportunity","Simulation_18","out","T>G",4,144,51.8204977413779,58
"S6_opportunity","Simulation_18","out","T>G",5,330,149.8457558897,148
"S6_opportunity","Simulation_18","out","T>G",6,296,162.141731041793,172
"S6_opportunity","Simulation_18","out","T>G",7,301,194.934757090468,196
"S6_opportunity","Simulation_18","out","T>G",8,251,187.435587929534,196
"S6_opportunity","Simulation_18","out","T>G",9,286,243.074100611181,249
"S6_opportunity","Simulation_19","in","C>A",10,12199,11609.7318113125,11678
"S6_opportunity","Simulation_19","in","C>A",3,153,42.28523841727,45
"S6_opportunity","Simulation_19","in","C>A",4,1583,569.187612087615,540
"S6_opportunity","Simulation_19","in","C>A",5,4027,1836.66287306986,1869
"S6_opportunity","Simulation_19","in","C>A",6,5185,2849.08322230246,2847
"S6_opportunity","Simulation_19","in","C>A",7,5123,3334.97624249773,3327
"S6_opportunity","Simulation_19","in","C>A",8,5898,4434.47963096636,4470
"S6_opportunity","Simulation_19","in","C>A",9,7961,6793.9597934594,6843
"S6_opportunity","Simulation_19","in","C>G",10,12570,12143.4258563379,12044
"S6_opportunity","Simulation_19","in","C>G",3,64,17.7938823716278,18
"S6_opportunity","Simulation_19","in","C>G",4,635,229.093000157875,196
"S6_opportunity","Simulation_19","in","C>G",5,1458,661.029061132476,634
"S6_opportunity","Simulation_19","in","C>G",6,1548,849.442660075497,806
"S6_opportunity","Simulation_19","in","C>G",7,1439,935.695045136089,880
"S6_opportunity","Simulation_19","in","C>G",8,1468,1105.1102071558,1044
"S6_opportunity","Simulation_19","in","C>G",9,2518,2156.56236327108,2102
"S6_opportunity","Simulation_19","in","C>T",10,20830,19942.8481946363,19938
"S6_opportunity","Simulation_19","in","C>T",2,2,0.386905947431393,0
"S6_opportunity","Simulation_19","in","C>T",3,230,63.4028923252968,57
"S6_opportunity","Simulation_19","in","C>T",4,2312,835.44150696396,704
"S6_opportunity","Simulation_19","in","C>T",5,4534,2053.97975153543,1831
"S6_opportunity","Simulation_19","in","C>T",6,4747,2608.99388059518,2426
"S6_opportunity","Simulation_19","in","C>T",7,4283,2781.17534846714,2624
"S6_opportunity","Simulation_19","in","C>T",8,4632,3483.04990468254,3467
"S6_opportunity","Simulation_19","in","C>T",9,6862,5869.04442732243,5832
"S6_opportunity","Simulation_19","in","T>A",10,7248,6915.58164380126,6857
"S6_opportunity","Simulation_19","in","T>A",3,135,37.3212030397052,33
"S6_opportunity","Simulation_19","in","T>A",4,1057,380.176056407257,333
"S6_opportunity","Simulation_19","in","T>A",5,2009,911.143909994363,832
"S6_opportunity","Simulation_19","in","T>A",6,2242,1231.98684879681,1107
"S6_opportunity","Simulation_19","in","T>A",7,2393,1558.31789036491,1483
"S6_opportunity","Simulation_19","in","T>A",8,2655,1996.88986854669,1863
"S6_opportunity","Simulation_19","in","T>A",9,3984,3406.3581279383,3289
"S6_opportunity","Simulation_19","in","T>C",10,1966,1855.58130866688,1837
"S6_opportunity","Simulation_19","in","T>C",3,94,26.3836745238533,17
"S6_opportunity","Simulation_19","in","T>C",4,1430,518.912798322877,465
"S6_opportunity","Simulation_19","in","T>C",5,3487,1582.07681551613,1396
"S6_opportunity","Simulation_19","in","T>C",6,3801,2087.7832353384,1892
"S6_opportunity","Simulation_19","in","T>C",7,3475,2253.31598536351,2000
"S6_opportunity","Simulation_19","in","T>C",8,2944,2202.33842686898,1958
"S6_opportunity","Simulation_19","in","T>C",9,2656,2252.52280286745,2115
"S6_opportunity","Simulation_19","in","T>G",10,221,205.77205389478,204
"S6_opportunity","Simulation_19","in","T>G",3,28,7.89160595139833,8
"S6_opportunity","Simulation_19","in","T>G",4,475,172.307303645225,184
"S6_opportunity","Simulation_19","in","T>G",5,1127,509.993039402957,516
"S6_opportunity","Simulation_19","in","T>G",6,1202,660.994937676888,652
"S6_opportunity","Simulation_19","in","T>G",7,1151,748.029951394722,696
"S6_opportunity","Simulation_19","in","T>G",8,1054,790.080136789017,771
"S6_opportunity","Simulation_19","in","T>G",9,744,630.168124603566,610
"S6_opportunity","Simulation_19","out","C>A",10,2440,2313.37209880019,2323
"S6_opportunity","Simulation_19","out","C>A",2,1,0.168843580274175,1
"S6_opportunity","Simulation_19","out","C>A",3,39,10.9180739375776,15
"S6_opportunity","Simulation_19","out","C>A",4,364,130.827649642135,130
"S6_opportunity","Simulation_19","out","C>A",5,1018,466.058765904148,458
"S6_opportunity","Simulation_19","out","C>A",6,1384,762.238945524715,758
"S6_opportunity","Simulation_19","out","C>A",7,1382,899.014411782643,896
"S6_opportunity","Simulation_19","out","C>A",8,1492,1121.23735374541,1133
"S6_opportunity","Simulation_19","out","C>A",9,1794,1532.51624204503,1530
"S6_opportunity","Simulation_19","out","C>G",10,3663,3548.29715563327,3518
"S6_opportunity","Simulation_19","out","C>G",3,25,6.87048933831256,6
"S6_opportunity","Simulation_19","out","C>G",4,189,67.9674522777834,52
"S6_opportunity","Simulation_19","out","C>G",5,304,137.258041168962,125
"S6_opportunity","Simulation_19","out","C>G",6,326,178.472930078219,174
"S6_opportunity","Simulation_19","out","C>G",7,283,184.180926133754,189
"S6_opportunity","Simulation_19","out","C>G",8,314,236.514797832322,232
"S6_opportunity","Simulation_19","out","C>G",9,521,446.955678541281,432
"S6_opportunity","Simulation_19","out","C>T",10,5902,5666.58225262594,5658
"S6_opportunity","Simulation_19","out","C>T",3,81,22.5781766069439,21
"S6_opportunity","Simulation_19","out","C>T",4,582,209.205586210725,175
"S6_opportunity","Simulation_19","out","C>T",5,1001,452.189666251413,389
"S6_opportunity","Simulation_19","out","C>T",6,1167,638.749402106663,602
"S6_opportunity","Simulation_19","out","C>T",7,1008,655.257379757801,620
"S6_opportunity","Simulation_19","out","C>T",8,1078,813.700620104225,809
"S6_opportunity","Simulation_19","out","C>T",9,1843,1578.4375140834,1613
"S6_opportunity","Simulation_19","out","T>A",10,1400,1327.23285788299,1312
"S6_opportunity","Simulation_19","out","T>A",3,32,8.96586568253871,5
"S6_opportunity","Simulation_19","out","T>A",4,243,87.5910396615009,89
"S6_opportunity","Simulation_19","out","T>A",5,468,213.055537306143,195
"S6_opportunity","Simulation_19","out","T>A",6,549,302.493814602781,300
"S6_opportunity","Simulation_19","out","T>A",7,590,384.123150861205,354
"S6_opportunity","Simulation_19","out","T>A",8,732,551.202657044368,524
"S6_opportunity","Simulation_19","out","T>A",9,1021,869.942377445847,840
"S6_opportunity","Simulation_19","out","T>C",10,633,600.520080198267,597
"S6_opportunity","Simulation_19","out","T>C",3,37,10.2963240419405,10
"S6_opportunity","Simulation_19","out","T>C",4,374,136.140149826498,119
"S6_opportunity","Simulation_19","out","T>C",5,873,394.792562103633,355
"S6_opportunity","Simulation_19","out","T>C",6,904,495.751808618064,467
"S6_opportunity","Simulation_19","out","T>C",7,797,516.788637252386,480
"S6_opportunity","Simulation_19","out","T>C",8,646,483.402087299874,452
"S6_opportunity","Simulation_19","out","T>C",9,649,552.237189747251,554
"S6_opportunity","Simulation_19","out","T>G",10,65,60.8512446441954,60
"S6_opportunity","Simulation_19","out","T>G",3,4,1.13277630681975,0
"S6_opportunity","Simulation_19","out","T>G",4,123,44.7337289628897,47
"S6_opportunity","Simulation_19","out","T>G",5,276,125.030299183801,128
"S6_opportunity","Simulation_19","out","T>G",6,306,166.89132902223,171
"S6_opportunity","Simulation_19","out","T>G",7,275,178.837245254219,176
"S6_opportunity","Simulation_19","out","T>G",8,253,189.433345682665,176
"S6_opportunity","Simulation_19","out","T>G",9,159,134.381227513115,133
"S6_opportunity","Simulation_20","in","C>A",10,4864,4610.98078924683,4646
"S6_opportunity","Simulation_20","in","C>A",3,234,64.2048587042987,58
"S6_opportunity","Simulation_20","in","C>A",4,2168,780.444419237259,744
"S6_opportunity","Simulation_20","in","C>A",5,4383,1988.18949668205,1998
"S6_opportunity","Simulation_20","in","C>A",6,4797,2634.88218587922,2662
"S6_opportunity","Simulation_20","in","C>A",7,4082,2653.85909869054,2636
"S6_opportunity","Simulation_20","in","C>A",8,3910,2931.29153938807,2905
"S6_opportunity","Simulation_20","in","C>A",9,4429,3768.09648622092,3774
"S6_opportunity","Simulation_20","in","C>G",10,16099,15640.219993762,15526
"S6_opportunity","Simulation_20","in","C>G",3,44,12.2017706226554,11
"S6_opportunity","Simulation_20","in","C>G",4,550,198.546228529915,177
"S6_opportunity","Simulation_20","in","C>G",5,1209,547.324515403186,529
"S6_opportunity","Simulation_20","in","C>G",6,1322,727.138209923985,711
"S6_opportunity","Simulation_20","in","C>G",7,1393,902.493358170554,905
"S6_opportunity","Simulation_20","in","C>G",8,1472,1105.60061060708,1095
"S6_opportunity","Simulation_20","in","C>G",9,2971,2547.71204212919,2465
"S6_opportunity","Simulation_20","in","C>T",10,33018,31817.9842342775,31548
"S6_opportunity","Simulation_20","in","C>T",2,2,0.389107959437814,1
"S6_opportunity","Simulation_20","in","C>T",3,133,37.3967306041767,33
"S6_opportunity","Simulation_20","in","C>T",4,1045,375.851453300559,329
"S6_opportunity","Simulation_20","in","C>T",5,2489,1133.33123383782,992
"S6_opportunity","Simulation_20","in","C>T",6,3217,1773.95610540757,1574
"S6_opportunity","Simulation_20","in","C>T",7,3530,2297.64869506936,2054
"S6_opportunity","Simulation_20","in","C>T",8,4764,3591.983250998,3371
"S6_opportunity","Simulation_20","in","C>T",9,9054,7759.54162186079,7495
"S6_opportunity","Simulation_20","in","T>A",10,2402,2260.29008035824,2233
"S6_opportunity","Simulation_20","in","T>A",3,120,33.4100271830471,26
"S6_opportunity","Simulation_20","in","T>A",4,1011,364.325655562817,340
"S6_opportunity","Simulation_20","in","T>A",5,2192,998.301168670911,954
"S6_opportunity","Simulation_20","in","T>A",6,2849,1565.15250010471,1518
"S6_opportunity","Simulation_20","in","T>A",7,2431,1576.02658105779,1535
"S6_opportunity","Simulation_20","in","T>A",8,2364,1774.37086576797,1730
"S6_opportunity","Simulation_20","in","T>A",9,2643,2251.59291485614,2193
"S6_opportunity","Simulation_20","in","T>C",10,7653,7278.93615190974,7235
"S6_opportunity","Simulation_20","in","T>C",3,57,15.9869773296667,12
"S6_opportunity","Simulation_20","in","T>C",4,878,317.77857032619,328
"S6_opportunity","Simulation_20","in","T>C",5,2301,1051.45136157898,1025
"S6_opportunity","Simulation_20","in","T>C",6,3200,1759.47725899261,1711
"S6_opportunity","Simulation_20","in","T>C",7,3126,2032.3799525661,1977
"S6_opportunity","Simulation_20","in","T>C",8,3534,2656.02103812389,2568
"S6_opportunity","Simulation_20","in","T>C",9,4797,4094.42801348751,4046
"S6_opportunity","Simulation_20","in","T>G",10,1397,1324.8555562445,1325
"S6_opportunity","Simulation_20","in","T>G",3,22,6.16505592444544,7
"S6_opportunity","Simulation_20","in","T>G",4,341,123.533948254874,117
"S6_opportunity","Simulation_20","in","T>G",5,864,392.332069471886,378
"S6_opportunity","Simulation_20","in","T>G",6,1008,553.676905581892,531
"S6_opportunity","Simulation_20","in","T>G",7,958,622.450752010318,609
"S6_opportunity","Simulation_20","in","T>G",8,1011,757.571991051508,781
"S6_opportunity","Simulation_20","in","T>G",9,1098,933.846374170058,925
"S6_opportunity","Simulation_20","out","C>A",10,1162,1099.17488279425,1105
"S6_opportunity","Simulation_20","out","C>A",3,53,14.8047658841383,8
"S6_opportunity","Simulation_20","out","C>A",4,540,194.749904422322,193
"S6_opportunity","Simulation_20","out","C>A",5,1204,546.487894993633,548
"S6_opportunity","Simulation_20","out","C>A",6,1253,686.54814768069,706
"S6_opportunity","Simulation_20","out","C>A",7,1106,716.908010742496,689
"S6_opportunity","Simulation_20","out","C>A",8,1070,802.717892551313,821
"S6_opportunity","Simulation_20","out","C>A",9,1144,972.13023197474,984
"S6_opportunity","Simulation_20","out","C>G",10,3559,3452.04492960174,3423
"S6_opportunity","Simulation_20","out","C>G",3,13,3.59529171419566,0
"S6_opportunity","Simulation_20","out","C>G",4,145,52.3827208365005,51
"S6_opportunity","Simulation_20","out","C>G",5,319,144.480341500913,148
"S6_opportunity","Simulation_20","out","C>G",6,348,191.310800958558,182
"S6_opportunity","Simulation_20","out","C>G",7,327,211.721323386558,213
"S6_opportunity","Simulation_20","out","C>G",8,510,385.02460003135,383
"S6_opportunity","Simulation_20","out","C>G",9,895,767.608459290825,749
"S6_opportunity","Simulation_20","out","C>T",10,6629,6364.63893615809,6328
"S6_opportunity","Simulation_20","out","C>T",3,43,11.8291843587968,9
"S6_opportunity","Simulation_20","out","C>T",4,323,116.37907404047,100
"S6_opportunity","Simulation_20","out","C>T",5,715,325.676938088696,256
"S6_opportunity","Simulation_20","out","C>T",6,869,477.496583332401,455
"S6_opportunity","Simulation_20","out","C>T",7,921,599.983561244431,536
"S6_opportunity","Simulation_20","out","C>T",8,1242,936.337658706512,875
"S6_opportunity","Simulation_20","out","C>T",9,2214,1892.481601352,1833
"S6_opportunity","Simulation_20","out","T>A",10,540,508.060642334008,506
"S6_opportunity","Simulation_20","out","T>A",3,27,7.52654369198213,5
"S6_opportunity","Simulation_20","out","T>A",4,254,91.574495096471,100
"S6_opportunity","Simulation_20","out","T>A",5,599,272.447469976099,261
"S6_opportunity","Simulation_20","out","T>A",6,745,409.104752635993,402
"S6_opportunity","Simulation_20","out","T>A",7,688,447.247276801662,435
"S6_opportunity","Simulation_20","out","T>A",8,667,500.249150266219,476
"S6_opportunity","Simulation_20","out","T>A",9,688,585.594278952639,578
"S6_opportunity","Simulation_20","out","T>C",10,1823,1732.83336735561,1713
"S6_opportunity","Simulation_20","out","T>C",3,16,4.43216705780359,2
"S6_opportunity","Simulation_20","out","T>C",4,240,87.3347922975591,84
"S6_opportunity","Simulation_20","out","T>C",5,599,272.18313629313,256
"S6_opportunity","Simulation_20","out","T>C",6,860,473.00892226754,432
"S6_opportunity","Simulation_20","out","T>C",7,844,548.240769604304,515
"S6_opportunity","Simulation_20","out","T>C",8,912,685.139098132653,661
"S6_opportunity","Simulation_20","out","T>C",9,1233,1053.18565030493,1042
"S6_opportunity","Simulation_20","out","T>G",10,377,358.288218445929,364
"S6_opportunity","Simulation_20","out","T>G",3,4,1.13685056264658,1
"S6_opportunity","Simulation_20","out","T>G",4,72,26.3127557587737,30
"S6_opportunity","Simulation_20","out","T>G",5,235,106.972694716471,99
"S6_opportunity","Simulation_20","out","T>G",6,263,143.975986238383,135
"S6_opportunity","Simulation_20","out","T>G",7,257,166.124212293965,170
"S6_opportunity","Simulation_20","out","T>G",8,315,237.06911692197,237
"S6_opportunity","Simulation_20","out","T>G",9,280,237.689907270456,239
